MESOZONE,1_constr,2_eduhlth,3_finance,4_public,5_info,6_ret_leis,7_manu,8_other,9_profbus,10_ttu,total_jobs,total_households,rank11,rank21,rank22,rank23,rank3133,rank42,rank4445,rank4849,rank51,rank52,rank53,rank54,rank55,rank56,rank61,rank62,rank71,rank72,rank81,rank92,COUNTY,lehd_total,diff
250010101001,11,53,9,36,14,135,5,8,24,17,312,536,,,,2.0,,7.0,158.0,9.0,,6.0,23.0,7.0,,,2.0,22.0,7.0,65.0,4.0,,25001.0,312.0,0.0
250010101002,5,33,11,7,1,37,0,20,7,3,124,280,3.0,,,3.0,,,11.0,,,,28.0,1.0,,,,1.0,5.0,48.0,,,25001.0,100.0,24.0
250010101003,3,39,14,7,7,67,0,3,8,2,150,287,1.0,,,,,,53.0,,4.0,4.0,1.0,17.0,,8.0,20.0,92.0,,51.0,,2.0,25001.0,253.0,-103.0
250010101004,15,102,6,36,12,230,0,31,16,20,468,441,2.0,,,57.0,,,101.0,,17.0,5.0,6.0,13.0,,6.0,48.0,109.0,11.0,176.0,35.0,,25001.0,586.0,-118.0
250010101005,11,53,21,145,9,443,13,41,23,43,802,342,3.0,,,3.0,10.0,,115.0,4.0,,6.0,9.0,44.0,57.0,17.0,,7.0,19.0,221.0,13.0,117.0,25001.0,645.0,157.0
250010102061,18,52,9,44,7,99,1,16,15,2,263,311,,,,9.0,,,,,16.0,2.0,16.0,3.0,,8.0,,4.0,,56.0,27.0,,25001.0,141.0,122.0
250010102062,24,55,20,27,6,275,0,26,16,1,450,397,,,,44.0,,,62.0,,8.0,15.0,4.0,8.0,39.0,6.0,5.0,,55.0,90.0,11.0,36.0,25001.0,383.0,67.0
250010102063,34,155,7,17,4,80,2,20,25,5,349,512,5.0,,,59.0,,7.0,22.0,,1.0,8.0,5.0,7.0,,16.0,29.0,67.0,87.0,39.0,6.0,53.0,25001.0,411.0,-62.0
250010102081,21,55,14,43,47,71,1,3,16,15,286,321,5.0,,,59.0,,13.0,28.0,25.0,2.0,,,10.0,,2.0,43.0,,2.0,2.0,10.0,26.0,25001.0,227.0,59.0
250010102082,13,17,6,10,49,55,3,2,13,3,171,276,1.0,,,23.0,15.0,,10.0,,7.0,29.0,5.0,,,10.0,,5.0,44.0,55.0,1.0,,25001.0,205.0,-34.0
250010102083,19,30,18,9,35,23,2,22,22,1,181,301,,,,19.0,,1.0,3.0,,,,3.0,6.0,,6.0,9.0,,2.0,,5.0,31.0,25001.0,85.0,96.0
250010103041,21,27,3,1,2,50,0,3,24,2,133,358,,,,23.0,,,55.0,,3.0,20.0,,27.0,,15.0,,4.0,,1.0,7.0,,25001.0,155.0,-22.0
250010103042,15,41,4,1,8,72,2,2,13,1,159,314,,,,6.0,,,7.0,,8.0,,5.0,,,8.0,,,,9.0,,,25001.0,43.0,116.0
250010103043,9,14,2,52,1,36,0,19,6,2,141,220,,,,6.0,,,21.0,,,,,1.0,,1.0,,,34.0,1.0,,79.0,25001.0,143.0,-2.0
250010103061,12,29,7,1,2,76,1,15,34,2,179,371,,,,146.0,,2.0,20.0,,,,5.0,1.0,,43.0,,,26.0,60.0,15.0,,25001.0,318.0,-139.0
250010103062,78,128,10,9,6,156,3,13,28,13,444,358,,,,60.0,7.0,31.0,17.0,21.0,,21.0,17.0,15.0,,7.0,34.0,61.0,27.0,70.0,18.0,13.0,25001.0,419.0,25.0
250010103063,13,93,2,1,3,21,3,0,6,1,143,237,,,,29.0,,,5.0,,5.0,9.0,,4.0,,6.0,,27.0,,,,,25001.0,85.0,58.0
250010104001,26,19,16,24,1,267,1,43,59,6,462,268,2.0,,,5.0,,4.0,209.0,,,,16.0,1.0,,,2.0,4.0,,63.0,15.0,7.0,25001.0,328.0,134.0
250010104002,31,241,110,9,38,486,9,28,114,60,1126,402,,,,29.0,,8.0,289.0,4.0,58.0,45.0,17.0,91.0,,7.0,390.0,131.0,63.0,319.0,69.0,23.0,25001.0,1543.0,-417.0
250010104003,77,320,29,26,4,178,15,16,121,15,801,257,,,,86.0,31.0,33.0,137.0,,,162.0,28.0,95.0,,56.0,31.0,66.0,31.0,28.0,36.0,,25001.0,820.0,-19.0
250010104004,7,18,4,1,1,14,1,3,7,3,59,317,1.0,,,22.0,1.0,,18.0,,1.0,,4.0,2.0,,,4.0,3.0,,2.0,,,25001.0,58.0,1.0
250010105001,22,58,15,1,0,141,2,17,37,6,299,512,,,,26.0,8.0,,79.0,,,5.0,,10.0,,9.0,,53.0,6.0,65.0,9.0,31.0,25001.0,301.0,-2.0
250010105002,11,35,0,1,2,17,1,9,13,1,90,349,,,,8.0,,1.0,,,,2.0,2.0,2.0,,5.0,,4.0,,5.0,22.0,,25001.0,51.0,39.0
250010105003,24,12,12,22,3,89,1,4,22,5,194,331,,,,28.0,37.0,21.0,106.0,,,,,,2.0,17.0,,13.0,120.0,16.0,15.0,59.0,25001.0,434.0,-240.0
250010106001,30,120,13,2,5,87,1,8,18,1,285,228,,,,13.0,,,,,,,,5.0,,9.0,,267.0,49.0,,1.0,,25001.0,344.0,-59.0
250010106002,11,29,0,2,1,37,0,9,10,0,99,341,,,,7.0,,,,,,,1.0,3.0,,8.0,,1.0,6.0,7.0,,,25001.0,33.0,66.0
250010106003,17,102,5,11,2,45,17,3,33,13,248,480,2.0,,1.0,48.0,3.0,,22.0,2.0,,6.0,2.0,10.0,,24.0,462.0,49.0,47.0,18.0,7.0,4.0,25001.0,707.0,-459.0
250010106004,17,72,35,23,16,408,9,15,61,21,677,239,,,,3.0,32.0,11.0,110.0,,29.0,26.0,4.0,20.0,,20.0,2.0,22.0,,420.0,9.0,40.0,25001.0,748.0,-71.0
250010107001,35,22,4,55,4,55,7,12,45,18,257,351,1.0,,,59.0,17.0,42.0,60.0,10.0,,2.0,1.0,11.0,,72.0,,22.0,1.0,34.0,58.0,,25001.0,390.0,-133.0
250010107002,30,60,53,61,1,249,19,21,42,4,540,434,10.0,,,89.0,11.0,,139.0,,16.0,11.0,34.0,43.0,,14.0,,2.0,51.0,191.0,27.0,54.0,25001.0,692.0,-152.0
250010107003,14,47,6,3,3,58,4,12,25,16,188,321,1.0,,,,3.0,,16.0,,2.0,2.0,2.0,7.0,,15.0,,2.0,7.0,23.0,3.0,,25001.0,83.0,105.0
250010107004,14,23,7,0,4,30,2,6,14,0,100,231,,,,24.0,9.0,,33.0,,2.0,,,8.0,,,,7.0,,10.0,1.0,,25001.0,94.0,6.0
250010108001,10,21,1,1,14,19,0,8,14,1,89,291,,,,56.0,2.0,3.0,10.0,,,1.0,,10.0,,12.0,,16.0,17.0,2.0,,,25001.0,129.0,-40.0
250010108002,11,43,1,0,2,78,3,20,9,2,169,274,,,,8.0,2.0,5.0,18.0,,,,3.0,2.0,,,,16.0,,18.0,9.0,,25001.0,81.0,88.0
250010108003,21,141,56,20,4,332,2,35,32,10,653,333,4.0,,,12.0,,11.0,46.0,4.0,,18.0,49.0,28.0,,17.0,111.0,11.0,,163.0,38.0,102.0,25001.0,614.0,39.0
250010108004,13,49,2,25,0,47,0,86,30,4,256,281,,,,16.0,,,30.0,,6.0,,1.0,21.0,,11.0,,281.0,,26.0,,89.0,25001.0,481.0,-225.0
250010108005,28,129,1,20,11,71,5,11,22,2,300,726,,,,60.0,,,,7.0,,,,5.0,,20.0,,267.0,,10.0,1.0,,25001.0,370.0,-70.0
250010109001,50,91,11,16,26,227,5,27,23,7,483,696,,,,51.0,,32.0,35.0,,50.0,,,6.0,1.0,42.0,30.0,68.0,9.0,61.0,10.0,2.0,25001.0,397.0,86.0
250010109002,21,89,3,3,3,63,0,3,31,20,236,373,,,,22.0,,,,,1.0,,4.0,,,7.0,,278.0,20.0,,1.0,,25001.0,333.0,-97.0
250010109003,13,42,29,1,4,90,2,9,17,2,209,488,,,,35.0,,2.0,45.0,,9.0,3.0,,7.0,,1.0,18.0,21.0,,9.0,14.0,,25001.0,164.0,45.0
250010109004,10,23,22,0,0,11,1,3,9,0,79,251,,,,10.0,,,,,,,29.0,1.0,,,,1.0,,,,,25001.0,41.0,38.0
250010110021,12,97,18,2,5,80,0,7,23,0,244,227,,,,4.0,,3.0,7.0,,,,,2.0,,8.0,,28.0,1.0,38.0,9.0,,25001.0,100.0,144.0
250010110022,13,35,3,4,8,137,5,15,75,11,306,354,17.0,,,3.0,,2.0,93.0,,,3.0,,9.0,,56.0,6.0,19.0,11.0,37.0,2.0,,25001.0,258.0,48.0
250010110023,13,41,8,3,1,44,2,15,13,13,153,238,,,,17.0,3.0,,22.0,,,,,,,,,9.0,7.0,20.0,7.0,,25001.0,85.0,68.0
250010110024,106,83,10,20,21,102,36,19,100,45,542,696,2.0,,,316.0,24.0,5.0,8.0,78.0,1.0,,1.0,14.0,1.0,120.0,,96.0,10.0,,45.0,,25001.0,721.0,-179.0
250010111001,10,43,2,1,9,132,2,9,19,0,227,359,,,,24.0,3.0,,20.0,4.0,,27.0,5.0,2.0,,5.0,,37.0,,,2.0,,25001.0,129.0,98.0
250010111002,18,60,12,1,22,40,3,6,17,4,183,364,,,,69.0,,,45.0,,,7.0,1.0,,,18.0,58.0,6.0,1.0,149.0,11.0,,25001.0,365.0,-182.0
250010111003,34,122,2,5,4,202,4,4,22,35,434,534,3.0,,,8.0,,,233.0,,1.0,,,1.0,,7.0,172.0,52.0,25.0,,6.0,,25001.0,508.0,-74.0
250010111004,13,146,3,22,10,50,2,17,14,2,279,386,,,,18.0,,,67.0,,,,,4.0,,4.0,,20.0,1.0,8.0,1.0,286.0,25001.0,409.0,-130.0
250010112001,17,41,5,6,7,85,1,24,21,8,215,429,,,,14.0,,1.0,8.0,2.0,1.0,,,2.0,,7.0,,13.0,,66.0,3.0,,25001.0,117.0,98.0
250010112002,14,44,3,4,8,59,3,10,16,3,164,381,,,,14.0,,1.0,26.0,,5.0,,,,,2.0,,18.0,,84.0,11.0,,25001.0,161.0,3.0
250010112003,9,27,15,30,1,53,1,16,11,1,164,258,,,,24.0,,,23.0,,5.0,23.0,,,,6.0,4.0,37.0,2.0,32.0,3.0,,25001.0,159.0,5.0
250010112004,43,54,25,4,4,145,0,7,24,0,306,349,,,,112.0,,2.0,50.0,,1.0,11.0,5.0,23.0,,,,83.0,10.0,179.0,51.0,,25001.0,527.0,-221.0
250010113001,7,39,3,0,1,62,0,7,22,10,151,287,21.0,,,7.0,,,18.0,,,8.0,10.0,14.0,,,,3.0,,24.0,,,25001.0,105.0,46.0
250010113002,12,68,11,3,6,86,2,28,14,1,231,443,,,,4.0,,1.0,37.0,,,,,5.0,,,149.0,18.0,,16.0,6.0,,25001.0,236.0,-5.0
250010113003,9,37,10,11,9,85,12,10,27,2,212,283,,,,15.0,12.0,6.0,10.0,,15.0,5.0,,14.0,2.0,,,32.0,15.0,140.0,6.0,,25001.0,272.0,-60.0
250010114001,9,12,2,0,4,25,1,0,11,1,65,260,,,,18.0,,,34.0,,,,,10.0,,3.0,,42.0,,24.0,,,25001.0,131.0,-66.0
250010114002,29,21,6,2,2,31,4,2,9,5,111,376,,,,35.0,,5.0,7.0,,,9.0,,9.0,,26.0,,1.0,,3.0,8.0,,25001.0,103.0,8.0
250010114003,7,26,3,1,1,37,2,0,5,5,87,185,,,,,,,15.0,,4.0,,,,2.0,,,,12.0,50.0,12.0,11.0,25001.0,106.0,-19.0
250010114004,14,94,10,1,13,65,0,8,21,48,274,290,,,,34.0,,,30.0,1.0,,2.0,,,,5.0,,32.0,,51.0,16.0,,25001.0,171.0,103.0
250010115001,14,16,1,2,1,17,0,1,9,0,61,235,,,,9.0,,,,,,,,2.0,,,,,,,1.0,,25001.0,12.0,49.0
250010115002,9,22,3,35,2,25,3,10,9,2,120,385,2.0,,,8.0,,,3.0,,,,,,,23.0,,3.0,132.0,2.0,,112.0,25001.0,285.0,-165.0
250010115003,9,22,3,1,0,20,0,0,11,1,67,243,,,,14.0,,,,,,,,,,2.0,,2.0,4.0,,4.0,,25001.0,26.0,41.0
250010115004,57,120,76,66,20,391,11,8,90,44,883,287,3.0,,23.0,183.0,6.0,15.0,585.0,172.0,13.0,95.0,13.0,25.0,,135.0,1.0,184.0,7.0,123.0,33.0,,25001.0,1616.0,-733.0
250010115005,13,92,12,1,4,50,6,23,32,6,239,339,,,,84.0,,12.0,11.0,,,,,1.0,,39.0,,117.0,3.0,,8.0,7.0,25001.0,282.0,-43.0
250010116001,27,42,9,5,5,205,2,15,31,54,395,552,6.0,,,19.0,10.0,,168.0,74.0,8.0,9.0,,11.0,,32.0,,23.0,,168.0,14.0,,25001.0,542.0,-147.0
250010116002,21,42,6,3,0,53,0,12,14,1,152,289,,,,24.0,,,24.0,,,5.0,1.0,1.0,,17.0,,,,4.0,,,25001.0,76.0,76.0
250010116003,5,60,13,2,11,223,2,2,30,0,348,306,,,,,,,,,13.0,,18.0,,,,,2.0,,64.0,34.0,,25001.0,131.0,217.0
250010117001,7,30,8,0,5,60,0,8,16,5,139,258,,,,4.0,,11.0,11.0,,10.0,13.0,9.0,8.0,,8.0,,8.0,,17.0,13.0,,25001.0,112.0,27.0
250010117002,5,31,2,2,1,24,3,1,11,5,85,238,,,,12.0,1.0,2.0,45.0,,20.0,2.0,,10.0,,12.0,,4.0,7.0,141.0,6.0,,25001.0,262.0,-177.0
250010117003,31,116,23,55,8,87,2,8,42,4,376,351,1.0,,,15.0,,,16.0,,,9.0,10.0,8.0,6.0,2.0,,9.0,,79.0,1.0,36.0,25001.0,192.0,184.0
250010118011,27,66,19,0,2,141,3,16,20,1,295,631,,,,,4.0,,77.0,1.0,,,81.0,,2.0,,,22.0,,46.0,8.0,,25001.0,241.0,54.0
250010118012,17,60,3,1,4,121,2,13,11,4,236,358,,,,3.0,,,13.0,,,,,14.0,,,1.0,22.0,1.0,7.0,2.0,,25001.0,63.0,173.0
250010118021,13,64,33,0,35,29,2,9,42,1,228,311,,,,4.0,,,2.0,,14.0,20.0,,13.0,,11.0,,27.0,,22.0,4.0,,25001.0,117.0,111.0
250010118022,28,87,28,11,3,102,14,11,102,15,401,305,,,,45.0,,26.0,26.0,,6.0,13.0,7.0,55.0,,46.0,,121.0,28.0,71.0,135.0,5.0,25001.0,584.0,-183.0
250010118023,20,20,0,2,10,47,1,6,21,6,133,520,,,124.0,3.0,,1.0,9.0,,,,,,,168.0,3.0,2.0,,,4.0,,25001.0,314.0,-181.0
250010118024,11,56,16,1,5,53,1,45,24,11,223,415,,,,6.0,,,,,,,,5.0,,6.0,2.0,48.0,,25.0,,,25001.0,92.0,131.0
250010120011,24,43,7,2,5,94,2,21,19,0,217,649,,,,4.0,,,3.0,,,,77.0,1.0,,6.0,,1.0,3.0,4.0,6.0,,25001.0,105.0,112.0
250010120012,155,385,34,27,9,324,74,18,356,72,1454,581,,,108.0,460.0,20.0,66.0,282.0,24.0,76.0,80.0,18.0,65.0,74.0,50.0,522.0,347.0,34.0,98.0,27.0,,25001.0,2351.0,-897.0
250010120013,3,46,1,10,6,24,1,1,9,2,103,461,,,,5.0,,,,,,,,,,2.0,,33.0,2.0,,8.0,,25001.0,50.0,53.0
250010120014,19,98,0,2,5,18,1,18,14,3,178,518,,,,8.0,,,,,1.0,,,1.0,,6.0,,45.0,,,15.0,,25001.0,76.0,102.0
250010120021,20,50,15,134,6,359,5,28,41,30,688,502,,,,8.0,,,250.0,,,23.0,2.0,,,25.0,,54.0,40.0,198.0,21.0,135.0,25001.0,756.0,-68.0
250010120022,39,73,24,31,7,285,18,31,49,9,566,483,,,,36.0,3.0,,51.0,,,,9.0,16.0,,48.0,,66.0,18.0,149.0,18.0,50.0,25001.0,464.0,102.0
250010120023,47,73,6,3,3,189,0,17,31,11,380,361,,,,,,,7.0,14.0,,1.0,10.0,6.0,,,2.0,9.0,,87.0,19.0,,25001.0,155.0,225.0
250010121011,84,205,17,1,4,133,52,10,57,20,583,501,,,,107.0,116.0,4.0,30.0,,,69.0,,17.0,,67.0,17.0,102.0,,,29.0,,25001.0,558.0,25.0
250010121012,36,64,11,32,6,89,2,14,61,12,327,343,,,,10.0,,15.0,7.0,127.0,,,,38.0,,17.0,,105.0,,,12.0,,25001.0,331.0,-4.0
250010121013,10,30,1,2,4,17,2,2,1,0,69,326,,,,12.0,,,,,,1.0,1.0,,,13.0,,1.0,,,,,25001.0,28.0,41.0
250010121014,34,47,5,0,6,57,2,7,18,14,190,311,,,,40.0,8.0,3.0,10.0,,,,,,,13.0,,17.0,9.0,58.0,,,25001.0,158.0,32.0
250010121015,19,32,9,0,5,145,4,9,41,3,267,377,,,,7.0,,,13.0,,,,5.0,1.0,,8.0,,13.0,,28.0,,,25001.0,75.0,192.0
250010121021,13,32,13,1,22,145,6,19,34,6,291,335,,,,25.0,,,65.0,,,,1.0,12.0,5.0,25.0,,13.0,,107.0,5.0,,25001.0,258.0,33.0
250010121022,10,88,13,0,5,76,0,14,21,1,228,319,,,,,,3.0,3.0,,,7.0,18.0,6.0,,4.0,,36.0,,83.0,3.0,,25001.0,163.0,65.0
250010121023,16,11,4,0,3,185,0,4,12,2,237,305,,,,28.0,16.0,,,,,,4.0,8.0,,5.0,,48.0,,183.0,,,25001.0,292.0,-55.0
250010121024,16,197,2,15,4,106,0,4,15,4,363,340,,,,14.0,,,29.0,,,6.0,,,,31.0,,191.0,111.0,21.0,39.0,69.0,25001.0,511.0,-148.0
250010122001,13,10,2,6,8,29,0,5,8,4,85,471,7.0,,,25.0,,2.0,,,,,,3.0,,10.0,21.0,10.0,33.0,,6.0,9.0,25001.0,126.0,-41.0
250010122002,8,144,21,273,5,80,8,7,52,7,605,339,,,,13.0,6.0,13.0,46.0,8.0,28.0,,5.0,27.0,,17.0,,24.0,3.0,61.0,45.0,392.0,25001.0,688.0,-83.0
250010122003,49,106,12,7,15,143,7,36,51,24,450,808,4.0,,,46.0,9.0,9.0,52.0,2.0,8.0,13.0,,49.0,,4.0,297.0,10.0,,106.0,206.0,33.0,25001.0,848.0,-398.0
250010122004,16,26,3,4,1,44,2,5,14,5,120,242,,,,9.0,,,8.0,,,,,,,,,8.0,,,12.0,,25001.0,37.0,83.0
250010125021,6,13,3,1,6,78,1,27,13,2,150,293,,,,,,,,,,2.0,2.0,5.0,,,,9.0,88.0,1.0,4.0,,25001.0,111.0,39.0
250010125022,11,179,0,3,6,41,0,11,22,2,275,375,,,,1.0,,,,,10.0,,,,,,,147.0,2.0,4.0,,,25001.0,164.0,111.0
250010125023,13,29,2,2,2,108,1,3,12,4,176,315,,,,17.0,,,61.0,13.0,3.0,,2.0,4.0,,48.0,14.0,353.0,2.0,66.0,10.0,,25001.0,593.0,-417.0
250010125024,6,15,12,1,1,119,5,4,12,1,176,262,,,,2.0,,1.0,10.0,,,4.0,,,,2.0,,38.0,22.0,36.0,10.0,,25001.0,125.0,51.0
250010126011,17,107,5,150,2,170,1,17,53,0,522,592,,,,35.0,5.0,1.0,13.0,1.0,,2.0,2.0,,,23.0,,197.0,,234.0,9.0,165.0,25001.0,687.0,-165.0
250010126012,18,269,14,2,2,135,1,10,19,14,484,310,,,,12.0,3.0,,143.0,,,8.0,,12.0,,39.0,,33.0,77.0,52.0,4.0,,25001.0,383.0,101.0
250010126021,2,93,3,0,0,40,0,11,23,1,173,368,,,,11.0,,,49.0,,,,8.0,8.0,,3.0,,108.0,,44.0,10.0,,25001.0,241.0,-68.0
250010126022,5,64,42,2,1,65,2,26,20,0,227,421,,,,9.0,,32.0,122.0,24.0,,68.0,,6.0,20.0,,,76.0,,30.0,30.0,,25001.0,417.0,-190.0
250010126023,7,48,8,4,3,37,3,7,43,4,164,336,,,,2.0,,,15.0,,,8.0,,32.0,,3.0,,11.0,250.0,35.0,42.0,,25001.0,398.0,-234.0
250010126024,3,33,13,0,1,31,0,11,47,8,147,304,,,,,,,5.0,,,1.0,2.0,27.0,,2.0,,22.0,,70.0,41.0,,25001.0,170.0,-23.0
250010127001,3,60,6,30,4,11,0,4,8,1,127,479,,,,,,2.0,,,16.0,8.0,,3.0,,3.0,,60.0,,14.0,2.0,75.0,25001.0,183.0,-56.0
250010127002,25,158,46,1,17,48,23,12,59,1,390,362,,,,17.0,37.0,3.0,45.0,,46.0,17.0,6.0,49.0,,6.0,,231.0,4.0,7.0,3.0,,25001.0,471.0,-81.0
250010127003,5,3,5,0,12,25,0,19,9,3,81,297,,,,13.0,,,,,,4.0,,1.0,,9.0,,4.0,4.0,,19.0,,25001.0,54.0,27.0
250010127004,20,74,11,0,4,107,2,5,20,6,249,495,,,,6.0,3.0,,61.0,,,1.0,11.0,3.0,,13.0,2.0,,,12.0,16.0,,25001.0,128.0,121.0
250010128001,17,45,24,1,2,114,19,39,40,31,332,378,,,,18.0,,,73.0,,1.0,76.0,9.0,54.0,,9.0,12.0,63.0,16.0,99.0,47.0,,25001.0,477.0,-145.0
250010128002,8,38,54,16,16,67,3,4,43,16,265,397,,,,,2.0,2.0,24.0,,,32.0,33.0,20.0,,3.0,,,5.0,35.0,5.0,,25001.0,161.0,104.0
250010128003,12,6,2,1,1,60,0,8,15,3,108,589,2.0,,,15.0,,,,3.0,1.0,7.0,4.0,2.0,,3.0,9.0,5.0,,,27.0,,25001.0,78.0,30.0
250010129001,7,124,1,0,0,19,0,7,9,0,167,341,,,,6.0,,,2.0,,,,,6.0,,11.0,8.0,1.0,2.0,,,,25001.0,36.0,131.0
250010129002,18,54,0,0,0,11,2,0,2,5,92,434,,,,21.0,,6.0,7.0,,,,6.0,,,2.0,,16.0,1.0,,,,25001.0,59.0,33.0
250010129003,5,2,5,0,1,2,0,0,6,0,21,572,,,,30.0,,3.0,,4.0,,10.0,1.0,4.0,,4.0,2.0,14.0,1.0,,,,25001.0,73.0,-52.0
250010130021,10,27,26,21,0,78,20,5,38,11,236,235,,,,33.0,,20.0,9.0,,,,6.0,30.0,,26.0,,2.0,131.0,,15.0,,25001.0,272.0,-36.0
250010130022,23,36,45,0,18,81,19,16,42,11,291,240,2.0,,,15.0,8.0,10.0,60.0,,18.0,17.0,25.0,35.0,26.0,5.0,,27.0,66.0,76.0,23.0,,25001.0,413.0,-122.0
250010130023,28,14,38,5,0,68,7,4,21,14,199,387,,,,64.0,,6.0,23.0,,,12.0,43.0,3.0,,4.0,,123.0,,51.0,11.0,,25001.0,340.0,-141.0
250010130024,57,87,27,16,1,14,0,5,38,5,250,349,,,13.0,59.0,,,41.0,32.0,,,4.0,7.0,,11.0,330.0,41.0,8.0,,14.0,,25001.0,560.0,-310.0
250010131001,24,14,11,1,1,49,4,7,61,8,180,415,,,,35.0,3.0,,13.0,,,16.0,4.0,10.0,,15.0,4.0,2.0,,14.0,1.0,,25001.0,117.0,63.0
250010131002,47,27,18,13,8,99,9,11,127,13,372,729,16.0,,,106.0,3.0,3.0,21.0,6.0,16.0,,7.0,27.0,,211.0,,45.0,9.0,23.0,25.0,,25001.0,518.0,-146.0
250010131003,17,21,1,6,3,31,6,0,13,6,104,220,1.0,,,23.0,,,,3.0,,,,25.0,,1.0,,,49.0,,2.0,,25001.0,104.0,0.0
250010131004,10,19,2,0,5,28,1,5,20,6,96,522,2.0,,2.0,13.0,,,,,,,1.0,2.0,,13.0,2.0,36.0,,,,,25001.0,71.0,25.0
250010132001,30,51,4,9,8,42,6,11,13,3,177,461,12.0,,,22.0,7.0,1.0,16.0,,13.0,3.0,4.0,24.0,,3.0,28.0,16.0,1.0,12.0,2.0,20.0,25001.0,184.0,-7.0
250010132002,87,86,23,12,12,211,6,4,50,12,503,818,,,1.0,110.0,6.0,2.0,218.0,25.0,2.0,5.0,8.0,4.0,,28.0,,67.0,16.0,38.0,11.0,6.0,25001.0,547.0,-44.0
250010132003,15,34,7,4,3,37,4,7,34,9,154,423,6.0,,,26.0,,11.0,2.0,,,8.0,,4.0,,12.0,,3.0,,27.0,28.0,,25001.0,127.0,27.0
250010133001,28,58,11,1,5,74,2,11,32,17,239,268,,,46.0,13.0,,15.0,165.0,7.0,4.0,11.0,3.0,21.0,,23.0,1.0,211.0,,226.0,16.0,10.0,25001.0,772.0,-533.0
250010133002,10,23,16,17,1,51,1,0,31,6,156,383,12.0,20.0,21.0,7.0,,3.0,34.0,,18.0,19.0,,42.0,,6.0,,23.0,164.0,102.0,4.0,135.0,25001.0,610.0,-454.0
250010133003,8,54,17,16,2,88,23,105,14,0,327,581,,,,66.0,,,29.0,,,7.0,7.0,8.0,,7.0,388.0,146.0,,182.0,5.0,91.0,25001.0,936.0,-609.0
250010134001,28,1321,10,1,6,156,10,2,16,9,1559,361,,,,21.0,1.0,,20.0,,,,14.0,11.0,,6.0,3.0,2.0,,6.0,,,25001.0,84.0,1475.0
250010134002,3,0,0,0,3,27,5,1,1,8,48,253,3.0,,,,,2.0,,,,,,2.0,,,,,20.0,,4.0,,25001.0,31.0,17.0
250010134003,26,46,10,0,4,67,3,4,11,13,184,482,,,,12.0,7.0,16.0,15.0,,,9.0,12.0,16.0,,,,25.0,2.0,27.0,,,25001.0,141.0,43.0
250010134004,13,59,0,1,5,26,0,6,10,6,126,269,,,,5.0,,1.0,5.0,,3.0,,,11.0,,7.0,315.0,3.0,,5.0,,,25001.0,355.0,-229.0
250010135001,28,69,3,2,10,85,1,4,12,14,228,529,,,,10.0,,5.0,1.0,,2.0,15.0,,80.0,,12.0,,71.0,5.0,33.0,5.0,,25001.0,239.0,-11.0
250010135002,10,7,2,0,2,36,1,0,8,2,68,406,,,,23.0,,2.0,1.0,4.0,1.0,,,4.0,,1.0,8.0,5.0,,,7.0,,25001.0,56.0,12.0
250010135003,14,29,6,0,8,44,4,4,17,6,132,835,,,,27.0,,1.0,,1.0,,,1.0,4.0,,22.0,,8.0,,,10.0,,25001.0,74.0,58.0
250010135004,6,7,1,0,2,11,0,0,2,5,34,303,,,,12.0,8.0,2.0,,,,1.0,,8.0,,,,6.0,30.0,,1.0,,25001.0,68.0,-34.0
250010136001,98,432,17,8,22,256,36,102,115,58,1144,884,,,,209.0,44.0,138.0,353.0,,31.0,35.0,14.0,50.0,6.0,110.0,9.0,657.0,15.0,248.0,85.0,5.0,25001.0,2009.0,-865.0
250010136002,27,339,3,0,6,123,0,18,15,11,542,707,,,,8.0,,,6.0,5.0,,,7.0,21.0,,7.0,5.0,43.0,,8.0,20.0,,25001.0,130.0,412.0
250010136003,9,51,8,0,5,45,4,0,10,16,148,281,,,,7.0,,,1.0,,1.0,,,1.0,,39.0,2.0,32.0,,,,,25001.0,83.0,65.0
250010137001,9,80,6,7,4,48,0,11,25,8,198,505,25.0,,,8.0,,,22.0,,17.0,2.0,,13.0,,1.0,,6.0,3.0,35.0,5.0,7.0,25001.0,144.0,54.0
250010137002,7,89,0,0,0,11,0,3,7,2,119,237,,,,20.0,3.0,,2.0,,,,,,,2.0,,141.0,,,,,25001.0,168.0,-49.0
250010137003,6,11,2,1,0,10,0,51,3,2,86,349,,,,9.0,,,1.0,,,,,2.0,,,,3.0,,,,1.0,25001.0,16.0,70.0
250010137004,29,299,51,94,7,286,8,53,86,54,967,351,,,8.0,24.0,9.0,28.0,122.0,,,37.0,6.0,69.0,,5.0,336.0,52.0,26.0,232.0,48.0,216.0,25001.0,1218.0,-251.0
250010138001,125,56,13,0,3,117,56,21,191,50,632,828,,,,132.0,14.0,10.0,129.0,46.0,7.0,14.0,20.0,149.0,,98.0,1.0,28.0,,87.0,7.0,,25001.0,742.0,-110.0
250010138002,8,33,2,0,3,15,2,4,13,13,93,453,,,8.0,5.0,148.0,18.0,176.0,,1.0,19.0,,5.0,,27.0,,195.0,,62.0,53.0,,25001.0,717.0,-624.0
250010138003,32,42,7,1,4,199,9,7,20,40,361,373,,,,22.0,1.0,2.0,178.0,11.0,18.0,,,33.0,,1.0,18.0,18.0,,31.0,6.0,,25001.0,339.0,22.0
250010139001,5,17,0,1,4,8,2,0,23,4,64,235,,,,11.0,,,,,,,1.0,,,1.0,,,,,,,25001.0,13.0,51.0
250010139002,18,20,0,5,8,51,7,12,14,7,142,487,1.0,,,2.0,7.0,3.0,,,1.0,,1.0,,,12.0,1.0,4.0,,9.0,,,25001.0,41.0,101.0
250010139003,27,41,12,2,10,128,2,7,51,14,294,608,,,,30.0,,51.0,,60.0,,,44.0,14.0,,2.0,,29.0,9.0,90.0,11.0,,25001.0,340.0,-46.0
250010139004,64,487,13,17,70,260,13,72,57,30,1083,457,,,,96.0,7.0,10.0,68.0,,152.0,,13.0,39.0,,31.0,637.0,46.0,13.0,147.0,21.0,56.0,25001.0,1336.0,-253.0
250010140021,21,26,1,7,5,37,2,10,20,6,135,395,,,,,,,,,,1.0,4.0,19.0,,11.0,,3.0,6.0,21.0,1.0,,25001.0,66.0,69.0
250010140022,100,107,62,25,14,182,138,65,155,86,934,668,5.0,,,122.0,230.0,107.0,168.0,49.0,27.0,13.0,20.0,56.0,,102.0,15.0,134.0,54.0,122.0,114.0,,25001.0,1338.0,-404.0
250010140023,13,31,4,65,2,80,1,12,11,9,228,293,,,10.0,13.0,,,24.0,23.0,,,3.0,1.0,,2.0,,99.0,69.0,19.0,,7.0,25001.0,270.0,-42.0
250010140024,24,14,28,6,10,99,6,19,40,26,272,239,3.0,,9.0,12.0,,9.0,15.0,,,,,11.0,,19.0,,16.0,,6.0,1.0,,25001.0,101.0,171.0
250010141001,40,133,98,547,9,66,9,11,97,12,1022,314,,,,3.0,,27.0,89.0,1.0,2.0,,,13.0,,4.0,,,,24.0,34.0,349.0,25001.0,546.0,476.0
250010143001,18,24,0,0,8,27,1,7,224,6,315,339,,,,1.0,,,,,,,2.0,5.0,,5.0,1.0,4.0,17.0,106.0,7.0,,25001.0,148.0,167.0
250010143002,29,78,38,0,3,53,3,26,18,16,264,271,,,,25.0,,,29.0,,,12.0,7.0,11.0,,5.0,,131.0,,84.0,12.0,,25001.0,316.0,-52.0
250010143003,29,4,12,0,3,32,3,19,10,7,119,239,,,,43.0,2.0,4.0,28.0,,11.0,,,2.0,,9.0,,6.0,5.0,,18.0,,25001.0,128.0,-9.0
250010143004,33,71,23,1,3,66,56,10,11,11,285,431,,,,21.0,196.0,1.0,10.0,,31.0,,15.0,13.0,,7.0,,59.0,,45.0,,,25001.0,398.0,-113.0
250010143005,21,23,23,0,6,19,2,17,45,11,167,409,,,,5.0,,1.0,1.0,,4.0,,,3.0,,,,1.0,,,,,25001.0,15.0,152.0
250010144021,99,152,15,7,24,239,133,30,94,64,857,839,,,,127.0,205.0,33.0,51.0,21.0,,22.0,2.0,76.0,,49.0,,72.0,15.0,49.0,18.0,22.0,25001.0,762.0,95.0
250010144022,40,30,23,9,4,137,12,15,74,13,357,736,27.0,,,66.0,17.0,,53.0,23.0,,3.0,,27.0,,83.0,13.0,10.0,78.0,,24.0,,25001.0,424.0,-67.0
250010144023,39,35,4,0,6,62,5,5,19,11,186,774,,,,12.0,,15.0,,3.0,,1.0,1.0,1.0,,8.0,,12.0,1.0,4.0,1.0,,25001.0,59.0,127.0
250010145001,19,40,8,0,12,32,6,11,20,6,154,582,,,,18.0,3.0,6.0,5.0,,,,,7.0,,18.0,,2.0,1.0,22.0,11.0,,25001.0,93.0,61.0
250010145002,39,30,4,19,12,63,4,23,39,10,243,726,,,,23.0,,,,,,,,5.0,,50.0,,27.0,16.0,1.0,2.0,,25001.0,124.0,119.0
250010145003,20,95,2,0,6,28,4,10,14,1,180,561,,,,10.0,,6.0,9.0,,,,,5.0,,1.0,,2.0,,,,,25001.0,33.0,147.0
250010146001,25,21,8,1,0,12,7,19,8,4,105,344,,,,33.0,,7.0,10.0,2.0,,6.0,,8.0,,8.0,,6.0,7.0,5.0,6.0,,25001.0,98.0,7.0
250010146002,23,16,5,0,5,62,8,20,40,12,191,380,,,,7.0,1.0,,84.0,,,,3.0,6.0,,75.0,,1.0,,18.0,11.0,56.0,25001.0,262.0,-71.0
250010146003,8,53,7,0,2,33,2,13,11,6,135,176,,,,,,,39.0,5.0,,,,2.0,,,,27.0,2.0,40.0,8.0,,25001.0,123.0,12.0
250010146004,8,60,1,0,6,72,1,15,17,5,185,437,,,,9.0,,2.0,22.0,,4.0,4.0,,11.0,,1.0,,6.0,2.0,,1.0,,25001.0,62.0,123.0
250010147001,13,45,17,3,10,195,6,25,33,15,362,289,,,,2.0,3.0,,208.0,,19.0,16.0,,36.0,5.0,4.0,,5.0,,104.0,22.0,,25001.0,424.0,-62.0
250010147002,11,29,3,0,2,21,15,16,18,16,131,464,,,,2.0,,5.0,36.0,13.0,,,,11.0,,1.0,,31.0,3.0,,7.0,,25001.0,109.0,22.0
250010147003,8,57,8,0,246,83,38,16,19,11,486,567,,,,3.0,7.0,,126.0,,21.0,8.0,1.0,5.0,,,,5.0,,38.0,15.0,,25001.0,229.0,257.0
250010148001,4,114,27,43,5,272,14,20,43,16,558,369,,,,27.0,7.0,7.0,161.0,11.0,6.0,2.0,2.0,16.0,5.0,2.0,,156.0,25.0,67.0,33.0,115.0,25001.0,642.0,-84.0
250010148002,18,62,22,6,8,235,0,27,26,9,413,358,,,,22.0,,12.0,154.0,,8.0,31.0,5.0,13.0,,3.0,669.0,5.0,65.0,147.0,20.0,,25001.0,1154.0,-741.0
250010148003,16,151,32,8,5,270,3,14,17,34,550,461,,,,18.0,,14.0,121.0,6.0,16.0,36.0,2.0,2.0,,45.0,1.0,306.0,173.0,299.0,26.0,104.0,25001.0,1169.0,-619.0
250010148004,71,190,47,38,11,49,3,32,64,4,509,297,,,,209.0,12.0,,208.0,,,35.0,10.0,107.0,,20.0,30.0,188.0,2.0,45.0,5.0,10.0,25001.0,881.0,-372.0
250010149001,27,30,7,78,20,231,21,14,233,915,1576,276,,,,7.0,,2.0,20.0,1.0,16.0,2.0,,432.0,,5.0,,8.0,60.0,87.0,12.0,657.0,25001.0,1309.0,267.0
250010149002,24,9,2,49,6,73,1,5,42,7,218,407,,,,25.0,,2.0,,,,,,865.0,,3.0,38.0,1.0,5.0,,6.0,,25001.0,945.0,-727.0
250010149003,17,84,50,95,22,241,4,37,55,27,632,375,,,,3.0,35.0,,128.0,4.0,48.0,23.0,8.0,47.0,,5.0,,33.0,,385.0,64.0,124.0,25001.0,907.0,-275.0
250010149004,82,1938,19,4,32,93,23,3,138,17,2349,450,,,,44.0,,1.0,61.0,,49.0,,3.0,54.0,,11.0,119.0,2138.0,33.0,35.0,66.0,,25001.0,2614.0,-265.0
250010150011,30,86,5,20,4,68,1,7,27,2,250,702,,,,72.0,28.0,10.0,38.0,,,,,24.0,,17.0,280.0,111.0,79.0,52.0,2.0,142.0,25001.0,855.0,-605.0
250010150012,18,15,4,1,4,21,2,6,9,4,84,595,,,,3.0,,,5.0,,1.0,1.0,,7.0,,24.0,,8.0,,,9.0,,25001.0,58.0,26.0
250010150021,31,56,12,315,7,251,8,25,28,6,739,1009,,,,83.0,,,29.0,,,,3.0,9.0,,17.0,2.0,12.0,4.0,60.0,90.0,,25001.0,309.0,430.0
250010150022,54,208,19,39,7,233,4,8,115,15,702,455,,,,56.0,3.0,29.0,101.0,11.0,,11.0,7.0,48.0,,188.0,,347.0,17.0,111.0,13.0,44.0,25001.0,986.0,-284.0
250010151001,63,143,15,10,5,260,15,21,45,20,597,709,,,,73.0,,12.0,141.0,6.0,,3.0,2.0,35.0,,17.0,,34.0,97.0,44.0,12.0,,25001.0,476.0,121.0
250010151002,112,488,85,37,28,734,64,55,128,31,1762,796,,,13.0,66.0,12.0,50.0,591.0,,62.0,31.0,17.0,55.0,1.0,66.0,4.0,318.0,,357.0,84.0,10.0,25001.0,1737.0,25.0
250010152001,18,106,1,22,14,26,12,4,18,4,225,445,,,,22.0,,3.0,,,,4.0,,2.0,,,9.0,1.0,14.0,,121.0,29.0,25001.0,205.0,20.0
250010152002,215,199,23,5,10,219,17,4,30,8,730,474,,,,6.0,,,,,,,40.0,5.0,,9.0,,2.0,110.0,,6.0,,25001.0,178.0,552.0
250010153001,367,371,171,85,381,2551,179,243,1028,587,5963,257,12.0,56.0,10.0,326.0,601.0,381.0,2249.0,553.0,115.0,260.0,74.0,169.0,86.0,123.0,23.0,1613.0,55.0,687.0,307.0,33.0,25001.0,7733.0,-1770.0
250010153002,207,4043,85,232,54,969,30,90,932,124,6766,628,,,,182.0,15.0,12.0,261.0,142.0,146.0,121.0,44.0,99.0,27.0,16.0,934.0,3626.0,108.0,626.0,112.0,434.0,25001.0,6905.0,-139.0
250010153003,42,235,39,39,33,372,15,68,116,52,1011,497,,,,66.0,3.0,72.0,350.0,28.0,38.0,14.0,6.0,64.0,,1.0,,471.0,15.0,227.0,146.0,18.0,25001.0,1519.0,-508.0
250039001001,11,372,6,6,0,40,6,16,12,2,471,532,,,,,,,57.0,,,,,4.0,,,1115.0,140.0,,40.0,212.0,,25003.0,1568.0,-1097.0
250039001002,42,781,298,381,68,345,93,47,657,291,3003,737,,,44.0,48.0,12.0,43.0,179.0,1.0,96.0,396.0,73.0,166.0,1.0,159.0,58.0,551.0,103.0,304.0,42.0,525.0,25003.0,2801.0,202.0
250039001003,15,266,157,49,6,143,4,40,165,7,852,271,,,,8.0,3.0,9.0,74.0,1.0,49.0,589.0,16.0,108.0,,346.0,245.0,316.0,78.0,110.0,33.0,61.0,25003.0,2046.0,-1194.0
250039001004,7,151,20,0,1,86,8,6,6,35,320,408,,,,,7.0,,115.0,25.0,,1.0,4.0,,,,8.0,153.0,,31.0,20.0,,25003.0,364.0,-44.0
250039002001,9,44,9,0,1,24,1,17,18,3,126,339,,,,19.0,,,5.0,,,9.0,,,,5.0,,18.0,,36.0,19.0,,25003.0,111.0,15.0
250039002002,7,12,64,0,1,32,2,10,6,0,134,305,,,,6.0,,,24.0,,,44.0,,,,,,12.0,,32.0,7.0,4.0,25003.0,129.0,5.0
250039002003,42,420,9,21,10,82,8,20,39,47,698,450,,,,61.0,,20.0,90.0,94.0,5.0,1.0,17.0,41.0,88.0,34.0,2.0,123.0,,40.0,23.0,15.0,25003.0,654.0,44.0
250039002004,2,86,2,0,2,32,2,3,2,12,143,245,,,,,,,5.0,,,,,,,,,33.0,,27.0,5.0,,25003.0,70.0,73.0
250039002005,4,24,0,2,0,11,2,5,2,1,51,337,,,,2.0,,,11.0,,,,,,,,,21.0,,6.0,4.0,,25003.0,44.0,7.0
250039002006,19,1241,7,3,1,14,7,2,3,1,1298,279,,,,18.0,,,6.0,39.0,,,2.0,2.0,,374.0,,2743.0,1.0,,20.0,,25003.0,3205.0,-1907.0
250039003001,12,58,0,1,0,5,4,0,9,1,90,421,,,,,,,,,,,,1.0,,,,4.0,,,,,25003.0,5.0,85.0
250039003002,4,50,0,2,2,11,2,3,8,1,83,348,,,,,,,7.0,22.0,,,,9.0,,,,5.0,,,4.0,,25003.0,47.0,36.0
250039003003,8,169,1,1,6,38,8,4,11,1,247,366,,,,6.0,,,13.0,,,,,6.0,,,,126.0,,,14.0,,25003.0,165.0,82.0
250039004001,17,30,15,2,0,19,61,12,31,4,191,392,,,,11.0,105.0,,12.0,,,,,4.0,,,,2.0,1.0,37.0,,,25003.0,172.0,19.0
250039004002,30,34,2,8,1,38,9,4,24,14,164,541,,,,8.0,4.0,16.0,28.0,,,,,,,15.0,,45.0,5.0,21.0,,,25003.0,142.0,22.0
250039004003,22,146,0,9,8,32,30,8,9,3,267,291,,,,7.0,12.0,,,,,,,,,6.0,,5.0,,53.0,,,25003.0,83.0,184.0
250039004004,16,57,0,5,4,38,6,10,17,2,155,499,,,,29.0,,3.0,13.0,9.0,,,,,,,,3.0,,23.0,9.0,,25003.0,89.0,66.0
250039004005,24,32,2,4,8,29,44,6,21,16,186,245,,,,14.0,59.0,177.0,5.0,,,,,,,4.0,,23.0,1.0,,,,25003.0,283.0,-97.0
250039005001,13,157,0,0,4,20,4,2,7,5,212,467,,,,43.0,,4.0,13.0,2.0,,,,3.0,,2.0,,10.0,,41.0,1.0,,25003.0,119.0,93.0
250039005002,53,1327,16,4,11,213,33,6,251,39,1953,788,,,,47.0,127.0,,43.0,,5.0,1.0,1.0,48.0,84.0,16.0,,330.0,24.0,16.0,3.0,11.0,25003.0,756.0,1197.0
250039006001,11,28,1,3,0,1,4,0,12,0,60,252,,,,,,,,,,,,,,,,17.0,,,,1.0,25003.0,18.0,42.0
250039006002,6,50,0,2,7,1,6,30,2,1,105,318,,,,,,4.0,,,,,,,,,,68.0,,,4.0,,25003.0,76.0,29.0
250039006003,3,110,0,1,1,26,1,6,2,0,150,282,,,,,,,14.0,,,,,,,,,106.0,1.0,16.0,9.0,,25003.0,146.0,4.0
250039006004,12,59,1,0,4,19,5,9,13,2,124,507,,,,11.0,,,6.0,,,,,,,,,61.0,,8.0,,,25003.0,86.0,38.0
250039006005,46,265,12,21,179,36,17,32,79,68,755,353,,,39.0,14.0,7.0,102.0,20.0,17.0,162.0,3.0,10.0,26.0,,10.0,,43.0,,6.0,34.0,14.0,25003.0,507.0,248.0
250039007001,24,24,7,2,37,24,14,7,8,9,156,240,,,,46.0,16.0,,7.0,14.0,22.0,7.0,,6.0,,11.0,,12.0,,18.0,2.0,,25003.0,161.0,-5.0
250039007002,35,14,0,25,6,32,1,12,0,4,129,229,,,,20.0,,,8.0,,2.0,,,,,,,2.0,,67.0,27.0,,25003.0,126.0,3.0
250039007003,43,97,8,4,3,91,64,5,35,61,411,299,,,,24.0,123.0,,10.0,,,,,16.0,,17.0,,51.0,,20.0,21.0,,25003.0,282.0,129.0
250039007004,15,180,3,4,0,22,91,64,101,10,490,335,,,,2.0,228.0,7.0,8.0,6.0,38.0,,6.0,2.0,,17.0,4.0,185.0,,1.0,9.0,11.0,25003.0,524.0,-34.0
250039008001,20,108,5,3,24,90,4,6,20,0,280,381,,,,,,,4.0,,,8.0,,,,,,90.0,,10.0,24.0,,25003.0,136.0,144.0
250039008002,85,727,42,26,13,414,59,7,36,15,1424,245,,,,169.0,114.0,,293.0,3.0,,22.0,74.0,16.0,,19.0,,268.0,119.0,169.0,10.0,18.0,25003.0,1294.0,130.0
250039008003,17,82,1,26,3,30,8,2,18,2,189,290,,,,4.0,,,2.0,,1.0,,3.0,3.0,,4.0,127.0,3.0,,10.0,,,25003.0,157.0,32.0
250039008004,18,197,0,3,1,102,15,1,11,1,349,623,,,,2.0,,,13.0,,,,2.0,,,,,9.0,,2.0,6.0,,25003.0,34.0,315.0
250039008005,6,109,0,2,1,18,3,3,6,0,148,297,,,,2.0,,,,,,,,2.0,,,,6.0,,,,,25003.0,10.0,138.0
250039009001,22,45,0,4,0,14,2,7,13,50,157,324,,,,,2.0,,81.0,,3.0,5.0,,,,,,33.0,,,10.0,,25003.0,134.0,23.0
250039009002,9,301,7,0,1,34,2,0,61,11,426,472,,,,4.0,,,33.0,,,,,47.0,,2.0,,333.0,,1.0,13.0,8.0,25003.0,441.0,-15.0
250039009003,6,317,0,2,2,16,4,11,78,2,438,501,,,,13.0,,,8.0,,,25.0,,9.0,,147.0,,108.0,,,34.0,,25003.0,344.0,94.0
250039009004,10,92,17,4,5,21,12,8,34,31,234,627,,,,16.0,,,25.0,2.0,,7.0,13.0,11.0,,12.0,14.0,54.0,,7.0,4.0,,25003.0,165.0,69.0
250039009005,7,195,10,0,0,21,5,9,27,0,274,288,,,,,,,18.0,,,6.0,,20.0,,3.0,,162.0,,18.0,21.0,,25003.0,248.0,26.0
250039011001,6,35,0,2,2,103,3,5,36,0,192,208,,,,,,,17.0,,,2.0,1.0,,,68.0,,2.0,,8.0,5.0,,25003.0,103.0,89.0
250039011002,9,85,3,1,1,21,4,0,3,1,128,280,,,,,,,,,,,,,,1.0,,4.0,,,,,25003.0,5.0,123.0
250039011003,8,86,10,1,1,75,1,1,13,3,199,359,,,,1.0,,,,,,9.0,,10.0,,,,7.0,,,,,25003.0,27.0,172.0
250039011004,227,105,40,236,0,313,14,45,89,115,1184,651,5.0,,138.0,39.0,427.0,2.0,215.0,,,50.0,11.0,39.0,55.0,36.0,5.0,30.0,35.0,171.0,78.0,194.0,25003.0,1530.0,-346.0
250039111001,68,94,11,20,62,551,19,15,115,19,974,493,8.0,,,324.0,18.0,,251.0,,21.0,3.0,,,,41.0,17.0,56.0,33.0,51.0,25.0,24.0,25003.0,872.0,102.0
250039111002,19,6,8,3,2,3,2,8,10,8,69,424,,,,6.0,,,3.0,,,,,5.0,,,8.0,464.0,,24.0,,,25003.0,510.0,-441.0
250039111003,29,87,4,55,3,102,8,5,30,7,330,274,10.0,,,22.0,11.0,,20.0,3.0,,3.0,,,,2.0,37.0,13.0,10.0,102.0,,30.0,25003.0,263.0,67.0
250039121001,8,11,0,0,1,25,5,27,15,3,95,448,,,,11.0,,,13.0,,,,,,,,,19.0,,1.0,7.0,,25003.0,51.0,44.0
250039121002,54,33,20,22,32,95,31,18,71,21,397,385,,,,61.0,80.0,3.0,12.0,,9.0,16.0,1.0,44.0,,,,19.0,,26.0,72.0,57.0,25003.0,400.0,-3.0
250039121003,4,30,16,1,3,61,7,6,4,2,134,259,4.0,,,21.0,8.0,,39.0,,,,,13.0,,,,1.0,,42.0,,,25003.0,128.0,6.0
250039121004,74,290,17,2,2,11,21,1,16,9,443,377,,2.0,,39.0,3.0,10.0,,,2.0,14.0,2.0,14.0,,1.0,82.0,169.0,,31.0,,11.0,25003.0,380.0,63.0
250039121005,28,41,5,2,5,34,37,1,20,7,180,227,,,,66.0,361.0,,,,,,6.0,2.0,14.0,1.0,,5.0,,,14.0,,25003.0,469.0,-289.0
250039121006,7,37,2,0,8,19,2,3,13,0,91,465,,,,23.0,2.0,,60.0,,,,1.0,27.0,,,4.0,8.0,1.0,5.0,1.0,,25003.0,132.0,-41.0
250039121007,17,237,26,5,17,30,0,11,4,22,369,417,8.0,2.0,,12.0,11.0,,,,,,2.0,1.0,,,222.0,11.0,16.0,,7.0,11.0,25003.0,303.0,66.0
250039131001,11,23,21,1,3,47,4,7,34,1,152,237,,,,,,,54.0,,,1.0,,25.0,,2.0,,1.0,,71.0,10.0,,25003.0,164.0,-12.0
250039131002,17,85,13,7,1,369,8,38,110,22,670,307,5.0,,,173.0,17.0,4.0,132.0,6.0,,8.0,5.0,30.0,,21.0,6.0,312.0,79.0,127.0,35.0,,25003.0,960.0,-290.0
250039131003,23,70,14,3,10,57,14,1,57,9,258,294,,,,74.0,8.0,1.0,12.0,,,3.0,,,,16.0,,86.0,12.0,41.0,9.0,,25003.0,262.0,-4.0
250039131004,2,173,44,0,0,18,15,2,25,0,279,196,,,,6.0,,,,,3.0,7.0,5.0,20.0,,3.0,,104.0,5.0,14.0,20.0,,25003.0,187.0,92.0
250039131005,11,212,57,33,16,497,6,15,63,8,918,692,,,,11.0,6.0,7.0,81.0,,10.0,9.0,30.0,18.0,,2.0,,189.0,12.0,234.0,36.0,4.0,25003.0,649.0,269.0
250039131006,14,111,37,28,7,456,10,19,68,19,769,247,,,,3.0,,,41.0,,,11.0,3.0,7.0,1.0,,214.0,74.0,87.0,731.0,2.0,82.0,25003.0,1256.0,-487.0
250039131007,14,73,12,1,1,42,75,9,37,7,271,262,,,,12.0,76.0,9.0,22.0,38.0,,2.0,5.0,7.0,,4.0,,4.0,,,,,25003.0,179.0,92.0
250039141001,11,217,5,7,0,91,1,34,8,6,380,512,27.0,,,5.0,,1.0,2.0,,,,8.0,,,17.0,,146.0,,55.0,,16.0,25003.0,277.0,103.0
250039141002,57,47,64,19,0,199,1,15,65,37,504,406,,,,95.0,140.0,7.0,109.0,,,115.0,12.0,4.0,,4.0,,35.0,9.0,137.0,17.0,17.0,25003.0,701.0,-197.0
250039141003,14,215,0,37,12,204,15,13,29,70,609,451,,,,45.0,47.0,5.0,7.0,26.0,12.0,7.0,,17.0,,,2.0,58.0,,186.0,46.0,70.0,25003.0,528.0,81.0
250039141004,20,186,3,6,9,31,24,21,25,12,337,477,,,,3.0,88.0,,,,,,,3.0,,28.0,154.0,12.0,,,8.0,6.0,25003.0,302.0,35.0
250039141005,38,122,22,9,20,137,64,118,169,22,721,459,,,,55.0,81.0,99.0,281.0,,14.0,,7.0,24.0,,27.0,,58.0,1.0,136.0,38.0,,25003.0,821.0,-100.0
250039141006,17,116,10,4,15,553,9,5,32,10,771,206,,,,8.0,,,480.0,5.0,,,7.0,8.0,,53.0,,,,16.0,4.0,,25003.0,581.0,190.0
250039201011,17,31,33,131,3,79,65,10,63,12,444,277,,,1.0,29.0,58.0,,4.0,,,5.0,,42.0,,51.0,,8.0,12.0,93.0,8.0,103.0,25003.0,414.0,30.0
250039201012,11,3,7,1,13,25,2,22,18,9,111,507,,,,21.0,7.0,,43.0,10.0,,,,6.0,,2.0,,4.0,3.0,21.0,12.0,,25003.0,129.0,-18.0
250039201013,3,807,1,3,18,7,1,20,13,3,876,262,,,,5.0,,,,,,,,22.0,,2.0,1525.0,6.0,,,15.0,,25003.0,1575.0,-699.0
250039201014,10,16,28,1,14,51,2,2,39,21,184,422,,,,,,,94.0,25.0,10.0,12.0,,12.0,,18.0,,30.0,,54.0,10.0,,25003.0,265.0,-81.0
250039201021,1,173,46,2,7,117,1,15,31,18,411,161,,,,,,,30.0,,16.0,26.0,9.0,25.0,,38.0,7.0,23.0,44.0,118.0,26.0,,25003.0,362.0,49.0
250039201022,10,351,3,0,9,80,4,24,22,2,505,338,18.0,,,16.0,2.0,,,,14.0,,2.0,2.0,,5.0,214.0,139.0,137.0,42.0,12.0,,25003.0,603.0,-98.0
250039201023,5,307,18,15,1,87,4,10,48,5,500,362,11.0,,,13.0,,,4.0,,,4.0,4.0,10.0,3.0,1.0,,333.0,,125.0,11.0,8.0,25003.0,527.0,-27.0
250039213001,22,41,7,0,7,28,10,9,8,9,141,562,,,,25.0,,4.0,13.0,,,,6.0,1.0,,,,12.0,,,6.0,,25003.0,67.0,74.0
250039213002,6,92,0,0,16,20,0,3,11,3,151,876,,,,11.0,3.0,,,,8.0,,,,,7.0,,22.0,,,,4.0,25003.0,55.0,96.0
250039213003,3,56,14,3,0,24,2,6,12,2,122,381,,,,,,,20.0,,,,5.0,7.0,2.0,21.0,,41.0,,,2.0,10.0,25003.0,108.0,14.0
250039213004,2,24,0,1,4,14,2,1,1,0,49,120,,,,,,,1.0,,,,,,,,324.0,,,24.0,,,25003.0,349.0,-300.0
250039214001,12,396,14,4,1,75,53,21,26,34,636,321,,,,64.0,,36.0,40.0,1.0,,3.0,3.0,7.0,,,,392.0,9.0,14.0,1.0,,25003.0,570.0,66.0
250039214002,11,179,7,4,15,499,66,29,36,45,891,395,,,,15.0,280.0,17.0,252.0,49.0,2.0,,,,,8.0,87.0,103.0,13.0,55.0,16.0,,25003.0,897.0,-6.0
250039215001,32,65,9,2,2,230,68,19,33,20,480,435,,,,71.0,22.0,5.0,34.0,,,13.0,5.0,1.0,,19.0,6.0,3.0,5.0,40.0,14.0,,25003.0,238.0,242.0
250039215002,35,240,2,11,7,82,3,14,25,26,445,758,,,,12.0,,,69.0,13.0,,1.0,9.0,27.0,,1.0,,27.0,,28.0,55.0,,25003.0,242.0,203.0
250039221001,0,5,0,0,0,2,0,3,0,0,10,329,,,,,,,,,,,,,,,14.0,5.0,,,2.0,2.0,25003.0,23.0,-13.0
250039221002,12,98,13,39,4,17,39,8,13,8,251,344,,,,5.0,,,19.0,,7.0,11.0,,,,6.0,155.0,28.0,,70.0,70.0,33.0,25003.0,404.0,-153.0
250039221003,29,47,75,22,3,141,9,26,20,21,393,353,,,,58.0,,5.0,94.0,24.0,,85.0,20.0,11.0,,,1.0,21.0,,58.0,1.0,39.0,25003.0,417.0,-24.0
250039221004,0,6,0,0,2,2,6,0,1,0,17,229,,,,,,1.0,,,1.0,,,16.0,,,,4.0,,4.0,37.0,,25003.0,63.0,-46.0
250039222001,33,53,4,6,13,32,93,3,6,18,261,268,,,4.0,32.0,171.0,,33.0,16.0,,,,,,9.0,,24.0,,21.0,3.0,,25003.0,313.0,-52.0
250039222002,10,6,2,0,5,1,1,7,2,6,40,304,,,,17.0,6.0,,,13.0,,,,,,,,2.0,,6.0,7.0,,25003.0,51.0,-11.0
250039222003,35,58,5,0,6,42,19,4,28,8,205,572,,,,129.0,58.0,3.0,43.0,,,4.0,4.0,10.0,,5.0,,59.0,,63.0,1.0,,25003.0,379.0,-174.0
250039222004,22,25,0,1,1,2,0,2,5,1,59,480,,,,25.0,,,2.0,,,,,,,,,9.0,7.0,21.0,,,25003.0,64.0,-5.0
250039223001,6,21,6,0,2,3,2,2,6,4,52,394,,,,10.0,,,14.0,,,,,,,3.0,,5.0,,3.0,2.0,,25003.0,37.0,15.0
250039223002,1,8,4,0,3,4,8,23,0,19,70,472,3.0,,,3.0,3.0,4.0,5.0,15.0,,,,,,,,3.0,,,,,25003.0,36.0,34.0
250039231001,12,74,6,21,3,24,7,6,23,9,185,344,,,,4.0,,,11.0,,,12.0,2.0,,,3.0,11.0,7.0,,,,41.0,25003.0,91.0,94.0
250039231002,23,64,0,9,22,64,3,9,54,36,284,432,,2.0,2.0,40.0,,2.0,138.0,4.0,,,,,,32.0,,12.0,,19.0,2.0,,25003.0,253.0,31.0
250039231003,26,116,5,15,10,28,13,5,60,22,300,537,,,,29.0,2.0,,6.0,6.0,,,,,,9.0,146.0,9.0,,13.0,,,25003.0,220.0,80.0
250039241001,5,122,5,3,5,144,3,11,21,11,330,270,,,,9.0,,,,,,,,,,2.0,385.0,,15.0,41.0,2.0,,25003.0,454.0,-124.0
250039241002,14,219,33,55,5,139,1,127,29,9,631,376,,,,39.0,,,69.0,,20.0,19.0,,26.0,,,316.0,170.0,65.0,240.0,56.0,35.0,25003.0,1055.0,-424.0
250039241003,17,31,0,40,2,14,3,10,15,2,134,260,,7.0,,7.0,,,6.0,,,,1.0,,,,,46.0,74.0,,12.0,,25003.0,153.0,-19.0
250039251001,4,19,1,0,2,14,1,4,9,2,56,270,,,,5.0,,,4.0,,,,,7.0,,,,,,5.0,4.0,,25003.0,25.0,31.0
250039251002,54,825,50,12,14,220,21,37,176,41,1450,582,,,,62.0,,9.0,83.0,,6.0,17.0,3.0,36.0,,23.0,339.0,735.0,25.0,95.0,43.0,7.0,25003.0,1483.0,-33.0
250039251003,26,102,50,2,38,310,5,4,81,41,659,363,,,,13.0,20.0,7.0,87.0,1.0,46.0,16.0,7.0,18.0,,,,17.0,25.0,125.0,13.0,,25003.0,395.0,264.0
250039251004,30,64,33,18,12,75,79,9,38,5,363,299,,,,23.0,,182.0,108.0,,35.0,14.0,14.0,24.0,4.0,33.0,,31.0,4.0,35.0,,15.0,25003.0,522.0,-159.0
250039251005,30,491,34,21,3,110,9,18,121,47,884,346,14.0,,11.0,17.0,34.0,4.0,319.0,2.0,22.0,22.0,7.0,64.0,32.0,2.0,27.0,119.0,5.0,89.0,45.0,63.0,25003.0,898.0,-14.0
250039251006,15,280,11,7,10,301,23,23,70,18,758,506,,,,13.0,14.0,20.0,188.0,,6.0,8.0,4.0,16.0,,7.0,1.0,173.0,65.0,180.0,117.0,,25003.0,812.0,-54.0
250039251007,23,137,2,3,10,36,40,10,30,4,295,439,,,,9.0,106.0,4.0,13.0,,,,,1.0,,1.0,5.0,132.0,,22.0,6.0,2.0,25003.0,301.0,-6.0
250039261001,88,328,11,27,13,64,54,29,170,24,808,459,5.0,40.0,,69.0,62.0,5.0,58.0,3.0,,,,3.0,,39.0,412.0,8.0,34.0,11.0,66.0,,25003.0,815.0,-7.0
250039261002,36,27,12,40,15,27,15,14,40,47,273,243,,,,38.0,21.0,3.0,22.0,40.0,,7.0,,,,20.0,,,5.0,31.0,12.0,,25003.0,199.0,74.0
250039261003,26,85,3,22,3,16,58,15,129,19,376,290,,,,16.0,116.0,,15.0,,,,,,,7.0,,59.0,,27.0,11.0,,25003.0,251.0,125.0
250039261004,12,23,2,6,1,16,4,21,25,24,134,329,14.0,,,7.0,3.0,5.0,,27.0,,,,10.0,,,,4.0,1.0,,,,25003.0,71.0,63.0
250039311001,12,20,0,3,2,15,4,0,4,1,61,248,,,,9.0,,,,,,,,,,,61.0,,,,,2.0,25003.0,72.0,-11.0
250039311002,12,16,3,22,2,20,10,2,0,22,109,342,,,14.0,32.0,33.0,,1.0,3.0,,,4.0,,,,,6.0,,7.0,3.0,22.0,25003.0,125.0,-16.0
250039313001,5,28,1,1,2,7,1,0,1,0,46,348,,,,5.0,,,,,7.0,,,43.0,,,26.0,26.0,,32.0,1.0,4.0,25003.0,144.0,-98.0
250039313002,4,9,0,8,5,2,4,0,2,0,34,277,,,,3.0,10.0,,,,,,,,,,18.0,2.0,,,,34.0,25003.0,67.0,-33.0
250039314001,2,2,2,7,0,4,0,2,8,1,28,332,,,,15.0,,,6.0,,,,,,,,,4.0,,,,19.0,25003.0,44.0,-16.0
250039314002,3,0,0,4,0,15,1,0,0,0,23,312,,,,5.0,,,,50.0,,,,,,5.0,,1.0,7.0,,6.0,56.0,25003.0,130.0,-107.0
250039322001,12,0,0,4,0,3,1,0,37,0,57,222,,,,9.0,,,,19.0,,,,5.0,,23.0,,,11.0,,,20.0,25003.0,87.0,-30.0
250039322002,6,37,0,19,2,30,1,34,5,4,138,486,,,,11.0,5.0,1.0,8.0,,,,,,,2.0,42.0,2.0,6.0,17.0,67.0,36.0,25003.0,197.0,-59.0
250039322003,4,15,1,1,2,63,1,0,3,0,90,309,,,,11.0,,,5.0,,10.0,,,6.0,,2.0,25.0,4.0,,7.0,,,25003.0,70.0,20.0
250039323001,7,20,0,16,2,18,0,4,28,2,97,258,,,,54.0,,1.0,26.0,,,4.0,,6.0,,6.0,53.0,2.0,1.0,32.0,2.0,2.0,25003.0,189.0,-92.0
250039323002,18,22,1,0,0,73,0,1,5,0,120,583,,,,21.0,,,1.0,,,,,3.0,,5.0,,7.0,,11.0,3.0,,25003.0,51.0,69.0
250039332001,0,0,0,0,0,0,0,0,0,0,0,139,,,,,,,15.0,,,,,2.0,,,,,,,,18.0,25003.0,35.0,-35.0
250039332002,9,17,4,6,2,55,0,2,7,1,103,447,,,,10.0,,,7.0,,3.0,,,4.0,,2.0,2.0,107.0,9.0,3.0,3.0,29.0,25003.0,179.0,-76.0
250039333001,41,68,2,37,26,50,15,15,117,9,380,361,6.0,,,50.0,,,8.0,14.0,,3.0,,3.0,,10.0,16.0,,,,,29.0,25003.0,139.0,241.0
250039333002,50,81,8,50,4,185,24,19,120,12,553,261,2.0,,,44.0,27.0,,,,,7.0,,,,8.0,,53.0,,60.0,,10.0,25003.0,211.0,342.0
250039334001,20,57,4,20,2,54,3,5,23,8,196,340,,,,38.0,,3.0,,,4.0,7.0,2.0,8.0,,12.0,39.0,12.0,4.0,15.0,,52.0,25003.0,196.0,0.0
250039334002,6,30,2,9,1,90,10,2,17,6,173,396,,,,3.0,8.0,,36.0,,,4.0,2.0,2.0,,2.0,3.0,2.0,,11.0,47.0,,25003.0,120.0,53.0
250039334003,3,71,2,9,0,5,0,4,1,1,96,371,8.0,,,10.0,43.0,1.0,6.0,2.0,2.0,,,8.0,,,,85.0,,4.0,10.0,34.0,25003.0,213.0,-117.0
250039342001,10,17,10,11,0,84,3,3,12,9,159,251,,6.0,,21.0,2.0,,23.0,,,3.0,3.0,9.0,,,1.0,5.0,4.0,40.0,1.0,27.0,25003.0,145.0,14.0
250039342002,7,8,2,3,0,4,6,2,11,0,43,336,,,,25.0,,,,,,,3.0,15.0,,,,,1.0,3.0,2.0,,25003.0,49.0,-6.0
250039343001,2,1,2,1,0,11,0,0,4,0,21,200,,,,9.0,,14.0,5.0,,,,,2.0,,6.0,,2.0,1.0,,6.0,19.0,25003.0,64.0,-43.0
250039343002,4,42,7,13,3,90,0,5,19,3,186,618,,,,26.0,,3.0,13.0,,1.0,18.0,7.0,7.0,,6.0,,69.0,2.0,67.0,18.0,37.0,25003.0,274.0,-88.0
250039351001,1,0,0,4,0,10,0,0,0,0,15,84,12.0,,,,,,15.0,,,,,,,,,2.0,,15.0,,5.0,25003.0,49.0,-34.0
250039351002,41,136,6,34,12,372,19,5,110,66,801,274,,,,18.0,18.0,,23.0,11.0,2.0,,,2.0,,131.0,35.0,3.0,204.0,27.0,,84.0,25003.0,558.0,243.0
250039351003,16,6,5,2,18,23,4,0,8,1,83,383,15.0,,,14.0,13.0,2.0,,,4.0,,,4.0,,,,6.0,2.0,8.0,,,25003.0,68.0,15.0
250039351004,15,38,0,11,6,7,0,4,38,7,126,258,6.0,,,14.0,,1.0,,14.0,1.0,,,,,6.0,,11.0,,,7.0,,25003.0,60.0,66.0
250039352001,23,111,8,0,0,5,2,4,3,1,157,481,,,,,4.0,,,,,,,,,,,10.0,,1.0,60.0,,25003.0,75.0,82.0
250039352002,32,118,19,2,2,41,8,41,46,64,373,428,,,,42.0,43.0,29.0,66.0,65.0,,11.0,3.0,27.0,14.0,12.0,,88.0,,33.0,22.0,13.0,25003.0,468.0,-95.0
250039352003,15,171,78,0,5,157,26,31,17,2,502,419,,,,13.0,18.0,5.0,130.0,,,30.0,10.0,2.0,,37.0,40.0,141.0,,136.0,9.0,,25003.0,571.0,-69.0
250039352004,8,43,15,1,1,18,4,8,6,2,106,264,,,,,,,,,,1.0,10.0,,,,,1.0,,,,,25003.0,12.0,94.0
250039352005,295,503,78,5,60,1108,571,27,414,223,3284,383,,,15.0,260.0,697.0,112.0,1176.0,117.0,77.0,32.0,14.0,1417.0,9.0,49.0,,51.0,33.0,228.0,43.0,,25003.0,4330.0,-1046.0
250039353001,3,73,0,1,2,82,18,26,2,1,208,450,,,11.0,4.0,,52.0,3.0,,,,,,,2.0,,41.0,151.0,12.0,1.0,,25003.0,277.0,-69.0
250039353002,3,564,0,20,38,25,1,10,15,2,678,611,,,,,,,9.0,,,,,,,,,459.0,,52.0,6.0,,25003.0,526.0,152.0
250039353003,4,207,0,1,0,5,1,1,1,0,220,389,,,,,,,,,,,,26.0,,,,121.0,,,,,25003.0,147.0,73.0
250039353004,26,191,179,178,13,322,22,36,246,33,1246,271,,,,2.0,7.0,88.0,268.0,,70.0,163.0,69.0,37.0,10.0,10.0,275.0,186.0,2.0,309.0,54.0,164.0,25003.0,1714.0,-468.0
250056001001,26,572,8,38,10,25,3,24,21,41,768,839,,,,13.0,,5.0,9.0,,,2.0,,3.0,,1.0,,222.0,,,134.0,190.0,25005.0,579.0,189.0
250056001002,55,183,29,21,8,90,13,27,53,27,506,1078,,,,63.0,,5.0,15.0,1.0,1.0,56.0,,26.0,,9.0,,88.0,,130.0,14.0,7.0,25005.0,415.0,91.0
250056002021,371,308,108,4,201,309,652,91,338,464,2846,1347,2.0,,,640.0,625.0,292.0,230.0,291.0,74.0,59.0,25.0,371.0,,332.0,19.0,146.0,36.0,65.0,268.0,,25005.0,3475.0,-629.0
250056002022,8,22,8,1,1,91,21,28,6,15,201,348,,,,17.0,1.0,1.0,31.0,1.0,,,2.0,4.0,,,,2.0,40.0,9.0,25.0,,25005.0,133.0,68.0
250056002023,52,490,50,8,13,90,15,27,43,103,891,433,,,1.0,32.0,20.0,13.0,33.0,43.0,15.0,19.0,4.0,25.0,,84.0,404.0,63.0,38.0,69.0,24.0,,25005.0,887.0,4.0
250056002031,27,28,16,6,13,35,6,22,32,9,194,680,,,,9.0,,28.0,26.0,1.0,1.0,11.0,2.0,7.0,,6.0,,8.0,,,2.0,,25005.0,101.0,93.0
250056002032,16,10,0,2,3,29,0,12,6,4,82,334,,,,7.0,,,6.0,,,,1.0,11.0,,,,13.0,2.0,23.0,12.0,,25005.0,75.0,7.0
250056002033,131,73,12,9,13,437,52,82,194,55,1058,1542,,,22.0,101.0,18.0,122.0,362.0,2.0,13.0,19.0,17.0,19.0,,29.0,10.0,69.0,22.0,180.0,62.0,11.0,25005.0,1078.0,-20.0
250056002041,42,87,21,2,8,103,9,17,31,9,329,748,,,,15.0,,,40.0,,1.0,17.0,5.0,,,16.0,,9.0,,24.0,15.0,,25005.0,142.0,187.0
250056002042,69,93,102,23,43,72,44,40,27,131,644,915,,,,26.0,10.0,22.0,12.0,21.0,,35.0,3.0,9.0,,2.0,,20.0,,15.0,4.0,,25005.0,179.0,465.0
250056101001,63,230,49,6,64,286,38,27,85,137,985,793,,,,8.0,1.0,63.0,517.0,51.0,1.0,64.0,3.0,67.0,,334.0,,118.0,,179.0,56.0,,25005.0,1462.0,-477.0
250056101002,75,309,50,5,19,248,9,61,85,24,885,1049,,,,9.0,,,153.0,,1.0,19.0,10.0,26.0,,80.0,,39.0,23.0,148.0,75.0,,25005.0,583.0,302.0
250056101003,47,216,57,56,9,86,42,38,123,26,700,663,,,29.0,72.0,5.0,37.0,16.0,3.0,,57.0,1.0,26.0,,5.0,9.0,49.0,,23.0,32.0,148.0,25005.0,512.0,188.0
250056102021,6,21,0,1,97,20,115,8,20,78,366,754,,,,7.0,2.0,,1.0,,,,1.0,13.0,,6.0,,3.0,,,4.0,,25005.0,37.0,329.0
250056102022,10,1,1,14,17,30,113,12,18,171,387,513,,,,41.0,35.0,276.0,37.0,76.0,,1.0,6.0,9.0,,166.0,,6.0,6.0,,2.0,77.0,25005.0,738.0,-351.0
250056102023,8,23,4,7,27,40,69,19,24,16,237,498,,,,1.0,37.0,2.0,17.0,2.0,,1.0,,29.0,,,,15.0,,,41.0,,25005.0,145.0,92.0
250056102024,152,173,57,9,156,1982,814,41,476,2074,5934,403,,,,48.0,1093.0,1741.0,973.0,14.0,200.0,79.0,73.0,902.0,1052.0,15.0,,122.0,101.0,730.0,26.0,,25005.0,7169.0,-1235.0
250056102031,5,9,1,0,16,18,0,2,7,1,59,446,,,,5.0,,7.0,,,1.0,,,12.0,,,,,1.0,,2.0,,25005.0,28.0,31.0
250056102032,21,42,2,3,6,17,1,10,22,5,129,480,,,,2.0,,7.0,5.0,1.0,,,4.0,9.0,,26.0,30.0,3.0,,11.0,8.0,,25005.0,106.0,23.0
250056102033,64,328,2,56,12,68,10,23,45,19,627,1123,,,,7.0,,19.0,8.0,,6.0,,1.0,14.0,,2.0,450.0,183.0,45.0,19.0,9.0,44.0,25005.0,807.0,-180.0
250056102034,16,52,19,5,20,106,6,10,29,58,321,385,,,,34.0,4.0,11.0,,7.0,19.0,,,33.0,,,,24.0,,,10.0,,25005.0,142.0,179.0
250056102041,13,21,0,3,10,39,6,14,13,4,123,671,,,,10.0,,45.0,18.0,,,,,4.0,,,7.0,5.0,,16.0,8.0,,25005.0,113.0,10.0
250056102042,18,38,8,1,9,17,1,10,35,17,154,770,,,,7.0,,,,,1.0,1.0,4.0,12.0,,9.0,,37.0,,,5.0,,25005.0,76.0,78.0
250056102043,26,336,15,16,8,328,147,11,37,93,1017,761,,,32.0,63.0,119.0,91.0,97.0,24.0,20.0,,17.0,7.0,206.0,2.0,38.0,153.0,7.0,,38.0,36.0,25005.0,950.0,67.0
250056111011,39,119,44,3,61,90,39,49,46,89,579,1203,11.0,,,28.0,,8.0,3.0,1.0,2.0,,,57.0,220.0,7.0,21.0,61.0,42.0,65.0,12.0,,25005.0,538.0,41.0
250056111012,238,78,3,27,101,46,113,33,37,657,1333,797,79.0,,,62.0,83.0,611.0,19.0,1.0,58.0,,40.0,37.0,,189.0,1.0,95.0,5.0,106.0,7.0,,25005.0,1393.0,-60.0
250056111021,24,756,19,123,65,95,15,46,60,47,1250,564,,,24.0,59.0,,,80.0,,20.0,1.0,,12.0,,202.0,648.0,168.0,13.0,86.0,18.0,192.0,25005.0,1523.0,-273.0
250056111022,27,349,6,13,31,34,66,41,36,13,616,871,,,,58.0,65.0,21.0,47.0,,11.0,7.0,1.0,9.0,,2.0,237.0,46.0,,85.0,21.0,1.0,25005.0,611.0,5.0
250056112011,12,46,5,0,2,85,143,22,43,47,405,329,,,,49.0,178.0,,7.0,5.0,,26.0,,32.0,,2.0,,4.0,27.0,39.0,51.0,,25005.0,420.0,-15.0
250056112012,288,20,6,8,16,22,85,26,62,46,579,808,,,,19.0,116.0,28.0,,3.0,,,,,,27.0,1.0,43.0,2.0,,3.0,,25005.0,242.0,337.0
250056112021,19,211,12,29,6,127,34,28,62,11,539,965,,,,31.0,29.0,9.0,33.0,1.0,,8.0,,29.0,,12.0,12.0,101.0,28.0,,10.0,,25005.0,303.0,236.0
250056112022,14,26,1,2,0,26,2,13,8,6,98,683,,,,3.0,6.0,,,26.0,,,,3.0,,,,20.0,,,,,25005.0,58.0,40.0
250056112023,43,386,32,1,0,438,30,39,68,34,1071,729,,,,9.0,71.0,144.0,173.0,16.0,,19.0,3.0,38.0,387.0,22.0,9.0,153.0,86.0,213.0,42.0,,25005.0,1385.0,-314.0
250056121001,33,132,7,9,3,416,11,27,36,26,700,541,,,14.0,27.0,6.0,15.0,408.0,,5.0,14.0,13.0,23.0,41.0,22.0,,55.0,1.0,158.0,27.0,,25005.0,829.0,-129.0
250056121002,18,45,14,13,2,174,15,28,22,19,350,978,,,,21.0,2.0,3.0,23.0,,,2.0,3.0,7.0,,6.0,,17.0,,63.0,6.0,3.0,25005.0,156.0,194.0
250056121003,169,173,12,2,1,826,47,40,39,48,1357,442,2.0,,,162.0,119.0,101.0,8.0,1.0,,,2.0,,,,,11.0,8.0,50.0,6.0,,25005.0,470.0,887.0
250056122001,13,169,6,3,4,25,1,17,12,14,264,928,,,,19.0,,,7.0,,4.0,,,2.0,,5.0,190.0,5.0,,,,,25005.0,232.0,32.0
250056122002,9,44,6,52,5,42,3,13,9,10,193,503,,,21.0,23.0,10.0,,25.0,3.0,,9.0,1.0,3.0,4.0,,,14.0,,,,128.0,25005.0,241.0,-48.0
250056122003,63,186,11,7,7,349,8,51,2398,55,3135,1428,7.0,,,62.0,15.0,16.0,875.0,20.0,,14.0,13.0,6.0,,42.0,15.0,42.0,25.0,179.0,41.0,,25005.0,1372.0,1763.0
250056122004,114,471,92,7,39,971,140,65,198,288,2385,1008,28.0,,12.0,191.0,1214.0,852.0,1026.0,254.0,24.0,272.0,33.0,250.0,128.0,570.0,,474.0,22.0,617.0,101.0,,25005.0,6068.0,-3683.0
250056131001,29,12,22,0,12,68,2,31,39,126,341,763,,,,61.0,,8.0,116.0,54.0,,1.0,14.0,7.0,,20.0,,68.0,23.0,36.0,8.0,,25005.0,416.0,-75.0
250056131002,32,7,3,15,12,122,13,8,14,34,260,819,,,,14.0,5.0,6.0,6.0,,,,,,,3.0,,16.0,,124.0,,,25005.0,174.0,86.0
250056131003,124,199,19,140,31,616,1261,81,1047,2963,6481,770,,,,137.0,898.0,2450.0,201.0,151.0,692.0,11.0,103.0,786.0,,147.0,,126.0,,150.0,32.0,37.0,25005.0,5921.0,560.0
250056131004,12,105,129,5,2,176,31,9,14,62,545,505,,,,5.0,,1.0,112.0,,,3.0,,6.0,,,,92.0,,37.0,6.0,,25005.0,262.0,283.0
250056133001,8,141,4,1,15,7,6,11,16,213,422,666,,,,6.0,,4.0,8.0,333.0,,,1.0,4.0,,,,1.0,,,13.0,,25005.0,370.0,52.0
250056133002,5,254,1,7,17,37,3,15,29,31,399,771,,,,3.0,1.0,,9.0,,1.0,2.0,,1.0,,16.0,,145.0,,13.0,6.0,,25005.0,197.0,202.0
250056133003,23,72,4,2,7,45,24,19,72,36,304,649,,,,104.0,90.0,130.0,4.0,,,3.0,,18.0,,14.0,,5.0,,,,,25005.0,368.0,-64.0
250056133004,3,18,2,3,3,5,0,3,11,7,55,598,,,,14.0,,,1.0,6.0,,1.0,,2.0,,5.0,,3.0,,3.0,2.0,,25005.0,37.0,18.0
250056134001,196,89,2,3,8,98,26,19,51,36,528,823,,,,236.0,41.0,69.0,29.0,,,,4.0,6.0,,18.0,,39.0,43.0,106.0,7.0,,25005.0,598.0,-70.0
250056134002,13,12,27,1,12,323,59,25,43,18,533,719,,,,5.0,5.0,,118.0,4.0,,10.0,6.0,24.0,,,5.0,22.0,,191.0,17.0,,25005.0,407.0,126.0
250056136001,9,25,5,0,5,45,2,42,46,16,195,956,,,,,,,22.0,1.0,,7.0,,,,,,32.0,,11.0,29.0,,25005.0,102.0,93.0
250056136002,28,619,21,29,8,82,6,18,32,89,932,735,,,,24.0,,3.0,25.0,,,193.0,6.0,7.0,,,133.0,355.0,,126.0,55.0,166.0,25005.0,1093.0,-161.0
250056137001,183,391,118,11,56,197,16,44,99,123,1238,1204,,,3.0,148.0,1.0,13.0,308.0,1.0,,76.0,11.0,124.0,31.0,25.0,,258.0,20.0,120.0,24.0,7.0,25005.0,1170.0,68.0
250056137002,41,228,109,47,6,28,0,7,47,20,533,988,,,,,,,37.0,,,55.0,,32.0,,2.0,,53.0,2.0,,18.0,,25005.0,199.0,334.0
250056138001,6,394,22,25,45,203,72,25,44,30,866,321,,,,10.0,6.0,,211.0,215.0,42.0,43.0,24.0,44.0,,92.0,,289.0,12.0,67.0,138.0,85.0,25005.0,1278.0,-412.0
250056138002,65,240,29,1084,24,159,7,75,124,22,1829,895,,,,35.0,,,98.0,,64.0,44.0,4.0,27.0,,26.0,8.0,366.0,1.0,59.0,68.0,546.0,25005.0,1346.0,483.0
250056138003,2,1331,11,11,1,14,2,10,26,15,1423,474,,,,5.0,,,,,,2.0,2.0,12.0,,,5.0,1068.0,,5.0,58.0,22.0,25005.0,1179.0,244.0
250056138004,27,256,51,135,144,80,2,47,83,173,998,731,,,,25.0,,5.0,48.0,2.0,6.0,32.0,9.0,23.0,,169.0,,156.0,,85.0,143.0,258.0,25005.0,961.0,37.0
250056139011,11,60,3,0,4,6,0,8,8,3,103,585,,,,,,,4.0,,,,,,,,24.0,106.0,,,2.0,,25005.0,136.0,-33.0
250056139012,19,37,6,20,1,15,0,10,17,23,148,756,,,,2.0,,,,,,,,5.0,,,,16.0,,,,,25005.0,23.0,125.0
250056139021,7,9,3,2,5,9,164,11,14,15,239,530,,,,,201.0,,146.0,23.0,,,5.0,,,7.0,,6.0,2.0,4.0,,,25005.0,394.0,-155.0
250056139022,20,58,5,14,12,31,55,28,19,25,267,840,,,26.0,52.0,97.0,34.0,6.0,2.0,,,8.0,6.0,,6.0,3.0,19.0,21.0,,36.0,,25005.0,316.0,-49.0
250056139023,8,21,1,1,6,14,6,14,22,9,102,564,,,235.0,12.0,38.0,,7.0,,,,,,,6.0,,42.0,,34.0,,,25005.0,374.0,-272.0
250056140001,42,57,14,39,7,48,25,21,37,31,321,882,,,,239.0,56.0,6.0,2.0,15.0,,,3.0,11.0,,5.0,2.0,96.0,,66.0,22.0,191.0,25005.0,714.0,-393.0
250056140002,16,25,0,25,7,30,0,17,54,8,182,1034,,,,6.0,6.0,,3.0,11.0,,,,,,,,26.0,,,5.0,,25005.0,57.0,125.0
250056141011,25,416,0,18,16,49,2,57,26,19,628,1119,,,,8.0,,2.0,16.0,1.0,,,,8.0,15.0,,569.0,134.0,70.0,15.0,18.0,,25005.0,856.0,-228.0
250056141012,8,56,13,2,11,104,1,9,46,6,256,790,,,,,31.0,,124.0,,,3.0,,29.0,,,,92.0,,15.0,3.0,6.0,25005.0,303.0,-47.0
250056141013,58,349,13,6,4,694,298,22,69,69,1582,956,,,,466.0,115.0,,559.0,10.0,222.0,15.0,113.0,13.0,15.0,7.0,240.0,140.0,,365.0,1.0,,25005.0,2281.0,-699.0
250056141021,22,216,5,2,2,60,3,47,17,24,398,970,,,,4.0,,,15.0,1.0,,,9.0,4.0,,3.0,,24.0,,15.0,13.0,,25005.0,88.0,310.0
250056141022,94,710,90,6,30,936,139,31,135,97,2268,1041,,,,17.0,91.0,49.0,470.0,547.0,49.0,,5.0,16.0,,24.0,,17.0,96.0,113.0,60.0,6.0,25005.0,1560.0,708.0
250056141023,67,117,6,3,8,63,12,10,39,88,413,884,6.0,,,87.0,,49.0,31.0,,,,,,1.0,34.0,,23.0,,3.0,9.0,,25005.0,243.0,170.0
250056151001,4,23,6,1,3,9,13,11,8,42,120,462,,,,16.0,121.0,14.0,4.0,28.0,,9.0,,7.0,,6.0,,4.0,,,,2.0,25005.0,211.0,-91.0
250056151002,11,135,3,2,0,18,0,24,42,1,236,548,,,,17.0,27.0,2.0,9.0,,,,,5.0,,,198.0,15.0,,38.0,6.0,,25005.0,317.0,-81.0
250056151003,8,240,7,54,6,48,104,23,18,62,570,592,,,37.0,6.0,65.0,4.0,6.0,,,16.0,4.0,18.0,20.0,,195.0,197.0,,20.0,,94.0,25005.0,682.0,-112.0
250056151004,23,19,0,0,3,15,3,9,5,337,414,374,17.0,,12.0,18.0,3.0,269.0,11.0,1.0,,,,23.0,,17.0,,3.0,,,5.0,5.0,25005.0,384.0,30.0
250056151005,32,27,3,8,6,102,1,25,7,22,233,920,,,,40.0,6.0,,15.0,1.0,7.0,,1.0,3.0,,10.0,,15.0,7.0,38.0,8.0,7.0,25005.0,158.0,75.0
250056161001,30,48,14,22,14,81,45,27,53,11,345,839,1.0,,,41.0,18.0,18.0,83.0,,,,,15.0,,37.0,3.0,50.0,,55.0,3.0,,25005.0,324.0,21.0
250056161002,29,126,2,53,43,33,9,30,13,42,380,1025,,,,75.0,5.0,,4.0,2.0,7.0,,,7.0,,1.0,117.0,21.0,7.0,30.0,3.0,77.0,25005.0,356.0,24.0
250056161003,21,16,3,4,6,20,4,8,22,6,110,630,,,,18.0,,,,,,,2.0,8.0,,,,3.0,,1.0,4.0,,25005.0,36.0,74.0
250056171011,137,34,20,7,6,81,50,27,24,32,418,520,,,,109.0,,,,,,3.0,,1.0,,,509.0,12.0,,41.0,2.0,,25005.0,677.0,-259.0
250056171012,4,25,4,2,3,11,1,5,6,10,71,290,,,,10.0,,10.0,,,,,1.0,,,8.0,,4.0,,,,33.0,25005.0,66.0,5.0
250056171013,67,38,29,7,12,217,303,72,48,240,1033,453,,,,62.0,100.0,15.0,27.0,1650.0,,7.0,1.0,9.0,12.0,21.0,,21.0,,72.0,12.0,,25005.0,2009.0,-976.0
250056171014,89,29,19,35,24,61,63,24,51,17,412,664,,,,64.0,14.0,,20.0,,4.0,4.0,2.0,9.0,,2.0,,21.0,2.0,11.0,8.0,19.0,25005.0,180.0,232.0
250056171015,0,0,0,0,0,0,0,2,2,1,5,2,,,,,,,,,,,,,,,,,,,,,,0.0,5.0
250056171021,189,179,68,78,13,49,148,34,106,109,973,704,4.0,8.0,,68.0,297.0,66.0,14.0,6.0,,2.0,2.0,,,27.0,101.0,40.0,,4.0,12.0,,25005.0,651.0,322.0
250056171022,93,443,28,15,12,498,44,79,55,39,1306,941,,5.0,3.0,103.0,42.0,3.0,68.0,32.0,,,,21.0,3.0,30.0,152.0,33.0,2.0,62.0,30.0,22.0,25005.0,611.0,695.0
250056301011,57,81,4,18,4,32,18,11,15,10,250,391,,,,7.0,36.0,,4.0,1.0,,,3.0,4.0,,,,3.0,,42.0,9.0,,25005.0,109.0,141.0
250056301012,22,45,17,2,13,22,0,16,37,9,183,911,,,,16.0,,,12.0,,29.0,21.0,3.0,17.0,,,,14.0,,,11.0,,25005.0,123.0,60.0
250056301021,5,36,8,5,1,6,21,10,25,2,119,493,,,,,30.0,,4.0,,,,4.0,10.0,,,,12.0,,70.0,21.0,,25005.0,151.0,-32.0
250056301022,22,58,64,99,9,119,137,79,71,176,834,594,,,,58.0,38.0,12.0,86.0,3.0,11.0,10.0,34.0,28.0,,3.0,,15.0,,86.0,55.0,101.0,25005.0,540.0,294.0
250056301023,12,32,5,1,3,36,2,14,29,8,142,529,,,,9.0,,1.0,23.0,30.0,,,2.0,9.0,,,,14.0,,11.0,17.0,,25005.0,116.0,26.0
250056301024,9,77,40,105,32,108,3,127,29,6,536,465,,,,25.0,1.0,21.0,26.0,8.0,2.0,39.0,27.0,136.0,,1.0,20.0,347.0,,150.0,43.0,104.0,25005.0,950.0,-414.0
250056302001,9,41,1,4,3,40,77,5,17,57,254,378,,,,49.0,51.0,28.0,107.0,,,1.0,2.0,6.0,5.0,52.0,,7.0,,20.0,19.0,6.0,25005.0,353.0,-99.0
250056302002,16,4,2,1,5,8,7,5,23,7,78,692,,,,54.0,,1.0,8.0,,,1.0,,,,8.0,,3.0,6.0,5.0,1.0,,25005.0,87.0,-9.0
250056302003,58,37,2,2,2,160,401,11,80,47,800,314,,,,46.0,252.0,41.0,43.0,28.0,,16.0,,31.0,,31.0,10.0,,69.0,97.0,15.0,,25005.0,679.0,121.0
250056302004,6,2,0,1,2,15,2,7,7,3,45,344,,,59.0,,,,,4.0,,,,,,,,,,,,,25005.0,63.0,-18.0
250056302005,168,627,69,39,4,114,583,12,184,132,1932,1153,,,54.0,120.0,940.0,197.0,133.0,122.0,4.0,14.0,71.0,69.0,,92.0,668.0,217.0,4.0,72.0,640.0,,25005.0,3417.0,-1485.0
250056303001,9,56,3,2,0,84,2,5,11,15,187,873,,,,5.0,,8.0,63.0,2.0,,1.0,,,,11.0,,23.0,13.0,,,,25005.0,126.0,61.0
250056303002,37,116,15,3,12,300,5,38,33,10,569,1642,,,,41.0,5.0,10.0,1254.0,,104.0,25.0,10.0,6.0,,19.0,,44.0,37.0,181.0,42.0,,25005.0,1778.0,-1209.0
250056303003,14,138,9,22,2,25,0,10,21,7,248,622,,,,40.0,31.0,,19.0,,,8.0,9.0,7.0,,4.0,3.0,16.0,100.0,18.0,12.0,140.0,25005.0,407.0,-159.0
250056303004,11,113,5,2,0,25,137,16,7,6,322,548,,,,9.0,76.0,1.0,,19.0,,,,11.0,,,,2.0,7.0,8.0,12.0,,25005.0,145.0,177.0
250056304001,37,595,2,0,55,2030,4,45,32,53,2853,597,,,,22.0,3.0,,1615.0,,60.0,,10.0,25.0,,13.0,,19.0,22.0,313.0,39.0,,25005.0,2141.0,712.0
250056304002,20,47,4,0,1,30,3,4,25,21,155,569,,,,11.0,,5.0,110.0,,,,,15.0,,7.0,,25.0,4.0,,10.0,,25005.0,187.0,-32.0
250056304003,36,57,7,3,12,348,1,21,29,31,545,909,,,,3.0,,,550.0,1.0,,58.0,16.0,20.0,,,,33.0,25.0,174.0,63.0,,25005.0,943.0,-398.0
250056311001,18,551,6,2,0,350,8,24,20,51,1030,414,,,,9.0,,14.0,436.0,,,,,3.0,,,,36.0,5.0,150.0,12.0,,25005.0,665.0,365.0
250056311002,10,286,1,0,0,181,2,7,10,11,508,251,,,,3.0,,,125.0,,,1.0,,1.0,,2.0,,68.0,,186.0,7.0,,25005.0,393.0,115.0
250056311003,35,637,7,3,10,463,193,40,48,174,1610,828,,,,6.0,33.0,407.0,238.0,25.0,9.0,6.0,,,,19.0,,4.0,,227.0,33.0,,25005.0,1007.0,603.0
250056311004,19,156,2,0,0,116,3,10,25,17,348,519,,,,45.0,,1.0,100.0,2.0,,12.0,,9.0,,5.0,,10.0,,33.0,4.0,,25005.0,221.0,127.0
250056311005,23,462,0,0,9,432,35,27,24,5,1017,589,,,,12.0,,3.0,627.0,,1.0,3.0,2.0,16.0,,45.0,6.0,443.0,,388.0,39.0,,25005.0,1585.0,-568.0
250056311006,3,100,1,0,0,42,0,4,4,3,157,496,,,,8.0,,,,,,,,,,,,53.0,,,,,25005.0,61.0,96.0
250056311007,7,138,1,3,2,39,101,4,22,24,341,508,,,,24.0,90.0,2.0,,,,,,1.0,,2.0,,2.0,,,1.0,,25005.0,122.0,219.0
250056312001,20,281,21,7,5,69,34,9,29,51,526,493,19.0,,13.0,2.0,16.0,3.0,,6.0,6.0,,1.0,8.0,4.0,9.0,894.0,101.0,22.0,82.0,19.0,,25005.0,1205.0,-679.0
250056312002,10,95,3,2,5,32,4,2,18,5,176,339,,,,,,,,,,,,,,11.0,,10.0,,,,,25005.0,21.0,155.0
250056312003,8,56,1,13,2,23,8,11,34,2,158,673,,,,1.0,3.0,,45.0,,,2.0,,6.0,,,4.0,33.0,,,3.0,22.0,25005.0,119.0,39.0
250056312004,7,111,1,13,1,51,3,23,9,21,240,560,,,,10.0,19.0,,1.0,,,,,3.0,,,1.0,2.0,9.0,8.0,10.0,,25005.0,63.0,177.0
250056312005,112,78,7,0,5,195,537,12,39,89,1074,759,,,,175.0,709.0,62.0,5.0,,1.0,,,28.0,20.0,22.0,4.0,49.0,13.0,219.0,22.0,,25005.0,1329.0,-255.0
250056313001,12,92,4,1,2,6,1,14,45,9,186,609,,,,5.0,,6.0,,1.0,,2.0,,2.0,,10.0,,66.0,,,5.0,,25005.0,97.0,89.0
250056313002,85,176,5,4,7,22,66,48,44,64,521,757,,,,111.0,145.0,1.0,,,,,3.0,9.0,,44.0,6.0,59.0,2.0,12.0,18.0,,25005.0,410.0,111.0
250056313003,28,249,9,6,3,68,33,10,236,21,663,811,,,,26.0,7.0,3.0,31.0,,,9.0,2.0,58.0,,245.0,,132.0,,59.0,12.0,1.0,25005.0,585.0,78.0
250056314001,32,802,4,176,0,121,120,29,52,38,1374,688,,,,85.0,93.0,24.0,104.0,11.0,10.0,24.0,4.0,19.0,16.0,32.0,4.0,575.0,147.0,153.0,18.0,369.0,25005.0,1688.0,-314.0
250056314002,45,419,10,70,71,88,13,25,70,19,830,717,,,,119.0,58.0,25.0,108.0,,142.0,37.0,1.0,64.0,11.0,1.0,24.0,241.0,4.0,67.0,135.0,27.0,25005.0,1064.0,-234.0
250056315001,26,180,6,9,3,79,143,27,57,31,561,907,,,,3.0,144.0,36.0,50.0,,3.0,7.0,,19.0,,,1.0,71.0,18.0,99.0,7.0,,25005.0,458.0,103.0
250056315002,8,14,0,0,3,8,2,9,13,12,69,403,,,,4.0,,,3.0,,,,,,,,,2.0,,1.0,,,25005.0,10.0,59.0
250056316001,45,1430,1,2,5,10,355,15,166,8,2037,606,,,,32.0,709.0,1.0,,,,7.0,11.0,6.0,34.0,9.0,9.0,1468.0,,,4.0,,25005.0,2290.0,-253.0
250056316002,27,185,0,1,4,19,149,12,56,31,484,418,,,,58.0,127.0,37.0,,3.0,,,9.0,1.0,62.0,4.0,,8.0,6.0,13.0,9.0,,25005.0,337.0,147.0
250056316003,18,218,7,3,8,136,2,15,57,11,475,633,,,,11.0,,1.0,87.0,10.0,2.0,,4.0,1.0,,9.0,,19.0,,34.0,8.0,,25005.0,186.0,289.0
250056317001,26,341,42,4,13,202,2013,11,348,114,3114,490,1.0,,,5.0,1490.0,61.0,255.0,2.0,,49.0,21.0,15.0,,91.0,13.0,1017.0,,110.0,76.0,,25005.0,3206.0,-92.0
250056317002,5,71,5,5,8,32,12,2,79,15,234,669,,,,10.0,6.0,,5.0,,,,3.0,8.0,,5.0,,150.0,,82.0,7.0,,25005.0,276.0,-42.0
250056317003,14,32,3,2,7,15,6,4,24,12,119,651,4.0,,,10.0,,2.0,1.0,14.0,,,12.0,1.0,,44.0,,44.0,,,1.0,,25005.0,133.0,-14.0
250056317004,4,20,0,1,2,19,11,2,15,6,80,573,,,,6.0,,3.0,18.0,,,,2.0,2.0,,,,9.0,,,,,25005.0,40.0,40.0
250056318001,10,207,10,17,1,55,0,39,39,32,410,1192,,,,35.0,,22.0,11.0,,,,16.0,2.0,,,,254.0,,67.0,8.0,,25005.0,415.0,-5.0
250056318002,1,5,0,1,3,8,1,2,7,24,52,420,,,,6.0,,1.0,,4.0,,,,2.0,,15.0,,6.0,,,,,25005.0,34.0,18.0
250056318003,26,19,15,3,7,10,11,9,13,30,143,945,,,,82.0,4.0,,4.0,,,,,1.0,,1.0,,3.0,,,1.0,,25005.0,96.0,47.0
250056318004,5,40,1,0,9,23,77,60,12,784,1011,576,,,,10.0,37.0,,59.0,,,,,15.0,,,40.0,55.0,,,36.0,,25005.0,252.0,759.0
250056321001,16,14,25,0,9,134,3,14,6,25,246,442,,,,40.0,,1.0,4.0,1.0,,,,3.0,,11.0,11.0,,31.0,,1.0,,25005.0,103.0,143.0
250056321002,6,30,5,0,0,10,10,4,10,18,93,461,,,,4.0,,,10.0,,,,,20.0,,2.0,38.0,53.0,,8.0,1.0,,25005.0,136.0,-43.0
250056321003,38,12,2,1,1,56,25,23,30,38,226,318,,,,252.0,31.0,16.0,34.0,4.0,,,5.0,8.0,,31.0,,15.0,,18.0,18.0,,25005.0,432.0,-206.0
250056321004,5,40,4,0,1,143,12,15,16,63,299,281,8.0,,,5.0,36.0,59.0,149.0,14.0,,18.0,4.0,2.0,,14.0,10.0,18.0,,44.0,,,25005.0,381.0,-82.0
250056321005,4,102,7,13,20,29,29,8,15,37,266,361,,,13.0,2.0,47.0,,,116.0,37.0,,1.0,1.0,,,291.0,2.0,,,,,25005.0,510.0,-244.0
250056321006,16,158,0,26,1,126,0,24,18,9,379,640,,,,17.0,,6.0,,1.0,,,,57.0,,5.0,,9.0,,16.0,2.0,,25005.0,113.0,266.0
250056322001,46,86,15,19,1,525,12,33,21,52,811,589,,,,15.0,8.0,,395.0,,3.0,11.0,,29.0,,13.0,23.0,19.0,19.0,252.0,22.0,,25005.0,809.0,2.0
250056322002,62,141,10,166,4,34,6,25,20,12,480,700,,,,37.0,,4.0,9.0,3.0,,10.0,,8.0,,8.0,2.0,58.0,4.0,5.0,98.0,219.0,25005.0,465.0,15.0
250056322003,19,103,6,0,3,104,5,12,22,15,289,774,,,,1.0,15.0,,13.0,4.0,,3.0,,,,7.0,,26.0,,2.0,4.0,,25005.0,75.0,214.0
250056322004,149,437,62,12,67,2453,106,110,103,462,3961,486,27.0,,,244.0,83.0,108.0,2177.0,356.0,33.0,99.0,17.0,45.0,13.0,321.0,61.0,66.0,85.0,1083.0,140.0,,25005.0,4958.0,-997.0
250056322005,12,111,2,0,0,57,0,6,12,3,203,660,,,,9.0,,,24.0,3.0,,1.0,108.0,2.0,,9.0,,15.0,,10.0,,3.0,25005.0,184.0,19.0
250056331001,32,222,21,24,17,90,8,40,37,43,534,976,11.0,,,85.0,14.0,,44.0,4.0,4.0,16.0,,37.0,,42.0,187.0,50.0,25.0,14.0,13.0,88.0,25005.0,634.0,-100.0
250056331002,52,72,7,18,4,101,11,50,42,18,375,1213,3.0,,,53.0,16.0,3.0,47.0,3.0,,,1.0,11.0,,29.0,11.0,7.0,2.0,63.0,21.0,29.0,25005.0,299.0,76.0
250056332001,47,129,14,11,10,172,27,39,39,39,527,1365,1.0,,,28.0,,18.0,35.0,9.0,,3.0,3.0,6.0,,24.0,5.0,73.0,2.0,35.0,30.0,,25005.0,272.0,255.0
250056332002,19,18,24,7,8,114,9,42,11,94,346,632,4.0,,,39.0,,55.0,2.0,4.0,17.0,7.0,,4.0,,15.0,,5.0,45.0,51.0,21.0,,25005.0,269.0,77.0
250056332003,39,57,14,3,1,189,8,37,16,97,461,530,,,,11.0,58.0,20.0,39.0,9.0,,1.0,3.0,8.0,,3.0,,1.0,3.0,4.0,40.0,,25005.0,200.0,261.0
250056401001,3,97,15,1,6,47,15,16,6,19,225,468,,,,,5.0,9.0,23.0,,,17.0,,,4.0,55.0,,10.0,,60.0,5.0,,25005.0,188.0,37.0
250056401002,22,82,8,0,4,27,1,7,16,0,167,378,,,,30.0,,,12.0,,,13.0,3.0,,,,,67.0,,25.0,15.0,,25005.0,165.0,2.0
250056401003,16,192,14,0,9,106,1,21,12,17,388,269,,,,12.0,4.0,3.0,144.0,,,,16.0,,,44.0,4.0,29.0,,67.0,17.0,,25005.0,340.0,48.0
250056401004,34,437,20,14,43,693,5,37,75,48,1406,516,,,,,1.0,,796.0,,9.0,20.0,5.0,1.0,,,,56.0,,215.0,24.0,,25005.0,1127.0,279.0
250056401005,15,283,2,0,7,55,55,12,28,21,478,642,,,,4.0,1.0,,25.0,,,,,3.0,,,2.0,22.0,,16.0,,,25005.0,73.0,405.0
250056402001,10,212,2,2,0,134,7,10,18,9,404,485,,,,2.0,3.0,,32.0,,,,1.0,6.0,,,50.0,36.0,,,8.0,,25005.0,138.0,266.0
250056402002,10,164,2,0,0,7,0,28,7,10,228,330,,,,4.0,,,53.0,,,4.0,,,,,,2.0,,61.0,6.0,,25005.0,130.0,98.0
250056402003,14,183,26,0,2,40,6,15,16,32,334,564,,,,19.0,4.0,,28.0,,,,1.0,,,,,11.0,,30.0,3.0,,25005.0,96.0,238.0
250056402004,21,491,2,19,1,91,132,12,21,55,845,947,,,,24.0,80.0,8.0,31.0,,,,,,,13.0,,279.0,,82.0,11.0,,25005.0,528.0,317.0
250056402005,10,140,0,1,3,54,9,9,31,26,283,688,,,,13.0,,,37.0,,,,,,,19.0,,17.0,,11.0,,,25005.0,97.0,186.0
250056403001,6,171,19,0,0,14,418,18,16,24,686,658,,,,35.0,427.0,,9.0,,,12.0,5.0,,,,,179.0,,2.0,57.0,,25005.0,726.0,-40.0
250056403002,3,196,4,0,0,14,2,4,7,8,238,432,,,,6.0,,,2.0,1.0,,,,,,3.0,191.0,26.0,,10.0,1.0,,25005.0,240.0,-2.0
250056403003,4,105,7,61,4,18,1,10,16,3,229,553,,,52.0,,,,9.0,,,,8.0,,,,,9.0,,,16.0,,25005.0,94.0,135.0
250056404001,3,70,25,0,4,53,28,1,5,2,191,324,,,,,16.0,9.0,34.0,,,103.0,,1.0,,,,16.0,,32.0,2.0,,25005.0,213.0,-22.0
250056404002,13,126,0,0,1,52,2,13,29,3,239,463,,,,,,,22.0,,,,,4.0,,,,5.0,,59.0,2.0,,25005.0,92.0,147.0
250056404003,21,115,0,0,0,34,13,6,23,45,257,509,,,76.0,30.0,,22.0,1.0,,,,,19.0,,,,11.0,,2.0,,,25005.0,161.0,96.0
250056405001,4,80,5,0,0,29,0,10,8,11,147,428,,,,5.0,,,14.0,,,,,,,,,11.0,,,3.0,,25005.0,33.0,114.0
250056405002,4,1191,0,0,4,8,9,10,15,5,1246,370,,,,18.0,,,,,,,,,,1.0,,1759.0,,4.0,7.0,,25005.0,1789.0,-543.0
250056405003,6,164,8,0,0,33,3,11,7,22,254,414,,,,,,,32.0,,,,,14.0,,,,153.0,,43.0,9.0,,25005.0,251.0,3.0
250056405004,12,268,3,2,0,37,627,23,58,15,1045,523,,,,15.0,217.0,3.0,35.0,5.0,,,3.0,21.0,,1.0,,16.0,1.0,,12.0,,25005.0,329.0,716.0
250056405005,15,223,7,0,0,16,9,11,12,5,298,831,,,,,,,10.0,,,21.0,,,52.0,,,159.0,,,4.0,,25005.0,246.0,52.0
250056406001,5,73,0,0,1,9,0,2,4,2,96,466,,,,,,,5.0,,,,,,,,,14.0,,,,,25005.0,19.0,77.0
250056406002,11,279,1,1,1,15,10,13,25,11,367,450,,,,1.0,2.0,5.0,,16.0,,7.0,,,,,,28.0,,12.0,19.0,,25005.0,90.0,277.0
250056406003,12,132,0,0,2,78,0,4,24,3,255,688,,,,,14.0,,,,,,,,,,,155.0,,29.0,,,25005.0,198.0,57.0
250056406004,1,84,0,1,0,11,3,12,3,8,123,440,,,,8.0,,,17.0,,,,,,,,,9.0,,,11.0,,25005.0,45.0,78.0
250056407001,11,88,16,0,10,128,5,24,19,11,312,640,,,,2.0,,,124.0,,,5.0,,,,,,10.0,,8.0,12.0,,25005.0,161.0,151.0
250056407002,4,62,15,0,1,10,1,3,7,6,109,356,,,,5.0,,,8.0,,,,1.0,,,,,13.0,,,,,25005.0,27.0,82.0
250056407003,12,113,7,1,1,9,7,9,13,8,180,302,,,,4.0,,,4.0,,,,,,,,,24.0,,,,,25005.0,32.0,148.0
250056408001,95,124,11,3,10,133,42,15,30,70,533,510,,,,8.0,,15.0,141.0,79.0,,3.0,3.0,,10.0,,,26.0,41.0,72.0,2.0,,25005.0,400.0,133.0
250056408002,58,386,9,25,12,312,58,26,71,142,1099,567,,,10.0,9.0,128.0,38.0,20.0,204.0,98.0,3.0,,33.0,10.0,1.0,,583.0,,130.0,16.0,6.0,25005.0,1289.0,-190.0
250056408003,120,522,25,1,8,92,158,25,50,81,1082,620,,,,235.0,354.0,19.0,,47.0,,9.0,,4.0,,7.0,,6.0,,,4.0,,25005.0,685.0,397.0
250056409011,3,93,0,0,2,31,0,0,7,3,139,256,,,,3.0,,,4.0,1.0,,,,,,,,9.0,,,2.0,,25005.0,19.0,120.0
250056409012,7,229,8,0,0,29,0,14,7,9,303,764,,,,,1.0,,,,,,,,,4.0,1.0,70.0,,8.0,10.0,114.0,25005.0,208.0,95.0
250056409013,1,173,0,1,1,7,0,29,17,13,242,554,,,,,,3.0,,16.0,,,,,,,1.0,14.0,,,7.0,,25005.0,41.0,201.0
250056409014,4,225,2,0,0,28,3,4,15,4,285,573,,,,,,,1.0,,,3.0,,,,,,8.0,,34.0,,,25005.0,46.0,239.0
250056409015,4,104,2,0,0,6,0,2,1,7,126,252,,,,,,,,,,,,,,,,6.0,,4.0,,,25005.0,10.0,116.0
250056410001,27,399,26,3,0,70,98,17,37,126,803,512,,,52.0,,91.0,58.0,6.0,29.0,,51.0,11.0,16.0,,,,39.0,61.0,4.0,10.0,,25005.0,428.0,375.0
250056410002,16,285,38,0,2,25,0,26,24,14,430,407,,,,1.0,10.0,,6.0,,,,,,,3.0,5.0,15.0,,15.0,12.0,,25005.0,67.0,363.0
250056410003,14,402,13,0,0,87,37,9,6,6,574,428,,,,4.0,11.0,78.0,41.0,,,8.0,,,,,,2.0,7.0,65.0,8.0,,25005.0,224.0,350.0
250056411011,77,1693,260,218,130,241,108,57,280,243,3307,785,,,,33.0,,23.0,110.0,7.0,115.0,509.0,28.0,175.0,150.0,26.0,16.0,1225.0,10.0,203.0,228.0,103.0,25005.0,2961.0,346.0
250056411012,11,128,10,1,6,24,0,12,62,7,261,425,,,67.0,12.0,2.0,,11.0,,,,5.0,1.0,,,,67.0,,11.0,6.0,,25005.0,182.0,79.0
250056412001,4,31,7,0,0,35,1,11,11,1,101,821,,,,,6.0,8.0,14.0,,,,,,19.0,,,18.0,,7.0,18.0,,25005.0,90.0,11.0
250056412002,189,1484,46,200,62,435,462,45,178,179,3280,687,,,,159.0,415.0,172.0,387.0,,3.0,35.0,62.0,91.0,30.0,460.0,24.0,579.0,49.0,341.0,121.0,37.0,25005.0,2965.0,315.0
250056413001,8,71,9,1,0,0,0,4,0,0,93,315,,,,10.0,,,,,,,,,,,,13.0,,,,,25005.0,23.0,70.0
250056413002,7,119,7,0,0,32,1,7,14,10,197,623,,,,14.0,31.0,,16.0,3.0,,7.0,,,,2.0,,14.0,3.0,15.0,,,25005.0,105.0,92.0
250056413003,2,60,9,0,2,9,0,7,8,2,99,458,,,,,,,6.0,,,,,,,1.0,,18.0,,4.0,1.0,,25005.0,30.0,69.0
250056413004,8,199,13,0,1,215,1,6,9,37,489,520,,,,,10.0,34.0,82.0,,,,4.0,7.0,,1.0,2.0,7.0,,24.0,68.0,,25005.0,239.0,250.0
250056413005,3,106,15,0,2,130,3,16,16,7,298,520,,,,,4.0,,10.0,3.0,,14.0,1.0,2.0,,310.0,1.0,10.0,,10.0,5.0,,25005.0,370.0,-72.0
250056414001,24,81,13,0,1,17,2,5,6,7,156,271,,,,,,,9.0,7.0,,19.0,,,,,,13.0,3.0,3.0,,,25005.0,54.0,102.0
250056414002,8,90,13,2,2,24,8,10,5,6,168,426,,,,1.0,20.0,,27.0,,,13.0,1.0,,,31.0,,21.0,,9.0,11.0,,25005.0,134.0,34.0
250056414003,32,211,9,0,1,73,53,10,16,13,418,595,,,,22.0,80.0,3.0,5.0,,,,,7.0,,1.0,,33.0,,43.0,2.0,,25005.0,196.0,222.0
250056415001,2,80,4,1,1,23,1,4,14,8,138,629,,,,11.0,,,5.0,,1.0,,,,,,,29.0,,13.0,2.0,,25005.0,61.0,77.0
250056415002,16,97,25,0,0,8,0,8,46,7,207,568,,,,23.0,4.0,,1.0,,,31.0,6.0,,,25.0,,36.0,,,1.0,,25005.0,127.0,80.0
250056416001,7,191,8,11,2,13,3,3,21,10,269,477,,,,,,,,,,,,,,,,5.0,,39.0,,1.0,25005.0,45.0,224.0
250056416002,15,119,0,1,1,14,9,14,24,15,212,595,,,,18.0,,8.0,11.0,,485.0,5.0,9.0,112.0,,7.0,,36.0,,37.0,1.0,,25005.0,729.0,-517.0
250056417001,39,278,0,8,5,9,6,6,15,11,377,303,,,,10.0,,,,,,,,1.0,,,231.0,6.0,,,,,25005.0,248.0,129.0
250056417002,8,275,0,0,10,64,16,18,20,7,418,618,,,,,,,22.0,14.0,,,2.0,5.0,,7.0,,124.0,,,4.0,,25005.0,178.0,240.0
250056417003,15,61,7,1,0,9,2,4,8,14,121,414,,,,6.0,,,,,,20.0,3.0,,,,,6.0,,83.0,,,25005.0,118.0,3.0
250056417004,71,1416,20,5,15,44,17,28,116,53,1785,1146,,,,3.0,,1.0,,,,14.0,7.0,8.0,,33.0,,511.0,,7.0,10.0,4.0,25005.0,598.0,1187.0
250056418001,16,216,0,0,0,1,2,20,11,1,267,459,,,,,,,,,,,,,,,,24.0,,,,,25005.0,24.0,243.0
250056418002,41,415,11,0,1,8,17,12,19,9,533,270,,,,23.0,,,,,,,3.0,3.0,,9.0,18.0,2251.0,,7.0,,,25005.0,2314.0,-1781.0
250056418003,5,254,27,8,0,7,0,37,31,0,369,300,,,,,,,,,,5.0,,16.0,,5.0,,65.0,5.0,,61.0,,25005.0,157.0,212.0
250056419001,25,365,1,0,0,13,13,3,16,3,439,488,,,,1.0,1.0,,11.0,,,,,,,,,6.0,,6.0,,,25005.0,25.0,414.0
250056419002,22,363,5,41,12,27,1,16,65,6,558,752,,,,2.0,,,32.0,,2.0,,4.0,48.0,,11.0,,18.0,4.0,,,6.0,25005.0,127.0,431.0
250056420001,43,525,4,1,5,26,34,7,40,12,697,513,,,,,67.0,,2.0,,,8.0,,,,,,9.0,,,6.0,,25005.0,92.0,605.0
250056420002,79,453,33,1,7,119,11,17,24,40,784,453,,,,20.0,17.0,,69.0,,,25.0,,22.0,,,,77.0,,148.0,26.0,,25005.0,404.0,380.0
250056420003,71,799,55,2,21,64,14,39,100,55,1220,874,,,,70.0,,15.0,14.0,1.0,78.0,32.0,,26.0,3.0,117.0,,138.0,,136.0,27.0,8.0,25005.0,665.0,555.0
250056421001,59,287,15,2,8,256,66,9,98,79,879,1458,3.0,,,51.0,47.0,7.0,37.0,16.0,,,,65.0,,3.0,18.0,176.0,51.0,,31.0,,25005.0,505.0,374.0
250056421002,5,147,19,1,3,127,4,12,20,4,342,695,,,,,3.0,101.0,,,,13.0,11.0,,16.0,,,16.0,,23.0,13.0,,25005.0,196.0,146.0
250056421003,7,18,3,1,0,11,5,3,1,10,59,228,,,,,,,,1.0,,,3.0,,,5.0,,2.0,,,2.0,,25005.0,13.0,46.0
250056422001,3,423,33,2,0,8,0,4,5,3,481,295,,,,,,1.0,,,,,,,,,,476.0,,,5.0,,25005.0,482.0,-1.0
250056422002,0,267,6,0,3,2,0,2,20,3,303,418,,,,,,,1.0,2.0,,,5.0,,,15.0,,158.0,,1.0,,,25005.0,182.0,121.0
250056422003,2,204,7,117,0,20,4,3,22,2,381,471,,,,4.0,5.0,,,16.0,,8.0,7.0,6.0,,4.0,,343.0,,7.0,5.0,247.0,25005.0,652.0,-271.0
250056422004,12,319,0,1,1,7,1,9,12,3,365,379,,,,,,,5.0,,,,,,,,,7.0,,22.0,20.0,,25005.0,54.0,311.0
250056423001,18,105,2,3,3,29,7,11,48,12,238,496,,,,2.0,,,,,,,1.0,2.0,,,,100.0,,,16.0,,25005.0,121.0,117.0
250056423002,26,302,3,1,14,32,4,15,44,19,460,464,,,,,,2.0,10.0,12.0,,8.0,14.0,3.0,,,,111.0,,,4.0,,25005.0,164.0,296.0
250056424001,3,1031,6,3,2,30,1,3,22,28,1129,519,,,,3.0,,,12.0,,1.0,,3.0,,,,,785.0,19.0,1.0,,,25005.0,824.0,305.0
250056424002,8,154,3,3,0,8,1,7,10,7,201,360,,,,,,,,,,,,,,,,26.0,,,,,25005.0,26.0,175.0
250056424003,6,132,21,1,1,37,4,11,17,15,245,488,,,,,7.0,11.0,23.0,,,10.0,,,,2.0,,78.0,,21.0,2.0,,25005.0,154.0,91.0
250056425001,39,1475,5,3,10,335,11,22,116,29,2045,778,,,,22.0,,93.0,87.0,,,3.0,23.0,8.0,,696.0,612.0,125.0,,98.0,22.0,,25005.0,1789.0,256.0
250056425002,89,571,9,37,59,394,847,36,645,1287,3974,1480,,,,95.0,2007.0,400.0,192.0,2430.0,43.0,11.0,29.0,362.0,,470.0,,489.0,,205.0,11.0,,25005.0,6744.0,-2770.0
250056441011,9,84,1,9,5,65,0,27,16,24,240,775,,,,,,1.0,4.0,,,,,,,3.0,6.0,20.0,,,,,25005.0,34.0,206.0
250056441012,14,37,14,20,19,54,4,14,74,26,276,674,,,,17.0,,,6.0,,13.0,5.0,,3.0,,1.0,,68.0,42.0,69.0,4.0,25.0,25005.0,253.0,23.0
250056441013,21,81,19,1,8,104,19,72,41,78,444,1144,,,,18.0,7.0,17.0,60.0,,,47.0,1.0,44.0,,5.0,6.0,123.0,,45.0,64.0,,25005.0,437.0,7.0
250056441021,25,188,6,6,4,52,2,23,29,21,356,984,,,22.0,13.0,,,6.0,1.0,,1.0,3.0,4.0,,6.0,462.0,9.0,,28.0,2.0,,25005.0,557.0,-201.0
250056441022,22,54,22,2,15,81,2,15,29,26,268,1055,,,,9.0,6.0,2.0,4.0,,6.0,,18.0,4.0,,2.0,,8.0,21.0,78.0,4.0,,25005.0,162.0,106.0
250056442001,25,199,49,60,2,65,1,48,28,66,543,582,,,,16.0,,,52.0,120.0,,38.0,,21.0,,,,21.0,,53.0,18.0,83.0,25005.0,422.0,121.0
250056442002,2,62,5,3,4,29,0,12,22,5,144,413,,,,2.0,2.0,,16.0,,,48.0,,,,,,31.0,,19.0,,,25005.0,118.0,26.0
250056442003,60,135,27,12,28,437,7,33,45,331,1115,887,,,16.0,27.0,305.0,,224.0,,19.0,7.0,5.0,5.0,,4.0,,41.0,51.0,169.0,28.0,,25005.0,901.0,214.0
250056442004,40,395,4,11,7,126,158,52,79,97,969,526,2.0,,54.0,5.0,194.0,4.0,493.0,2.0,,12.0,,1.0,,40.0,,502.0,49.0,261.0,36.0,,25005.0,1655.0,-686.0
250056442005,5,193,2,0,0,16,2,8,5,9,240,336,,,,9.0,,,5.0,,,,,3.0,,,,226.0,,,,,25005.0,243.0,-3.0
250056442006,5,112,1,0,0,20,4,6,7,5,160,354,,,,7.0,,,2.0,,,,,1.0,,,23.0,5.0,,,,4.0,25005.0,42.0,118.0
250056451011,10,51,5,8,0,51,0,15,8,9,157,290,,,23.0,24.0,,,,,,,1.0,1.0,1.0,1.0,,1.0,,,,,25005.0,52.0,105.0
250056451012,16,110,9,19,1,80,12,42,6,26,321,1125,,,,4.0,12.0,,,,,,,1.0,,1.0,,23.0,4.0,8.0,16.0,19.0,25005.0,88.0,233.0
250056451013,13,62,39,1,0,100,11,48,22,54,350,652,,,,22.0,124.0,,49.0,,1.0,21.0,1.0,30.0,,6.0,,55.0,2.0,34.0,7.0,,25005.0,352.0,-2.0
250056451021,56,328,3,13,13,78,35,33,29,16,604,1265,,,,32.0,10.0,23.0,7.0,13.0,15.0,,,15.0,,35.0,1.0,23.0,2.0,20.0,26.0,24.0,25005.0,246.0,358.0
250056451022,19,253,1,11,7,27,5,22,5,15,365,374,,,,15.0,,,,,2.0,,,,,,,167.0,,,,,25005.0,184.0,181.0
250056451023,38,336,13,26,1,265,5,80,29,21,814,478,,,,31.0,,,30.0,2.0,,10.0,,12.0,,,325.0,165.0,17.0,98.0,5.0,9.0,25005.0,704.0,110.0
250056451031,70,341,61,40,10,448,62,51,59,112,1255,937,18.0,,,119.0,100.0,44.0,342.0,13.0,4.0,5.0,11.0,55.0,,13.0,106.0,348.0,29.0,129.0,7.0,41.0,25005.0,1384.0,-129.0
250056451032,47,172,3,7,2,156,47,37,27,36,534,1036,,,,28.0,10.0,27.0,61.0,10.0,,,,14.0,,41.0,,72.0,5.0,18.0,11.0,,25005.0,297.0,237.0
250056451033,42,376,37,13,60,1111,8,75,32,36,1790,416,,,,29.0,,3.0,1056.0,,36.0,99.0,37.0,73.0,162.0,7.0,7.0,94.0,78.0,312.0,109.0,,25005.0,2102.0,-312.0
250056461011,36,30,12,8,4,175,11,13,14,19,322,440,,,,147.0,3.0,,7.0,3.0,,,,23.0,,11.0,,39.0,25.0,143.0,1.0,,25005.0,402.0,-80.0
250056461012,78,159,62,27,11,181,60,151,66,92,887,1095,5.0,8.0,,167.0,13.0,75.0,156.0,128.0,,36.0,3.0,18.0,4.0,24.0,10.0,30.0,,60.0,63.0,1.0,25005.0,801.0,86.0
250056461013,96,24,6,9,2,41,13,21,17,130,359,510,1.0,,,132.0,24.0,68.0,2.0,118.0,,,4.0,25.0,,6.0,4.0,36.0,,48.0,7.0,,25005.0,475.0,-116.0
250056461014,68,64,24,7,3,45,11,45,34,40,341,933,,,,72.0,,3.0,7.0,1.0,,12.0,2.0,9.0,,,,24.0,,22.0,,,25005.0,152.0,189.0
250056461031,53,189,16,14,17,50,42,29,47,23,480,959,7.0,,,46.0,61.0,2.0,16.0,9.0,14.0,,3.0,21.0,,19.0,1.0,17.0,2.0,11.0,38.0,,25005.0,267.0,213.0
250056461032,34,320,5,5,7,57,8,59,44,18,557,754,1.0,,,39.0,12.0,,35.0,1.0,,,,2.0,,22.0,350.0,20.0,,5.0,16.0,,25005.0,503.0,54.0
250056461033,33,73,14,100,19,115,20,34,45,14,467,473,,,,48.0,,,180.0,2.0,,9.0,5.0,12.0,,6.0,,72.0,10.0,81.0,18.0,176.0,25005.0,619.0,-152.0
250056461041,25,178,3,5,3,115,16,27,21,20,413,378,6.0,,,13.0,48.0,4.0,1.0,,,,,3.0,,6.0,,,,21.0,12.0,,25005.0,114.0,299.0
250056461042,29,245,15,9,4,244,13,63,37,45,704,956,4.0,,,38.0,,5.0,22.0,,,,,9.0,,13.0,,27.0,36.0,47.0,50.0,33.0,25005.0,284.0,420.0
250056501011,25,835,24,2,3,39,5,15,81,17,1046,693,,,,10.0,1.0,,12.0,,,18.0,,2.0,,13.0,8.0,731.0,,41.0,5.0,,25005.0,841.0,205.0
250056501012,24,96,15,0,2,31,0,9,41,5,223,619,,,,1.0,,,4.0,3.0,,10.0,1.0,,,,,28.0,,26.0,7.0,47.0,25005.0,127.0,96.0
250056501013,26,776,254,1,5,129,4,43,62,42,1342,880,,,,106.0,32.0,58.0,77.0,7.0,,25.0,,22.0,,52.0,427.0,356.0,,137.0,19.0,,25005.0,1318.0,24.0
250056501021,72,69,5,1,1,129,3,19,17,5,321,514,,,,108.0,,,113.0,,,12.0,,1.0,,12.0,,161.0,,38.0,5.0,,25005.0,450.0,-129.0
250056501022,2,51,12,1,1,14,0,2,19,2,104,862,,,,,,,,12.0,,,10.0,,,,,12.0,,,,,25005.0,34.0,70.0
250056501023,26,439,5,1,13,194,992,9,109,198,1986,680,,,,31.0,1653.0,207.0,45.0,103.0,,6.0,4.0,3.0,,1.0,,142.0,,11.0,,8.0,25005.0,2214.0,-228.0
250056502011,9,157,7,1,3,54,15,21,32,24,323,529,,,,1.0,,,,,,8.0,17.0,,,,,25.0,,62.0,1.0,,25005.0,114.0,209.0
250056502012,43,74,22,1,49,284,756,42,119,69,1459,532,,,,375.0,941.0,2.0,175.0,8.0,9.0,38.0,1.0,7.0,,6.0,,87.0,,153.0,32.0,,25005.0,1834.0,-375.0
250056502013,43,63,19,54,12,297,12,19,52,458,1029,381,,,126.0,23.0,25.0,38.0,6.0,100.0,28.0,5.0,10.0,4.0,,355.0,8.0,17.0,,19.0,4.0,,25005.0,768.0,261.0
250056502021,42,361,25,26,12,273,135,28,52,88,1042,1092,,,,29.0,72.0,16.0,337.0,,,6.0,14.0,15.0,,,12.0,128.0,35.0,89.0,54.0,,25005.0,807.0,235.0
250056503001,14,72,9,0,4,53,1,8,14,12,187,309,,,,12.0,,,11.0,,,,,11.0,,2.0,,23.0,,26.0,6.0,,25005.0,91.0,96.0
250056503002,6,71,13,0,10,89,15,16,23,10,253,420,,,,,6.0,3.0,65.0,,2.0,10.0,,2.0,,2.0,10.0,25.0,,55.0,15.0,,25005.0,195.0,58.0
250056503003,25,60,13,0,8,55,188,22,20,13,404,488,,,,17.0,363.0,,9.0,3.0,,5.0,4.0,14.0,,,,7.0,,2.0,11.0,,25005.0,435.0,-31.0
250056503004,3,49,2,3,0,6,1,0,9,10,83,318,,,,6.0,,,,,,,3.0,,,,,5.0,,,,,25005.0,14.0,69.0
250056504001,7,64,33,1,5,80,619,2,18,28,857,369,,,,43.0,1238.0,,11.0,,10.0,6.0,,15.0,,,4.0,35.0,,14.0,53.0,,25005.0,1429.0,-572.0
250056504002,0,27,12,1,2,28,3,15,17,2,107,578,,,,1.0,,,18.0,,,9.0,6.0,3.0,,1.0,,14.0,,31.0,4.0,,25005.0,87.0,20.0
250056504003,6,42,7,0,4,37,13,25,11,5,150,397,,,,,,32.0,10.0,,6.0,1.0,,6.0,,2.0,49.0,43.0,2.0,16.0,8.0,,25005.0,175.0,-25.0
250056504004,14,21,14,0,0,19,2,4,13,6,93,309,,,,10.0,,2.0,6.0,,,27.0,,,,13.0,,11.0,2.0,10.0,3.0,,25005.0,84.0,9.0
250056505001,8,23,0,0,2,15,1,2,4,6,61,302,,,,6.0,,6.0,6.0,,,,,,,,,10.0,,,,,25005.0,28.0,33.0
250056505002,28,32,4,3,1,86,26,18,20,18,236,509,,,,38.0,153.0,,7.0,7.0,,,,2.0,,1.0,,6.0,,21.0,18.0,,25005.0,253.0,-17.0
250056505003,6,17,2,1,0,34,9,17,10,2,98,610,,,,7.0,9.0,,46.0,,,3.0,,,,,,22.0,,5.0,11.0,,25005.0,103.0,-5.0
250056506001,1,100,5,1,4,65,89,30,12,24,331,636,,,,,10.0,6.0,39.0,,,,,,,1.0,11.0,88.0,,14.0,4.0,,25005.0,173.0,158.0
250056506002,44,29,12,15,6,34,3,11,51,21,226,329,,,,2.0,6.0,,19.0,,,4.0,,10.0,,19.0,,5.0,,15.0,1.0,,25005.0,81.0,145.0
250056506003,1,38,4,1,2,17,2,12,2,39,118,319,,,,22.0,18.0,,6.0,,,,,,,,,3.0,3.0,3.0,1.0,,25005.0,56.0,62.0
250056507001,4,6,0,2,1,17,2,1,18,5,56,448,,,,32.0,1.0,4.0,9.0,,,,,,,,,25.0,,8.0,,,25005.0,79.0,-23.0
250056507002,8,136,1,1,0,82,13,23,8,5,277,547,,,11.0,19.0,1.0,,60.0,,,3.0,,11.0,,3.0,98.0,27.0,2.0,22.0,12.0,,25005.0,269.0,8.0
250056508001,0,52,2,0,1,17,9,4,22,3,110,412,,,,,,,10.0,,,,,,,,,17.0,9.0,8.0,,,25005.0,44.0,66.0
250056508002,14,21,1,3,0,12,1,8,2,7,69,440,,,,9.0,,,3.0,,,,5.0,,,,,25.0,,,1.0,,25005.0,43.0,26.0
250056508003,1,43,4,1,3,36,27,16,18,816,965,370,,,,,83.0,415.0,16.0,417.0,,,36.0,2.0,,39.0,,26.0,,29.0,24.0,,25005.0,1087.0,-122.0
250056508004,3,14,1,0,2,1,0,4,3,2,30,417,,,,,,,,,,,,1.0,,,,48.0,,,,,25005.0,49.0,-19.0
250056509001,3,62,22,2,5,90,8,106,6,62,366,300,,,,,,34.0,59.0,1.0,,8.0,8.0,,29.0,17.0,7.0,122.0,,,128.0,,25005.0,413.0,-47.0
250056509002,10,23,0,0,38,10,2,0,7,18,108,496,,,,5.0,,,,,,,,,,6.0,,28.0,,,,,25005.0,39.0,69.0
250056509003,4,46,2,8,2,154,0,7,10,5,238,359,,,,,,,167.0,,,9.0,7.0,,,109.0,,57.0,44.0,62.0,,,25005.0,455.0,-217.0
250056510011,28,286,19,1,9,141,4,24,23,89,624,1437,,,,23.0,,,14.0,,,,14.0,2.0,,51.0,,265.0,18.0,89.0,,,25005.0,476.0,148.0
250056510021,37,380,74,158,38,155,10,89,95,48,1084,952,,,,9.0,10.0,,156.0,,1.0,20.0,14.0,32.0,,12.0,21.0,388.0,166.0,136.0,34.0,327.0,25005.0,1326.0,-242.0
250056510022,22,146,16,4,23,89,18,34,42,102,496,835,57.0,,,2.0,17.0,1.0,8.0,18.0,,4.0,3.0,4.0,,,,29.0,34.0,6.0,17.0,,25005.0,200.0,296.0
250056511001,8,93,5,0,0,37,2,3,10,7,165,515,,,,1.0,,,10.0,,,,5.0,,,,,97.0,,22.0,,4.0,25005.0,139.0,26.0
250056511002,1,27,1,2,4,7,2,7,12,3,66,535,,,,2.0,22.0,,,,,,,,,3.0,,31.0,,,,,25005.0,58.0,8.0
250056511003,11,18,1,0,1,8,0,2,4,22,67,386,,,,10.0,,,7.0,,,,,,,,,16.0,,,,,25005.0,33.0,34.0
250056511004,3,17,1,0,2,8,1,1,7,5,45,370,,,,3.0,4.0,,3.0,9.0,,,,,,,,9.0,,8.0,,,25005.0,36.0,9.0
250056512001,12,10,2,0,4,265,7,14,8,4,326,303,,,,14.0,2.0,,288.0,5.0,3.0,,6.0,1.0,,,,42.0,1.0,173.0,7.0,,25005.0,542.0,-216.0
250056512002,20,97,12,6,2,186,94,23,60,88,588,631,1.0,,,34.0,93.0,34.0,26.0,13.0,,,18.0,,,18.0,,439.0,2.0,72.0,71.0,12.0,25005.0,833.0,-245.0
250056513001,55,212,35,111,2,34,207,155,120,241,1172,584,454.0,,,5.0,80.0,89.0,39.0,26.0,,33.0,24.0,10.0,,443.0,172.0,367.0,7.0,3.0,28.0,18.0,25005.0,1798.0,-626.0
250056513002,5,202,0,76,1,83,0,8,21,21,417,519,,,,,,,3.0,26.0,,,,28.0,,,,359.0,,,4.0,226.0,25005.0,646.0,-229.0
250056514001,10,329,1,0,1,5,3,4,4,7,364,418,,,,7.0,,,,,,,,,,52.0,,344.0,,,,,25005.0,403.0,-39.0
250056514002,5,26,0,1,3,4,0,5,16,0,60,300,,,,,,,,,2.0,,,4.0,,,,18.0,,,,,25005.0,24.0,36.0
250056514003,11,53,1,0,0,6,0,8,8,9,96,323,,,,2.0,,4.0,6.0,,,,,,,,,20.0,,,1.0,,25005.0,33.0,63.0
250056514004,6,48,0,0,4,8,2,10,5,4,87,285,,,,,,,,,,,,,,,,33.0,,13.0,,,25005.0,46.0,41.0
250056515001,8,15,0,0,1,4,0,2,11,1,42,401,,,,,,,,,,,,,,,,27.0,,,3.0,,25005.0,30.0,12.0
250056515002,2,12,0,1,0,1,0,1,7,8,32,239,,,,,,,,3.0,,,,,,,,6.0,,,,,25005.0,9.0,23.0
250056515003,2,70,2,204,5,15,0,12,13,11,334,237,,,,,,,,,,,,,,,,41.0,,,23.0,19.0,25005.0,83.0,251.0
250056515004,9,45,0,6,6,23,3,5,8,9,114,403,,,,,,,,4.0,,,,,,,,42.0,,,19.0,,25005.0,65.0,49.0
250056516001,13,26,2,8,0,12,0,18,18,7,104,283,,,,18.0,,1.0,2.0,2.0,,,,,,,,8.0,,,2.0,,25005.0,33.0,71.0
250056516002,9,16,0,3,1,10,6,2,11,7,65,425,,,,9.0,,,,3.0,,,,,,,,35.0,,,3.0,,25005.0,50.0,15.0
250056516003,11,14,1,0,1,13,1,3,12,4,60,390,,,,5.0,,,,,,,,,,4.0,,9.0,,,,,25005.0,18.0,42.0
250056516004,20,77,0,5,18,49,11,21,17,28,246,475,,,,3.0,,16.0,38.0,,,,1.0,1.0,,13.0,,45.0,,27.0,5.0,,25005.0,149.0,97.0
250056517001,7,71,27,21,1,7,13,3,3,21,174,458,,,,61.0,,12.0,,,,,4.0,,,1.0,,124.0,,,7.0,,25005.0,209.0,-35.0
250056517002,10,237,12,393,6,30,0,8,36,52,784,519,,,,,,,2.0,15.0,,6.0,11.0,44.0,,3.0,1625.0,84.0,,,30.0,1.0,25005.0,1821.0,-1037.0
250056518001,72,1070,242,547,100,381,82,43,589,259,3385,974,257.0,,,26.0,20.0,41.0,98.0,26.0,121.0,260.0,17.0,346.0,,218.0,67.0,776.0,80.0,512.0,83.0,668.0,25005.0,3616.0,-231.0
250056518002,5,354,16,2,4,162,44,67,68,128,850,436,,,222.0,11.0,58.0,25.0,28.0,114.0,,,8.0,45.0,39.0,,13.0,62.0,49.0,244.0,166.0,,25005.0,1084.0,-234.0
250056519001,3,46,30,5,1,245,99,79,51,561,1120,332,315.0,,,,383.0,259.0,70.0,173.0,,1.0,,4.0,35.0,19.0,,69.0,27.0,100.0,32.0,158.0,25005.0,1645.0,-525.0
250056519002,7,117,2,1,1,15,0,11,7,7,168,567,,,,2.0,,,,1.0,,4.0,,,,,1.0,43.0,,,,,25005.0,51.0,117.0
250056520001,2,348,14,1,1,28,1,18,46,4,463,303,,,,35.0,,2.0,,,,12.0,,23.0,,3.0,,523.0,3.0,,,,25005.0,601.0,-138.0
250056520002,4,41,1,0,1,9,5,10,19,16,106,377,,,,,,,12.0,,,,,12.0,,3.0,,21.0,,,12.0,,25005.0,60.0,46.0
250056520003,0,71,0,0,2,1,0,2,7,1,84,468,,,,,,,,,,,,,,,,36.0,,,,,25005.0,36.0,48.0
250056521001,2,38,0,1,2,12,6,5,28,9,103,310,,,,,,4.0,,,,,,14.0,,2.0,,39.0,3.0,,2.0,,25005.0,64.0,39.0
250056521002,7,1781,4,0,2,16,4,4,15,15,1848,331,,,,4.0,,,,,2.0,,,,,,,52.0,,,3.0,,25005.0,61.0,1787.0
250056521003,4,43,0,0,6,20,1,5,8,4,91,532,,,,1.0,,,4.0,,,,,1.0,,,,45.0,,20.0,4.0,,25005.0,75.0,16.0
250056522001,6,211,2,1,3,9,1,11,12,8,264,404,,,,1.0,,,,,,,2.0,,,4.0,,202.0,,,4.0,,25005.0,213.0,51.0
250056522002,12,195,44,1,3,7,2,12,31,19,326,465,,,,11.0,,,1.0,11.0,,31.0,3.0,4.0,,,,2133.0,,6.0,3.0,,25005.0,2203.0,-1877.0
250056522003,9,51,0,3,4,46,2,11,31,17,174,360,,,,10.0,,,5.0,,,,,,,1.0,,35.0,,,,,25005.0,51.0,123.0
250056523001,2,19,3,13,1,22,6,4,9,4,83,429,,,,,,6.0,4.0,,,,,,,1.0,,15.0,,,,,25005.0,26.0,57.0
250056523002,11,63,6,2,0,194,0,29,13,11,329,439,,,,13.0,,,210.0,1.0,,12.0,8.0,,,71.0,,47.0,,50.0,24.0,,25005.0,436.0,-107.0
250056523003,21,480,10,2,5,44,5,29,62,80,738,568,,,,1.0,,,18.0,,,,1.0,21.0,,,,142.0,,,10.0,,25005.0,193.0,545.0
250056524001,5,97,2,0,1,44,20,14,10,63,256,598,,,,9.0,9.0,,11.0,3.0,,,10.0,,,885.0,,36.0,,12.0,,,25005.0,975.0,-719.0
250056524002,13,157,57,5,10,211,3,42,46,30,574,624,,,,30.0,6.0,20.0,107.0,24.0,14.0,32.0,5.0,35.0,,100.0,3.0,73.0,15.0,185.0,51.0,168.0,25005.0,868.0,-294.0
250056525001,2,16,4,0,3,17,0,7,5,1,55,530,,,,,,,7.0,5.0,,,,,,,,50.0,,,1.0,,25005.0,63.0,-8.0
250056525002,4,11,1,0,2,3,0,20,4,2,47,527,,,,2.0,2.0,,12.0,,,,1.0,,,,,19.0,,,16.0,,25005.0,52.0,-5.0
250056526001,1,34,2,23,9,35,5,11,4,16,140,499,,,,,,,15.0,4.0,,,,,,1.0,,25.0,,17.0,43.0,,25005.0,105.0,35.0
250056526002,11,136,35,0,0,57,54,20,14,149,476,618,,,,4.0,85.0,,11.0,10.0,,19.0,10.0,,,,,158.0,1.0,21.0,8.0,,25005.0,327.0,149.0
250056527001,2,26,0,1,1,3,0,0,1,0,34,361,,,,4.0,,,,,,,,,,,,14.0,,2.0,,,25005.0,20.0,14.0
250056527002,1,16,2,1,0,9,62,5,26,8,130,557,,,,,39.0,53.0,,,,,9.0,,,,,44.0,,2.0,,,25005.0,147.0,-17.0
250056527003,5,88,1,0,1,14,0,2,5,3,119,458,,,,1.0,,,,,,,2.0,,,,,9.0,,,,,25005.0,12.0,107.0
250056527004,0,40,13,55,0,91,33,9,4,9,254,336,,,,,54.0,3.0,32.0,,,,3.0,15.0,,,,21.0,,36.0,,72.0,25005.0,236.0,18.0
250056528001,7,42,13,37,6,97,7,10,16,31,266,520,,,29.0,5.0,,9.0,4.0,,17.0,,1.0,2.0,,2.0,,15.0,,20.0,,,25005.0,104.0,162.0
250056528002,17,16,0,5,0,24,0,3,4,26,95,471,,,,,,,8.0,,,,,,,,,7.0,,,,,25005.0,15.0,80.0
250056528003,22,44,0,0,1,96,313,19,26,6,527,430,,,,,172.0,,25.0,10.0,,,,3.0,,,,19.0,,30.0,,,25005.0,259.0,268.0
250056531011,63,312,19,28,37,677,3,56,3013,100,4308,512,,,,6.0,13.0,,676.0,1.0,6.0,22.0,4.0,7.0,,2.0,8.0,191.0,69.0,475.0,85.0,43.0,25005.0,1608.0,2700.0
250056531012,22,323,10,2,13,163,4,18,23,19,597,533,,,,6.0,,,123.0,,,7.0,7.0,35.0,,6.0,,453.0,20.0,88.0,16.0,,25005.0,761.0,-164.0
250056531013,83,516,29,4,4,272,17,34,189,38,1186,1264,2.0,,,39.0,7.0,,626.0,151.0,6.0,47.0,10.0,39.0,,25.0,2.0,254.0,8.0,300.0,50.0,29.0,25005.0,1595.0,-409.0
250056531014,52,456,66,19,69,1525,6,113,57,51,2414,634,,,,17.0,3.0,8.0,1515.0,,48.0,66.0,28.0,54.0,,68.0,2.0,263.0,71.0,526.0,36.0,,25005.0,2705.0,-291.0
250056531021,22,48,4,13,6,97,62,15,13,101,381,757,,,,52.0,,195.0,140.0,,,1.0,2.0,5.0,,2.0,,30.0,,,4.0,,25005.0,431.0,-50.0
250056531022,305,923,56,349,22,167,142,69,135,280,2448,889,,,,142.0,1289.0,247.0,268.0,12.0,1.0,52.0,8.0,150.0,18.0,203.0,,1348.0,57.0,11.0,117.0,705.0,25005.0,4628.0,-2180.0
250056532031,43,203,4,2,7,105,11,34,12,22,443,488,,,,37.0,46.0,3.0,63.0,,,,,,,3.0,,421.0,,40.0,35.0,,25005.0,648.0,-205.0
250056532032,8,85,0,1,3,20,0,24,56,20,217,650,,,,7.0,,,2.0,32.0,,2.0,,,,,,119.0,1.0,2.0,2.0,,25005.0,167.0,50.0
250056532033,34,44,8,4,2,74,3,36,7,30,242,604,,,,87.0,,8.0,27.0,,,10.0,3.0,,,5.0,106.0,42.0,9.0,65.0,54.0,,25005.0,416.0,-174.0
250056532034,10,246,5,39,3,35,8,22,14,12,394,338,,,,7.0,,,10.0,,,,,26.0,,,,535.0,6.0,,12.0,196.0,25005.0,792.0,-398.0
250056532041,88,174,27,39,1,72,2,40,21,28,492,1231,,,,148.0,,2.0,148.0,12.0,1.0,,11.0,47.0,,93.0,65.0,327.0,,251.0,27.0,208.0,25005.0,1340.0,-848.0
250056533011,4,153,0,4,2,28,5,15,8,25,244,585,,,,4.0,12.0,1.0,18.0,,,,,6.0,,,6.0,37.0,,,7.0,,25005.0,91.0,153.0
250056533012,9,58,27,16,2,131,2,18,23,7,293,293,,,,26.0,,1.0,56.0,,,6.0,2.0,4.0,,,1.0,15.0,52.0,48.0,36.0,36.0,25005.0,283.0,10.0
250056533013,3,71,16,4,11,61,2,25,4,24,221,739,,,,,,2.0,51.0,,73.0,3.0,9.0,9.0,,,,31.0,12.0,38.0,5.0,,25005.0,233.0,-12.0
250056533014,13,53,4,4,1,28,3,13,7,8,134,347,,,,4.0,,,,,,,,,,2.0,,5.0,,,3.0,,25005.0,14.0,120.0
250056533015,8,81,4,6,13,34,2,24,12,20,204,429,,,,6.0,,1.0,33.0,,,1.0,,,,,383.0,41.0,,25.0,8.0,,25005.0,498.0,-294.0
250056533041,20,83,1,8,3,137,1,26,15,9,303,483,107.0,,,17.0,9.0,14.0,,4.0,,,3.0,3.0,,8.0,,4.0,1.0,,3.0,1.0,25005.0,174.0,129.0
250056533042,37,111,6,19,3,88,16,38,21,19,358,824,,,,28.0,4.0,,,21.0,1.0,,20.0,4.0,,51.0,,28.0,26.0,,76.0,4.0,25005.0,263.0,95.0
250056541001,105,51,5,3,9,13,0,23,15,5,229,633,,,,184.0,,,,39.0,,,7.0,1.0,,15.0,,22.0,,,,,25005.0,268.0,-39.0
250056541002,69,3,2,0,0,14,0,8,4,5,105,259,,,,,115.0,,,,,,,14.0,,5.0,1.0,8.0,,2.0,,,25005.0,145.0,-40.0
250056541003,17,26,14,1,1,55,0,10,10,7,141,643,,,,38.0,,2.0,19.0,8.0,,,12.0,6.0,,2.0,,17.0,18.0,41.0,2.0,,25005.0,165.0,-24.0
250056541004,20,217,8,9,8,45,7,32,21,46,413,1068,2.0,,,50.0,7.0,4.0,30.0,1.0,,,1.0,,,232.0,120.0,53.0,29.0,12.0,16.0,,25005.0,557.0,-144.0
250056542001,25,58,1,1,1,21,17,15,7,19,165,353,,,,123.0,13.0,,,12.0,,,,,,,,53.0,,,4.0,,25005.0,205.0,-40.0
250056542002,20,65,4,32,1,53,4,23,8,30,240,477,18.0,,,14.0,,5.0,21.0,,12.0,,,4.0,,,,10.0,,66.0,11.0,51.0,25005.0,212.0,28.0
250056542003,10,31,4,9,0,56,1,14,5,19,149,564,,,,9.0,,,14.0,,,17.0,1.0,,,1.0,,17.0,,77.0,17.0,33.0,25005.0,186.0,-37.0
250056551001,38,59,14,2,1,133,3,17,10,9,286,583,,,,7.0,,,10.0,,,,,7.0,,28.0,,17.0,,6.0,9.0,,25005.0,84.0,202.0
250056551002,135,669,69,4,8,311,445,79,55,62,1837,870,2.0,,,99.0,819.0,58.0,81.0,28.0,8.0,41.0,,628.0,104.0,196.0,7.0,1394.0,,148.0,37.0,,25005.0,3650.0,-1813.0
250056551003,33,42,0,89,1,138,0,4,12,22,341,203,,,,132.0,,4.0,155.0,,,2.0,,13.0,,2.0,,19.0,39.0,17.0,1.0,,25005.0,384.0,-43.0
250056552001,4,74,2,2,1,17,4,41,9,16,170,460,,,,4.0,,,18.0,,,6.0,,,,,,55.0,,16.0,2.0,,25005.0,101.0,69.0
250056552002,3,108,6,4,5,10,10,10,4,10,170,447,,,,,,,2.0,,2.0,,,,,,8.0,150.0,1.0,,1.0,,25005.0,164.0,6.0
250056552003,8,10,4,0,0,65,81,11,7,42,228,380,,,,9.0,163.0,46.0,2.0,,,,,5.0,,,,9.0,,36.0,3.0,,25005.0,273.0,-45.0
250056552004,4,23,7,2,2,23,2,12,2,21,98,423,,,,,,,,,,,,,,4.0,,7.0,,,9.0,10.0,25005.0,30.0,68.0
250056552005,11,14,3,0,0,8,0,12,2,5,55,296,,,,10.0,,,,,,,,,,,,2.0,,,4.0,,25005.0,16.0,39.0
250056553001,24,287,40,52,77,803,24,49,34,54,1444,635,2.0,,,9.0,,1.0,510.0,13.0,28.0,95.0,,70.0,20.0,11.0,,254.0,29.0,510.0,148.0,107.0,25005.0,1807.0,-363.0
250056553002,22,45,17,47,10,194,16,31,11,106,499,439,166.0,,,5.0,,14.0,23.0,19.0,12.0,26.0,9.0,3.0,,,152.0,49.0,,117.0,41.0,85.0,25005.0,721.0,-222.0
250056553003,23,240,3,0,4,33,0,94,4,13,414,366,,,,15.0,,,1.0,1.0,,3.0,,5.0,,15.0,46.0,387.0,,3.0,,,25005.0,476.0,-62.0
250056554001,12,38,4,2,5,81,2,23,10,19,196,597,9.0,,,7.0,106.0,5.0,48.0,,,,2.0,2.0,,8.0,,8.0,,,5.0,1.0,25005.0,201.0,-5.0
250056554002,21,38,1,0,1,47,0,14,10,14,146,441,,,,12.0,,,,,,,,4.0,,,,2.0,,9.0,1.0,,25005.0,28.0,118.0
250056554003,5,119,0,4,0,48,1,10,21,4,212,320,,,,8.0,,,6.0,,,,,3.0,,1.0,,54.0,,96.0,,,25005.0,168.0,44.0
250056554004,10,90,3,3,2,90,1,30,10,31,270,461,5.0,,,,,,,,,5.0,,2.0,1.0,,,4.0,2.0,3.0,,,25005.0,22.0,248.0
250059855001,41,174,0,2,40,162,2,12,22,1,456,489,1.0,,,50.0,5.0,1.0,,,,,,6.0,,2.0,1490.0,38.0,,,23.0,,25005.0,1616.0,-1160.0
250059856001,418,1125,51,36,35,681,85,162,348,102,3043,1688,23.0,,,90.0,91.0,21.0,340.0,1.0,44.0,74.0,18.0,68.0,16.0,81.0,1053.0,348.0,73.0,388.0,141.0,96.0,25005.0,2966.0,77.0
250072001001,10,11,2,0,3,14,0,2,7,1,50,298,,,,38.0,,1.0,,,3.0,,,,,1.0,,17.0,13.0,4.0,12.0,,25007.0,89.0,-39.0
250072001002,27,95,31,25,17,283,3,45,35,29,590,577,,,,44.0,1.0,1.0,159.0,1.0,18.0,8.0,6.0,15.0,,12.0,66.0,56.0,25.0,50.0,15.0,71.0,25007.0,548.0,42.0
250072001003,19,57,26,0,13,119,2,21,111,34,402,286,,,,48.0,19.0,5.0,96.0,14.0,35.0,13.0,11.0,26.0,,17.0,1.0,25.0,47.0,36.0,19.0,,25007.0,412.0,-10.0
250072001004,66,95,50,4,3,179,5,15,92,39,548,432,,,12.0,107.0,1.0,25.0,133.0,35.0,20.0,21.0,3.0,42.0,,49.0,1.0,25.0,4.0,6.0,19.0,6.0,25007.0,509.0,39.0
250072001005,11,9,3,3,1,10,1,15,9,1,63,151,20.0,,,15.0,18.0,,,,,,,11.0,,7.0,1.0,3.0,6.0,,12.0,,25007.0,93.0,-30.0
250072002001,28,296,9,10,1,51,0,17,15,5,432,267,,,,8.0,,,36.0,,,,2.0,1.0,1.0,4.0,238.0,528.0,9.0,31.0,1.0,32.0,25007.0,891.0,-459.0
250072002002,77,78,22,17,4,363,1,10,28,25,625,256,,,,7.0,,4.0,36.0,7.0,,18.0,1.0,22.0,,4.0,13.0,14.0,35.0,70.0,132.0,70.0,25007.0,433.0,192.0
250072002003,44,92,12,10,3,55,5,16,23,8,268,811,7.0,,15.0,92.0,20.0,22.0,85.0,3.0,16.0,21.0,2.0,2.0,,13.0,,10.0,30.0,44.0,22.0,41.0,25007.0,445.0,-177.0
250072002004,32,40,9,26,1,33,2,17,15,24,199,379,,,11.0,20.0,,,,,,,2.0,,,5.0,,96.0,,29.0,3.0,1.0,25007.0,167.0,32.0
250072002005,12,20,1,3,1,13,1,6,9,4,70,360,,,,12.0,,,,3.0,,,,2.0,,8.0,89.0,,,,3.0,,25007.0,117.0,-47.0
250072003001,16,57,3,15,4,19,5,45,7,10,181,102,,,,7.0,,,,,,,1.0,1.0,,,,2.0,5.0,15.0,4.0,,25007.0,35.0,146.0
250072003002,66,91,47,41,28,519,6,34,57,7,896,268,,,,44.0,5.0,1.0,261.0,10.0,49.0,107.0,17.0,9.0,5.0,10.0,,11.0,60.0,215.0,43.0,92.0,25007.0,939.0,-43.0
250072003003,119,152,19,29,6,312,4,28,82,39,790,996,18.0,,16.0,141.0,,27.0,50.0,103.0,7.0,3.0,4.0,64.0,5.0,144.0,67.0,15.0,11.0,65.0,58.0,45.0,25007.0,843.0,-53.0
250072003004,53,56,15,6,8,85,4,20,32,6,285,878,,,4.0,113.0,,5.0,138.0,,5.0,8.0,7.0,24.0,,18.0,5.0,37.0,18.0,16.0,2.0,,25007.0,400.0,-115.0
250072004001,22,118,6,8,25,66,3,22,29,22,321,328,,,,69.0,2.0,,73.0,,2.0,,5.0,38.0,,59.0,113.0,18.0,3.0,32.0,21.0,11.0,25007.0,446.0,-125.0
250072004002,55,82,20,40,33,99,2,23,67,43,464,896,6.0,,1.0,72.0,2.0,,78.0,40.0,10.0,38.0,12.0,15.0,,35.0,71.0,26.0,20.0,65.0,38.0,52.0,25007.0,581.0,-117.0
250072004003,6,27,2,0,9,10,0,9,7,8,78,249,10.0,,,8.0,,,2.0,,1.0,2.0,,12.0,,,2.0,3.0,5.0,,5.0,,25007.0,50.0,28.0
250072004004,4,9,2,12,10,79,3,5,25,2,151,199,,,1.0,12.0,29.0,,15.0,,,,5.0,1.0,,43.0,,1.0,7.0,10.0,5.0,69.0,25007.0,198.0,-47.0
250072004005,11,8,4,6,8,30,0,0,5,2,74,188,,,,22.0,,2.0,,9.0,,4.0,3.0,2.0,,,12.0,3.0,2.0,,1.0,74.0,25007.0,134.0,-60.0
250072004006,0,0,0,0,0,0,0,0,0,22,22,171,,,,5.0,,,,1.0,10.0,,18.0,,,2.0,,,,,1.0,22.0,25007.0,59.0,-37.0
250092011001,9,72,10,1,13,51,2,16,91,19,284,305,,,,4.0,,1.0,3.0,,,,,,,2.0,,10.0,1.0,91.0,,19.0,25009.0,131.0,153.0
250092011002,16,99,5,27,22,62,2,10,101,10,354,254,,,,,,1.0,1.0,,4.0,,,1.0,,6.0,,6.0,8.0,,,18.0,25009.0,45.0,309.0
250092011003,12,114,20,1,21,36,0,7,112,12,335,402,,,,4.0,,6.0,,,,,1.0,,,4.0,,71.0,,,6.0,,25009.0,92.0,243.0
250092011004,21,151,13,27,26,94,3,10,93,19,457,666,,,,24.0,,9.0,,,,,,,,,34.0,,,18.0,7.0,5.0,25009.0,97.0,360.0
250092021011,23,68,33,0,17,178,2,8,73,31,433,269,,,,9.0,,5.0,500.0,,,30.0,6.0,,,1.0,4.0,84.0,,60.0,18.0,,25009.0,717.0,-284.0
250092021012,5,81,1,0,14,34,0,2,42,3,182,270,,,,,1.0,,,,,,4.0,3.0,,,,2.0,,,,,25009.0,10.0,172.0
250092021013,10,128,5,49,22,37,2,11,56,7,327,315,,,,48.0,,,,,27.0,,,5.0,,6.0,5.0,87.0,,,5.0,245.0,25009.0,428.0,-101.0
250092021021,26,144,3,3,28,53,1,10,131,13,412,610,,,,50.0,,3.0,6.0,,1.0,,,5.0,,21.0,24.0,64.0,10.0,5.0,4.0,,25009.0,193.0,219.0
250092021022,24,319,13,11,60,98,5,21,200,27,778,553,,,,11.0,27.0,,3.0,17.0,,,,3.0,,4.0,,13.0,,,11.0,,25009.0,89.0,689.0
250092021023,9,84,6,1,23,164,0,1288,77,7,1659,1133,,,,10.0,3.0,1.0,375.0,32.0,18.0,19.0,46.0,4.0,,2.0,,84.0,,293.0,88.0,,25009.0,975.0,684.0
250092021024,25,102,3,2,17,144,3,20,47,12,375,399,,,,16.0,6.0,18.0,,,2.0,,,6.0,,13.0,,17.0,,45.0,1.0,5.0,25009.0,129.0,246.0
250092021025,11,70,5,1,5,13,0,5,23,1,134,283,,,,9.0,,,,,,2.0,1.0,,,,,2.0,,,8.0,,25009.0,22.0,112.0
250092022001,7,83,2,1,29,56,2,4,97,23,304,300,,,,1.0,,5.0,,,,,,4.0,,2.0,,5.0,,,3.0,,25009.0,20.0,284.0
250092022002,11,84,3,1,20,49,4,26,98,9,305,397,,,,4.0,,,,3.0,,3.0,5.0,10.0,,3.0,,,5.0,,7.0,,25009.0,40.0,265.0
250092022003,8,68,5,3,26,51,1,4,105,10,281,277,,,,,,,,,,1.0,1.0,23.0,,2.0,,,1.0,,7.0,,25009.0,35.0,246.0
250092022004,14,136,24,18,14,96,0,23,127,16,468,778,,,,14.0,4.0,2.0,6.0,,,23.0,1.0,1.0,,10.0,,209.0,10.0,123.0,35.0,,25009.0,438.0,30.0
250092022005,19,53,7,1,21,38,3,10,81,3,236,380,,,,41.0,,,3.0,,1.0,,,5.0,,4.0,,3.0,,,3.0,,25009.0,60.0,176.0
250092022006,2,131,24,2,14,31,3,14,54,3,278,295,,,,6.0,,,,,,,,4.0,,6.0,357.0,2.0,,31.0,14.0,,25009.0,420.0,-142.0
250092031001,5,304,39,18,14,18,3,11,50,3,465,396,,,,3.0,,3.0,,3.0,,7.0,,8.0,,,,213.0,,,,78.0,25009.0,315.0,150.0
250092031002,2,109,0,7,2,19,2,1,17,85,244,351,,,,,,11.0,3.0,,,,,2.0,,2.0,,5.0,,22.0,3.0,,25009.0,48.0,196.0
250092031003,4,12,6,0,3,1,0,4,10,3,43,239,,,,1.0,,,,,,,,4.0,,,5.0,3.0,,,4.0,,25009.0,17.0,26.0
250092031004,2,198,0,0,0,9,6,11,17,6,249,423,3.0,,,,,,,,,2.0,,6.0,,4.0,13.0,6.0,,,201.0,,25009.0,235.0,14.0
250092031005,3,36,0,1,4,9,1,5,29,4,92,336,,,,6.0,3.0,,,,5.0,2.0,,5.0,,7.0,,16.0,,,3.0,,25009.0,47.0,45.0
250092031006,9,32,8,1,6,52,5,7,50,12,182,273,,,,5.0,,,12.0,,,10.0,,9.0,,1.0,,28.0,53.0,,1.0,,25009.0,119.0,63.0
250092031007,3,12,0,0,0,2,0,3,8,2,30,260,,,,3.0,,,,,,,,,,,,3.0,,,329.0,,25009.0,335.0,-305.0
250092031008,10,6,0,0,2,6,1,4,17,1,47,315,,,,13.0,,,,,,,2.0,3.0,,,,,,,3.0,,25009.0,21.0,26.0
250092032001,3,20,6,0,1,14,0,157,20,4,225,429,,,,4.0,,7.0,,,2.0,,,5.0,,,,4.0,58.0,,18.0,,25009.0,98.0,127.0
250092032002,4,169,11,0,20,541,5,15,33,15,813,358,,,,2.0,10.0,,38.0,2.0,8.0,,,5.0,,2.0,,326.0,4.0,31.0,28.0,4.0,25009.0,460.0,353.0
250092032003,21,42,28,105,14,62,4,21,125,13,435,385,,,,13.0,,6.0,47.0,,,9.0,,52.0,,17.0,6.0,13.0,,11.0,12.0,99.0,25009.0,285.0,150.0
250092032004,5,221,0,0,35,17,0,6,18,8,310,348,,,,5.0,,5.0,7.0,,55.0,,,,,5.0,,,,,1.0,,25009.0,78.0,232.0
250092032005,7,13,0,18,4,15,0,0,20,25,102,413,,,,141.0,,10.0,30.0,,,4.0,2.0,5.0,,6.0,68.0,3.0,,5.0,22.0,,25009.0,296.0,-194.0
250092033011,18,64,161,26,22,56,8,4,74,6,439,423,,,,26.0,,1.0,46.0,9.0,,95.0,9.0,18.0,2.0,2.0,,3.0,46.0,23.0,36.0,,25009.0,316.0,123.0
250092033012,39,143,5,0,26,23,1,12,60,14,323,869,,,,50.0,,10.0,3.0,,,1.0,,11.0,2.0,5.0,,11.0,,,22.0,,25009.0,115.0,208.0
250092033013,35,197,95,1,24,162,19,28,139,26,726,341,,,,27.0,4.0,10.0,60.0,14.0,1.0,70.0,73.0,33.0,5.0,17.0,12.0,121.0,96.0,294.0,34.0,,25009.0,871.0,-145.0
250092033014,5,4,0,0,0,1,0,4,5,5,24,328,,,,6.0,,7.0,,,,1.0,,5.0,,2.0,,1.0,,,4.0,,25009.0,26.0,-2.0
250092033021,5,63,38,0,19,50,15,8,102,43,343,657,,,,41.0,15.0,15.0,10.0,,6.0,11.0,18.0,23.0,,11.0,1.0,8.0,3.0,14.0,2.0,,25009.0,178.0,165.0
250092033022,29,74,8,0,15,82,23,21,96,44,392,1023,,,1.0,46.0,42.0,45.0,38.0,,14.0,2.0,4.0,52.0,,18.0,46.0,24.0,19.0,13.0,39.0,,25009.0,403.0,-11.0
250092033023,16,53,54,8,23,215,70,80,79,6,604,507,,,,10.0,,1.0,184.0,,17.0,21.0,9.0,25.0,,5.0,347.0,13.0,26.0,115.0,,64.0,25009.0,837.0,-233.0
250092041011,14,86,5,0,12,56,4,5,54,16,252,528,2.0,,,7.0,6.0,3.0,2.0,,,1.0,,3.0,,,2.0,32.0,15.0,,7.0,,25009.0,80.0,172.0
250092041012,10,567,19,0,12,44,1,12,68,7,740,477,,,,5.0,,,,,,7.0,,,,,,9.0,,,,,25009.0,21.0,719.0
250092041013,32,113,64,2,22,184,7,59,86,50,619,585,,,,31.0,55.0,16.0,184.0,22.0,,,7.0,17.0,,4.0,,26.0,,92.0,36.0,,25009.0,490.0,129.0
250092041014,4,50,3,0,5,13,1,2,31,4,113,307,,,,,,1.0,,,,,3.0,,,1.0,,4.0,,5.0,,,25009.0,14.0,99.0
250092041021,34,492,71,1,20,101,23,20,98,66,926,1006,,,,14.0,,,52.0,,16.0,23.0,,11.0,,25.0,,257.0,,50.0,39.0,,25009.0,487.0,439.0
250092041022,40,261,23,1,42,137,2,19,182,24,731,931,,,,33.0,,6.0,73.0,8.0,,10.0,11.0,16.0,,20.0,101.0,18.0,,131.0,12.0,,25009.0,439.0,292.0
250092042001,4,117,3,3,15,62,2,11,72,7,296,657,,,,,,,13.0,,,,,1.0,1.0,,,4.0,4.0,3.0,,,25009.0,26.0,270.0
250092042002,26,113,108,93,42,135,41,24,84,16,682,473,,,,32.0,26.0,1.0,65.0,,47.0,41.0,34.0,7.0,,,4.0,50.0,,95.0,47.0,,25009.0,449.0,233.0
250092042003,26,213,326,29,50,140,0,38,173,125,1120,660,,,,9.0,,8.0,66.0,3.0,4.0,48.0,12.0,97.0,,5.0,2.0,54.0,,247.0,8.0,18.0,25009.0,581.0,539.0
250092042004,5,64,10,0,6,13,8,10,60,3,179,381,,,,,24.0,,,,,,,,,5.0,,3.0,,,9.0,,25009.0,41.0,138.0
250092042005,22,58,17,21,16,30,0,12,78,9,263,481,,,,13.0,,11.0,,,,,2.0,,,11.0,,13.0,11.0,,19.0,,25009.0,80.0,183.0
250092043001,27,227,101,118,45,518,17,49,351,76,1529,844,,,,5.0,50.0,15.0,140.0,21.0,9.0,61.0,15.0,92.0,,22.0,,232.0,289.0,636.0,70.0,303.0,25009.0,1960.0,-431.0
250092043002,9,101,7,0,12,25,62,14,54,6,290,590,,,,,28.0,,7.0,,,,8.0,3.0,,,,15.0,,,4.0,,25009.0,65.0,225.0
250092043003,40,268,80,265,24,251,135,5,171,91,1330,572,,,,42.0,261.0,76.0,20.0,1.0,31.0,32.0,58.0,87.0,,21.0,75.0,363.0,8.0,108.0,37.0,296.0,25009.0,1516.0,-186.0
250092044001,122,120,9,15,34,128,16,22,129,73,668,346,,,109.0,92.0,,2.0,,,,,1.0,16.0,,,,55.0,130.0,9.0,9.0,,25009.0,423.0,245.0
250092044002,6,68,3,7,11,171,14,30,54,6,370,561,,,,,,2.0,3.0,,,,,8.0,,,,3.0,,25.0,30.0,,25009.0,71.0,299.0
250092044003,7,66,2,1,7,34,0,2,24,3,146,373,,,,4.0,,,2.0,,,,,,,,,49.0,32.0,190.0,10.0,,25009.0,287.0,-141.0
250092044004,14,157,18,0,13,31,3,15,84,8,343,496,,,,,,,,,,,,50.0,,10.0,,4.0,,7.0,,,25009.0,71.0,272.0
250092045001,32,138,5,1,16,118,54,35,128,35,562,545,,,9.0,26.0,,39.0,15.0,,,4.0,1.0,5.0,,,,,,130.0,5.0,,25009.0,234.0,328.0
250092045002,25,229,244,124,42,216,8,40,387,50,1365,912,,,,79.0,5.0,,28.0,6.0,38.0,169.0,8.0,144.0,283.0,4.0,,97.0,10.0,258.0,44.0,529.0,25009.0,1702.0,-337.0
250092045003,18,289,19,396,52,73,0,31,238,20,1136,513,,,,6.0,,16.0,47.0,,49.0,9.0,8.0,99.0,,25.0,1397.0,33.0,9.0,31.0,236.0,179.0,25009.0,2144.0,-1008.0
250092046001,56,551,23,8,90,190,7,48,428,62,1463,570,,,,18.0,,,,3.0,16.0,,,2.0,,,,9.0,73.0,,1.0,,25009.0,122.0,1341.0
250092046002,31,193,14,2,46,91,6,28,222,28,661,561,,,,8.0,2.0,9.0,2.0,,,,,2.0,,,,22.0,,,5.0,,25009.0,50.0,611.0
250092046003,24,111,22,2,15,43,3,33,79,21,353,366,,,,21.0,2.0,8.0,18.0,,,14.0,,,,142.0,8.0,36.0,,23.0,5.0,,25009.0,277.0,76.0
250092046004,19,358,7,1,13,37,13,25,67,32,572,550,,,,11.0,26.0,10.0,47.0,8.0,8.0,,,19.0,,14.0,6.0,3.0,,14.0,13.0,,25009.0,179.0,393.0
250092046005,6,24,4,2,4,22,0,10,63,4,139,403,,,,1.0,1.0,,3.0,,,,,,,8.0,,4.0,,,,,25009.0,17.0,122.0
250092047011,110,118,20,5,39,210,1,20,268,17,808,457,,,,111.0,2.0,,168.0,,3.0,53.0,6.0,22.0,,,,167.0,,15.0,85.0,,25009.0,632.0,176.0
250092047012,17,981,22,171,24,65,1,18,65,75,1439,783,,,,23.0,18.0,1.0,4.0,43.0,,,,1.0,,,948.0,3094.0,,22.0,78.0,,25009.0,4232.0,-2793.0
250092047013,115,459,65,2,26,744,71,32,160,158,1832,1630,,,,329.0,231.0,57.0,869.0,9.0,2.0,28.0,25.0,43.0,2.0,152.0,12.0,225.0,16.0,170.0,108.0,,25009.0,2278.0,-446.0
250092047021,6,178,8,4,24,82,8,14,84,8,416,743,,,,,2.0,,114.0,,,12.0,,1.0,,4.0,,73.0,,83.0,38.0,,25009.0,327.0,89.0
250092047022,32,351,31,1,36,101,41,12,175,71,851,1151,,,,11.0,8.0,,100.0,4.0,,,9.0,62.0,,,,156.0,,29.0,5.0,,25009.0,384.0,467.0
250092047023,11,87,1,0,22,45,16,23,98,42,345,462,,,,4.0,13.0,21.0,31.0,,,,,15.0,,4.0,10.0,28.0,,4.0,13.0,,25009.0,143.0,202.0
250092047024,9,28,1,0,15,29,9,17,42,4,154,351,,,,1.0,6.0,,,,1.0,,,,,12.0,,6.0,,,9.0,,25009.0,35.0,119.0
250092051001,7,21,0,0,3,32,0,2,36,2,103,518,,,,5.0,,,57.0,2.0,1.0,,,,,,,1.0,,,,,25009.0,66.0,37.0
250092051002,7,76,1,0,5,13,17,2,13,11,145,397,,,,1.0,,,7.0,,,,,3.0,,8.0,,11.0,,,,,25009.0,30.0,115.0
250092051003,1,28,0,0,2,10,0,3,12,2,58,353,,,,,,,22.0,,,,1.0,,,4.0,,6.0,,32.0,7.0,,25009.0,72.0,-14.0
250092051004,6,17,0,1,3,8,0,0,8,0,43,558,,,,4.0,,2.0,,1.0,,,,,,,,10.0,,,,,25009.0,17.0,26.0
250092051005,2,6,3,0,0,2,0,3,8,0,24,258,,,,8.0,,2.0,,,,,,,,,,2.0,,,,,25009.0,12.0,12.0
250092052001,3,174,6,3,13,5,0,18,31,2,255,395,,,,4.0,,,2.0,,,13.0,1.0,,,3.0,,10.0,,40.0,26.0,,25009.0,99.0,156.0
250092052002,2,74,3,0,1,17,88,21,30,3,239,275,,,,1.0,,,8.0,,,,,12.0,,4.0,,29.0,,,27.0,,25009.0,81.0,158.0
250092052003,6,43,2,1,6,30,39,11,42,6,186,543,,,,6.0,22.0,,17.0,2.0,,5.0,,,,34.0,,45.0,,27.0,13.0,,25009.0,171.0,15.0
250092052004,29,70,19,0,8,50,27,8,75,16,302,494,,,,3.0,1.0,31.0,12.0,3.0,,,,3.0,,147.0,,28.0,6.0,18.0,5.0,,25009.0,257.0,45.0
250092052005,28,58,36,1,20,213,36,39,83,4,518,370,,,,10.0,14.0,60.0,121.0,,,21.0,4.0,6.0,,14.0,7.0,21.0,15.0,213.0,50.0,,25009.0,556.0,-38.0
250092053001,6,46,22,0,11,23,7,41,28,4,188,596,,,,16.0,5.0,,5.0,,,,,,,2.0,52.0,29.0,,,1.0,,25009.0,110.0,78.0
250092053002,2,17,0,0,7,23,0,0,19,3,71,341,,,,8.0,,,33.0,,,15.0,1.0,,,,,7.0,,26.0,,,25009.0,90.0,-19.0
250092053003,0,25,0,0,0,21,0,9,17,0,72,373,,,,,,,1.0,,,,,,,,,20.0,,4.0,10.0,,25009.0,35.0,37.0
250092053004,5,17,63,0,9,24,1,9,26,0,154,391,,,,10.0,,,4.0,,,19.0,,,,6.0,17.0,10.0,,52.0,4.0,,25009.0,122.0,32.0
250092054001,5,29,2,9,7,67,1,21,40,5,186,797,,,,5.0,,2.0,,1.0,,2.0,1.0,2.0,,,,14.0,,24.0,,,25009.0,51.0,135.0
250092054002,5,92,0,2,6,25,2,26,34,7,199,639,,,,4.0,,2.0,7.0,4.0,,,,,,52.0,7.0,4.0,,,,,25009.0,80.0,119.0
250092054003,4,1215,6,1,2,10,0,14,20,3,1275,698,,,,11.0,,,1.0,3.0,,,1.0,,,1.0,,1062.0,1.0,15.0,13.0,,25009.0,1108.0,167.0
250092055001,10,173,0,10,7,17,0,15,45,1,278,714,,,,,,,2.0,2.0,,,,3.0,,5.0,,98.0,,1.0,,,25009.0,111.0,167.0
250092055002,17,260,5,47,13,179,3,34,47,34,639,939,,,,10.0,,3.0,237.0,34.0,,45.0,,2.0,,4.0,,589.0,1.0,13.0,17.0,,25009.0,955.0,-316.0
250092056001,8,81,28,1,0,10,0,2,26,1,157,466,,,,,,,2.0,,,,,,,,,11.0,,,,,25009.0,13.0,144.0
250092056002,7,7,2,0,2,14,0,0,25,1,58,457,,,,2.0,,,8.0,,,,,,,,,7.0,,5.0,,,25009.0,22.0,36.0
250092056003,10,200,14,1,3,11,0,12,25,4,280,596,,,,,,3.0,3.0,,,,9.0,,,,,10.0,3.0,2.0,,,25009.0,30.0,250.0
250092056004,0,6,0,0,1,19,0,0,6,4,36,265,,,,2.0,,,,,,,,2.0,,4.0,,3.0,,25.0,,,25009.0,36.0,0.0
250092057001,3,13,1,3,6,22,0,0,105,2,155,308,,,85.0,2.0,,18.0,4.0,,,,,,,4.0,,8.0,,10.0,,,25009.0,131.0,24.0
250092057002,1,30,0,1,1,8,0,1,10,1,53,353,,,,,3.0,,,,,,,,,,,8.0,,,,,25009.0,11.0,42.0
250092057003,1,25,1,2,6,17,0,14,31,0,97,361,,,,2.0,,,2.0,,,,,5.0,,,,60.0,,,3.0,,25009.0,72.0,25.0
250092057004,2,45,0,0,2,2,0,5,9,0,65,312,,,,25.0,,,,,,,,,,,,4.0,,,,,25009.0,29.0,36.0
250092057005,9,29,0,5,10,28,9,46,34,33,203,408,,,,5.0,,,26.0,1.0,,,,,,2.0,,1.0,,,,,25009.0,35.0,168.0
250092058001,14,33,3,147,14,377,0,15,75,9,687,368,,,,8.0,409.0,,12.0,,,,,2.0,,24.0,,1.0,,3.0,9.0,374.0,25009.0,842.0,-155.0
250092058002,1,24,3,0,10,24,7,4,25,1,99,350,,,,,,,28.0,2.0,,,,,,,,8.0,,26.0,,,25009.0,64.0,35.0
250092058003,23,74,56,5,20,74,72,45,46,35,450,491,,,,4.0,54.0,47.0,30.0,12.0,,24.0,,,,,,7.0,,27.0,16.0,,25009.0,221.0,229.0
250092059001,2,47,0,1,5,6,1,5,22,10,99,580,,,,14.0,11.0,,4.0,4.0,,,,,,2.0,,50.0,,,7.0,,25009.0,92.0,7.0
250092059002,4,52,10,0,5,9,0,10,17,1,108,425,,,,10.0,,,,,,,,,,,,24.0,,1.0,2.0,,25009.0,37.0,71.0
250092059003,8,69,2,1,3,9,0,12,25,4,133,491,,,,,,,,,,,,,,2.0,,10.0,,,,,25009.0,12.0,121.0
250092060001,7,77,32,3,12,13,0,22,27,6,199,465,,,,14.0,,,6.0,,,,,,,,,149.0,,25.0,7.0,,25009.0,201.0,-2.0
250092060002,16,91,30,0,8,58,33,26,63,15,340,663,,,,11.0,49.0,,5.0,2.0,,10.0,6.0,6.0,,2.0,,79.0,,19.0,12.0,,25009.0,201.0,139.0
250092061001,13,337,36,146,11,80,2,18,151,30,824,909,,,,6.0,58.0,,54.0,,70.0,4.0,1.0,14.0,,9.0,,87.0,18.0,88.0,35.0,436.0,25009.0,880.0,-56.0
250092061002,7,46,4,0,4,16,0,5,35,7,124,662,,,,,,,3.0,,,,,6.0,,3.0,,23.0,,,,,25009.0,35.0,89.0
250092062001,1,99,3,0,3,3,0,2,16,3,130,321,,,,,,,,14.0,,,,,,2.0,,12.0,,,,,25009.0,28.0,102.0
250092062002,3,12,0,0,2,5,0,3,7,13,45,758,,,,2.0,,,,2.0,,,,,,2.0,,11.0,,,20.0,,25009.0,37.0,8.0
250092062003,5,145,1,2,9,18,0,3,23,1,207,560,,,,1.0,,,1.0,,,,,,,,308.0,12.0,,1.0,3.0,,25009.0,326.0,-119.0
250092063001,8,240,4,0,7,6,0,15,12,0,292,240,,,,5.0,,,58.0,,,,,,,,,3.0,,,,,25009.0,66.0,226.0
250092063002,14,100,53,0,7,9,2,20,35,2,242,299,,,,26.0,,,1.0,,,,,,,15.0,,10.0,,,1.0,,25009.0,53.0,189.0
250092063003,6,14,9,0,9,7,0,18,35,5,103,372,,,,2.0,,,,6.0,,,,3.0,,,,12.0,,,,,25009.0,23.0,80.0
250092063004,1,6,4,0,2,5,0,3,9,0,30,357,,,,,,1.0,2.0,,,,1.0,,,5.0,,13.0,,,2.0,,25009.0,24.0,6.0
250092064001,1,117,2,0,3,11,1,2,21,0,158,351,,,,10.0,,,5.0,12.0,,,,,,,,15.0,,,,,25009.0,42.0,116.0
250092064002,26,119,0,0,15,29,3,19,54,6,271,712,,,,11.0,,,11.0,,,,,,,,1.0,26.0,,,16.0,,25009.0,65.0,206.0
250092064003,3,19,0,1,5,22,0,7,15,3,75,402,,,,,,,9.0,1.0,,1.0,,,,1.0,,5.0,,5.0,,,25009.0,22.0,53.0
250092064004,5,212,8,3,4,6,0,6,22,4,270,476,,,,6.0,,,,,,,,,,,,233.0,,,,,25009.0,239.0,31.0
250092065001,13,159,0,0,11,7,12,19,36,7,264,320,,,,17.0,39.0,,,,,,,,,8.0,,77.0,,16.0,3.0,,25009.0,160.0,104.0
250092065002,1,32,6,1,6,27,1,11,10,2,97,409,,,,,,,6.0,7.0,,,,,,,4.0,6.0,,13.0,2.0,,25009.0,38.0,59.0
250092065003,4,39,4,12,8,41,7,17,27,7,166,377,,,,,,,29.0,,,,,,,,,14.0,,22.0,17.0,,25009.0,82.0,84.0
250092066001,14,25,8,0,4,28,35,1,92,48,255,521,,,,30.0,36.0,12.0,6.0,7.0,,,,1.0,,89.0,,19.0,,97.0,,,25009.0,297.0,-42.0
250092066002,2,26,2,0,10,11,0,10,32,6,99,363,,,,,,,8.0,,,,,2.0,,,,29.0,,,,,25009.0,39.0,60.0
250092066003,7,59,0,0,7,30,6,10,29,3,151,530,,,,,,,12.0,11.0,5.0,,,9.0,,1.0,,29.0,,10.0,1.0,,25009.0,78.0,73.0
250092066004,4,51,21,0,6,25,0,15,44,1,167,621,,,,1.0,,,,,,,11.0,1.0,,,,29.0,,13.0,,,25009.0,55.0,112.0
250092067001,5,29,6,1,7,22,4,28,26,2,130,577,,,,,,,3.0,,,,2.0,13.0,,,,40.0,,15.0,8.0,,25009.0,81.0,49.0
250092067002,2,58,0,0,2,15,1,3,26,12,119,428,,,,4.0,,,,,,,,,1.0,,,66.0,,,,,25009.0,71.0,48.0
250092067003,2,38,3,0,0,7,1,1,7,6,65,296,,,,,,,15.0,,,,6.0,,,,,33.0,,,,,25009.0,54.0,11.0
250092067004,10,305,9,0,11,10,1,8,34,6,394,857,,,,,,,2.0,,2.0,,,8.0,,,10.0,438.0,,,,,25009.0,460.0,-66.0
250092068001,5,651,76,29,28,90,0,33,108,10,1030,680,,,,,1.0,,27.0,,,,8.0,15.0,,13.0,4.0,1113.0,,4.0,7.0,,25009.0,1192.0,-162.0
250092068002,31,843,254,207,82,209,20,100,215,484,2445,1548,,,,11.0,2.0,9.0,109.0,,51.0,843.0,39.0,27.0,,188.0,,954.0,16.0,96.0,80.0,542.0,25009.0,2967.0,-522.0
250092069001,5,179,63,6,268,47,37,8,138,64,815,835,,,,,41.0,,12.0,,,13.0,2.0,45.0,,4.0,9.0,494.0,,26.0,35.0,,25009.0,681.0,134.0
250092069002,3,69,10,0,5,26,2,24,45,12,196,993,,,,,,,84.0,,,,,2.0,,6.0,,131.0,,94.0,,57.0,25009.0,374.0,-178.0
250092069003,10,212,22,4,15,118,1,457,70,16,925,990,,,,,,,,,,1.0,6.0,,7.0,,227.0,495.0,12.0,88.0,10.0,,25009.0,846.0,79.0
250092070001,44,1049,572,79,89,417,148,108,200,100,2806,889,,,,39.0,422.0,66.0,229.0,41.0,114.0,58.0,19.0,209.0,9.0,408.0,35.0,1478.0,7.0,114.0,60.0,255.0,25009.0,3563.0,-757.0
250092070002,4,57,14,1,9,13,0,3,38,3,142,453,,,,1.0,3.0,,9.0,,,,,45.0,,,,20.0,,12.0,3.0,,25009.0,93.0,49.0
250092071001,8,89,15,2,15,63,2,42,63,45,344,442,,,,23.0,,5.0,40.0,,,12.0,26.0,6.0,,,1084.0,3.0,,94.0,17.0,,25009.0,1310.0,-966.0
250092071002,30,18,14,0,5,19,12,6,24,16,144,295,,,,47.0,14.0,1.0,19.0,,,,,,,26.0,,41.0,,4.0,3.0,,25009.0,155.0,-11.0
250092071003,1,12,2,0,1,13,0,5,7,2,43,339,,,,,,,6.0,2.0,,,,,,,,6.0,,,13.0,,25009.0,27.0,16.0
250092072001,60,296,38,64,78,491,3512,124,320,225,5208,793,,,42.0,175.0,3540.0,213.0,637.0,171.0,,16.0,32.0,205.0,6.0,40.0,,43.0,21.0,133.0,129.0,,25009.0,5403.0,-195.0
250092072002,1,303,27,10,7,28,1,2,81,78,538,780,,,,17.0,,5.0,7.0,,,,12.0,,,,,36.0,,,130.0,,25009.0,207.0,331.0
250092081011,6,30,2,0,7,22,0,1,26,5,99,348,,,,2.0,,,12.0,,,,,,,2.0,,,,5.0,2.0,,25009.0,23.0,76.0
250092081012,59,74,44,5,19,70,5,44,120,52,492,678,,,,49.0,,,7.0,9.0,,4.0,,17.0,,24.0,,18.0,,19.0,31.0,70.0,25009.0,248.0,244.0
250092081013,9,138,1,0,9,42,3,22,34,3,261,402,,,,4.0,2.0,,,,435.0,,,,,12.0,,119.0,,18.0,10.0,,25009.0,600.0,-339.0
250092081014,3,23,16,1,13,56,1,1,44,7,165,537,,,,23.0,1.0,,3.0,1.0,,,,,,,,1.0,,29.0,33.0,,25009.0,91.0,74.0
250092081021,22,73,5,1,21,61,9,11,70,61,334,294,,,,91.0,15.0,4.0,6.0,,,,,,,47.0,,55.0,17.0,34.0,15.0,,25009.0,284.0,50.0
250092081022,17,57,58,0,10,42,3,26,50,6,269,336,,,,1.0,,10.0,10.0,,,24.0,3.0,9.0,,,,67.0,,20.0,14.0,,25009.0,158.0,111.0
250092081023,5,16,10,1,8,24,5,8,23,1,101,283,,,,15.0,,,17.0,,,,,,,29.0,,9.0,8.0,,,,25009.0,78.0,23.0
250092081024,26,146,8,0,17,38,0,7,69,9,320,313,,,,35.0,1.0,,2.0,4.0,,,,,,25.0,,83.0,8.0,14.0,21.0,,25009.0,193.0,127.0
250092082001,14,121,38,148,19,83,12,34,113,36,618,472,,,,29.0,,2.0,5.0,,,18.0,,4.0,,,2.0,71.0,,7.0,29.0,,25009.0,167.0,451.0
250092082002,7,40,1,1,9,19,2,27,40,3,149,341,,,,23.0,,,,,,,,,,,,37.0,,,,,25009.0,60.0,89.0
250092082003,29,516,28,289,27,107,6,27,116,51,1196,918,,,,23.0,3.0,9.0,116.0,23.0,11.0,4.0,4.0,13.0,,,3.0,55.0,,2.0,13.0,10.0,25009.0,289.0,907.0
250092082004,18,146,5,3,47,235,7,32,193,148,834,546,,,,21.0,3.0,33.0,397.0,9.0,,,3.0,5.0,,5.0,,4.0,58.0,74.0,8.0,,25009.0,620.0,214.0
250092083001,26,139,28,2,30,229,23,5,108,10,600,418,,,,9.0,37.0,23.0,73.0,,7.0,,2.0,45.0,1.0,77.0,,43.0,,490.0,26.0,,25009.0,833.0,-233.0
250092083002,25,63,6,1,24,34,4,6,75,65,303,834,,,,6.0,,,,14.0,7.0,,2.0,,,5.0,,13.0,,,5.0,,25009.0,52.0,251.0
250092083003,11,58,10,0,11,59,40,2,36,16,243,492,,,,56.0,51.0,11.0,15.0,5.0,,3.0,,4.0,,6.0,,18.0,23.0,36.0,16.0,188.0,25009.0,432.0,-189.0
250092083004,44,624,36,30,57,788,53,115,217,20,1984,1158,,,,42.0,51.0,20.0,808.0,4.0,26.0,3.0,8.0,9.0,,21.0,509.0,65.0,25.0,682.0,113.0,,25009.0,2386.0,-402.0
250092084001,33,103,91,2,42,552,25,11,147,47,1053,565,,,,29.0,,26.0,392.0,5.0,,42.0,6.0,152.0,,46.0,3.0,34.0,21.0,320.0,37.0,,25009.0,1113.0,-60.0
250092084002,28,117,39,30,165,404,43,58,214,44,1142,696,,,,13.0,3.0,36.0,647.0,58.0,116.0,41.0,19.0,38.0,,6.0,2.0,83.0,35.0,301.0,66.0,,25009.0,1464.0,-322.0
250092084003,24,56,0,3,23,53,33,5,83,8,288,458,,,,27.0,,1.0,3.0,,,,3.0,,,,,9.0,,,6.0,,25009.0,49.0,239.0
250092084004,49,197,67,1,115,921,3,93,188,46,1680,1050,,,,81.0,39.0,11.0,1679.0,7.0,31.0,22.0,8.0,26.0,48.0,25.0,,138.0,5.0,352.0,126.0,,25009.0,2598.0,-918.0
250092091001,13,21,1,0,7,18,0,2,20,7,89,488,,,,33.0,26.0,4.0,,,,,2.0,3.0,,2.0,,4.0,,6.0,3.0,,25009.0,83.0,6.0
250092091002,16,127,14,1,9,25,2,15,42,11,262,290,,,7.0,167.0,,17.0,,,,9.0,2.0,,,,9.0,66.0,,3.0,2.0,4.0,25009.0,286.0,-24.0
250092091003,9,56,81,0,1,40,0,6,17,13,223,573,,,,5.0,,9.0,22.0,7.0,3.0,8.0,5.0,11.0,,5.0,,26.0,4.0,12.0,4.0,,25009.0,121.0,102.0
250092091004,8,79,6,0,4,5,0,1,18,5,126,401,,,,9.0,2.0,3.0,2.0,,,,7.0,12.0,,2.0,,44.0,,,,,25009.0,81.0,45.0
250092091005,359,409,445,4,121,590,131,11,666,86,2822,1017,,,,40.0,1.0,18.0,1135.0,497.0,41.0,141.0,47.0,274.0,123.0,413.0,79.0,161.0,113.0,805.0,145.0,,25009.0,4033.0,-1211.0
250092092001,2,13,0,0,5,10,0,8,18,3,59,417,,,,72.0,,,1.0,,,4.0,,5.0,2.0,,,,,6.0,,,25009.0,90.0,-31.0
250092092002,23,222,33,93,38,34,0,8,79,12,542,546,,,,160.0,,,,,9.0,,3.0,32.0,,41.0,169.0,3.0,6.0,,6.0,291.0,25009.0,720.0,-178.0
250092092003,11,18,20,3,2,21,0,1,34,7,117,504,,,6.0,18.0,,1.0,21.0,,1.0,20.0,2.0,7.0,,6.0,,6.0,,8.0,14.0,,25009.0,110.0,7.0
250092092004,14,18,19,0,10,35,2,9,63,1,171,534,,,,8.0,,1.0,8.0,,1.0,2.0,2.0,36.0,,,,21.0,22.0,,5.0,,25009.0,106.0,65.0
250092101001,34,181,9,10,37,96,2,24,135,17,545,1079,,,,14.0,,2.0,20.0,10.0,1.0,,,8.0,,9.0,29.0,57.0,,25.0,19.0,,25009.0,194.0,351.0
250092101002,35,183,7,3,30,396,1,26,164,12,857,561,,,,1.0,9.0,1.0,177.0,,,24.0,,5.0,,3.0,,64.0,,25.0,28.0,,25009.0,337.0,520.0
250092101003,25,156,7,1,24,62,3,6,98,13,395,577,,,,23.0,1.0,3.0,1.0,,,3.0,,4.0,,32.0,,23.0,,,10.0,,25009.0,100.0,295.0
250092101004,18,121,4,1,23,46,0,8,103,13,337,537,,,,17.0,,1.0,,,,,1.0,,,5.0,,20.0,,,,,25009.0,44.0,293.0
250092102001,35,764,24,2,37,199,24,64,220,59,1428,539,5.0,,,5.0,7.0,2.0,34.0,2.0,1.0,4.0,,51.0,,7.0,836.0,280.0,159.0,10.0,18.0,,25009.0,1421.0,7.0
250092102002,34,184,47,0,48,188,4,62,248,192,1007,831,,,,62.0,,2.0,128.0,,,25.0,10.0,39.0,,12.0,,27.0,,172.0,58.0,,25009.0,535.0,472.0
250092102003,34,191,7,2,27,56,2,15,120,28,482,809,,,,11.0,,2.0,10.0,,,,2.0,,,10.0,,4.0,,,4.0,,25009.0,43.0,439.0
250092103001,27,1173,256,6,103,234,12,79,660,134,2684,786,2.0,,,3.0,12.0,6.0,2449.0,21.0,101.0,107.0,31.0,125.0,277.0,417.0,18.0,1280.0,,999.0,141.0,,25009.0,5989.0,-3305.0
250092103002,94,1827,134,19,86,542,35,114,431,138,3420,2626,,,,65.0,92.0,28.0,519.0,25.0,14.0,24.0,53.0,13.0,,295.0,,854.0,,321.0,85.0,20.0,25009.0,2408.0,1012.0
250092103003,86,617,89,54,110,543,328,16,362,145,2350,1414,,,31.0,56.0,114.0,262.0,222.0,207.0,1.0,51.0,35.0,61.0,,144.0,7.0,342.0,238.0,549.0,24.0,,25009.0,2344.0,6.0
250092104001,19,72,13,64,12,39,0,5,82,8,314,801,,,81.0,6.0,5.0,1.0,2.0,,,,,,14.0,,,3.0,,,8.0,,25009.0,120.0,194.0
250092104002,90,52,61,0,17,59,56,25,79,111,550,485,,,,113.0,99.0,82.0,6.0,13.0,,,23.0,1.0,,,,26.0,8.0,22.0,16.0,,25009.0,409.0,141.0
250092104003,51,625,16,200,76,407,4,13,275,25,1692,1097,,,1.0,22.0,10.0,23.0,478.0,8.0,26.0,,2.0,11.0,,24.0,,144.0,,,4.0,,25009.0,753.0,939.0
250092104004,85,807,163,6,111,441,1701,15,1056,2135,6520,689,,,,140.0,1625.0,625.0,307.0,313.0,1.0,174.0,25.0,815.0,,62.0,55.0,402.0,2.0,147.0,173.0,,25009.0,4866.0,1654.0
250092105001,36,113,28,1,21,113,73,16,62,38,501,419,,,,57.0,,20.0,136.0,3.0,,9.0,,11.0,,7.0,2.0,17.0,,130.0,10.0,,25009.0,402.0,99.0
250092105002,15,83,11,1,27,53,3,46,127,10,376,899,,,,5.0,2.0,3.0,5.0,7.0,1.0,,,26.0,,9.0,,31.0,,3.0,23.0,,25009.0,115.0,261.0
250092105003,12,58,4,0,17,27,0,12,69,4,203,522,1.0,,,1.0,,,4.0,4.0,,,,5.0,,,,24.0,,,11.0,,25009.0,50.0,153.0
250092105004,12,399,2,1,10,19,1,6,67,7,524,584,,,,,,,,,1.0,,,,,7.0,,381.0,,,,,25009.0,389.0,135.0
250092106001,75,212,11,1,24,87,214,47,64,55,790,697,,,,50.0,200.0,29.0,24.0,,15.0,3.0,,2.0,,9.0,14.0,223.0,32.0,24.0,26.0,132.0,25009.0,783.0,7.0
250092106002,28,27,16,0,19,21,1,22,34,3,171,267,,,,34.0,,,5.0,,,8.0,,1.0,,,,4.0,,1.0,53.0,,25009.0,106.0,65.0
250092106003,18,198,10,27,36,55,2,67,137,18,568,510,,,,5.0,,,,,,,,4.0,,,,13.0,8.0,4.0,,,25009.0,34.0,534.0
250092106004,15,35,7,0,17,15,0,3,41,5,138,245,,,,14.0,,,3.0,,,,,,,,,19.0,,,,,25009.0,36.0,102.0
250092107001,23,118,7,1,19,77,0,21,88,7,361,532,,,,,,,17.0,,,,,5.0,16.0,3.0,,29.0,,48.0,,,25009.0,118.0,243.0
250092107002,37,148,71,115,34,120,3,60,146,20,754,440,,,,34.0,15.0,,53.0,,,20.0,7.0,17.0,,3.0,,226.0,,82.0,53.0,181.0,25009.0,691.0,63.0
250092107003,20,169,7,1,12,54,42,52,77,54,488,516,,,,26.0,19.0,,2.0,15.0,,,,,,3.0,,19.0,,18.0,43.0,,25009.0,145.0,343.0
250092107004,15,76,3,0,20,28,2,10,81,14,249,283,,,,3.0,,,,30.0,,,,,,7.0,,1.0,,,,,25009.0,41.0,208.0
250092108001,21,76,20,1,24,84,79,39,53,14,411,603,,,,19.0,60.0,,54.0,10.0,3.0,27.0,,2.0,,,,18.0,22.0,10.0,4.0,,25009.0,229.0,182.0
250092108002,81,84,226,1,98,170,57,70,221,138,1146,664,,,,63.0,33.0,47.0,348.0,3.0,72.0,73.0,5.0,14.0,,21.0,,7.0,1.0,80.0,107.0,,25009.0,874.0,272.0
250092108003,52,105,75,223,36,66,16,42,114,10,739,1367,,,,91.0,12.0,3.0,47.0,1.0,3.0,9.0,96.0,6.0,,1.0,,39.0,,10.0,5.0,115.0,25009.0,438.0,301.0
250092109001,28,292,11,4,18,32,2,17,109,9,522,525,,,,9.0,,,1.0,,,,,,,,,53.0,,7.0,2.0,,25009.0,72.0,450.0
250092109002,10,22,0,2,5,27,3,3,36,6,114,368,,,,9.0,2.0,,1.0,,2.0,,,,,8.0,,,,10.0,,,25009.0,32.0,82.0
250092109003,26,157,31,46,17,51,2,17,148,10,505,822,,,,10.0,,,3.0,,,,,,,40.0,,20.0,,22.0,54.0,12.0,25009.0,161.0,344.0
250092111001,4,35,0,0,14,15,6,2,369,10,455,336,,,,,4.0,,6.0,,,,,31.0,,,,35.0,,3.0,,,25009.0,79.0,376.0
250092111002,14,309,26,6,12,128,1,37,39,18,590,466,2.0,,,42.0,,2.0,16.0,,2.0,,,19.0,55.0,37.0,7.0,292.0,26.0,138.0,7.0,,25009.0,645.0,-55.0
250092111003,18,14,7,2,11,69,14,93,31,0,259,433,,,,,18.0,,8.0,6.0,,,,2.0,,10.0,,117.0,9.0,61.0,10.0,,25009.0,241.0,18.0
250092111004,65,190,5,1,29,261,91,38,92,74,846,437,,,,112.0,143.0,25.0,917.0,17.0,,4.0,,13.0,,,,340.0,34.0,52.0,91.0,,25009.0,1748.0,-902.0
250092112001,7,143,267,59,12,58,52,8,43,23,672,501,,,83.0,8.0,23.0,10.0,68.0,,,100.0,14.0,16.0,,3.0,,10.0,,,29.0,,25009.0,364.0,308.0
250092112002,101,373,146,101,139,1195,25,92,181,81,2434,709,,5.0,,124.0,68.0,17.0,1551.0,94.0,119.0,70.0,13.0,109.0,,146.0,8.0,658.0,83.0,597.0,113.0,78.0,25009.0,3853.0,-1419.0
250092112003,47,430,23,82,133,48,12,11,315,30,1131,785,,,1.0,105.0,95.0,4.0,87.0,,380.0,28.0,,167.0,14.0,12.0,3.0,691.0,193.0,87.0,89.0,274.0,25009.0,2230.0,-1099.0
250092112004,66,259,49,26,31,284,51,67,182,164,1179,940,,,,125.0,111.0,18.0,243.0,11.0,8.0,36.0,1.0,73.0,,12.0,11.0,275.0,,147.0,64.0,84.0,25009.0,1219.0,-40.0
250092113001,36,176,22,1,17,47,753,11,262,27,1352,856,,,,1.0,908.0,110.0,7.0,45.0,36.0,9.0,,491.0,12.0,198.0,,184.0,52.0,,6.0,,25009.0,2059.0,-707.0
250092113002,8,223,4,0,3,6,0,1,21,1,267,581,,,,1.0,,1.0,,,,,2.0,2.0,,16.0,,99.0,,,2.0,,25009.0,123.0,144.0
250092113003,19,674,14,13,15,30,0,8,70,24,867,1168,,,,39.0,6.0,5.0,16.0,4.0,2.0,,,17.0,,6.0,338.0,411.0,,,10.0,,25009.0,854.0,13.0
250092114011,161,1498,614,1064,95,835,416,54,1010,202,5949,1915,8.0,,,229.0,324.0,173.0,907.0,10.0,32.0,493.0,367.0,494.0,169.0,486.0,975.0,1035.0,26.0,548.0,164.0,203.0,25009.0,6643.0,-694.0
250092114021,18,307,24,2,16,107,20,8,136,48,686,491,1.0,,,30.0,7.0,19.0,180.0,21.0,,4.0,3.0,57.0,,31.0,,76.0,,92.0,17.0,,25009.0,538.0,148.0
250092114022,95,427,319,1,67,1226,92,82,463,344,3116,860,29.0,,,212.0,480.0,236.0,1224.0,141.0,6.0,38.0,12.0,165.0,,97.0,18.0,1753.0,105.0,298.0,96.0,,25009.0,4910.0,-1794.0
250092114023,17,146,22,0,11,37,30,20,61,16,360,913,,,,51.0,68.0,1.0,10.0,,,30.0,4.0,45.0,,1015.0,,5.0,,56.0,10.0,11.0,25009.0,1306.0,-946.0
250092114024,1,19,1,0,3,7,0,7,13,1,52,383,,,,10.0,,3.0,,1.0,,,4.0,1.0,,,,50.0,,4.0,,,25009.0,73.0,-21.0
250092121001,74,117,34,22,25,125,17,13,104,42,573,529,,,14.0,227.0,10.0,31.0,21.0,16.0,1.0,1.0,10.0,33.0,,25.0,18.0,7.0,,17.0,12.0,,25009.0,443.0,130.0
250092121002,45,277,41,72,46,91,18,20,150,40,800,872,,,,63.0,8.0,25.0,44.0,,16.0,20.0,13.0,5.0,,8.0,170.0,20.0,,14.0,11.0,102.0,25009.0,519.0,281.0
250092121003,105,320,32,5,28,156,226,56,203,44,1175,875,,,,227.0,202.0,88.0,693.0,15.0,,21.0,2.0,29.0,,348.0,,122.0,23.0,282.0,75.0,,25009.0,2127.0,-952.0
250092121004,78,468,150,292,71,724,58,54,1293,121,3309,1114,,,,91.0,201.0,131.0,176.0,3.0,61.0,51.0,31.0,141.0,14.0,19.0,33.0,335.0,92.0,51.0,34.0,534.0,25009.0,1998.0,1311.0
250092131001,21,92,7,7,8,10,6,16,10,11,188,865,,,,27.0,3.0,2.0,,1.0,12.0,8.0,2.0,18.0,,3.0,64.0,2.0,,16.0,26.0,185.0,25009.0,369.0,-181.0
250092131002,15,199,9,0,6,1,58,0,15,2,305,672,,,,10.0,,,,9.0,,3.0,1.0,4.0,,7.0,335.0,7.0,,,11.0,,25009.0,387.0,-82.0
250092131003,41,20,0,3,6,26,12,22,21,9,160,928,,,,29.0,12.0,6.0,16.0,3.0,4.0,,,15.0,,42.0,,21.0,16.0,,12.0,,25009.0,176.0,-16.0
250092131004,7,7,2,0,0,0,0,4,8,1,29,344,6.0,,,13.0,,,,,,,2.0,12.0,,1.0,,1.0,,,1.0,,25009.0,36.0,-7.0
250092131005,21,92,2,26,2,31,0,3,24,3,204,976,3.0,,,35.0,,4.0,1.0,,6.0,1.0,4.0,87.0,,,19.0,9.0,3.0,5.0,4.0,66.0,25009.0,247.0,-43.0
250092141001,42,334,25,10,137,97,107,28,289,28,1097,645,,,,126.0,96.0,18.0,42.0,,,1.0,4.0,78.0,,31.0,,173.0,3.0,58.0,59.0,23.0,25009.0,712.0,385.0
250092141002,49,292,199,65,139,294,44,38,225,68,1413,560,,,,126.0,22.0,56.0,38.0,,25.0,52.0,9.0,87.0,1.0,33.0,166.0,570.0,25.0,19.0,42.0,84.0,25009.0,1355.0,58.0
250092141003,58,222,81,3,111,94,31,17,282,178,1077,900,,,,61.0,26.0,103.0,7.0,,,,,105.0,,16.0,,41.0,12.0,20.0,17.0,2.0,25009.0,410.0,667.0
250092141004,11,103,21,0,56,36,7,8,100,23,365,306,,,,4.0,,,,,1.0,1.0,1.0,16.0,,5.0,,70.0,,,1.0,,25009.0,99.0,266.0
250092151011,23,143,6,4,36,59,4,9,139,12,435,774,,,,6.0,,4.0,,1.0,1.0,2.0,1.0,10.0,1.0,18.0,2.0,21.0,,,24.0,,25009.0,91.0,344.0
250092151012,28,628,10,24,45,157,14,36,231,42,1215,749,16.0,,,28.0,,3.0,,,16.0,,1.0,5.0,,1.0,393.0,3.0,104.0,9.0,8.0,43.0,25009.0,630.0,585.0
250092151013,16,181,6,93,18,119,3,10,91,24,561,300,,,,2.0,,7.0,59.0,,,5.0,2.0,9.0,,4.0,7.0,35.0,,64.0,12.0,35.0,25009.0,241.0,320.0
250092151021,17,99,1,1,36,81,5,9,119,14,382,232,16.0,,,14.0,,,,,1.0,,,,,,,,,,9.0,,25009.0,40.0,342.0
250092151022,3,46,3,0,20,18,8,13,77,7,195,301,,,,4.0,,3.0,,,,,,2.0,,,,,,,3.0,,25009.0,12.0,183.0
250092151023,31,270,7,2,35,78,4,16,128,12,583,343,4.0,,,1.0,10.0,11.0,4.0,,,,1.0,11.0,,1.0,105.0,10.0,,7.0,10.0,,25009.0,175.0,408.0
250092151024,16,272,42,6,31,120,6,29,152,44,718,290,,,,9.0,,5.0,34.0,,,16.0,1.0,54.0,,14.0,,89.0,,70.0,8.0,2.0,25009.0,302.0,416.0
250092161001,25,360,29,36,45,124,10,10,182,17,838,454,,,,38.0,,5.0,22.0,,20.0,1.0,2.0,24.0,,,50.0,3.0,31.0,14.0,9.0,73.0,25009.0,292.0,546.0
250092161002,21,154,18,1,53,69,7,31,130,21,505,715,,,,17.0,,1.0,14.0,,,4.0,2.0,3.0,,4.0,2.0,12.0,1.0,17.0,7.0,,25009.0,84.0,421.0
250092161003,31,523,23,4,50,106,5,16,178,26,962,391,5.0,,3.0,11.0,,2.0,7.0,,,,3.0,6.0,,1.0,796.0,22.0,10.0,8.0,23.0,,25009.0,897.0,65.0
250092171001,168,608,330,26,124,1045,687,81,436,66,3571,1472,1.0,,20.0,198.0,915.0,10.0,654.0,87.0,35.0,803.0,108.0,360.0,21.0,58.0,253.0,294.0,14.0,546.0,124.0,1.0,25009.0,4502.0,-931.0
250092171002,34,175,18,67,155,143,120,11,125,42,890,1058,,,,17.0,10.0,167.0,51.0,1.0,184.0,,,81.0,3.0,44.0,,72.0,133.0,3.0,15.0,,25009.0,781.0,109.0
250092171003,25,1124,12,26,32,72,1,73,95,22,1482,841,,,,2.0,,,43.0,,14.0,,,17.0,25.0,31.0,2.0,3304.0,,23.0,475.0,,25009.0,3936.0,-2454.0
250092172011,14,23,12,0,6,21,3,8,29,0,116,462,,,,20.0,,9.0,,,,,,,,4.0,,37.0,,,8.0,21.0,25009.0,99.0,17.0
250092172012,4,11,13,1,4,94,0,5,16,0,148,440,,,,,,,192.0,,,,,2.0,,8.0,,18.0,,,,,25009.0,220.0,-72.0
250092172013,7,125,38,0,7,43,0,28,28,6,282,924,,,,6.0,,,3.0,,,,12.0,,,,121.0,43.0,2.0,,8.0,,25009.0,195.0,87.0
250092172021,6,86,19,1,11,31,4,6,26,10,200,414,,,,3.0,8.0,,19.0,,,9.0,9.0,3.0,,,,90.0,6.0,28.0,12.0,,25009.0,187.0,13.0
250092172022,11,10,10,0,3,9,0,4,25,1,73,323,,,,10.0,,,,,,,,2.0,,,,2.0,,,,,25009.0,14.0,59.0
250092172023,6,9,3,0,4,2,0,6,17,1,48,283,,,,17.0,,,,,,,,,,4.0,,3.0,,,6.0,,25009.0,30.0,18.0
250092172024,8,15,0,1,3,11,0,11,19,5,73,433,8.0,,,,,1.0,7.0,,,,,1.0,,1.0,1.0,7.0,,,,,25009.0,26.0,47.0
250092173001,69,3212,623,88,146,110,556,6,1440,808,7058,457,,,1.0,24.0,320.0,234.0,140.0,52.0,504.0,108.0,81.0,954.0,49.0,829.0,100.0,2208.0,23.0,66.0,55.0,,25009.0,5748.0,1310.0
250092173002,12,256,17,9,10,29,0,22,45,14,414,424,,,,4.0,,,2.0,,,4.0,,4.0,,49.0,63.0,83.0,,4.0,25.0,,25009.0,238.0,176.0
250092173003,100,256,75,72,39,284,74,71,219,207,1397,725,,,,36.0,100.0,22.0,267.0,12.0,3.0,17.0,,21.0,15.0,9.0,5.0,20.0,4.0,149.0,53.0,,25009.0,733.0,664.0
250092173004,15,476,3,0,22,78,329,13,22,122,1080,319,,,,5.0,468.0,43.0,,25.0,5.0,1.0,,360.0,,12.0,506.0,79.0,99.0,25.0,8.0,,25009.0,1636.0,-556.0
250092173005,15,165,14,1,11,59,7,8,41,20,341,517,,,,5.0,6.0,,17.0,,,5.0,,8.0,,,492.0,9.0,,12.0,4.0,,25009.0,558.0,-217.0
250092174001,19,203,108,0,22,83,8,47,60,6,556,390,,,,7.0,,,30.0,,,52.0,2.0,3.0,17.0,2.0,,55.0,34.0,130.0,23.0,,25009.0,355.0,201.0
250092174002,33,270,21,23,9,114,7,54,144,5,680,1153,,,,5.0,,2.0,71.0,,3.0,,6.0,32.0,,71.0,,71.0,2.0,117.0,50.0,,25009.0,430.0,250.0
250092174003,12,88,25,19,27,84,9,29,138,30,461,690,,,,13.0,10.0,1.0,45.0,,,1.0,,4.0,,2.0,,4.0,23.0,40.0,1.0,1.0,25009.0,145.0,316.0
250092174004,84,235,36,1,39,238,78,70,173,64,1018,1347,,,471.0,9.0,32.0,24.0,115.0,4.0,,,35.0,17.0,,25.0,,42.0,11.0,183.0,71.0,,25009.0,1039.0,-21.0
250092175001,18,18,18,1,5,40,0,1,20,11,132,368,,,,6.0,,2.0,3.0,14.0,8.0,,2.0,5.0,,8.0,,8.0,,7.0,,,25009.0,63.0,69.0
250092175002,8,22,9,3,9,10,0,13,58,0,132,485,,,,,2.0,2.0,13.0,,,6.0,,,,,,7.0,93.0,,,,25009.0,123.0,9.0
250092175003,1,23,9,1,9,12,4,5,23,4,91,419,,,,6.0,,2.0,3.0,,,11.0,,1.0,,2.0,,2.0,,,2.0,,25009.0,29.0,62.0
250092175004,10,19,2,0,7,23,0,22,90,0,173,284,,,,3.0,,,5.0,,,,,,,,,17.0,,39.0,10.0,,25009.0,74.0,99.0
250092175005,11,49,17,2,15,30,3,16,81,18,242,535,,,,2.0,,,10.0,,,,1.0,11.0,,,20.0,,,,30.0,,25009.0,74.0,168.0
250092175006,20,499,66,195,68,86,71,55,202,15,1277,758,,,,86.0,10.0,5.0,22.0,2.0,63.0,31.0,6.0,45.0,,9.0,103.0,80.0,,65.0,123.0,326.0,25009.0,976.0,301.0
250092176001,23,183,20,0,14,35,17,7,67,5,371,924,,,,34.0,14.0,9.0,,,,31.0,,8.0,,6.0,2.0,84.0,,,104.0,,25009.0,292.0,79.0
250092176002,15,81,4,7,19,20,0,17,72,5,240,280,12.0,,,15.0,,,2.0,,,1.0,3.0,9.0,,,50.0,,,13.0,14.0,,25009.0,119.0,121.0
250092176003,16,131,143,1,27,71,16,40,108,21,574,503,,,,36.0,1.0,8.0,40.0,,1.0,,22.0,40.0,121.0,8.0,,489.0,,109.0,22.0,,25009.0,897.0,-323.0
250092176004,12,449,31,0,9,37,6,29,57,1,631,877,,,,15.0,,6.0,18.0,,,,6.0,24.0,,11.0,72.0,208.0,,39.0,20.0,,25009.0,419.0,212.0
250092176005,35,707,13,1,24,107,1,3,99,15,1005,320,,,,,,,5.0,,25.0,8.0,,21.0,45.0,18.0,1294.0,18.0,,71.0,20.0,,25009.0,1525.0,-520.0
250092181001,25,120,9,2,53,75,1,18,166,20,489,537,4.0,,,19.0,,3.0,,,5.0,,,17.0,,13.0,2.0,3.0,3.0,,12.0,,25009.0,81.0,408.0
250092181002,24,344,11,3,25,89,1,8,115,9,629,349,,,,7.0,2.0,,4.0,,,,1.0,4.0,,,122.0,23.0,75.0,,,,25009.0,238.0,391.0
250092181003,29,116,226,73,33,221,34,45,193,50,1020,504,,,8.0,31.0,28.0,5.0,192.0,,5.0,41.0,7.0,27.0,,14.0,6.0,27.0,37.0,94.0,24.0,65.0,25009.0,611.0,409.0
250092181004,17,74,52,7,19,37,2,12,100,27,347,719,,,,2.0,,24.0,7.0,,,18.0,6.0,18.0,,5.0,1.0,,,,5.0,4.0,25009.0,90.0,257.0
250092181005,17,297,5,1,31,101,5,18,128,24,627,294,,,,37.0,,2.0,2.0,,,,2.0,20.0,,,235.0,59.0,239.0,28.0,11.0,,25009.0,635.0,-8.0
250092201011,11,49,3,0,42,18,0,14,59,5,201,358,5.0,,,10.0,6.0,,,1.0,,1.0,,11.0,,,,5.0,,,,,25009.0,39.0,162.0
250092201012,7,310,1,34,6,27,1,8,69,3,466,485,,,,6.0,,17.0,1.0,,,6.0,2.0,5.0,,4.0,121.0,86.0,5.0,,,,25009.0,253.0,213.0
250092201013,14,99,44,1,40,256,19,26,99,4,602,542,,,,6.0,5.0,,44.0,,33.0,2.0,2.0,2.0,,1.0,,4.0,35.0,81.0,,,25009.0,215.0,387.0
250092201014,23,77,31,97,28,60,11,14,115,32,488,679,2.0,,,54.0,,,2.0,,8.0,14.0,,5.0,,,,,15.0,13.0,11.0,125.0,25009.0,249.0,239.0
250092201021,48,71,9,43,34,109,45,19,100,22,500,1030,5.0,,,11.0,1.0,1.0,54.0,4.0,,,,11.0,,3.0,,13.0,,31.0,9.0,,25009.0,143.0,357.0
250092201022,17,54,12,1,11,204,0,26,68,4,397,400,1.0,,,28.0,30.0,,6.0,,,2.0,1.0,,,1.0,,7.0,,39.0,11.0,5.0,25009.0,131.0,266.0
250092211001,26,167,25,1,60,100,3,26,204,27,639,632,1.0,,,6.0,,3.0,8.0,,,,1.0,,,10.0,,,2.0,,4.0,,25009.0,35.0,604.0
250092211002,54,228,6,4,75,101,7,17,237,20,749,699,,,,9.0,,2.0,6.0,,,,,4.0,,29.0,,7.0,3.0,18.0,10.0,,25009.0,88.0,661.0
250092211003,31,183,0,41,22,49,2,15,100,12,455,613,17.0,,4.0,15.0,1.0,2.0,,,,,,5.0,,5.0,,11.0,,21.0,,,25009.0,81.0,374.0
250092213001,18,145,18,0,42,197,1,85,173,30,709,781,15.0,,,4.0,,10.0,25.0,1.0,4.0,43.0,,12.0,,14.0,,28.0,17.0,39.0,37.0,,25009.0,249.0,460.0
250092213002,17,107,6,3,33,88,1,10,138,10,413,488,,,,9.0,14.0,2.0,,,,1.0,7.0,,,9.0,2.0,6.0,6.0,,12.0,,25009.0,68.0,345.0
250092213003,8,36,7,1,17,75,1,15,74,3,237,300,,,,7.0,,1.0,,,,,,2.0,,,,,20.0,17.0,18.0,,25009.0,65.0,172.0
250092213004,73,448,71,106,69,422,916,57,352,179,2693,643,3.0,5.0,,57.0,1120.0,74.0,362.0,15.0,27.0,18.0,10.0,280.0,4.0,71.0,13.0,287.0,13.0,71.0,112.0,42.0,25009.0,2584.0,109.0
250092214001,10,45,5,0,14,33,1,17,43,16,184,489,,,,10.0,,,18.0,,,,,,,,,17.0,,25.0,6.0,,25009.0,76.0,108.0
250092214002,19,273,17,74,37,272,94,23,119,53,981,805,,,,2.0,128.0,2.0,320.0,,,,,,,,572.0,4.0,2.0,,24.0,,25009.0,1054.0,-73.0
250092214003,13,59,31,10,23,69,60,43,80,39,427,286,24.0,,,5.0,26.0,117.0,12.0,10.0,,9.0,,4.0,,6.0,2.0,147.0,,63.0,1.0,5.0,25009.0,431.0,-4.0
250092215001,28,150,40,136,36,145,37,60,136,63,831,913,2.0,,,3.0,16.0,23.0,140.0,,32.0,12.0,,27.0,9.0,2.0,6.0,44.0,,136.0,20.0,177.0,25009.0,649.0,182.0
250092215002,84,578,280,213,90,664,93,74,303,341,2720,854,23.0,,,33.0,426.0,116.0,246.0,71.0,71.0,139.0,29.0,53.0,,61.0,8.0,184.0,107.0,448.0,131.0,73.0,25009.0,2219.0,501.0
250092216001,11,142,40,1,10,24,1,12,96,6,343,327,,,,129.0,,,,,,,2.0,18.0,,,,41.0,7.0,,4.0,40.0,25009.0,241.0,102.0
250092216002,21,108,7,1,19,82,3,31,98,37,407,444,,,,11.0,31.0,,60.0,,,,9.0,,,,,13.0,7.0,27.0,14.0,,25009.0,172.0,235.0
250092216003,41,46,3,2,24,18,43,26,70,125,398,340,,,,9.0,42.0,4.0,6.0,,,2.0,,12.0,,5.0,,3.0,,,3.0,,25009.0,86.0,312.0
250092217001,7,137,0,2,12,48,0,15,77,10,308,516,3.0,,,1.0,,,9.0,,,,,11.0,,,,16.0,,22.0,12.0,,25009.0,74.0,234.0
250092217002,31,478,15,20,56,88,12,27,150,42,919,809,1.0,,,19.0,12.0,11.0,2.0,5.0,11.0,,,,,7.0,3.0,198.0,,74.0,19.0,38.0,25009.0,400.0,519.0
250092218001,14,39,1,0,19,26,0,12,53,5,169,381,,,,12.0,,,,,4.0,,,,,8.0,2.0,7.0,,,,,25009.0,33.0,136.0
250092218002,14,459,2,2,18,33,4,9,71,12,624,298,,,,2.0,,,7.0,,,,,1.0,,19.0,,668.0,3.0,,,,25009.0,700.0,-76.0
250092219011,114,205,7,1,49,83,181,15,242,83,980,1046,23.0,,,94.0,186.0,1.0,3.0,6.0,7.0,3.0,14.0,31.0,,54.0,,43.0,,12.0,35.0,,25009.0,512.0,468.0
250092219012,18,131,9,0,44,94,14,22,114,25,471,523,,,,11.0,,22.0,3.0,,,,,10.0,,,,13.0,4.0,35.0,22.0,,25009.0,120.0,351.0
250092219021,26,192,15,9,55,135,4,24,213,44,717,780,4.0,,,2.0,16.0,,33.0,1.0,,,,,,,,6.0,38.0,33.0,27.0,,25009.0,160.0,557.0
250092219022,73,179,11,4,73,182,44,106,307,20,999,931,4.0,,,22.0,1.0,,74.0,,,9.0,3.0,26.0,,22.0,,2.0,26.0,,1.0,,25009.0,190.0,809.0
250092221001,73,191,25,0,36,103,123,37,206,28,822,476,,,3.0,42.0,68.0,7.0,25.0,22.0,,,10.0,5.0,,96.0,6.0,12.0,2.0,102.0,4.0,,25009.0,404.0,418.0
250092221002,31,251,19,79,44,255,3,57,238,33,1010,675,,,,15.0,12.0,14.0,29.0,,6.0,20.0,2.0,6.0,,15.0,112.0,16.0,18.0,339.0,28.0,39.0,25009.0,671.0,339.0
250092221003,78,72,3,12,32,82,38,6,113,13,449,568,5.0,,6.0,72.0,62.0,6.0,32.0,,5.0,,,22.0,,24.0,,3.0,1.0,18.0,32.0,,25009.0,288.0,161.0
250092231001,22,422,47,2,60,260,9,95,335,47,1299,982,7.0,,,9.0,449.0,1.0,77.0,,,18.0,2.0,33.0,,23.0,,135.0,1.0,1.0,293.0,10.0,25009.0,1059.0,240.0
250092231002,52,378,5,12,101,156,58,21,339,56,1178,989,,,,50.0,120.0,60.0,2.0,,,,,50.0,,63.0,1.0,33.0,2.0,10.0,2.0,,25009.0,393.0,785.0
250092232001,21,316,185,106,1114,242,33,35,171,44,2267,653,1.0,,,6.0,,11.0,64.0,,1406.0,116.0,2.0,44.0,,113.0,,97.0,3.0,159.0,50.0,4.0,25009.0,2076.0,191.0
250092232002,18,169,3,1,24,56,8,24,142,16,461,715,,,,5.0,,1.0,8.0,,,4.0,,24.0,,2.0,,4.0,,37.0,20.0,,25009.0,105.0,356.0
250092232003,13,193,4,66,27,43,33,7,91,14,491,404,,,,5.0,,4.0,,,2.0,1.0,,,,,,,,12.0,,5.0,25009.0,29.0,462.0
250092233001,126,339,7,23,24,255,47,25,168,126,1140,848,1.0,34.0,,125.0,65.0,137.0,89.0,6.0,12.0,,1.0,32.0,,20.0,38.0,6.0,53.0,173.0,49.0,,25009.0,841.0,299.0
250092233002,50,270,10,1,56,101,176,18,162,251,1095,1117,2.0,,,34.0,363.0,161.0,8.0,17.0,,,7.0,16.0,,4.0,,3.0,71.0,,5.0,,25009.0,691.0,404.0
250092233003,11,74,2,0,21,36,50,9,71,29,303,406,,,,13.0,134.0,11.0,19.0,,2.0,,,9.0,,4.0,,3.0,,,17.0,,25009.0,212.0,91.0
250092501001,342,3979,228,331,82,437,341,57,1241,697,7735,3109,,,,162.0,450.0,156.0,212.0,53.0,73.0,43.0,47.0,74.0,67.0,436.0,1744.0,1950.0,20.0,298.0,213.0,1238.0,25009.0,7236.0,499.0
250092502001,35,440,4,6,15,103,22,26,113,32,796,1237,,,,6.0,,,6.0,6.0,,,,,,2.0,,52.0,,,13.0,,25009.0,85.0,711.0
250092502002,5,148,0,1,1,8,0,18,30,7,218,431,,,,5.0,,,1.0,,,,,,,,,32.0,,2.0,3.0,,25009.0,43.0,175.0
250092502003,5,57,0,0,2,12,0,2,32,2,112,338,,,,1.0,,1.0,,,,,,,,,,28.0,,,,,25009.0,30.0,82.0
250092502004,7,77,3,2,3,18,4,4,32,15,165,365,,,,1.0,,,2.0,,,,,,,,,7.0,,,1.0,,25009.0,11.0,154.0
250092503001,38,125,11,31,9,109,303,120,41,28,815,892,,,,33.0,364.0,64.0,140.0,10.0,8.0,1.0,,,2.0,180.0,164.0,68.0,,34.0,158.0,,25009.0,1226.0,-411.0
250092504001,4,96,2,1,5,14,0,0,9,1,132,374,,,,3.0,,,7.0,,,4.0,,,,,,24.0,,6.0,,,25009.0,44.0,88.0
250092504002,2,142,2,0,2,14,1,6,25,8,202,499,,,,,,,3.0,,,,,,,,,171.0,,,11.0,,25009.0,185.0,17.0
250092504003,1,104,7,0,1,11,1,3,559,7,694,323,,,,,,,10.0,,,17.0,8.0,,,,,41.0,,,7.0,,25009.0,83.0,611.0
250092505001,1,98,2,3,2,12,0,4,34,5,161,370,,,,,,1.0,5.0,2.0,,6.0,,,,,,15.0,,,8.0,,25009.0,37.0,124.0
250092505002,1,25,1,0,1,6,0,0,15,2,51,232,,,,,,,6.0,,,,,,,,,21.0,,,,,25009.0,27.0,24.0
250092505003,1,84,3,0,4,23,1,10,23,6,155,553,,,,,,4.0,1.0,,,,,,,,,119.0,,52.0,9.0,,25009.0,185.0,-30.0
250092506001,3,101,1,0,9,18,5,5,22,5,169,481,,,,,,,12.0,2.0,,,,,,,,36.0,,12.0,2.0,,25009.0,64.0,105.0
250092506002,5,45,2,1,3,8,0,6,6,7,83,395,,,,,,,,,,,,,,1.0,,18.0,,,7.0,,25009.0,26.0,57.0
250092506003,0,68,0,0,10,31,0,1,20,5,135,415,,,,,,,22.0,,,,,1.0,,6.0,,20.0,,5.0,1.0,,25009.0,55.0,80.0
250092506004,2,88,1,0,5,17,1,10,14,2,140,464,,,,,,,33.0,,,,,,,,,92.0,,,1.0,,25009.0,126.0,14.0
250092507001,2,864,9,1,10,73,5,8,35,6,1013,695,,,,1.0,4.0,,15.0,4.0,,,,50.0,,40.0,2.0,1955.0,,,,,25009.0,2071.0,-1058.0
250092507002,3,65,4,0,3,11,1,1,17,0,105,391,,,,,,,,9.0,,,,7.0,,,,24.0,,,,,25009.0,40.0,65.0
250092507003,2,140,4,1,10,17,3,8,15,23,223,481,,,,2.0,,,10.0,,,,,,,1.0,,28.0,,11.0,4.0,,25009.0,56.0,167.0
250092508001,21,50,1,1,13,10,2,3,5,8,114,569,,,,2.0,,,6.0,,,,,,,,,60.0,2.0,,,,25009.0,70.0,44.0
250092508002,3,142,6,1,5,8,1,12,43,4,225,606,,,,1.0,,,,,,,,,,9.0,,125.0,,,,1.0,25009.0,136.0,89.0
250092508003,17,150,9,3,12,61,81,9,45,681,1068,466,,,77.0,5.0,86.0,15.0,343.0,61.0,,,4.0,,,14.0,,141.0,,18.0,5.0,35.0,25009.0,804.0,264.0
250092508004,4,95,4,218,2,10,2,10,42,9,396,414,,,,,,,,4.0,,,,,,4.0,,8.0,,,2.0,,25009.0,18.0,378.0
250092508005,8,62,3,2,6,9,1,2,12,9,114,466,,,,,,1.0,,,,,,,,,,12.0,,,5.0,,25009.0,18.0,96.0
250092509001,2,41,3,0,3,15,0,8,13,0,85,319,,,,7.0,,,8.0,,,,,,,,,12.0,,,7.0,,25009.0,34.0,51.0
250092509002,6,116,4,0,5,26,7,4,35,2,205,556,,,,,3.0,,3.0,,,,3.0,,,,,52.0,,,6.0,,25009.0,67.0,138.0
250092510001,12,229,10,7,27,35,2,42,42,17,423,714,,,,5.0,,,7.0,11.0,33.0,6.0,,2.0,,1.0,,57.0,55.0,11.0,81.0,,25009.0,269.0,154.0
250092511001,6,100,28,19,0,13,1,153,4,12,336,766,,,,,,,,,,,7.0,,,,,526.0,,,31.0,62.0,25009.0,626.0,-290.0
250092511002,1,115,8,0,5,29,4,6,7,6,181,347,,,,,5.0,,14.0,,,,6.0,,,,,25.0,,3.0,3.0,,25009.0,56.0,125.0
250092511003,4,154,16,0,4,20,9,6,12,4,229,354,,,,,5.0,,26.0,,,1.0,,1.0,,,,11.0,,12.0,4.0,,25009.0,60.0,169.0
250092512001,6,472,12,22,4,39,11,38,28,15,647,649,,,,,,,54.0,6.0,,11.0,,,119.0,2.0,117.0,70.0,,44.0,6.0,,25009.0,429.0,218.0
250092513001,9,138,16,2,3,31,35,29,38,9,310,782,,,,6.0,62.0,7.0,29.0,12.0,,,,8.0,,,,62.0,,1.0,7.0,,25009.0,194.0,116.0
250092513002,12,183,5,0,12,99,116,9,21,14,471,379,,,,15.0,220.0,6.0,337.0,16.0,,,5.0,,,8.0,,106.0,,9.0,16.0,,25009.0,738.0,-267.0
250092513003,18,122,6,0,8,11,8,6,5,4,188,245,,,,,9.0,7.0,3.0,,,,,,,,,16.0,,,59.0,2.0,25009.0,96.0,92.0
250092514001,8,267,2,6,7,15,1,12,16,8,342,674,,,,,,,4.0,,,,,,,12.0,,159.0,,,3.0,,25009.0,178.0,164.0
250092514002,12,84,1,0,3,53,2,13,31,4,203,255,,,,24.0,,,,,,,,,,2.0,,25.0,,3.0,,,25009.0,54.0,149.0
250092514003,6,56,3,1,6,10,2,5,12,6,107,313,,,,,2.0,,,,,,,7.0,,,,15.0,,,1.0,,25009.0,25.0,82.0
250092514004,4,116,3,4,3,16,1,6,24,5,182,376,,,,,,2.0,,,,,,2.0,,10.0,,15.0,,,6.0,,25009.0,35.0,147.0
250092515001,40,338,11,44,3,74,8,19,32,11,580,487,,,4.0,22.0,18.0,,15.0,,5.0,,,7.0,,94.0,,44.0,,27.0,10.0,50.0,25009.0,296.0,284.0
250092515002,14,324,6,0,6,49,5,29,19,14,466,462,,,,25.0,,,88.0,,,,14.0,5.0,,,,26.0,,38.0,27.0,,25009.0,223.0,243.0
250092515003,3,234,16,0,6,45,31,22,18,9,384,618,,,,12.0,27.0,5.0,35.0,16.0,,17.0,4.0,,,,,46.0,,4.0,7.0,,25009.0,173.0,211.0
250092515004,10,143,2,2,3,12,2,2,27,14,217,356,,,,,,12.0,,,,,,2.0,,,,11.0,,,,,25009.0,25.0,192.0
250092515005,4,173,8,3,3,74,347,23,45,243,923,598,,,,5.0,648.0,203.0,12.0,97.0,,,,3.0,29.0,,,52.0,8.0,99.0,22.0,,25009.0,1178.0,-255.0
250092516001,154,1453,39,87,11,164,391,62,750,221,3332,755,,,,47.0,599.0,31.0,19.0,,3.0,71.0,36.0,128.0,59.0,55.0,21.0,1818.0,,137.0,28.0,174.0,25009.0,3226.0,106.0
250092516002,10,212,1,0,5,23,5,6,25,5,292,681,,,,2.0,,,1.0,2.0,1.0,,,,,2.0,,38.0,,2.0,2.0,,25009.0,50.0,242.0
250092516003,41,655,13,6,8,57,69,6,82,27,964,651,,,,40.0,69.0,7.0,23.0,12.0,,5.0,6.0,34.0,,227.0,3.0,278.0,,10.0,9.0,,25009.0,723.0,241.0
250092516004,61,391,30,3,4,271,78,9,66,48,961,431,,,,172.0,950.0,,141.0,25.0,,7.0,14.0,5.0,,184.0,,45.0,,25.0,231.0,,25009.0,1799.0,-838.0
250092517001,13,189,6,0,3,46,6,27,22,7,319,529,,,,12.0,,7.0,53.0,,,,,,,,,27.0,,4.0,24.0,,25009.0,127.0,192.0
250092517002,14,721,33,14,70,270,6,10,78,21,1237,871,,,,4.0,,,123.0,7.0,35.0,25.0,21.0,59.0,,5.0,,132.0,,283.0,12.0,34.0,25009.0,740.0,497.0
250092517003,5,178,3,1,5,13,2,2,17,7,233,504,,,,,,,,,,,,,,,,36.0,,,1.0,2.0,25009.0,39.0,194.0
250092517004,37,365,13,1,3,25,273,3,39,33,792,331,,,,48.0,289.0,16.0,10.0,,,,23.0,21.0,,19.0,,1320.0,,5.0,16.0,161.0,25009.0,1928.0,-1136.0
250092518001,4,92,2,4,12,17,2,3,46,14,196,604,,,,,,,,,,,,,,4.0,,12.0,,,,,25009.0,16.0,180.0
250092518002,9,111,7,0,2,17,14,5,40,9,214,649,,,,,8.0,,21.0,,,,,,,,,22.0,,9.0,2.0,,25009.0,62.0,152.0
250092518003,21,204,15,2,3,55,12,17,57,24,410,1159,,,,14.0,83.0,2.0,3.0,,,,24.0,,,,,36.0,6.0,20.0,4.0,,25009.0,192.0,218.0
250092518004,45,433,16,9,15,66,643,62,390,114,1793,1143,,,,514.0,893.0,169.0,,26.0,128.0,2.0,18.0,36.0,,64.0,85.0,198.0,,,149.0,,25009.0,2282.0,-489.0
250092521011,21,101,14,3,10,37,11,14,84,7,302,655,,,,1.0,2.0,,15.0,13.0,,4.0,4.0,15.0,,4.0,,28.0,,33.0,52.0,,25009.0,171.0,131.0
250092521012,6,65,2,0,2,19,4,4,18,6,126,302,,,,,,,5.0,,,,,,,,,38.0,,7.0,,,25009.0,50.0,76.0
250092521013,37,151,34,8,12,291,63,16,42,26,680,805,,,,27.0,,47.0,383.0,1.0,,44.0,9.0,21.0,,,19.0,395.0,7.0,137.0,23.0,,25009.0,1113.0,-433.0
250092521021,22,111,6,6,17,31,10,27,65,11,306,782,19.0,,,34.0,2.0,,,27.0,21.0,3.0,2.0,28.0,,4.0,,106.0,6.0,,31.0,13.0,25009.0,296.0,10.0
250092521022,12,8,7,1,5,13,19,1,26,15,107,638,,,,2.0,,2.0,,23.0,,,2.0,5.0,,,,6.0,,19.0,5.0,,25009.0,64.0,43.0
250092521023,44,90,30,38,17,177,147,24,400,23,990,944,,,,13.0,522.0,64.0,3.0,,,40.0,,1.0,2.0,2.0,1.0,168.0,61.0,167.0,38.0,,25009.0,1082.0,-92.0
250092522011,32,16,11,0,7,10,6,7,15,264,368,557,,,,77.0,12.0,12.0,289.0,144.0,,,1.0,,,55.0,,10.0,,,,,25009.0,600.0,-232.0
250092522012,36,97,15,2,17,44,12,9,38,15,285,990,,,,186.0,4.0,90.0,40.0,19.0,2.0,4.0,,1.0,,5.0,,11.0,,,,,25009.0,362.0,-77.0
250092522021,103,18,3,8,14,98,24,11,35,43,357,874,,,,76.0,,243.0,85.0,19.0,,,,21.0,,5.0,,9.0,1.0,,2.0,,25009.0,461.0,-104.0
250092522022,29,32,3,3,13,27,98,8,42,14,269,700,,,,16.0,,7.0,,,,,,2.0,,39.0,,,,,10.0,,25009.0,74.0,195.0
250092523001,9,46,77,2,44,28,0,5,37,4,252,362,,,,8.0,,,,,37.0,8.0,,38.0,,1.0,,74.0,7.0,13.0,,,25009.0,186.0,66.0
250092523002,44,440,276,49,8,142,53,18,122,48,1200,667,,,,15.0,32.0,,24.0,,,22.0,23.0,26.0,,182.0,,407.0,,64.0,17.0,164.0,25009.0,976.0,224.0
250092523003,7,127,14,2,3,31,16,1,26,8,235,669,,,,,,7.0,,,,6.0,2.0,4.0,,,,17.0,,,8.0,,25009.0,44.0,191.0
250092523004,1,51,3,2,3,17,1,8,21,0,107,471,,,,,6.0,,23.0,,,2.0,,,,2.0,22.0,4.0,,9.0,2.0,,25009.0,70.0,37.0
250092523005,20,149,13,34,2,33,65,14,6,75,411,781,,,,24.0,,,,,,,,1.0,,,,70.0,,,,19.0,25009.0,114.0,297.0
250092523006,78,305,61,125,4,388,28,43,143,279,1454,765,,,5.0,39.0,53.0,33.0,113.0,43.0,,29.0,,18.0,,190.0,285.0,424.0,140.0,483.0,50.0,241.0,25009.0,2146.0,-692.0
250092524001,14,65,3,1,5,19,1,4,10,3,125,456,,,,4.0,,,,1.0,,,,2.0,,2.0,,30.0,,,3.0,,25009.0,42.0,83.0
250092524002,4,50,1,0,2,20,51,6,14,2,150,503,,,,6.0,25.0,,54.0,14.0,,,,,,,,16.0,,,11.0,,25009.0,126.0,24.0
250092524003,61,182,52,5,9,76,165,33,146,29,758,572,,,,33.0,212.0,8.0,39.0,3.0,,32.0,9.0,32.0,,75.0,1.0,23.0,,16.0,37.0,,25009.0,520.0,238.0
250092525011,36,61,18,4,8,52,4,15,53,19,270,793,,,,54.0,,,9.0,,2.0,,20.0,,,3.0,,23.0,,7.0,11.0,,25009.0,129.0,141.0
250092525012,14,73,7,2,7,76,14,13,38,13,257,389,,,,11.0,11.0,2.0,38.0,,,13.0,,11.0,,24.0,,63.0,,21.0,22.0,,25009.0,216.0,41.0
250092525013,27,78,8,0,9,20,3,16,34,21,216,425,,,,7.0,,,64.0,,,,8.0,4.0,,,7.0,60.0,9.0,98.0,,,25009.0,257.0,-41.0
250092525021,23,166,15,1,3,239,290,11,33,15,796,605,,,,2.0,75.0,4.0,115.0,1.0,,12.0,,8.0,,,,45.0,45.0,5.0,,,25009.0,312.0,484.0
250092525022,29,102,3,4,10,108,68,10,30,19,383,753,,,,4.0,88.0,,4.0,,,1.0,1.0,32.0,,,1.0,36.0,,108.0,,,25009.0,275.0,108.0
250092525023,20,2146,10,64,8,49,5,76,54,25,2457,375,,,,,,,401.0,,,,3.0,,,16.0,31.0,1287.0,,14.0,22.0,91.0,25009.0,1865.0,592.0
250092525024,17,85,10,4,3,28,6,1,58,8,220,446,,,,13.0,96.0,9.0,19.0,,5.0,23.0,,20.0,17.0,582.0,6.0,381.0,,,18.0,,25009.0,1189.0,-969.0
250092526011,57,275,57,2,90,162,19,34,115,82,893,1130,,,,30.0,31.0,2.0,20.0,7.0,84.0,12.0,5.0,43.0,,85.0,8.0,221.0,,123.0,39.0,,25009.0,710.0,183.0
250092526012,7,64,16,3,12,78,12,17,32,20,261,651,,,,20.0,,13.0,3.0,,,10.0,76.0,5.0,,3.0,,4.0,,31.0,,,25009.0,165.0,96.0
250092526013,27,172,22,4,26,114,32,17,39,30,483,1259,,,,26.0,40.0,1.0,4.0,8.0,,,19.0,46.0,3.0,3.0,646.0,45.0,22.0,26.0,7.0,,25009.0,896.0,-413.0
250092526014,11,68,24,2,12,133,11,29,72,38,400,791,,,,,,29.0,,8.0,,8.0,,,,6.0,,17.0,,35.0,6.0,,25009.0,109.0,291.0
250092526021,150,152,5,2,56,1015,8,34,46,12,1480,726,,,,,,,509.0,,66.0,14.0,,5.0,,,,64.0,86.0,452.0,54.0,,25009.0,1250.0,230.0
250092526022,16,155,8,0,1,127,3,17,13,33,373,696,,,,97.0,,32.0,19.0,,,,,,,,,16.0,1.0,10.0,,,25009.0,175.0,198.0
250092526023,1,24,9,1,0,29,5,0,13,0,82,182,,,,,,,,,,,,5.0,,,,,,,,,25009.0,5.0,77.0
250092526024,58,66,10,1,2,121,16,6,20,12,312,1086,15.0,,,123.0,,2.0,9.0,1.0,,,6.0,,,44.0,,5.0,24.0,43.0,2.0,,25009.0,274.0,38.0
250092526031,39,194,4,5,9,86,31,11,48,19,446,1601,,,,39.0,,3.0,25.0,,,,4.0,3.0,,3.0,3.0,23.0,,39.0,4.0,,25009.0,146.0,300.0
250092531001,493,156,64,0,14,83,11,22,93,29,965,522,,,,4.0,25.0,3.0,9.0,,2.0,6.0,,105.0,,18.0,28.0,192.0,,29.0,,,25009.0,421.0,544.0
250092531002,32,97,85,2,8,109,22,25,56,34,470,443,,,,5.0,,14.0,25.0,21.0,,14.0,,26.0,6.0,9.0,,62.0,,,,,25009.0,182.0,288.0
250092531003,27,202,15,4,30,60,17,27,46,17,445,511,,,,16.0,,,,,32.0,,,,,2.0,154.0,27.0,,,5.0,,25009.0,236.0,209.0
250092531004,238,272,181,147,33,145,20,170,464,36,1706,916,,,,7.0,3.0,,59.0,,11.0,67.0,1.0,3.0,,6.0,32.0,34.0,53.0,63.0,41.0,92.0,25009.0,472.0,1234.0
250092531005,52,43,16,0,9,42,31,12,48,9,262,363,,,,38.0,8.0,,16.0,9.0,,1.0,7.0,11.0,,105.0,33.0,67.0,,13.0,21.0,,25009.0,329.0,-67.0
250092532011,143,1438,152,79,56,770,410,89,965,378,4480,1251,,,62.0,200.0,344.0,123.0,17.0,89.0,78.0,98.0,115.0,403.0,82.0,598.0,843.0,570.0,33.0,338.0,101.0,9.0,25009.0,4103.0,377.0
250092532012,19,286,41,41,21,86,6,59,26,94,679,433,,,,15.0,,,18.0,,4.0,9.0,,,,12.0,,60.0,28.0,58.0,42.0,89.0,25009.0,335.0,344.0
250092532021,9,67,5,4,1,25,9,68,107,7,302,286,,,,8.0,,,13.0,,,6.0,2.0,117.0,,13.0,,,,50.0,7.0,,25009.0,216.0,86.0
250092532022,22,1284,74,1,21,135,5,9,131,9,1691,1193,,,,2.0,,,29.0,,,28.0,15.0,34.0,,27.0,16.0,149.0,15.0,85.0,13.0,,25009.0,413.0,1278.0
250092532023,24,95,3,3,12,402,12,22,21,26,620,521,,,,2.0,,,681.0,,1.0,4.0,,1.0,,89.0,1.0,4.0,,11.0,12.0,10.0,25009.0,816.0,-196.0
250092532024,39,338,77,2,257,223,25,50,1252,11,2274,1102,,,,16.0,,16.0,217.0,,349.0,58.0,6.0,11.0,31.0,38.0,19.0,369.0,26.0,328.0,56.0,,25009.0,1540.0,734.0
250092532031,3,49,1,7,5,63,59,12,25,0,224,341,,,,1.0,,1.0,41.0,,,,,9.0,,28.0,24.0,28.0,,,14.0,,25009.0,146.0,78.0
250092532032,20,93,57,4,7,42,7,6,161,1,398,756,,,,29.0,4.0,5.0,,,3.0,21.0,4.0,84.0,9.0,,6.0,129.0,,2.0,10.0,,25009.0,306.0,92.0
250092532033,54,398,107,44,49,203,140,69,111,62,1237,758,,,,8.0,88.0,22.0,173.0,,,25.0,2.0,61.0,,17.0,120.0,385.0,34.0,141.0,82.0,,25009.0,1158.0,79.0
250092532041,17,140,5,10,19,49,116,14,52,15,437,622,,,,,,1.0,,,10.0,,,13.0,,,4.0,144.0,,,,23.0,25009.0,195.0,242.0
250092532042,45,176,26,9,44,99,110,68,225,22,824,1768,,,,40.0,31.0,30.0,32.0,,1.0,17.0,38.0,119.0,,61.0,19.0,108.0,2.0,23.0,46.0,,25009.0,567.0,257.0
250092532043,77,152,55,4,30,220,1101,11,249,443,2342,551,5.0,,365.0,197.0,836.0,198.0,123.0,41.0,4.0,28.0,13.0,159.0,2.0,41.0,21.0,540.0,24.0,28.0,86.0,,25009.0,2711.0,-369.0
250092532051,13,25,15,3,31,75,47,29,87,4,329,898,,,,21.0,,6.0,7.0,,,,3.0,60.0,,2.0,,3.0,5.0,,5.0,,25009.0,112.0,217.0
250092532052,13,3,0,0,15,23,17,8,27,5,111,630,,,,7.0,,1.0,,,,,1.0,7.0,,,21.0,1.0,2.0,,4.0,,25009.0,44.0,67.0
250092541001,30,270,9,5,3,30,12,15,19,13,406,706,,,,,,4.0,,11.0,,,2.0,,,,2.0,3.0,,,237.0,,25009.0,259.0,147.0
250092541002,56,166,23,1,2,196,16,30,46,7,543,703,,,,,,2.0,197.0,,14.0,171.0,11.0,,,1.0,,49.0,17.0,117.0,15.0,,25009.0,594.0,-51.0
250092541003,87,223,12,2,4,285,35,49,27,10,734,880,,,,24.0,2.0,14.0,,2.0,32.0,2.0,4.0,13.0,,1.0,1.0,46.0,112.0,,26.0,2.0,25009.0,281.0,453.0
250092541004,15,124,8,2,7,41,18,17,101,8,341,416,,,,18.0,,,6.0,,,13.0,,14.0,,3.0,,14.0,,22.0,,,25009.0,90.0,251.0
250092541005,116,628,203,3,36,1719,225,28,613,94,3665,471,,,,13.0,416.0,239.0,75.0,,157.0,332.0,8.0,1051.0,115.0,193.0,4.0,230.0,,29.0,16.0,,25009.0,2878.0,787.0
250092542001,63,330,19,61,17,45,11,18,41,51,656,795,,,,1.0,,6.0,,,2.0,3.0,1.0,21.0,,21.0,1843.0,178.0,12.0,89.0,4.0,92.0,25009.0,2273.0,-1617.0
250092542002,124,436,192,7,30,257,42,27,234,53,1402,593,,,,12.0,13.0,6.0,185.0,3.0,107.0,75.0,134.0,216.0,,25.0,9.0,105.0,37.0,282.0,123.0,,25009.0,1332.0,70.0
250092542003,162,661,229,45,8,266,51,56,294,138,1910,730,,,,15.0,25.0,5.0,307.0,20.0,5.0,195.0,4.0,256.0,,190.0,17.0,119.0,39.0,112.0,83.0,150.0,25009.0,1542.0,368.0
250092543011,153,1160,12,17,43,99,378,43,172,28,2105,921,,,,7.0,4.0,21.0,31.0,,,11.0,1.0,33.0,,,756.0,273.0,2.0,160.0,1.0,,25009.0,1300.0,805.0
250092543012,98,75,10,11,33,41,1274,31,228,1053,2854,664,,,,223.0,441.0,1452.0,1.0,,126.0,,3.0,1143.0,258.0,253.0,,2.0,,51.0,53.0,,25009.0,4006.0,-1152.0
250092543021,42,108,7,12,39,62,71,24,86,7,458,1188,,,,3.0,,,,1.0,,1.0,1.0,15.0,,14.0,2.0,7.0,,,10.0,,25009.0,54.0,404.0
250092543022,17,98,4,6,12,40,212,21,23,10,443,448,,,,,,,4.0,,,,,4.0,,,54.0,78.0,,,3.0,,25009.0,143.0,300.0
250092543023,9,12,7,4,6,106,137,14,34,6,335,540,,,,,,1.0,,,,,,5.0,,,,,18.0,33.0,,39.0,25009.0,96.0,239.0
250092544011,117,368,19,8,26,100,378,40,205,19,1280,1733,,,,18.0,,12.0,11.0,3.0,18.0,,5.0,61.0,,7.0,,96.0,,8.0,12.0,39.0,25009.0,290.0,990.0
250092544021,64,174,234,9,121,203,1112,17,602,304,2840,704,,,,24.0,2160.0,258.0,4.0,,245.0,658.0,37.0,996.0,3022.0,286.0,,31.0,3.0,341.0,7.0,,25009.0,8072.0,-5232.0
250092544022,14,149,4,1,27,35,106,26,48,8,418,1071,,,,1.0,8.0,1.0,,,11.0,,3.0,15.0,,,359.0,23.0,,,16.0,,25009.0,437.0,-19.0
250092544023,43,84,12,5,30,86,2062,72,322,48,2764,870,12.0,,,99.0,6481.0,211.0,9.0,,21.0,1.0,156.0,353.0,,6.0,83.0,160.0,1.0,59.0,3.0,,25009.0,7655.0,-4891.0
250092544024,141,362,233,3,22,256,906,154,3343,28,5448,817,,,,,75.0,43.0,293.0,15.0,124.0,328.0,,764.0,4.0,1431.0,316.0,781.0,,215.0,2.0,,25009.0,4391.0,1057.0
250092544031,56,228,57,6,35,124,554,28,517,29,1634,1107,,,,50.0,84.0,18.0,3.0,,,21.0,13.0,35.0,,39.0,,197.0,7.0,12.0,8.0,1775.0,25009.0,2262.0,-628.0
250092544032,66,2,2,1,21,19,491,21,57,6,686,523,,,,71.0,20.0,8.0,3.0,1.0,,,,5.0,,22.0,,2.0,,3.0,33.0,,25009.0,168.0,518.0
250092601001,16,410,14,1,4,60,2,26,37,7,577,738,,,,,,,10.0,,,4.0,17.0,13.0,,2.0,,308.0,,45.0,9.0,,25009.0,408.0,169.0
250092601002,45,891,164,127,19,120,20,67,134,120,1707,991,,,,4.0,,12.0,40.0,14.0,30.0,200.0,22.0,70.0,2.0,47.0,16.0,539.0,9.0,62.0,200.0,13.0,25009.0,1280.0,427.0
250092601003,215,683,50,15,20,181,83,72,353,39,1711,1008,,,,298.0,94.0,89.0,32.0,24.0,7.0,6.0,6.0,150.0,,17.0,,173.0,14.0,214.0,117.0,21.0,25009.0,1262.0,449.0
250092602001,10,193,30,1,3,57,3,22,104,4,427,751,,,,56.0,3.0,,62.0,,,16.0,3.0,26.0,,9.0,,159.0,,30.0,3.0,,25009.0,367.0,60.0
250092602002,19,699,35,136,24,109,2,14,70,33,1141,1073,,,3.0,,,,166.0,,28.0,15.0,,36.0,,3.0,,578.0,39.0,1.0,14.0,266.0,25009.0,1149.0,-8.0
250092603011,31,408,13,6,17,59,13,13,132,27,719,978,1.0,,,2.0,,6.0,5.0,,,,5.0,11.0,,,3.0,56.0,,,18.0,23.0,25009.0,130.0,589.0
250092603012,20,732,7,3,11,49,2,19,76,14,933,980,,,,12.0,,,4.0,,,1.0,,,,1.0,,207.0,,,,,25009.0,225.0,708.0
250092603013,31,107,15,3,5,206,24,19,59,8,477,611,,,,6.0,,6.0,304.0,,,24.0,,41.0,1.0,,,478.0,,59.0,17.0,,25009.0,936.0,-459.0
250092603021,52,84,6,2,8,43,8,13,66,18,300,496,3.0,,,24.0,,,21.0,,,,,,,2.0,,1.0,,16.0,2.0,,25009.0,69.0,231.0
250092603022,37,1201,15,20,18,97,11,32,163,42,1636,1145,,,,6.0,,,4.0,,,,,9.0,,8.0,806.0,297.0,71.0,50.0,5.0,,25009.0,1256.0,380.0
250092604011,8,74,3,2,15,208,3,11,25,11,360,342,,,,8.0,,1.0,15.0,,,,,1.0,,,,5.0,,275.0,5.0,,25009.0,310.0,50.0
250092604012,142,177,11,2,5,113,121,18,72,18,679,605,,,,163.0,128.0,60.0,1.0,,,6.0,4.0,13.0,3.0,37.0,,39.0,,107.0,31.0,,25009.0,592.0,87.0
250092604013,12,155,12,1,2,108,135,25,54,19,523,445,,,,,142.0,148.0,,,,3.0,8.0,9.0,,1.0,,1.0,,92.0,6.0,,25009.0,410.0,113.0
250092604014,2,64,3,0,0,70,0,3,12,30,184,678,,,2.0,,,,,1.0,,,,,,1.0,,11.0,46.0,,5.0,,25009.0,66.0,118.0
250092604021,27,99,23,1,4,35,13,18,71,23,314,1391,,,,15.0,31.0,9.0,56.0,4.0,6.0,,4.0,7.0,,,2.0,67.0,,,17.0,,25009.0,218.0,96.0
250092604022,42,213,14,5,16,265,336,21,185,79,1176,1444,,,,29.0,832.0,47.0,146.0,37.0,,,6.0,5.0,,29.0,2.0,37.0,6.0,31.0,5.0,,25009.0,1212.0,-36.0
250092604023,9,62,3,1,2,65,7,11,43,9,212,457,,,,9.0,5.0,1.0,,5.0,,,2.0,,,8.0,,8.0,,47.0,,,25009.0,85.0,127.0
250092605001,21,193,3,0,11,37,8,10,51,11,345,754,,,,1.0,,,,,16.0,,2.0,,,2.0,,32.0,,,,,25009.0,53.0,292.0
250092605002,20,89,6,2,6,16,4,4,30,11,188,576,,,,10.0,,,,2.0,,,,4.0,,,2.0,7.0,,,13.0,116.0,25009.0,154.0,34.0
250092605003,12,300,1,4,4,52,2,4,42,10,431,302,,,,8.0,,,,,,,,1.0,,31.0,,239.0,,42.0,,,25009.0,321.0,110.0
250092606001,70,96,26,26,6,36,2,32,43,11,348,668,,,,98.0,,,4.0,,,4.0,4.0,1.0,,,,22.0,,25.0,19.0,,25009.0,177.0,171.0
250092606002,29,172,8,3,13,19,5,44,36,10,339,569,,,,11.0,,,8.0,2.0,,,,21.0,,,,18.0,,,,,25009.0,60.0,279.0
250092606003,35,95,13,1,2,20,125,5,56,4,356,513,,,,40.0,278.0,12.0,5.0,,,1.0,,10.0,,7.0,,9.0,,,,,25009.0,362.0,-6.0
250092607001,40,291,11,1,10,106,61,26,67,54,667,1155,,,,,40.0,,26.0,1.0,3.0,3.0,7.0,,,,,38.0,,26.0,38.0,,25009.0,182.0,485.0
250092607002,27,493,16,3,7,58,5,5,50,20,684,1185,,,,26.0,,,,,,1.0,,2.0,,3.0,,205.0,11.0,,,1.0,25009.0,249.0,435.0
250092608001,27,576,12,3,5,33,108,12,36,9,821,1028,,,,8.0,190.0,,31.0,,,,,,,1.0,,43.0,,1.0,,,25009.0,274.0,547.0
250092608002,68,670,20,0,7,92,33,41,35,33,999,1053,,,,85.0,44.0,4.0,38.0,,,,7.0,,2.0,,,28.0,,71.0,13.0,,25009.0,292.0,707.0
250092609001,15,63,0,1,5,17,18,1,17,3,140,347,,,,6.0,,,468.0,,,,,2.0,,,,14.0,,,4.0,,25009.0,494.0,-354.0
250092609002,12,303,2,1,5,23,31,3,20,7,407,504,,,,,,,,1.0,,,,,,,,12.0,,,,,25009.0,13.0,394.0
250092609003,14,198,6,1,6,72,54,5,47,22,425,495,,,,,75.0,,92.0,,,,,,,,,14.0,,8.0,5.0,,25009.0,194.0,231.0
250092609004,14,174,14,3,41,368,10,12,53,19,708,1140,,,,3.0,,,239.0,,57.0,11.0,11.0,,,,4.0,28.0,,279.0,55.0,,25009.0,687.0,21.0
250092610001,40,155,10,41,1,49,21,31,42,42,432,664,,,,2.0,25.0,,42.0,51.0,,18.0,,1.0,,14.0,,43.0,86.0,19.0,12.0,92.0,25009.0,405.0,27.0
250092610002,51,311,39,0,7,96,17,65,91,13,690,888,,,,37.0,2.0,3.0,15.0,,,23.0,6.0,34.0,,,,43.0,,146.0,6.0,,25009.0,315.0,375.0
250092610003,26,204,4,1,2,61,16,13,58,76,461,761,,,,8.0,,,31.0,141.0,,2.0,13.0,3.0,,,,11.0,19.0,63.0,3.0,4.0,25009.0,298.0,163.0
250092611011,27,139,5,5,29,45,11,19,103,20,403,763,,,,26.0,,9.0,,1.0,,,,1.0,,50.0,,4.0,26.0,3.0,1.0,,25009.0,121.0,282.0
250092611012,26,106,10,1,13,20,7,27,56,9,275,534,,,,41.0,,,2.0,,,,,,,2.0,68.0,28.0,,2.0,1.0,,25009.0,144.0,131.0
250092611013,23,74,11,5,13,96,6,6,49,13,296,794,,,,49.0,,3.0,3.0,,,,,74.0,,4.0,,10.0,4.0,11.0,9.0,,25009.0,167.0,129.0
250092611021,56,193,19,5,19,135,727,6,232,113,1505,543,,,,138.0,1192.0,216.0,327.0,10.0,1.0,,62.0,64.0,5.0,107.0,62.0,493.0,16.0,73.0,145.0,,25009.0,2911.0,-1406.0
250092611022,71,109,2,2,5,151,449,10,122,181,1102,736,,,,50.0,383.0,397.0,124.0,114.0,93.0,,115.0,49.0,,94.0,,15.0,4.0,3.0,15.0,,25009.0,1456.0,-354.0
250092611023,19,135,31,3,5,220,8,12,53,21,507,1479,,,,4.0,,,5.0,,,11.0,19.0,4.0,,1.0,,8.0,79.0,29.0,1.0,,25009.0,161.0,346.0
250092621001,17,44,16,4,10,19,7,15,23,2,157,470,,,,17.0,4.0,,,,2.0,11.0,,4.0,,9.0,46.0,30.0,6.0,,3.0,,25009.0,132.0,25.0
250092621002,30,56,27,85,22,78,58,46,41,36,479,1805,,,30.0,40.0,69.0,,19.0,8.0,8.0,8.0,1.0,9.0,,1.0,65.0,67.0,2.0,48.0,29.0,62.0,25009.0,466.0,13.0
250092621003,8,14,0,23,2,31,24,11,12,7,132,1095,2.0,,,14.0,,8.0,16.0,3.0,3.0,,21.0,9.0,,13.0,,127.0,,7.0,,,25009.0,223.0,-91.0
250092631001,11,39,2,29,1,6,33,14,18,4,157,810,7.0,,,33.0,,1.0,2.0,,16.0,,1.0,3.0,1.0,33.0,77.0,116.0,,,6.0,45.0,25009.0,341.0,-184.0
250092631002,6,20,3,1,1,6,13,10,6,3,69,520,,,,4.0,,1.0,,,,,,4.0,,2.0,,36.0,,,8.0,,25009.0,55.0,14.0
250092631003,6,352,4,2,7,17,2,6,10,7,413,819,1.0,,,5.0,,2.0,24.0,,,11.0,3.0,21.0,,3.0,291.0,8.0,,15.0,3.0,,25009.0,387.0,26.0
250092641001,23,27,15,7,39,59,16,16,34,13,249,799,,,11.0,15.0,4.0,,5.0,,6.0,10.0,4.0,2.0,,4.0,,13.0,1.0,20.0,6.0,61.0,25009.0,162.0,87.0
250092641002,31,103,13,16,19,51,5,18,65,24,345,887,4.0,,,66.0,486.0,2.0,29.0,3.0,1.0,,,6.0,2.0,4.0,123.0,19.0,,28.0,8.0,,25009.0,781.0,-436.0
250092641003,51,56,5,68,34,95,61,4,96,28,498,1308,,,,61.0,31.0,54.0,28.0,9.0,,3.0,9.0,26.0,,,,20.0,12.0,13.0,17.0,5.0,25009.0,288.0,210.0
250092651011,18,32,26,3,2,80,4,13,40,6,224,459,,,,13.0,9.0,,3.0,34.0,5.0,,,9.0,,1.0,2.0,15.0,,43.0,3.0,6.0,25009.0,143.0,81.0
250092651012,32,124,40,5,17,187,159,26,76,29,695,514,,,11.0,32.0,19.0,,147.0,,4.0,76.0,1.0,3.0,,,311.0,47.0,,52.0,18.0,126.0,25009.0,847.0,-152.0
250092651013,11,10,4,7,3,28,0,20,16,3,102,421,,,,5.0,,,,,,,,2.0,,,,2.0,,16.0,1.0,,25009.0,26.0,76.0
250092651014,26,158,6,57,9,46,8,52,22,9,393,535,60.0,,,19.0,,2.0,19.0,,,,,3.0,,,1.0,96.0,9.0,40.0,13.0,,25009.0,262.0,131.0
250092651021,20,11,4,1,2,29,5,15,52,4,143,724,,,,14.0,,1.0,4.0,3.0,,,6.0,,,,1.0,,,,,,25009.0,29.0,114.0
250092651022,231,253,22,39,43,88,540,33,288,50,1587,1967,,,,481.0,316.0,28.0,,3.0,11.0,1.0,7.0,24.0,,512.0,1.0,45.0,7.0,15.0,9.0,,25009.0,1460.0,127.0
250092661001,5,31,4,2,7,53,21,4,36,9,172,429,,,,,,3.0,,,,,,,,,,5.0,,8.0,,,25009.0,16.0,156.0
250092661002,110,78,17,39,5,97,92,45,149,245,877,462,,,,42.0,188.0,11.0,17.0,,1.0,,,47.0,,,,1.0,22.0,20.0,9.0,,25009.0,358.0,519.0
250092661003,41,115,7,3,3,40,23,5,23,51,311,398,,,,28.0,63.0,74.0,15.0,,,10.0,,1.0,,3.0,,39.0,10.0,,2.0,,25009.0,245.0,66.0
250092661004,24,132,16,0,2,37,47,6,59,50,373,625,,,21.0,35.0,14.0,42.0,13.0,2.0,,,,63.0,,8.0,3.0,194.0,15.0,15.0,16.0,,25009.0,441.0,-68.0
250092661005,20,72,23,39,11,51,1,15,20,7,259,400,,,,4.0,,,6.0,2.0,21.0,21.0,4.0,,,,459.0,42.0,3.0,39.0,21.0,194.0,25009.0,816.0,-557.0
250092662001,20,193,11,6,1,26,2,4,54,4,321,1017,,,,,2.0,,,,,,6.0,2.0,,11.0,,103.0,,,8.0,,25009.0,132.0,189.0
250092662002,23,209,34,21,8,117,15,3,108,21,559,916,,,,60.0,19.0,,43.0,,,5.0,9.0,26.0,24.0,6.0,,28.0,,73.0,8.0,,25009.0,301.0,258.0
250092662003,14,93,2,2,5,33,1,5,22,8,185,682,1.0,,,23.0,19.0,,5.0,,,,,10.0,,1.0,,14.0,,4.0,1.0,,25009.0,78.0,107.0
250092663001,27,322,13,5,7,355,26,15,135,25,930,579,,,,23.0,35.0,,178.0,,,2.0,,26.0,,16.0,,22.0,,113.0,18.0,,25009.0,433.0,497.0
250092663002,29,320,20,2,5,131,16,32,51,16,622,726,,,,37.0,22.0,1.0,77.0,,,10.0,1.0,11.0,5.0,18.0,6.0,153.0,1.0,23.0,39.0,,25009.0,404.0,218.0
250092663003,36,257,22,10,3,124,78,31,375,89,1025,1196,,,,92.0,72.0,54.0,31.0,3.0,3.0,5.0,7.0,140.0,1.0,11.0,29.0,86.0,2.0,73.0,50.0,10.0,25009.0,669.0,356.0
250092664001,34,56,14,1,1,45,34,21,59,4,269,488,8.0,,,31.0,9.0,2.0,3.0,,,7.0,1.0,16.0,,5.0,,14.0,,65.0,2.0,,25009.0,163.0,106.0
250092664002,52,52,2,0,2,38,9,4,346,17,522,334,28.0,,,69.0,367.0,3.0,,14.0,,,,76.0,8.0,40.0,25.0,12.0,2.0,,6.0,,25009.0,650.0,-128.0
250092664003,21,40,32,4,2,23,12,5,64,7,210,502,,,,26.0,10.0,3.0,6.0,,,68.0,2.0,45.0,,4.0,,1.0,1.0,10.0,,,25009.0,176.0,34.0
250092664004,2,50,6,3,6,13,4,6,22,1,113,408,,,,4.0,,,3.0,,,,,,,,2.0,7.0,,,,,25009.0,16.0,97.0
250092671011,4,67,9,15,0,142,3,9,1,4,254,539,,,,5.0,11.0,,,,,,,,,,,,7.0,12.0,,44.0,25009.0,79.0,175.0
250092671012,4,56,5,0,0,196,0,1,20,4,286,797,,,,10.0,,5.0,8.0,,,,,6.0,,4.0,,,21.0,170.0,,,25009.0,224.0,62.0
250092671013,20,83,3,13,0,184,2,18,20,11,354,898,11.0,,2.0,8.0,,,26.0,4.0,7.0,,8.0,8.0,,2.0,,26.0,11.0,154.0,,120.0,25009.0,387.0,-33.0
250092671021,50,120,18,29,6,147,18,75,113,41,617,703,1.0,,,71.0,,,83.0,38.0,7.0,12.0,1.0,38.0,,60.0,11.0,65.0,13.0,59.0,64.0,45.0,25009.0,568.0,49.0
250092671022,53,141,8,4,7,57,47,21,48,33,420,746,,,,50.0,4.0,26.0,14.0,29.0,,,39.0,,,12.0,86.0,16.0,,36.0,,,25009.0,312.0,108.0
250092671023,246,293,42,9,14,360,350,63,73,109,1559,717,2.0,,1.0,539.0,452.0,47.0,181.0,,30.0,8.0,41.0,9.0,,21.0,6.0,59.0,169.0,235.0,52.0,6.0,25009.0,1858.0,-299.0
250092671024,8,63,4,2,3,58,2,13,25,7,185,401,4.0,,,6.0,19.0,,24.0,,,,,,,,,2.0,,,3.0,,25009.0,58.0,127.0
250092681001,0,3,1,0,1,11,63,1,7,1,88,315,,,,,,4.0,,,,1.0,,,,,,1.0,1.0,,3.0,,25009.0,10.0,78.0
250092681002,18,26,5,7,6,27,25,48,22,11,195,738,,,,8.0,155.0,6.0,,,7.0,,,,,,,42.0,8.0,,3.0,5.0,25009.0,234.0,-39.0
250092682001,9,96,9,1,1,25,0,12,55,8,216,565,,,,9.0,,3.0,,,,6.0,,9.0,,12.0,,52.0,,,6.0,,25009.0,97.0,119.0
250092682002,10,85,55,3,0,50,290,11,98,15,617,502,,,,2.0,104.0,3.0,42.0,,1.0,,2.0,212.0,,,1.0,69.0,12.0,11.0,9.0,,25009.0,468.0,149.0
250092682003,12,69,28,2,2,75,8,10,42,26,274,905,,,,,,3.0,9.0,10.0,,25.0,,,,,3.0,16.0,,14.0,12.0,,25009.0,92.0,182.0
250092682004,119,1815,17,7,27,504,980,46,584,420,4519,1095,,,,214.0,1216.0,114.0,501.0,66.0,11.0,22.0,15.0,95.0,171.0,38.0,50.0,2132.0,32.0,129.0,104.0,,25009.0,4910.0,-391.0
250092683001,75,569,296,94,58,575,86,75,744,149,2721,832,,,,6.0,28.0,71.0,172.0,1.0,61.0,150.0,41.0,298.0,71.0,30.0,9.0,184.0,37.0,958.0,213.0,247.0,25009.0,2577.0,144.0
250092683002,11,115,6,2,2,159,17,16,52,10,390,721,,,,13.0,,2.0,37.0,,7.0,5.0,3.0,16.0,,3.0,,11.0,1.0,38.0,9.0,,25009.0,145.0,245.0
250092683003,133,385,11,0,5,55,394,4,54,27,1068,503,,,,107.0,558.0,144.0,12.0,,22.0,22.0,6.0,40.0,,8.0,368.0,30.0,59.0,,13.0,,25009.0,1389.0,-321.0
250092683004,46,275,19,47,9,64,120,22,80,25,707,398,,,,2.0,10.0,5.0,52.0,,,,,46.0,,9.0,1.0,92.0,,5.0,26.0,66.0,25009.0,314.0,393.0
250092684001,10,125,6,3,4,36,41,2,50,11,288,384,,,,34.0,,8.0,3.0,,4.0,,,3.0,,,,1.0,,20.0,1.0,16.0,25009.0,90.0,198.0
250092684002,19,70,4,25,14,42,3,11,30,11,229,517,,,,3.0,,2.0,,,,,,2.0,,5.0,,1.0,,32.0,7.0,,25009.0,52.0,177.0
250092684003,13,81,10,16,8,88,8,9,95,6,334,585,,,,6.0,,46.0,92.0,,10.0,,26.0,162.0,,45.0,16.0,4.0,11.0,71.0,16.0,,25009.0,505.0,-171.0
250092684004,23,107,13,1,5,65,19,21,53,15,322,703,,,,15.0,,8.0,30.0,,3.0,7.0,10.0,5.0,,27.0,,98.0,1.0,43.0,47.0,,25009.0,294.0,28.0
250092691001,8,35,8,2,1,77,17,20,23,3,194,531,,,,16.0,,,11.0,,,,,2.0,,,4.0,,,30.0,6.0,,25009.0,69.0,125.0
250092691002,21,34,22,37,3,63,9,23,37,9,258,581,,,,11.0,2.0,,7.0,,1.0,9.0,2.0,,,,,8.0,10.0,,2.0,50.0,25009.0,102.0,156.0
250092691003,67,98,9,5,5,43,58,13,53,16,367,656,3.0,,,10.0,,3.0,99.0,,,3.0,,4.0,,15.0,115.0,1.0,1.0,,1.0,,25009.0,255.0,112.0
250092691004,57,161,33,32,23,252,115,28,154,114,969,1725,5.0,,5.0,26.0,24.0,22.0,288.0,133.0,11.0,,2.0,50.0,,33.0,7.0,22.0,,6.0,33.0,26.0,25009.0,693.0,276.0
250092691005,15,306,2,1,5,45,25,11,26,13,449,447,,,,8.0,,,,,,,5.0,1.0,,,380.0,,13.0,,1.0,,25009.0,408.0,41.0
250092701001,75,330,22,40,30,169,29,26,100,45,866,1736,3.0,,16.0,128.0,81.0,39.0,38.0,24.0,11.0,13.0,,12.0,2.0,81.0,131.0,118.0,,21.0,21.0,34.0,25009.0,773.0,93.0
250092701002,112,174,37,17,14,659,200,53,306,139,1711,1723,9.0,,,407.0,205.0,183.0,498.0,78.0,5.0,27.0,18.0,96.0,,125.0,11.0,96.0,6.0,234.0,108.0,29.0,25009.0,2135.0,-424.0
250110401001,40,82,0,30,8,95,2,17,16,9,299,449,,,3.0,54.0,,1.0,37.0,,1.0,,,,,29.0,69.0,6.0,43.0,41.0,6.0,52.0,25011.0,342.0,-43.0
250110401002,20,32,1,32,5,3,25,19,20,4,161,489,,,,16.0,70.0,,1.0,10.0,,,,,,,3.0,14.0,,,6.0,22.0,25011.0,142.0,19.0
250110401003,11,52,0,33,5,16,9,3,17,5,151,382,15.0,,,5.0,8.0,,,,,,,,,10.0,43.0,16.0,,,4.0,21.0,25011.0,122.0,29.0
250110401004,11,30,1,0,0,12,0,2,0,12,68,316,10.0,,,7.0,,,,,,,3.0,1.0,,,53.0,14.0,111.0,1.0,1.0,10.0,25011.0,211.0,-143.0
250110402001,12,45,3,42,6,66,12,6,13,5,210,613,1.0,,6.0,9.0,221.0,5.0,15.0,,,,1.0,,,1.0,85.0,8.0,,93.0,1.0,37.0,25011.0,483.0,-273.0
250110402002,12,31,0,5,0,11,2,7,8,14,90,345,2.0,,,31.0,,38.0,11.0,,,,,,,,8.0,4.0,16.0,16.0,7.0,,25011.0,133.0,-43.0
250110402003,22,150,1,31,4,24,2,14,25,31,304,457,1.0,,,53.0,,19.0,23.0,116.0,,,1.0,12.0,,,381.0,18.0,,27.0,9.0,19.0,25011.0,679.0,-375.0
250110403001,36,211,3,22,4,49,8,35,36,22,426,483,1.0,,,19.0,17.0,52.0,9.0,11.0,4.0,4.0,,12.0,,20.0,182.0,8.0,,,3.0,,25011.0,342.0,84.0
250110403002,19,52,3,42,0,40,20,11,31,87,305,551,5.0,,11.0,7.0,29.0,,6.0,19.0,5.0,2.0,,4.0,2.0,17.0,,14.0,,7.0,2.0,,25011.0,130.0,175.0
250110404001,8,26,0,8,2,21,54,2,5,0,126,385,,,9.0,6.0,123.0,2.0,5.0,,,,,,,1.0,23.0,9.0,,,,20.0,25011.0,198.0,-72.0
250110404002,8,81,5,20,0,47,2,2,8,7,180,550,,,1.0,10.0,5.0,,24.0,11.0,1.0,,,14.0,,29.0,112.0,7.0,12.0,69.0,9.0,44.0,25011.0,348.0,-168.0
250110404003,4,59,0,16,0,6,0,2,7,1,95,351,12.0,,,,,4.0,5.0,2.0,,,,8.0,,6.0,,10.0,,,,67.0,25011.0,114.0,-19.0
250110405011,0,157,1,3,1,12,34,5,25,2,240,221,,,2.0,7.0,37.0,3.0,8.0,,,,2.0,28.0,,12.0,119.0,24.0,3.0,4.0,,12.0,25011.0,261.0,-21.0
250110405012,2,34,11,31,6,32,75,7,10,0,208,371,,,,6.0,128.0,,110.0,,7.0,1.0,,,,3.0,2.0,67.0,5.0,32.0,3.0,19.0,25011.0,383.0,-175.0
250110405013,0,22,1,0,1,3,1,7,2,11,48,304,,,,,7.0,,,,,,,2.0,,,,16.0,,,,,25011.0,25.0,23.0
250110405014,12,90,1,1,0,7,16,6,2,2,137,482,,,7.0,4.0,37.0,1.0,8.0,,,,2.0,,,,163.0,28.0,,,1.0,2.0,25011.0,253.0,-116.0
250110405021,2,12,0,0,1,2,3,2,1,0,23,207,,,,,1.0,,,1.0,,,,12.0,,,27.0,34.0,,,4.0,,25011.0,79.0,-56.0
250110405022,9,19,5,1,0,151,0,11,3,4,203,444,,3.0,,12.0,1.0,,184.0,,,,,,,,,25.0,,17.0,22.0,,25011.0,264.0,-61.0
250110405023,54,107,11,15,10,143,25,26,36,159,586,672,,,,9.0,48.0,33.0,47.0,6.0,4.0,8.0,4.0,3.0,,23.0,,41.0,1.0,118.0,40.0,13.0,25011.0,398.0,188.0
250110406001,10,91,1,10,1,12,15,1,14,2,157,616,1.0,,,23.0,,,14.0,,13.0,,2.0,7.0,,13.0,40.0,22.0,,,11.0,31.0,25011.0,177.0,-20.0
250110406002,4,46,2,14,1,2,0,17,9,4,99,599,,,,4.0,3.0,,,,,,,3.0,,,61.0,4.0,2.0,,12.0,43.0,25011.0,132.0,-33.0
250110406003,11,24,1,23,3,5,2,7,2,8,86,406,3.0,,7.0,21.0,,,39.0,,2.0,1.0,,,,16.0,,3.0,,,10.0,16.0,25011.0,118.0,-32.0
250110407011,14,428,4,15,3,18,28,10,19,3,542,350,,,6.0,,15.0,,24.0,,,3.0,,2.0,,,,260.0,,,3.0,,25011.0,313.0,229.0
250110407012,9,58,23,15,3,73,31,16,3,14,245,492,,,,24.0,47.0,,36.0,,18.0,33.0,8.0,4.0,,,,42.0,7.0,122.0,20.0,68.0,25011.0,429.0,-184.0
250110407013,11,134,1,1,2,7,0,53,12,1,222,387,,,,,13.0,,84.0,,,,5.0,,,3.0,276.0,168.0,,,8.0,,25011.0,557.0,-335.0
250110407014,1,28,0,28,13,22,2,7,12,0,113,323,,,,,180.0,22.0,,7.0,,5.0,,11.0,14.0,,67.0,13.0,1.0,,2.0,,25011.0,322.0,-209.0
250110407021,1,73,2,1,0,6,0,7,4,2,96,363,,,,,,,,,,,,,,,,14.0,,,,6.0,25011.0,20.0,76.0
250110407022,24,267,6,44,3,17,112,28,33,147,681,450,36.0,,9.0,6.0,499.0,,,,2.0,,,,1.0,9.0,126.0,11.0,,,8.0,51.0,25011.0,758.0,-77.0
250110407023,6,22,0,2,6,12,25,7,7,2,89,271,,,,5.0,3.0,2.0,16.0,,,,,,,,7.0,5.0,,2.0,,,25011.0,40.0,49.0
250110407024,8,45,0,18,2,29,3,18,28,4,155,550,38.0,,,11.0,11.0,2.0,5.0,,,,,27.0,,,2.0,8.0,,22.0,7.0,1.0,25011.0,134.0,21.0
250110408001,31,492,7,14,1,83,85,39,37,25,814,535,254.0,,,87.0,866.0,28.0,28.0,87.0,3.0,1.0,,11.0,,2.0,38.0,13.0,2.0,81.0,5.0,,25011.0,1506.0,-692.0
250110408002,8,1,7,24,0,5,7,5,8,0,65,232,5.0,,,8.0,,,8.0,,,,,,,20.0,,4.0,,,1.0,20.0,25011.0,66.0,-1.0
250110408003,122,125,0,6,0,40,2,4,19,7,325,502,15.0,,,192.0,24.0,,55.0,,48.0,,3.0,15.0,,6.0,8.0,124.0,,79.0,3.0,44.0,25011.0,616.0,-291.0
250110408004,8,14,3,25,7,42,3,13,5,9,129,525,21.0,,,3.0,3.0,14.0,23.0,,9.0,34.0,5.0,,,,77.0,3.0,,64.0,17.0,35.0,25011.0,308.0,-179.0
250110409001,34,525,0,12,7,79,61,40,99,12,869,319,42.0,,5.0,12.0,26.0,1.0,4.0,,,,6.0,1.0,,,646.0,7.0,27.0,8.0,4.0,1.0,25011.0,790.0,79.0
250110409002,40,247,4,5,21,360,640,15,85,40,1457,743,53.0,,,51.0,11.0,2.0,325.0,446.0,,4.0,,133.0,376.0,103.0,194.0,129.0,135.0,166.0,5.0,,25011.0,2133.0,-676.0
250110409003,17,248,2,35,58,68,258,18,17,4,725,368,,,5.0,5.0,304.0,11.0,8.0,18.0,154.0,4.0,,4.0,,65.0,243.0,36.0,2.0,1.0,20.0,37.0,25011.0,917.0,-192.0
250110409004,35,116,16,1,10,88,55,25,12,46,404,211,3.0,,3.0,61.0,127.0,44.0,35.0,27.0,,6.0,,9.0,,,,8.0,,38.0,28.0,16.0,25011.0,405.0,-1.0
250110410001,12,577,25,75,19,341,3,21,53,13,1139,347,,,19.0,5.0,27.0,,341.0,,56.0,62.0,5.0,32.0,,11.0,304.0,299.0,,182.0,5.0,134.0,25011.0,1482.0,-343.0
250110410002,12,51,7,1,3,20,7,7,14,0,122,406,12.0,,,,,,,,,3.0,,9.0,,3.0,1.0,26.0,3.0,49.0,20.0,28.0,25011.0,154.0,-32.0
250110410003,12,48,0,4,3,41,4,1,39,5,157,366,,,,10.0,12.0,,4.0,,,,,1.0,,80.0,,6.0,14.0,,2.0,,25011.0,129.0,28.0
250110411001,6,135,0,2,1,7,2,17,6,1,177,296,,,,,,,,,,,,,1.0,,,50.0,,,15.0,,25011.0,66.0,111.0
250110411002,23,54,18,9,6,60,219,8,106,39,542,345,,11.0,,15.0,348.0,109.0,31.0,6.0,,10.0,,31.0,,17.0,71.0,37.0,6.0,27.0,34.0,,25011.0,753.0,-211.0
250110411003,15,315,3,67,0,176,2,40,18,12,648,307,,,,10.0,,,145.0,,,3.0,10.0,11.0,15.0,6.0,,377.0,,11.0,21.0,,25011.0,609.0,39.0
250110411004,6,65,0,3,6,23,4,1,5,38,151,349,,,,3.0,,39.0,,,5.0,,8.0,2.0,,,33.0,17.0,,12.0,,,25011.0,119.0,32.0
250110412001,38,125,0,1,0,28,41,13,9,70,325,503,2.0,,,103.0,117.0,72.0,31.0,17.0,,,9.0,18.0,,,,46.0,,,,,25011.0,415.0,-90.0
250110412002,2,215,9,13,4,52,0,16,26,21,358,273,,,,,,,36.0,,,3.0,,2.0,,,,64.0,4.0,56.0,,,25011.0,165.0,193.0
250110412003,9,113,11,0,2,88,4,34,3,0,264,320,,,,13.0,12.0,3.0,171.0,,10.0,26.0,3.0,1.0,,,,225.0,17.0,42.0,3.0,,25011.0,526.0,-262.0
250110413001,2,35,15,6,0,60,5,7,32,2,164,378,,,,1.0,,2.0,139.0,,6.0,4.0,,2.0,,4.0,,28.0,,,17.0,15.0,25011.0,218.0,-54.0
250110413002,65,169,4,48,1,58,17,24,6,3,395,391,,,,8.0,8.0,,91.0,,,,,3.0,42.0,35.0,,50.0,,20.0,9.0,,25011.0,266.0,129.0
250110413003,6,181,8,6,1,16,86,6,5,2,317,291,,,,5.0,80.0,1.0,,,,1.0,,,,,,934.0,,,12.0,,25011.0,1033.0,-716.0
250110413004,29,303,65,62,10,171,7,63,101,3,814,495,,,,,,23.0,111.0,,28.0,62.0,4.0,48.0,172.0,33.0,503.0,266.0,,219.0,61.0,28.0,25011.0,1558.0,-744.0
250110413005,39,381,21,131,24,186,21,55,125,26,1009,447,,,,94.0,4.0,30.0,147.0,24.0,76.0,1.0,6.0,32.0,44.0,33.0,25.0,192.0,48.0,108.0,176.0,318.0,25011.0,1358.0,-349.0
250110414001,8,99,6,2,9,81,2,0,6,24,237,388,,,,39.0,,,,9.0,18.0,,4.0,,,,,79.0,,53.0,9.0,210.0,25011.0,421.0,-184.0
250110414002,14,183,11,3,3,93,12,10,14,55,398,563,,,13.0,,62.0,13.0,71.0,27.0,,17.0,46.0,12.0,,11.0,,215.0,,30.0,7.0,,25011.0,524.0,-126.0
250110415011,10,12,0,13,1,18,13,3,8,4,82,414,,,,15.0,3.0,4.0,12.0,,1.0,,,4.0,,6.0,,8.0,23.0,48.0,7.0,,25011.0,131.0,-49.0
250110415012,8,26,1,0,0,5,5,9,5,5,64,214,,,,18.0,,11.0,,,,,,8.0,,3.0,50.0,4.0,,,,49.0,25011.0,143.0,-79.0
250110415013,5,49,0,14,0,21,9,15,9,7,129,660,,,,3.0,31.0,32.0,12.0,10.0,4.0,8.0,,1.0,,1.0,74.0,6.0,4.0,,18.0,135.0,25011.0,339.0,-210.0
250110415021,27,69,2,28,0,35,7,38,24,22,252,365,6.0,,,36.0,23.0,,54.0,10.0,3.0,13.0,,4.0,6.0,3.0,4.0,10.0,1.0,53.0,25.0,37.0,25011.0,288.0,-36.0
250110415022,18,105,0,28,12,19,4,6,14,22,228,310,8.0,,,12.0,2.0,6.0,10.0,1.0,2.0,,,2.0,,,184.0,14.0,2.0,,,,25011.0,243.0,-15.0
250110415023,5,46,0,11,1,30,5,5,15,2,120,341,,,,9.0,34.0,,28.0,5.0,2.0,,,12.0,,8.0,,20.0,,41.0,25.0,35.0,25011.0,219.0,-99.0
250110415024,5,139,13,11,2,80,8,11,35,12,316,343,,,,17.0,,5.0,15.0,,6.0,21.0,10.0,18.0,,,80.0,37.0,12.0,35.0,16.0,21.0,25011.0,293.0,23.0
250138001011,26,116,0,2,8,30,8,10,9,223,432,475,,,,17.0,2.0,,4.0,34.0,,,,,,,,15.0,,,,,25013.0,72.0,360.0
250138001012,6,245,3,0,13,21,3,5,3,6,305,486,,,,,,,,,,,,,,,,22.0,,,,,25013.0,22.0,283.0
250138001013,23,174,6,3,3,58,56,28,31,11,393,612,,,,80.0,80.0,3.0,33.0,,,,,1.0,,1.0,,19.0,,16.0,136.0,,25013.0,369.0,24.0
250138001021,11,257,7,2,6,61,5,11,23,27,410,784,,,,1.0,40.0,,1.0,9.0,,26.0,,12.0,,,,273.0,,12.0,4.0,,25013.0,378.0,32.0
250138001022,12,98,8,3,7,88,84,20,20,38,378,314,,,,11.0,26.0,25.0,31.0,,1.0,5.0,7.0,3.0,,65.0,22.0,41.0,2.0,17.0,34.0,,25013.0,290.0,88.0
250138001023,12,221,13,0,3,40,25,13,3,16,346,596,,,,5.0,4.0,,46.0,,,5.0,,,,,,72.0,,12.0,14.0,,25013.0,158.0,188.0
250138002011,4,165,16,2,6,28,8,4,3,9,245,481,,,,,,,,1.0,,17.0,6.0,,,,,76.0,,9.0,3.0,,25013.0,112.0,133.0
250138002012,17,121,6,8,5,127,23,7,15,27,356,602,,,,3.0,6.0,2.0,112.0,,,5.0,,8.0,,8.0,2.0,46.0,,106.0,24.0,,25013.0,322.0,34.0
250138002013,101,499,20,3,10,157,105,24,32,153,1104,224,,,,186.0,1843.0,196.0,9.0,19.0,,1.0,14.0,32.0,134.0,37.0,12.0,103.0,,125.0,23.0,,25013.0,2734.0,-1630.0
250138002014,23,99,5,0,1,16,2,3,5,38,192,454,,,,7.0,,1.0,15.0,1.0,,2.0,6.0,,,7.0,,13.0,,,4.0,,25013.0,56.0,136.0
250138002015,16,239,0,4,46,63,12,10,5,48,443,608,,,,,,3.0,38.0,,,4.0,3.0,,,,,32.0,,18.0,,,25013.0,98.0,345.0
250138002021,300,2525,211,19,15,943,1064,73,3143,1480,9773,625,,,474.0,353.0,1131.0,448.0,299.0,483.0,76.0,282.0,38.0,137.0,890.0,637.0,108.0,2668.0,55.0,69.0,190.0,148.0,25013.0,8486.0,1287.0
250138003001,7,505,28,1,7,609,19,17,49,30,1272,504,,,,,15.0,,694.0,,14.0,14.0,24.0,12.0,,,6.0,171.0,47.0,257.0,2.0,,25013.0,1256.0,16.0
250138003002,1,79,0,0,1,10,20,5,3,5,124,427,,,,7.0,,,,,,,,1.0,,,,38.0,,,,,25013.0,46.0,78.0
250138003003,4,73,5,0,2,23,2,3,6,8,126,389,,,,,,,3.0,,,,,,,,,14.0,,3.0,5.0,,25013.0,25.0,101.0
250138003004,15,178,13,3,50,54,35,6,3,7,364,367,,,,2.0,,1.0,17.0,,14.0,,6.0,1.0,,,30.0,22.0,,,12.0,,25013.0,105.0,259.0
250138004001,16,175,0,13,8,121,5,13,17,54,422,579,,,,28.0,,9.0,112.0,,,2.0,5.0,8.0,,,,82.0,,133.0,1.0,55.0,25013.0,435.0,-13.0
250138004002,7,173,6,0,5,25,1,3,17,22,259,516,,,,,,12.0,22.0,,,4.0,1.0,8.0,,,,44.0,,21.0,5.0,,25013.0,117.0,142.0
250138004003,2,94,0,0,1,14,1,5,2,2,121,232,,,,,,,,,,,,,,,,25.0,,3.0,,,25013.0,28.0,93.0
250138004004,7,160,0,0,1,35,0,4,9,16,232,591,,,,6.0,,7.0,27.0,,,,,,,,,45.0,,9.0,,,25013.0,94.0,138.0
250138004005,18,287,1,0,21,3,0,1,2,4,337,314,,,,,,,,,,,,3.0,,26.0,,177.0,,,,,25013.0,206.0,131.0
250138005001,5,119,1,2,4,20,1,1,3,4,160,432,,,,3.0,,,,,,,,2.0,,,,195.0,,1.0,,,25013.0,201.0,-41.0
250138005002,3,78,5,0,3,9,0,3,7,4,112,325,,,,,,,,,,,,,,,,43.0,,,,,25013.0,43.0,69.0
250138005003,5,557,11,5,9,35,3,11,11,6,653,411,,,,,,,14.0,,,,,,,,,205.0,,,25.0,,25013.0,244.0,409.0
250138006001,2,518,7,0,15,36,8,0,16,8,610,338,,,,,6.0,,12.0,,20.0,,2.0,,,,,267.0,,,2.0,,25013.0,309.0,301.0
250138006002,0,138,4,0,13,46,0,3,1,0,205,320,,,,,,,12.0,,,4.0,6.0,,,,,47.0,,,2.0,,25013.0,71.0,134.0
250138006003,5,1179,19,4,9,48,108,6,19,348,1745,239,,,,,48.0,,1.0,297.0,,,7.0,,94.0,12.0,,665.0,,6.0,3.0,22.0,25013.0,1155.0,590.0
250138007001,22,760,28,0,5,41,26,28,7,59,976,526,,,,51.0,26.0,39.0,43.0,,,,,,,119.0,6.0,355.0,,,120.0,,25013.0,759.0,217.0
250138007002,2,270,2,8,0,17,2,8,2,4,315,806,,,,3.0,,,,,,,,,,,,381.0,,,4.0,,25013.0,388.0,-73.0
250138008001,2,72,7,2,1,29,1,7,8,7,136,539,,,,,,,,,,,11.0,,,,,62.0,,,11.0,,25013.0,84.0,52.0
250138008002,28,664,6,6,2,156,9,38,15,77,1001,343,,,,13.0,141.0,86.0,116.0,10.0,,,18.0,11.0,25.0,,,316.0,9.0,54.0,86.0,,25013.0,885.0,116.0
250138009001,36,7657,7,0,0,34,2,65,21,13,7835,498,,,,47.0,,,2.0,,3.0,,,43.0,,,,2917.0,,,44.0,,25013.0,3056.0,4779.0
250138009002,0,387,5,3,0,9,3,10,4,40,461,718,,,,,1.0,,,32.0,,,2.0,6.0,,,,106.0,,,359.0,,25013.0,506.0,-45.0
250138009003,13,580,7,14,5,94,0,16,20,30,779,354,,,,20.0,,30.0,8.0,,,,,15.0,48.0,,6.0,653.0,,14.0,5.0,,25013.0,799.0,-20.0
250138011011,96,4240,786,916,565,805,57,195,2977,540,11177,1677,,,,221.0,59.0,47.0,139.0,206.0,435.0,1511.0,147.0,1250.0,421.0,1556.0,129.0,11804.0,162.0,846.0,603.0,1811.0,25013.0,21347.0,-10170.0
250138011021,4,831,24,35,0,67,12,5,108,25,1111,538,,,,,14.0,6.0,6.0,,39.0,,5.0,80.0,,20.0,,861.0,,17.0,56.0,95.0,25013.0,1199.0,-88.0
250138011022,45,163,69,49,12,537,31,25,46,38,1015,270,,,,15.0,,,90.0,24.0,3.0,15.0,8.0,5.0,,,,204.0,,161.0,7.0,,25013.0,532.0,483.0
250138012001,3,56,19,0,36,21,0,113,5,55,308,362,,,15.0,8.0,,6.0,10.0,1.0,56.0,,2.0,1.0,33.0,228.0,11.0,77.0,,7.0,2.0,79.0,25013.0,536.0,-228.0
250138012002,33,552,7,524,49,41,26,34,18,24,1308,422,,,,49.0,15.0,,15.0,18.0,,,1.0,,,,1.0,146.0,13.0,,441.0,1170.0,25013.0,1869.0,-561.0
250138012003,17,149,77,3,18,69,10,34,44,93,514,399,,,,54.0,7.0,,11.0,12.0,157.0,,4.0,26.0,,7.0,9.0,63.0,99.0,3.0,18.0,,25013.0,470.0,44.0
250138013001,0,134,6,0,3,31,1,6,8,7,196,461,,,,,,2.0,,,,,8.0,,,14.0,,154.0,,2.0,3.0,,25013.0,183.0,13.0
250138013002,7,466,7,1,5,65,1,37,5,3,597,360,,,,,,,66.0,,,,,,16.0,,,124.0,,36.0,3.0,,25013.0,245.0,352.0
250138013003,8,427,19,37,19,105,5,19,85,46,770,447,,,,2.0,,37.0,89.0,,,,10.0,18.0,95.0,,853.0,432.0,15.0,1.0,20.0,,25013.0,1572.0,-802.0
250138013004,73,216,12,3,7,30,182,9,15,118,665,331,,,,67.0,165.0,63.0,,12.0,,,34.0,2.0,,23.0,,33.0,,4.0,35.0,,25013.0,438.0,227.0
250138014011,45,1276,18,266,9,154,623,22,75,298,2786,739,,,,192.0,,462.0,24.0,36.0,,,52.0,,18.0,4.0,,90.0,8.0,82.0,54.0,2.0,25013.0,1024.0,1762.0
250138014012,4,658,12,2,8,58,0,9,34,15,800,646,,,,,,,19.0,1.0,,8.0,,,,,,85.0,,5.0,14.0,,25013.0,132.0,668.0
250138014021,4,137,4,0,3,18,1,6,2,5,180,377,,,,,,,,,,5.0,,,,,,36.0,,,25.0,,25013.0,66.0,114.0
250138014022,22,891,6,77,11,73,1,8,7,4,1100,330,,,,36.0,,,8.0,,,,13.0,4.0,,,10.0,404.0,,,6.0,50.0,25013.0,531.0,569.0
250138015011,6,243,2,3,7,57,5,13,4,8,348,672,,,,4.0,,,6.0,22.0,,,,,,,,41.0,,65.0,,,25013.0,138.0,210.0
250138015012,6,142,5,1,5,39,1,4,3,6,212,271,,,,,,,3.0,,,,,,,,,11.0,3.0,10.0,,,25013.0,27.0,185.0
250138015013,5,124,10,0,22,83,1,7,14,8,274,491,,,,,,,54.0,,,,24.0,,,,,27.0,,7.0,,,25013.0,112.0,162.0
250138015014,20,1055,2717,7,14,142,2,11,61,23,4052,561,,,,,,,26.0,,,4142.0,,,,24.0,,15.0,7.0,12.0,2.0,,25013.0,4228.0,-176.0
250138015021,9,156,16,2,3,84,2,19,8,13,312,443,,,,,,2.0,34.0,,,11.0,,,,,,48.0,,49.0,1.0,,25013.0,145.0,167.0
250138015022,16,115,1,1,2,251,0,4,4,5,399,311,,,,,,,140.0,1.0,,,10.0,,,1.0,6.0,45.0,,133.0,7.0,,25013.0,343.0,56.0
250138015023,21,117,9,4,3,21,0,3,16,320,514,475,,,,6.0,10.0,10.0,3.0,318.0,,,1.0,,,21.0,,41.0,,,10.0,,25013.0,420.0,94.0
250138015031,28,307,16,6,41,1371,115,21,81,86,2072,452,,,,,257.0,16.0,986.0,117.0,70.0,40.0,20.0,31.0,6.0,,3.0,48.0,3.0,605.0,88.0,,25013.0,2290.0,-218.0
250138015032,21,204,20,5,3,287,9,12,73,16,650,859,,,,,8.0,,413.0,,5.0,6.0,17.0,138.0,,,,80.0,,49.0,23.0,,25013.0,739.0,-89.0
250138015033,5,121,13,1,3,155,1,15,4,17,335,286,,,,5.0,,53.0,98.0,,23.0,,9.0,,,,10.0,44.0,,140.0,26.0,,25013.0,408.0,-73.0
250138016011,40,242,0,4,11,65,39,15,18,7,441,513,,,,,,,41.0,,,,,,,,,104.0,,,1.0,,25013.0,146.0,295.0
250138016012,3,114,5,2,1,45,0,2,5,5,182,225,,,,,,,12.0,,,,,,,1.0,9.0,28.0,,,,,25013.0,50.0,132.0
250138016013,7,274,3,1,2,37,3,6,1,3,337,373,,,,,,1.0,,,,,,,,3.0,,172.0,,4.0,,,25013.0,180.0,157.0
250138016014,3,307,23,2,2,52,4,4,7,4,408,387,,,,1.0,,1.0,17.0,,6.0,24.0,,,,6.0,,569.0,2.0,105.0,13.0,,25013.0,744.0,-336.0
250138016021,10,550,51,2,11,56,27,4,18,11,740,865,,,,1.0,,,,,,,22.0,,,,,42.0,,,1.0,,25013.0,66.0,674.0
250138016022,6,85,0,0,1,43,16,1,9,4,165,352,,,,,,,,,,,,,,2.0,,38.0,,,,,25013.0,40.0,125.0
250138016023,7,144,1,4,2,74,23,6,11,8,280,426,,,,,,,19.0,,,,,1.0,,1.0,1041.0,37.0,,113.0,6.0,,25013.0,1218.0,-938.0
250138016031,5,145,4,2,4,15,50,3,10,8,246,579,,,,,,,,,,,,,,,4.0,29.0,,17.0,,,25013.0,50.0,196.0
250138016032,19,448,13,26,14,122,44,23,17,27,753,1026,,,,1.0,,,237.0,,,23.0,2.0,4.0,35.0,1.0,192.0,60.0,4.0,58.0,25.0,,25013.0,642.0,111.0
250138016041,31,216,6,5,8,51,138,11,16,79,561,1033,,,,6.0,,3.0,,,,,,,,,,35.0,,,14.0,,25013.0,58.0,503.0
250138016042,9,118,2,81,7,30,60,14,6,7,334,388,,,,,,,,,,,,,,,62.0,154.0,,,17.0,79.0,25013.0,312.0,22.0
250138016051,23,814,10,2,5,293,35,21,34,9,1246,390,,,,1.0,,,306.0,,1.0,17.0,,,,34.0,,514.0,33.0,189.0,,,25013.0,1095.0,151.0
250138016052,8,140,18,2,2,203,50,9,11,5,448,864,,,,4.0,,,146.0,12.0,1.0,3.0,14.0,1.0,,,,70.0,,116.0,4.0,,25013.0,371.0,77.0
250138016053,4,197,11,2,1,106,23,5,2,10,361,259,,,,,,4.0,23.0,,,8.0,,,,,,190.0,,104.0,2.0,,25013.0,331.0,30.0
250138017001,2,188,0,3,15,30,5,2,17,9,271,438,,,,,,5.0,9.0,4.0,1.0,,,1.0,,2.0,,20.0,,,1.0,,25013.0,43.0,228.0
250138017002,1,731,0,0,0,9,0,2,3,4,750,87,,,,,,,2.0,,,,,1.0,,,1232.0,5.0,,118.0,1.0,,25013.0,1359.0,-609.0
250138017003,2,122,19,0,2,29,0,9,5,1,189,332,,,,,,,,,,,,,,,,78.0,,1.0,8.0,,25013.0,87.0,102.0
250138017004,1,217,0,1,4,23,0,0,5,5,256,345,,,,,,,1.0,,,,,,,,625.0,32.0,,,,,25013.0,658.0,-402.0
250138017005,2,182,1,0,2,50,2,5,6,1,251,440,,,,,,,8.0,,,,,,,,,56.0,,12.0,,,25013.0,76.0,175.0
250138017006,0,75,0,2,3,15,0,8,7,0,110,329,,,,,,,,,,,,,,,,38.0,,1.0,12.0,,25013.0,51.0,59.0
250138018001,11,688,15,10,2,61,12,40,27,8,874,286,,,,,16.0,,36.0,,,,24.0,1.0,,53.0,,239.0,,32.0,47.0,,25013.0,448.0,426.0
250138018002,2,134,0,0,4,36,0,14,1,1,192,328,,,,14.0,,,1.0,,,,,,,,,55.0,,2.0,,,25013.0,72.0,120.0
250138018003,3,331,3,0,1,24,0,12,6,17,397,283,,,,9.0,94.0,6.0,,,,,1.0,,,,,213.0,,,1.0,,25013.0,324.0,73.0
250138018004,28,140,1,0,0,23,19,7,5,10,233,262,,,,18.0,14.0,,5.0,,,,,3.0,,,,32.0,,2.0,,,25013.0,74.0,159.0
250138018005,3,225,0,0,3,22,0,9,30,0,292,257,,,,6.0,,,6.0,2.0,,,,,,,,46.0,,,,,25013.0,60.0,232.0
250138019011,25,455,10,0,0,45,25,16,27,50,653,554,,,,4.0,,46.0,17.0,4.0,,,11.0,12.0,,8.0,,477.0,,,9.0,,25013.0,588.0,65.0
250138019012,21,448,20,4,2,88,0,8,31,37,659,972,,,,28.0,,1.0,4.0,4.0,,2.0,7.0,,15.0,93.0,,300.0,,6.0,17.0,,25013.0,477.0,182.0
250138019021,13,662,27,83,31,27,1,11,71,68,994,869,,,,9.0,,,2.0,,55.0,,3.0,13.0,,6.0,4529.0,529.0,,4.0,7.0,95.0,25013.0,5252.0,-4258.0
250138019022,13,418,17,6,3,35,7,35,89,6,629,494,,,,,,,,14.0,,,,21.0,,56.0,,498.0,,9.0,7.0,,25013.0,605.0,24.0
250138019023,0,138,4,0,2,13,0,10,1,7,175,213,,,,,,,,,,,12.0,110.0,,,15.0,23.0,,,7.0,,25013.0,167.0,8.0
250138020001,16,631,71,2,59,338,10,25,162,74,1388,722,,,,23.0,,,300.0,,,46.0,30.0,8.0,,273.0,81.0,405.0,113.0,446.0,35.0,,25013.0,1760.0,-372.0
250138020002,0,64,13,0,1,24,1,0,4,5,112,272,,,,,3.0,,13.0,,3.0,,,,,,,29.0,,,,,25013.0,48.0,64.0
250138021001,1,139,2,0,5,5,0,8,9,1,170,580,,,,,,,,,,,1.0,,,,,70.0,,11.0,1.0,,25013.0,83.0,87.0
250138021002,3,222,1,0,0,37,1,6,6,1,277,286,,,,4.0,,,,,,,5.0,3.0,,,,95.0,,,3.0,,25013.0,110.0,167.0
250138021003,8,104,1,1,0,2,2,13,10,4,145,374,,,,5.0,,,,,,,,1.0,,,4.0,,,,,,25013.0,10.0,135.0
250138021004,17,276,6,15,6,71,5,25,18,9,448,458,,,,3.0,,,92.0,5.0,,,2.0,9.0,,,19.0,98.0,357.0,36.0,32.0,,25013.0,653.0,-205.0
250138021005,16,730,14,10,5,81,3,29,22,42,952,398,,,,,,,3.0,,2.0,1.0,,4.0,,13.0,,59.0,8.0,,183.0,,25013.0,273.0,679.0
250138021006,0,139,2,0,5,4,0,1,12,3,166,438,,,,,,,,,,,,3.0,,,,26.0,,,,,25013.0,29.0,137.0
250138022001,1,127,6,0,3,19,1,3,8,3,171,329,,,,,5.0,,38.0,,,,11.0,,,,,30.0,,3.0,,,25013.0,87.0,84.0
250138022002,9,79,1,0,1,7,0,1,9,14,121,353,,,,,,,15.0,,,,1.0,24.0,,,,33.0,,,,,25013.0,73.0,48.0
250138022003,11,84,27,0,4,74,9,7,24,45,285,409,,,,,1.0,4.0,65.0,1.0,3.0,,1.0,6.0,,116.0,,36.0,,52.0,56.0,,25013.0,341.0,-56.0
250138023001,32,102,2,30,10,21,79,3,88,75,442,263,,,,9.0,,10.0,6.0,,,4.0,,,,,,11.0,,,20.0,27.0,25013.0,87.0,355.0
250138023002,8,138,23,1,5,31,2,36,68,4,316,574,,,,1.0,,8.0,16.0,2.0,1.0,,4.0,,,,,82.0,,19.0,9.0,,25013.0,142.0,174.0
250138023003,4,228,9,1,3,40,15,6,9,0,315,752,,,,,4.0,,3.0,3.0,,,28.0,,,,,48.0,,3.0,13.0,,25013.0,102.0,213.0
250138023004,6,160,0,0,0,4,0,4,2,8,184,279,,,,,,,,,,,,,,,,25.0,,,,,25013.0,25.0,159.0
250138023005,2,184,4,0,1,49,0,7,8,5,260,317,,,,,,3.0,17.0,5.0,,4.0,,,,,1.0,15.0,,62.0,3.0,,25013.0,110.0,150.0
250138024001,6,57,1,3,2,38,9,16,1,3,136,318,,,,2.0,,,2.0,,,,,,,,,1.0,,,,,25013.0,5.0,131.0
250138024002,4,49,1,1,3,55,1,3,5,18,140,321,,,,,,,,,2.0,,,,,,,,,,,,25013.0,2.0,138.0
250138024003,8,262,2,0,6,61,8,7,8,7,369,510,,,,4.0,,2.0,5.0,,,6.0,,9.0,,,4.0,18.0,,38.0,1.0,,25013.0,87.0,282.0
250138024004,22,122,11,0,7,89,37,20,11,5,324,288,,,,1.0,37.0,,64.0,13.0,1.0,2.0,3.0,3.0,9.0,4.0,,28.0,,41.0,16.0,,25013.0,222.0,102.0
250138025001,7,70,0,1,0,14,0,6,4,2,104,298,,,,,,,,,,,,,,,,2.0,,,,,25013.0,2.0,102.0
250138025002,5,58,5,1,1,4,12,8,11,9,114,402,,,,,,,,,,,,,,7.0,,13.0,,,2.0,,25013.0,22.0,92.0
250138025003,2,96,4,3,2,26,11,3,8,9,164,414,,,,,,,15.0,3.0,1.0,2.0,8.0,,,2.0,1.0,22.0,,,,,25013.0,54.0,110.0
250138025004,7,159,2,1,5,24,13,3,16,3,233,409,,,,,,,,,,5.0,,2.0,,,,12.0,,,3.0,,25013.0,22.0,211.0
250138025005,24,195,10,2,1,21,15,50,9,19,346,549,,,,5.0,,3.0,22.0,,,,,3.0,,,,249.0,,3.0,1.0,,25013.0,286.0,60.0
250138025006,6,102,33,12,1,39,7,3,4,3,210,527,,,,,,4.0,9.0,,,,,3.0,,1.0,,25.0,,11.0,14.0,,25013.0,67.0,143.0
250138026011,6,48,16,0,6,18,0,12,11,5,122,261,,,,,,,10.0,,,,,,,4.0,73.0,8.0,,3.0,24.0,,25013.0,122.0,0.0
250138026012,5,190,0,3,3,16,1,2,9,8,237,508,,,,,,,15.0,,,,,,,,1.0,35.0,,5.0,,,25013.0,56.0,181.0
250138026013,13,76,7,1,1,20,0,1,5,10,134,466,,,,,,,17.0,,,,11.0,,,1.0,,61.0,,13.0,4.0,,25013.0,107.0,27.0
250138026014,9,167,11,2,12,114,1,14,50,16,396,446,,,,,2.0,,51.0,,,9.0,8.0,,18.0,82.0,,53.0,,33.0,2.0,,25013.0,258.0,138.0
250138026015,6,136,1,2,6,13,1,4,6,3,178,412,,,,,,,13.0,,,,,,,2.0,,17.0,,,3.0,,25013.0,35.0,143.0
250138026016,4,224,20,2,1,23,1,4,7,5,291,404,,,,3.0,,,7.0,,,,15.0,,,19.0,,11.0,,,,,25013.0,55.0,236.0
250138026021,13,207,2,11,3,33,10,25,13,23,340,924,,,,7.0,,,,,,,1.0,,,,,2.0,,,27.0,,25013.0,37.0,303.0
250138101001,48,90,6,14,7,52,23,31,40,24,335,828,,,,126.0,2.0,14.0,,4.0,,,,2.0,,3.0,,6.0,12.0,6.0,,,25013.0,175.0,160.0
250138101002,39,125,6,1,6,83,87,41,59,175,622,479,,,,81.0,139.0,4.0,68.0,4.0,,3.0,25.0,195.0,69.0,44.0,,5.0,,62.0,35.0,,25013.0,734.0,-112.0
250138101003,23,975,59,10,82,286,72,56,55,164,1782,871,,,,56.0,6.0,44.0,293.0,62.0,126.0,20.0,8.0,49.0,16.0,21.0,3.0,1036.0,5.0,200.0,44.0,6.0,25013.0,1995.0,-213.0
250138101004,9,189,13,23,19,183,30,17,21,47,551,447,2.0,,,6.0,18.0,4.0,97.0,2.0,16.0,,,26.0,,,13.0,15.0,4.0,54.0,3.0,91.0,25013.0,351.0,200.0
250138102001,35,72,1,6,1,13,162,16,16,87,409,404,,,3.0,45.0,163.0,43.0,3.0,27.0,,,1.0,5.0,,34.0,,3.0,,24.0,,,25013.0,351.0,58.0
250138102002,20,300,6,60,13,23,88,24,11,26,571,490,,,,9.0,94.0,,,,,,,,,1.0,233.0,4.0,,,8.0,3.0,25013.0,352.0,219.0
250138102003,10,84,1,9,1,185,1,13,5,17,326,310,,,,,,,9.0,,,,,,,4.0,,2.0,,21.0,,,25013.0,36.0,290.0
250138103001,4,201,9,6,4,45,9,18,15,28,339,583,,,,4.0,11.0,3.0,32.0,2.0,,8.0,,9.0,5.0,,172.0,9.0,,,13.0,11.0,25013.0,279.0,60.0
250138103002,20,215,8,30,9,182,56,21,23,76,640,816,,,,27.0,143.0,,56.0,,,9.0,4.0,3.0,,78.0,7.0,54.0,8.0,45.0,11.0,9.0,25013.0,454.0,186.0
250138104031,8,185,14,4,2,93,40,14,7,70,437,645,,,,3.0,46.0,,5.0,1.0,,17.0,,9.0,,32.0,4.0,57.0,,155.0,17.0,,25013.0,346.0,91.0
250138104032,16,249,14,3,1,50,8,118,11,15,485,743,,,,14.0,18.0,6.0,25.0,2.0,1.0,3.0,,20.0,,,1.0,57.0,3.0,50.0,29.0,,25013.0,229.0,256.0
250138104033,11,397,29,26,3,40,38,38,52,26,660,508,,,,29.0,29.0,15.0,21.0,,8.0,14.0,3.0,4.0,,39.0,474.0,304.0,,43.0,18.0,,25013.0,1001.0,-341.0
250138104041,45,320,5,4,19,18,8,12,10,244,685,397,,,19.0,51.0,19.0,8.0,,,,,,1.0,,3.0,,8.0,,,13.0,,25013.0,122.0,563.0
250138104042,23,70,76,9,1,81,41,27,11,52,391,1021,,,,9.0,52.0,,26.0,,,40.0,4.0,9.0,,78.0,,71.0,6.0,90.0,2.0,,25013.0,387.0,4.0
250138104121,29,97,46,28,7,240,70,69,25,36,647,1117,,,,16.0,11.0,7.0,488.0,2.0,1.0,49.0,1.0,14.0,,4.0,,52.0,,156.0,3.0,104.0,25013.0,908.0,-261.0
250138104122,17,90,2,6,7,25,6,18,15,24,210,705,,,,25.0,,1.0,11.0,4.0,,,,3.0,,14.0,1.0,15.0,,10.0,2.0,,25013.0,86.0,124.0
250138104123,26,124,1,15,5,62,35,26,35,27,356,596,,,,15.0,8.0,,41.0,74.0,,,,,,9.0,,28.0,,54.0,2.0,,25013.0,231.0,125.0
250138104141,153,462,34,486,10,149,191,46,59,309,1899,487,2.0,,88.0,232.0,429.0,179.0,49.0,57.0,,,30.0,136.0,23.0,39.0,,186.0,,3.0,69.0,1364.0,25013.0,2886.0,-987.0
250138104142,170,263,6,86,4,90,33,30,28,52,762,603,,7.0,,265.0,,18.0,10.0,,,4.0,14.0,18.0,,3.0,48.0,69.0,88.0,36.0,31.0,55.0,25013.0,666.0,96.0
250138104143,90,83,8,11,47,65,7,18,29,46,404,963,,,,29.0,10.0,8.0,20.0,10.0,4.0,1.0,2.0,3.0,,103.0,,10.0,,23.0,3.0,,25013.0,226.0,178.0
250138106011,115,103,2,12,6,78,21,49,12,105,503,431,,10.0,,168.0,304.0,16.0,22.0,4.0,,,46.0,,,52.0,21.0,13.0,29.0,6.0,20.0,17.0,25013.0,728.0,-225.0
250138106012,55,720,69,6,14,1043,321,45,71,212,2556,1139,,,,7.0,720.0,85.0,1588.0,170.0,73.0,49.0,48.0,1.0,,80.0,,614.0,,878.0,50.0,,25013.0,4363.0,-1807.0
250138106013,26,145,31,1,8,64,3,11,14,12,315,511,,,,,,,64.0,4.0,,,,,,5.0,,19.0,,33.0,33.0,,25013.0,158.0,157.0
250138106021,202,638,13,34,87,213,152,34,231,208,1812,1034,,2.0,,379.0,341.0,151.0,81.0,106.0,15.0,1.0,,2.0,83.0,9.0,,256.0,,143.0,28.0,,25013.0,1597.0,215.0
250138107001,26,203,15,15,9,64,37,12,46,147,574,703,,,,9.0,54.0,26.0,30.0,,,3.0,,16.0,,19.0,,32.0,,23.0,3.0,7.0,25013.0,222.0,352.0
250138107002,5,104,0,8,2,13,0,5,2,11,150,322,,,,,,,,,,,,,,,,25.0,,29.0,8.0,,25013.0,62.0,88.0
250138107003,1,149,18,1,2,24,11,5,7,4,222,585,,,,,,,9.0,,,,,,,3.0,,29.0,,2.0,,,25013.0,43.0,179.0
250138107004,5,107,5,1,1,34,17,4,3,7,184,383,,,,,,,,,,5.0,,,,,,16.0,,17.0,,,25013.0,38.0,146.0
250138107005,78,64,5,508,0,27,4,16,8,7,717,606,,,,53.0,,8.0,2.0,,,,,1.0,4.0,,938.0,12.0,,,1.0,,25013.0,1019.0,-302.0
250138108001,18,170,49,47,34,34,50,44,47,19,512,809,,,,149.0,42.0,9.0,29.0,,,25.0,6.0,29.0,,,,149.0,,49.0,25.0,,25013.0,512.0,0.0
250138108002,3,431,47,260,5,43,1,18,78,144,1030,568,,,172.0,18.0,,4.0,21.0,,,59.0,,40.0,10.0,,21.0,53.0,,38.0,25.0,459.0,25013.0,920.0,110.0
250138108003,10,331,3,9,5,46,4,11,12,24,455,455,,,,,,,17.0,,,,,,,,75.0,22.0,,23.0,16.0,,25013.0,153.0,302.0
250138109011,42,564,65,432,21,187,63,30,76,109,1589,934,,,,17.0,124.0,36.0,71.0,18.0,55.0,76.0,7.0,21.0,,31.0,1.0,118.0,167.0,133.0,54.0,159.0,25013.0,1088.0,501.0
250138109021,13,111,8,3,0,22,1,3,6,14,181,476,,,,,,,1.0,10.0,,,,,,1.0,606.0,11.0,1.0,26.0,37.0,,25013.0,693.0,-512.0
250138109022,4,73,3,1,2,7,4,1,3,0,98,251,,,,,,,14.0,,,,6.0,,,5.0,,9.0,,,,,25013.0,34.0,64.0
250138109023,14,337,10,14,6,115,80,42,129,118,865,685,,,,2.0,170.0,31.0,23.0,70.0,,2.0,,,,,,107.0,,18.0,31.0,,25013.0,454.0,411.0
250138109024,1,160,5,0,2,10,0,20,1,7,206,338,,,,,,,,,,,,,,,7.0,24.0,,,37.0,,25013.0,68.0,138.0
250138110001,15,41,9,9,1,40,3,1,13,8,140,394,,,,1.0,5.0,,22.0,,,17.0,5.0,19.0,,,,20.0,,61.0,,,25013.0,150.0,-10.0
250138110002,5,27,4,0,6,9,3,3,15,7,79,307,,,,56.0,,13.0,,,,1.0,,16.0,,2.0,,4.0,,5.0,1.0,,25013.0,98.0,-19.0
250138110003,14,122,2,5,5,36,8,8,3,22,225,322,,,,2.0,,18.0,7.0,,,,4.0,,,,,10.0,,,3.0,,25013.0,44.0,181.0
250138110004,31,53,2,1,4,58,3,6,7,13,178,438,,,,18.0,,100.0,15.0,,,,,2.0,,1.0,,6.0,2.0,3.0,12.0,,25013.0,159.0,19.0
250138110005,13,90,1,2,2,9,10,7,10,22,166,419,,,,9.0,,,,26.0,,,1.0,6.0,,,,20.0,,,25.0,,25013.0,87.0,79.0
250138111011,13,109,3,2,3,18,0,147,10,15,320,543,,,,2.0,18.0,,4.0,17.0,,,,,,4.0,12.0,50.0,,2.0,1.0,,25013.0,110.0,210.0
250138111012,92,298,14,4,13,71,218,12,49,68,839,598,,,,156.0,274.0,11.0,21.0,2.0,,17.0,,45.0,,,,85.0,,31.0,23.0,4.0,25013.0,669.0,170.0
250138111013,8,146,0,1,4,11,6,27,3,10,216,479,,,,2.0,5.0,18.0,2.0,5.0,,,,,,44.0,,153.0,,,,,25013.0,229.0,-13.0
250138111014,28,57,5,1,5,20,43,3,12,11,185,333,,,,57.0,36.0,2.0,20.0,,,,,1.0,,37.0,,2.0,,11.0,17.0,5.0,25013.0,188.0,-3.0
250138111021,7,55,5,3,4,48,7,17,4,20,170,550,,,,,,,24.0,,,,6.0,,,,,27.0,,30.0,23.0,,25013.0,110.0,60.0
250138111022,20,147,29,4,11,67,8,9,15,407,717,769,,,,16.0,154.0,676.0,69.0,11.0,,,,5.0,,,,57.0,,63.0,19.0,36.0,25013.0,1106.0,-389.0
250138111023,15,253,4,10,67,52,79,15,10,53,558,639,,,,3.0,,,,,119.0,1.0,1.0,,,,19.0,9.0,,,5.0,,25013.0,157.0,401.0
250138111024,5,64,5,1,6,13,0,3,5,19,121,456,,,,,,,3.0,3.0,,,,,,,,23.0,,,8.0,,25013.0,37.0,84.0
250138112001,30,218,9,5,7,69,6,15,10,34,403,683,,,,24.0,,,49.0,41.0,,,102.0,,,,,61.0,,50.0,20.0,,25013.0,347.0,56.0
250138112002,8,370,6,4,2,36,16,2,9,14,467,469,4.0,,,8.0,,,14.0,3.0,,1.0,,1.0,,4.0,,13.0,,8.0,,,25013.0,56.0,411.0
250138112003,12,114,19,1,2,20,10,8,10,5,201,412,,,,18.0,,,29.0,,,36.0,,11.0,,,,41.0,,,,,25013.0,135.0,66.0
250138112004,9,147,2,6,5,16,5,5,3,53,251,414,,,,,57.0,,,,,,,8.0,,,,3.0,,,,,25013.0,68.0,183.0
250138113011,26,102,6,6,4,27,12,5,6,14,208,551,,,,18.0,,3.0,5.0,,,,,,,,,25.0,,77.0,11.0,,25013.0,139.0,69.0
250138113012,51,168,5,2,3,111,4,14,18,64,440,317,,12.0,,,19.0,,192.0,,,,3.0,33.0,,,,10.0,,54.0,16.0,,25013.0,339.0,101.0
250138113013,47,111,33,13,4,36,10,14,54,55,377,969,,,,174.0,10.0,10.0,38.0,,,26.0,4.0,,,78.0,,22.0,,6.0,29.0,,25013.0,397.0,-20.0
250138113014,13,255,1,2,4,20,13,2,11,14,335,432,,,,8.0,,,,,,,,,,,,85.0,,,,,25013.0,93.0,242.0
250138113021,22,192,4,47,5,296,23,78,14,105,786,6,,,,,,,2.0,73.0,3.0,,,3.0,,,15.0,,,,,,25013.0,96.0,690.0
250138113022,32,429,4,6,4,99,315,14,24,366,1293,553,,,,8.0,124.0,15.0,18.0,,,,9.0,,25.0,52.0,3.0,19.0,,20.0,28.0,,25013.0,321.0,972.0
250138113023,3,242,4,5,9,15,3,3,8,23,315,389,,,,,131.0,,,,,,2.0,3.0,,,85.0,245.0,,,,,25013.0,466.0,-151.0
250138113024,22,106,25,7,5,146,33,33,29,39,445,580,,,,17.0,213.0,4.0,126.0,,20.0,4.0,17.0,26.0,3.0,16.0,4.0,19.0,69.0,284.0,36.0,,25013.0,858.0,-413.0
250138113025,75,269,6,10,3,69,49,7,60,446,994,716,,,,95.0,134.0,,24.0,61.0,,,,3.0,13.0,133.0,93.0,142.0,36.0,,6.0,,25013.0,740.0,254.0
250138114001,14,505,10,57,7,73,146,16,50,120,998,418,,,71.0,96.0,577.0,133.0,12.0,13.0,,,35.0,9.0,,95.0,62.0,236.0,11.0,18.0,10.0,4.0,25013.0,1382.0,-384.0
250138114002,1,167,21,2,2,12,45,3,14,17,284,502,,,,,42.0,,5.0,,,,,,,,2.0,61.0,,2.0,1.0,,25013.0,113.0,171.0
250138115001,19,357,29,0,10,94,73,7,5,94,688,338,,,,88.0,98.0,27.0,13.0,2.0,,13.0,12.0,8.0,,,,48.0,,,14.0,,25013.0,323.0,365.0
250138115002,47,582,12,1,7,101,275,8,44,51,1128,396,,,,92.0,243.0,3.0,67.0,15.0,,,26.0,28.0,,,18.0,70.0,,20.0,28.0,176.0,25013.0,786.0,342.0
250138116001,0,46,14,0,1,7,0,0,2,2,72,273,,,,,,,13.0,,,,5.0,,,,,48.0,,,1.0,,25013.0,67.0,5.0
250138116002,30,532,24,135,2,62,144,9,77,130,1145,402,,,71.0,21.0,116.0,48.0,7.0,4.0,1.0,1.0,44.0,7.0,40.0,46.0,30.0,263.0,,3.0,56.0,149.0,25013.0,907.0,238.0
250138116003,0,152,1,1,14,25,0,5,3,4,205,240,,,,,,,28.0,,,,1.0,1.0,,,,37.0,,,2.0,,25013.0,69.0,136.0
250138116004,1,65,9,21,2,11,0,13,5,34,161,387,,,,10.0,,8.0,2.0,,,,15.0,,,,,103.0,,,,40.0,25013.0,178.0,-17.0
250138117001,23,78,5,6,1,9,65,10,8,17,222,324,,,,,,6.0,,,3.0,,,5.0,,19.0,18.0,39.0,,,,,25013.0,90.0,132.0
250138117002,28,283,16,61,3,53,44,12,30,34,564,495,7.0,,28.0,31.0,27.0,3.0,4.0,,,,10.0,41.0,,114.0,3.0,304.0,,36.0,59.0,118.0,25013.0,785.0,-221.0
250138117003,7,740,84,199,2,419,35,73,40,135,1734,277,,,21.0,,,8.0,15.0,,,19.0,53.0,4.0,,,1158.0,714.0,105.0,53.0,66.0,509.0,25013.0,2725.0,-991.0
250138118001,9,52,6,0,0,1,0,4,2,1,75,264,,,,137.0,,,2.0,,,,15.0,,17.0,,,33.0,,,1.0,,25013.0,205.0,-130.0
250138118002,5,138,0,0,1,2,0,1,5,2,154,253,2.0,,,,,,,,,,,,,12.0,,28.0,103.0,3.0,,,25013.0,148.0,6.0
250138118003,17,37,3,0,0,28,0,2,67,16,170,464,,,,,,,24.0,,26.0,,,,,,,44.0,,53.0,1.0,,25013.0,148.0,22.0
250138118004,3,31,3,0,0,28,0,6,1,1,73,238,,,,1.0,,,34.0,,,1.0,2.0,,,,,43.0,,10.0,10.0,,25013.0,101.0,-28.0
250138118005,1,23,13,0,1,145,0,0,3,3,189,325,,,,,,1.0,156.0,,1.0,15.0,,6.0,,,,26.0,,,1.0,,25013.0,206.0,-17.0
250138119001,5,169,4,4,41,163,4,11,11,50,462,566,,,,1.0,,3.0,9.0,,,7.0,,4.0,,,2.0,16.0,31.0,65.0,10.0,9.0,25013.0,157.0,305.0
250138119002,6,97,0,0,0,15,9,20,9,2,158,436,,,,1.0,,,,,,,,,,,,11.0,,,13.0,,25013.0,25.0,133.0
250138119003,8,63,4,3,0,24,6,27,14,7,156,429,,,,2.0,,,,3.0,,,1.0,,,10.0,,66.0,,5.0,4.0,,25013.0,91.0,65.0
250138120011,0,218,5,0,0,8,0,6,15,1,253,423,,,,,,,,,,3.0,4.0,11.0,,11.0,,297.0,,,17.0,,25013.0,343.0,-90.0
250138120012,6,145,1,11,0,4,0,1,0,0,168,216,,,,,,,2.0,,,1.0,16.0,,,,,284.0,,,,,25013.0,303.0,-135.0
250138120013,15,43,11,2,0,48,13,7,7,2,148,417,,,,,44.0,,48.0,,,,7.0,,3.0,,,51.0,,27.0,17.0,,25013.0,197.0,-49.0
250138120014,1,88,12,1,0,24,0,4,7,2,139,342,,,,,,,31.0,,,25.0,,6.0,,,,63.0,,18.0,,,25013.0,143.0,-4.0
250138120021,12,368,29,11,3,54,5,4,49,8,543,731,,,,,,,,,,15.0,19.0,,,,1.0,298.0,,52.0,1.0,,25013.0,386.0,157.0
250138120022,3,203,2,0,0,18,1,7,0,1,235,259,,,,15.0,,,,,,,,15.0,,12.0,,409.0,,23.0,,,25013.0,474.0,-239.0
250138120023,0,116,1,2,0,24,1,1,0,0,145,298,,,,,,,4.0,,,,,1.0,,,2.0,22.0,,,,,25013.0,29.0,116.0
250138120024,10,1176,13,2,0,39,0,1,18,1,1260,369,,,,1.0,7.0,1.0,,,,12.0,,1.0,,58.0,,1736.0,,,21.0,,25013.0,1837.0,-577.0
250138121011,10,128,19,2,1,50,38,3,7,1,259,353,,,,3.0,,,5.0,,2.0,33.0,,,,,,8.0,,5.0,4.0,,25013.0,60.0,199.0
250138121012,17,775,4,1,12,86,5,31,18,33,982,813,,,,33.0,,,,,,,,2.0,,,843.0,40.0,,209.0,3.0,,25013.0,1130.0,-148.0
250138121013,5,337,1,10,2,35,10,13,3,5,421,247,,,,,,1.0,1.0,,,,,,,2.0,,480.0,,14.0,,3.0,25013.0,501.0,-80.0
250138121014,31,943,31,15,1,80,400,76,197,37,1811,502,,,,4.0,223.0,33.0,19.0,,,324.0,,144.0,172.0,63.0,78.0,168.0,6.0,85.0,44.0,,25013.0,1363.0,448.0
250138121031,16,311,24,14,9,137,217,7,11,54,800,334,,,,13.0,270.0,50.0,122.0,2.0,2.0,,22.0,2.0,,27.0,17.0,32.0,,5.0,,,25013.0,564.0,236.0
250138121032,16,1853,104,13,26,1916,39,50,248,37,4302,913,,,,4.0,20.0,98.0,2394.0,17.0,30.0,29.0,41.0,45.0,66.0,18.0,,1506.0,,678.0,66.0,,25013.0,5012.0,-710.0
250138121041,3,1248,0,9,3,57,2,33,22,6,1383,550,,,,,,,107.0,,,,,3.0,,8.0,7.0,142.0,5.0,13.0,59.0,,25013.0,344.0,1039.0
250138121042,6,137,8,0,1,48,0,3,4,4,211,540,,,,,,13.0,14.0,,,12.0,,2.0,,,128.0,66.0,,45.0,11.0,,25013.0,291.0,-80.0
250138121043,11,133,2,2,1,5,1,1,8,6,170,271,,,,7.0,,,4.0,,,,,9.0,,,188.0,16.0,,,,,25013.0,224.0,-54.0
250138121044,4,144,241,0,1,6,103,8,8,21,536,434,,,626.0,,135.0,1.0,8.0,,,,,7.0,,8.0,,49.0,,50.0,19.0,,25013.0,903.0,-367.0
250138122011,6,500,51,28,7,89,13,19,72,14,799,795,,,,5.0,15.0,,46.0,,,16.0,14.0,71.0,,5.0,8.0,259.0,,54.0,12.0,,25013.0,505.0,294.0
250138122012,6,402,67,157,16,97,15,10,72,18,860,581,,,,60.0,,40.0,59.0,,31.0,186.0,19.0,15.0,,2.0,828.0,175.0,150.0,63.0,1.0,373.0,25013.0,2002.0,-1142.0
250138122013,46,559,79,10,44,942,19,37,222,59,2017,627,,,,38.0,,13.0,1345.0,5.0,109.0,65.0,84.0,133.0,,245.0,7.0,702.0,39.0,661.0,98.0,,25013.0,3544.0,-1527.0
250138122021,92,751,159,41,16,524,448,9,613,114,2767,1135,14.0,,,175.0,532.0,212.0,504.0,311.0,31.0,59.0,45.0,143.0,,405.0,135.0,498.0,9.0,666.0,48.0,,25013.0,3787.0,-1020.0
250138122022,62,652,8,5,14,62,8,3,23,17,854,445,,,,101.0,,,39.0,,,,1.0,23.0,,53.0,,239.0,,3.0,,,25013.0,459.0,395.0
250138122023,149,486,20,8,4,117,62,55,48,782,1731,476,,,,168.0,69.0,88.0,204.0,30.0,,1.0,22.0,24.0,,75.0,113.0,30.0,,15.0,63.0,,25013.0,902.0,829.0
250138123001,144,761,45,4,25,779,147,86,119,209,2319,423,,,29.0,88.0,193.0,119.0,1143.0,30.0,100.0,19.0,7.0,7.0,8.0,50.0,6.0,139.0,104.0,242.0,59.0,,25013.0,2343.0,-24.0
250138123002,22,113,10,3,4,80,130,12,23,83,480,670,,,2.0,3.0,81.0,12.0,49.0,15.0,,,2.0,2.0,,,8.0,46.0,,10.0,33.0,38.0,25013.0,301.0,179.0
250138123003,34,265,37,7,13,71,3,12,56,87,585,772,,,,38.0,8.0,57.0,78.0,5.0,7.0,,8.0,28.0,,238.0,,308.0,,31.0,54.0,,25013.0,860.0,-275.0
250138123004,133,414,216,3,32,172,331,34,170,498,2003,336,,,,155.0,438.0,236.0,113.0,258.0,8.0,30.0,157.0,51.0,1.0,168.0,20.0,236.0,4.0,118.0,179.0,,25013.0,2172.0,-169.0
250138124011,14,10,3,1,1,78,0,3,5,1,116,249,,,,13.0,,,,,,,2.0,,,,,,,,8.0,,25013.0,23.0,93.0
250138124012,26,218,2,11,15,73,30,17,50,33,475,595,,,,4.0,,,28.0,7.0,,,,17.0,,10.0,,6.0,,16.0,25.0,,25013.0,113.0,362.0
250138124013,14,65,4,1,1,11,6,2,7,2,113,483,,,,11.0,,,,6.0,,4.0,,1.0,,37.0,,1.0,,4.0,11.0,,25013.0,75.0,38.0
250138124014,24,46,9,2,9,29,4,10,13,15,161,758,,,,8.0,2.0,6.0,4.0,,,,4.0,14.0,,2.0,,15.0,,,,,25013.0,55.0,106.0
250138124031,15,97,128,1,3,27,7,4,23,4,309,351,,,,,,1.0,7.0,,,11.0,8.0,10.0,,3.0,,7.0,,32.0,,,25013.0,79.0,230.0
250138124032,7,162,9,0,1,42,0,8,21,3,253,490,,,,,,1.0,8.0,,,9.0,1.0,6.0,,125.0,,85.0,1.0,64.0,22.0,1.0,25013.0,323.0,-70.0
250138124033,19,58,16,2,1,9,5,3,5,7,125,448,,,,18.0,22.0,,4.0,,,,,,,4.0,1.0,95.0,,8.0,,,25013.0,152.0,-27.0
250138124034,9,65,0,10,1,5,1,13,0,3,107,313,,,,,,,,,,,,,,,,27.0,,,,15.0,25013.0,42.0,65.0
250138124041,34,479,2,11,8,26,9,18,11,16,614,604,,,,4.0,,8.0,3.0,,,,3.0,,,,4.0,21.0,,,,,25013.0,43.0,571.0
250138124042,21,78,0,5,4,23,12,6,11,7,167,647,,,,4.0,,2.0,4.0,2.0,5.0,,,1.0,,,,5.0,,,16.0,,25013.0,39.0,128.0
250138125001,35,43,0,5,14,37,8,2,10,8,162,312,,,,43.0,,,,2.0,145.0,,,,,7.0,,30.0,4.0,22.0,,,25013.0,253.0,-91.0
250138125002,119,400,14,65,9,226,449,166,378,495,2321,536,,,,127.0,914.0,125.0,33.0,289.0,,,1.0,362.0,,57.0,,140.0,,128.0,33.0,48.0,25013.0,2257.0,64.0
250138125003,46,112,24,26,7,67,139,53,15,48,537,748,,,,188.0,34.0,129.0,30.0,14.0,,5.0,44.0,95.0,,,,76.0,,69.0,43.0,,25013.0,727.0,-190.0
250138125004,18,96,6,17,8,53,28,11,9,71,317,265,,,,17.0,,,19.0,,,7.0,3.0,1.0,,23.0,,4.0,,15.0,1.0,,25013.0,90.0,227.0
250138125005,152,612,16,20,30,300,82,37,148,77,1474,819,,36.0,,232.0,18.0,19.0,561.0,,,,17.0,9.0,,13.0,16.0,425.0,26.0,65.0,8.0,143.0,25013.0,1588.0,-114.0
250138126001,24,59,10,7,2,30,5,4,8,15,164,634,,,,4.0,,,18.0,,,,2.0,15.0,,,6.0,8.0,,79.0,47.0,,25013.0,179.0,-15.0
250138126002,5,173,0,13,1,151,116,5,86,150,700,392,,,,34.0,87.0,142.0,197.0,147.0,1.0,,,6.0,,103.0,36.0,13.0,35.0,,62.0,,25013.0,863.0,-163.0
250138126003,76,236,16,5,30,93,108,23,34,138,759,816,,,,80.0,124.0,30.0,543.0,,3.0,5.0,3.0,33.0,,11.0,4.0,16.0,29.0,233.0,71.0,,25013.0,1185.0,-426.0
250138126004,42,118,4,6,4,15,34,6,13,14,256,494,,,,11.0,3.0,,29.0,,,6.0,,,,34.0,,101.0,,1.0,18.0,,25013.0,203.0,53.0
250138127011,2,155,40,2,1,21,5,4,20,7,257,542,,,,26.0,,,25.0,,,2.0,88.0,20.0,,10.0,,23.0,,10.0,3.0,,25013.0,207.0,50.0
250138127012,11,112,0,1,0,45,0,6,16,22,213,571,,,,,,,8.0,,10.0,,,,,,,38.0,,5.0,19.0,,25013.0,80.0,133.0
250138127013,9,734,19,54,1,11,41,4,24,7,904,488,,,,,,,6.0,,,1.0,,8.0,,,5.0,177.0,59.0,,163.0,264.0,25013.0,683.0,221.0
250138127021,21,265,33,3,1,172,23,10,11,125,664,779,,,,17.0,15.0,,113.0,153.0,,36.0,12.0,,,,,65.0,,59.0,23.0,,25013.0,493.0,171.0
250138127022,8,508,52,81,3,281,14,90,113,18,1168,909,,,,16.0,2.0,25.0,176.0,,,12.0,9.0,15.0,128.0,25.0,778.0,392.0,,141.0,54.0,111.0,25013.0,1884.0,-716.0
250138127023,4,200,224,80,45,135,32,25,121,111,977,559,,,,,20.0,4.0,46.0,12.0,67.0,65.0,14.0,39.0,61.0,5.0,,79.0,,133.0,8.0,132.0,25013.0,685.0,292.0
250138128001,9,134,20,9,11,153,427,22,53,54,892,334,,,,9.0,909.0,7.0,1.0,1.0,,9.0,6.0,51.0,,8.0,,11.0,,87.0,33.0,,25013.0,1132.0,-240.0
250138128002,22,228,2,3,21,19,7,7,25,18,352,603,,,,14.0,,,21.0,,,,,34.0,,2.0,,30.0,,,,,25013.0,101.0,251.0
250138128003,92,472,37,43,13,239,467,66,81,306,1816,847,,,,125.0,716.0,116.0,103.0,1266.0,,18.0,14.0,26.0,,14.0,78.0,191.0,51.0,40.0,27.0,16.0,25013.0,2801.0,-985.0
250138128004,36,122,9,5,47,29,10,9,29,58,354,610,6.0,3.0,,35.0,,,,,,9.0,,9.0,,25.0,,6.0,,,2.0,,25013.0,95.0,259.0
250138129011,20,282,6,14,12,47,31,22,21,11,466,648,,,,19.0,,,24.0,,,,1.0,7.0,,,1.0,311.0,,17.0,17.0,,25013.0,397.0,69.0
250138129012,10,86,1,7,7,24,11,12,5,36,199,276,,,,2.0,,,3.0,8.0,,,,,,,,4.0,,,9.0,,25013.0,26.0,173.0
250138129013,4,164,3,13,6,15,4,0,11,12,232,228,,,,,,,4.0,,,,,4.0,,,,,,2.0,,,25013.0,10.0,222.0
250138129021,5,24,0,1,5,96,4,24,14,2,175,258,,,,,,15.0,11.0,,,,,9.0,,,,23.0,27.0,,10.0,,25013.0,95.0,80.0
250138129022,46,118,5,15,21,139,70,12,25,46,497,720,,,,17.0,44.0,7.0,5.0,4.0,,,,2.0,,7.0,,12.0,16.0,,,,25013.0,114.0,383.0
250138129023,15,107,2,8,12,51,14,10,9,19,247,770,,,,10.0,,1.0,,4.0,,,,,,,,29.0,,24.0,,,25013.0,68.0,179.0
250138129031,1,970,2,4,3,29,1,4,1,5,1020,32,,,,,,2.0,4.0,,,,,,,,1052.0,,,,,,25013.0,1058.0,-38.0
250138130001,7,2,0,0,0,3,0,3,4,0,19,329,,,,12.0,,1.0,,,,,,3.0,,,,1.0,,,,14.0,25013.0,31.0,-12.0
250138130002,3,20,1,34,3,9,60,3,6,7,146,657,,,11.0,6.0,,8.0,13.0,,3.0,,,3.0,,3.0,,7.0,,95.0,,13.0,25013.0,162.0,-16.0
250138130003,16,52,12,10,0,23,2,5,4,4,128,600,,,,12.0,13.0,,9.0,,,,,,,,18.0,7.0,3.0,,,31.0,25013.0,93.0,35.0
250138130004,6,2,0,24,1,84,0,3,8,7,135,565,,,,9.0,,1.0,32.0,,,,,12.0,,,,10.0,4.0,,,39.0,25013.0,107.0,28.0
250138130005,0,0,0,1,0,19,0,0,2,2,24,233,,,,1.0,,3.0,,,,,,1.0,,,,2.0,7.0,5.0,7.0,16.0,25013.0,42.0,-18.0
250138130006,13,47,2,9,1,21,9,5,14,10,131,646,3.0,,,19.0,10.0,1.0,14.0,3.0,,,,7.0,,,2.0,16.0,,44.0,6.0,71.0,25013.0,196.0,-65.0
250138131011,39,106,17,131,2,104,19,29,32,32,511,745,21.0,,,74.0,,10.0,52.0,24.0,,16.0,11.0,5.0,,9.0,,5.0,30.0,95.0,26.0,89.0,25013.0,467.0,44.0
250138131012,9,86,12,2,2,60,4,13,18,6,212,590,,,,,,14.0,11.0,2.0,,18.0,,,,8.0,,46.0,,60.0,1.0,1.0,25013.0,161.0,51.0
250138131013,51,353,8,26,19,150,270,37,47,38,999,900,,,,30.0,382.0,8.0,93.0,,6.0,10.0,,2.0,114.0,15.0,332.0,91.0,12.0,49.0,27.0,,25013.0,1171.0,-172.0
250138131021,23,65,23,8,8,211,27,23,16,136,540,577,2.0,,,18.0,21.0,18.0,58.0,169.0,16.0,3.0,13.0,3.0,,,,25.0,18.0,113.0,55.0,,25013.0,532.0,8.0
250138131022,48,66,5,4,4,111,10,15,20,33,316,633,54.0,,,32.0,,3.0,207.0,10.0,,7.0,,,,15.0,,25.0,,,4.0,,25013.0,357.0,-41.0
250138132041,17,34,3,4,0,23,3,18,3,12,117,289,,,,8.0,,3.0,,,,,6.0,1.0,,,,,,11.0,16.0,,25013.0,45.0,72.0
250138132042,31,58,13,5,17,47,6,15,49,21,262,739,2.0,,,28.0,3.0,2.0,3.0,1.0,,1.0,,68.0,,6.0,11.0,39.0,,9.0,9.0,,25013.0,182.0,80.0
250138132051,44,168,38,68,5,108,14,81,14,30,570,811,,,,5.0,27.0,13.0,57.0,17.0,,3.0,,8.0,,12.0,13.0,21.0,,112.0,,7.0,25013.0,295.0,275.0
250138132052,91,288,40,6,3,324,689,87,1168,585,3281,371,,,,372.0,1698.0,723.0,134.0,84.0,6.0,49.0,39.0,184.0,3.0,415.0,91.0,245.0,14.0,125.0,26.0,2.0,25013.0,4210.0,-929.0
250138132053,23,92,11,12,11,145,19,21,30,15,379,1009,,,,7.0,3.0,,9.0,2.0,1.0,,10.0,18.0,,5.0,,43.0,,15.0,8.0,,25013.0,121.0,258.0
250138132054,22,72,11,15,4,144,33,25,9,27,362,537,,,,18.0,,,11.0,49.0,,10.0,,1.0,,11.0,,,80.0,9.0,6.0,,25013.0,195.0,167.0
250138132061,26,73,12,13,10,167,18,44,15,17,395,500,,,,4.0,,7.0,255.0,6.0,,21.0,,10.0,,1.0,,54.0,79.0,60.0,17.0,52.0,25013.0,566.0,-171.0
250138132062,31,600,15,7,5,30,5,20,66,44,823,343,6.0,,,39.0,,,5.0,,,30.0,1.0,17.0,,11.0,2.0,47.0,,25.0,33.0,,25013.0,216.0,607.0
250138132063,21,81,15,36,1,85,20,28,12,11,310,611,,,,1.0,,35.0,24.0,,,16.0,,9.0,,,,45.0,,66.0,23.0,82.0,25013.0,301.0,9.0
250138132071,90,547,18,59,20,220,57,58,98,143,1310,838,,,,219.0,52.0,76.0,208.0,3.0,30.0,10.0,,28.0,55.0,32.0,668.0,118.0,102.0,100.0,114.0,66.0,25013.0,1881.0,-571.0
250138132072,13,96,14,5,6,58,3,26,5,12,238,437,,,,4.0,,,39.0,3.0,,10.0,,,,4.0,,15.0,,107.0,,,25013.0,182.0,56.0
250138132073,9,122,12,3,0,40,2,9,14,20,231,805,,,,6.0,13.0,2.0,28.0,20.0,,,11.0,9.0,,1.0,,50.0,,41.0,11.0,12.0,25013.0,204.0,27.0
250138132081,17,57,13,3,9,32,13,19,11,16,190,477,,,,17.0,8.0,,4.0,,,37.0,10.0,9.0,,5.0,,,,9.0,3.0,,25013.0,102.0,88.0
250138132082,25,42,2,26,1,371,18,6,6,9,506,530,,,,20.0,,,14.0,,,,19.0,,,27.0,,14.0,1468.0,4.0,2.0,,25013.0,1568.0,-1062.0
250138132091,40,201,140,11,8,322,141,38,199,107,1207,698,,,52.0,37.0,422.0,13.0,74.0,,,10.0,10.0,287.0,5.0,56.0,,122.0,9.0,34.0,128.0,,25013.0,1259.0,-52.0
250138132092,26,93,14,3,0,20,1,8,5,5,175,675,,,,23.0,,,,,,16.0,2.0,,,,,31.0,,52.0,3.0,,25013.0,127.0,48.0
250138132093,16,555,34,13,5,94,17,38,29,91,892,1062,,,194.0,9.0,,11.0,67.0,6.0,2.0,13.0,,22.0,,60.0,,641.0,,54.0,16.0,,25013.0,1095.0,-203.0
250138133011,33,129,20,8,56,100,49,20,6,46,467,962,,,,1.0,1.0,14.0,42.0,1.0,,19.0,2.0,11.0,12.0,11.0,,35.0,,31.0,18.0,,25013.0,198.0,269.0
250138133012,46,366,3,77,81,33,27,25,11,15,684,703,,,,93.0,,14.0,4.0,,25.0,,,10.0,32.0,51.0,952.0,52.0,79.0,45.0,3.0,70.0,25013.0,1430.0,-746.0
250138133013,39,101,4,7,21,95,18,21,18,9,333,742,,,,11.0,,1.0,11.0,,,4.0,,3.0,,13.0,65.0,26.0,65.0,,,,25013.0,199.0,134.0
250138133031,23,320,18,3,44,198,25,17,17,112,777,748,,,,,,13.0,108.0,,,17.0,8.0,14.0,,,2.0,44.0,,122.0,21.0,,25013.0,349.0,428.0
250138133032,17,671,130,2,15,65,3,10,59,30,1002,838,,,,12.0,26.0,,,,6.0,100.0,11.0,41.0,,137.0,,892.0,68.0,27.0,11.0,,25013.0,1331.0,-329.0
250138133041,20,174,20,7,29,149,17,13,26,10,465,634,,,,7.0,,,83.0,,,32.0,4.0,15.0,,7.0,,21.0,,27.0,7.0,,25013.0,203.0,262.0
250138133042,11,96,14,2,8,16,7,5,8,5,172,377,,,,2.0,,1.0,4.0,,,2.0,6.0,3.0,,,7.0,4.0,,35.0,9.0,,25013.0,73.0,99.0
250138133043,17,214,3,11,22,26,3,4,8,42,350,415,,,,8.0,3.0,1.0,170.0,,3.0,,,2.0,,5.0,,23.0,,82.0,5.0,,25013.0,302.0,48.0
250138134011,30,219,48,33,14,140,51,61,78,25,699,414,,,,10.0,46.0,,35.0,3.0,12.0,15.0,33.0,50.0,,36.0,37.0,218.0,7.0,84.0,26.0,22.0,25013.0,634.0,65.0
250138134012,47,231,96,12,27,274,5,52,92,10,846,363,,,,23.0,5.0,8.0,339.0,10.0,58.0,70.0,7.0,34.0,,7.0,,273.0,48.0,105.0,62.0,,25013.0,1049.0,-203.0
250138134013,28,329,26,21,22,135,21,83,31,38,734,703,,,,10.0,15.0,15.0,235.0,2.0,45.0,27.0,10.0,57.0,,14.0,,276.0,25.0,156.0,89.0,,25013.0,976.0,-242.0
250138134014,15,79,44,4,4,50,1,15,15,15,242,387,,,,9.0,,,38.0,,,9.0,4.0,10.0,,13.0,,4.0,4.0,38.0,9.0,,25013.0,138.0,104.0
250138134031,28,273,4,9,10,40,10,27,62,21,484,868,,,,16.0,,3.0,,,1.0,4.0,1.0,3.0,,9.0,14.0,18.0,3.0,,10.0,,25013.0,82.0,402.0
250138134032,105,341,113,11,4,215,234,100,78,110,1311,529,,,,138.0,867.0,66.0,143.0,15.0,25.0,54.0,8.0,158.0,,,520.0,115.0,34.0,216.0,126.0,74.0,25013.0,2559.0,-1248.0
250138134041,28,206,2,12,7,21,5,33,26,9,349,643,7.0,,,12.0,,4.0,,,,,,,,19.0,5.0,7.0,20.0,,7.0,,25013.0,81.0,268.0
250138134042,27,16,5,46,0,27,2,24,12,7,166,620,,,,14.0,,1.0,5.0,,,,7.0,,,8.0,,28.0,,6.0,11.0,40.0,25013.0,120.0,46.0
250138134043,35,518,113,8,17,39,695,45,299,377,2146,826,,,,55.0,830.0,212.0,42.0,92.0,1.0,50.0,18.0,61.0,36.0,208.0,71.0,729.0,33.0,2.0,42.0,,25013.0,2482.0,-336.0
250138135001,21,128,12,0,5,9,7,13,15,8,218,473,,,,27.0,,,,,,5.0,,3.0,,5.0,18.0,17.0,,3.0,4.0,,25013.0,82.0,136.0
250138135002,23,74,7,25,25,53,4,17,7,10,245,374,,,,17.0,,,,10.0,73.0,,,,,,103.0,5.0,80.0,,,60.0,25013.0,348.0,-103.0
250138135003,23,123,2,13,12,39,9,29,20,29,299,501,,,,22.0,6.0,4.0,38.0,,,,,21.0,,46.0,,110.0,,21.0,9.0,,25013.0,277.0,22.0
250138135004,24,68,13,10,8,119,5,20,17,55,339,413,,,,15.0,20.0,,28.0,,,8.0,,32.0,,35.0,2.0,11.0,,115.0,3.0,5.0,25013.0,274.0,65.0
250138136011,169,658,77,10,11,371,12,53,96,129,1586,324,18.0,,7.0,33.0,88.0,20.0,270.0,1391.0,9.0,73.0,5.0,36.0,,179.0,103.0,171.0,61.0,204.0,39.0,,25013.0,2707.0,-1121.0
250138136012,30,309,16,4,2,176,8,9,8,22,584,768,,,,7.0,,,,2.0,1.0,21.0,,9.0,,10.0,89.0,283.0,,52.0,1.0,,25013.0,475.0,109.0
250138136013,13,89,1,1,3,7,6,8,6,5,139,414,,,,9.0,,24.0,,,,,,1.0,1.0,1.0,50.0,16.0,,,1.0,,25013.0,103.0,36.0
250138136014,9,220,15,34,4,28,4,22,37,27,400,342,,,,31.0,,3.0,190.0,3.0,,,,56.0,,29.0,166.0,187.0,4.0,20.0,44.0,75.0,25013.0,808.0,-408.0
250138136015,10,89,21,4,0,242,5,29,16,57,473,514,,,,2.0,288.0,31.0,446.0,,,31.0,8.0,31.0,125.0,,15.0,50.0,,58.0,15.0,5.0,25013.0,1105.0,-632.0
250138136016,37,7,3,0,2,5,1,6,3,4,68,332,,,,33.0,,,,,,,,2.0,,,,7.0,,,1.0,,25013.0,43.0,25.0
250138136021,26,14,8,2,4,4,7,7,96,5,173,380,,,,3.0,,,1.0,,,,,10.0,,3.0,,2.0,,,1.0,,25013.0,20.0,153.0
250138136022,27,308,36,55,31,81,9,31,34,19,631,1069,,,,23.0,,8.0,,,15.0,,9.0,17.0,,1.0,382.0,53.0,15.0,40.0,23.0,52.0,25013.0,638.0,-7.0
250138136023,36,88,8,6,47,29,4,19,10,13,260,631,,,,1.0,,6.0,3.0,,,,,10.0,,,51.0,15.0,,29.0,1.0,,25013.0,116.0,144.0
250138137011,27,87,6,7,12,45,46,22,17,24,293,608,,,,16.0,30.0,,,,,,,3.0,,19.0,183.0,,,23.0,1.0,,25013.0,275.0,18.0
250138137012,53,127,51,55,15,77,60,35,22,46,541,802,,,4.0,47.0,65.0,12.0,28.0,22.0,1.0,97.0,1.0,26.0,,17.0,2.0,58.0,19.0,9.0,16.0,119.0,25013.0,543.0,-2.0
250138137021,51,43,4,9,12,21,13,16,23,48,240,606,1.0,,,31.0,,,,,,,,5.0,,6.0,,12.0,14.0,,,,25013.0,69.0,171.0
250138137022,26,108,13,8,11,90,22,31,16,45,370,764,,,,35.0,13.0,6.0,98.0,16.0,6.0,,,2.0,,20.0,,9.0,,21.0,28.0,,25013.0,254.0,116.0
250138137023,13,219,1,39,6,24,3,18,8,17,348,266,,,40.0,16.0,83.0,,5.0,48.0,,,,1.0,,,,8.0,10.0,18.0,8.0,,25013.0,237.0,111.0
250138137024,5,13,0,2,3,3,4,12,4,27,73,124,,,,,2.0,,3.0,,,,,,,,,,,,,,25013.0,5.0,68.0
250138137025,8,56,2,3,3,9,0,9,4,28,122,149,,,,,,34.0,,,,,,,,,,6.0,,,,,25013.0,40.0,82.0
250138138011,11,19,4,32,5,8,3,7,2,11,102,827,18.0,,,15.0,7.0,1.0,18.0,,4.0,3.0,2.0,,,3.0,50.0,9.0,,20.0,9.0,35.0,25013.0,194.0,-92.0
250138138012,1,1,3,18,2,14,2,4,3,4,52,519,,,,7.0,,,16.0,1.0,,,,,,,109.0,3.0,2.0,5.0,,23.0,25013.0,166.0,-114.0
250138138013,7,43,1,2,0,11,0,1,1,4,70,642,1.0,,,5.0,,1.0,,4.0,1.0,,,1.0,,4.0,,2.0,1.0,,1.0,,25013.0,21.0,49.0
250138138021,67,151,18,64,11,86,13,30,26,82,548,1057,,,,39.0,106.0,3.0,36.0,57.0,4.0,3.0,9.0,8.0,,12.0,55.0,16.0,,23.0,7.0,74.0,25013.0,452.0,96.0
250138138022,19,18,14,2,0,10,3,3,37,7,113,607,,,,29.0,,5.0,,,,4.0,1.0,5.0,,10.0,,7.0,,,10.0,,25013.0,71.0,42.0
250158201011,51,251,4,13,7,328,16,29,34,34,767,933,,,,19.0,3.0,,423.0,11.0,12.0,16.0,2.0,10.0,,2.0,1.0,5.0,,69.0,27.0,,25015.0,600.0,167.0
250158201012,9,74,3,4,3,46,19,22,17,37,234,796,,,7.0,14.0,16.0,6.0,25.0,3.0,,,5.0,,,11.0,,19.0,,9.0,17.0,,25015.0,132.0,102.0
250158201013,17,288,12,20,2,115,2,33,10,30,529,468,,,,,3.0,3.0,206.0,,,24.0,,1.0,10.0,10.0,,29.0,2.0,83.0,6.0,24.0,25015.0,401.0,128.0
250158201014,9,109,1,7,1,16,6,18,4,8,179,306,,,,2.0,6.0,1.0,2.0,,,,,,2.0,,207.0,10.0,,,2.0,,25015.0,232.0,-53.0
250158201021,9,447,3,4,3,42,59,28,6,30,631,313,,,,21.0,115.0,57.0,19.0,20.0,,4.0,,3.0,,6.0,,38.0,3.0,30.0,5.0,,25015.0,321.0,310.0
250158201022,10,113,17,24,3,123,112,29,17,20,468,504,,,,6.0,148.0,4.0,57.0,,13.0,,,23.0,115.0,34.0,,43.0,4.0,80.0,8.0,36.0,25015.0,571.0,-103.0
250158201023,22,76,75,12,3,10,0,4,7,6,215,790,,,,11.0,,,10.0,,6.0,44.0,,4.0,,11.0,,22.0,,29.0,3.0,22.0,25015.0,162.0,53.0
250158202021,18,32,0,16,5,28,0,0,19,5,123,624,,7.0,,20.0,,,1.0,,14.0,1.0,,20.0,,2.0,63.0,19.0,3.0,,12.0,21.0,25015.0,183.0,-60.0
250158202031,27,519,55,95,21,354,23,40,49,218,1401,1119,,,,28.0,23.0,7.0,145.0,438.0,16.0,43.0,2.0,32.0,,8.0,426.0,166.0,60.0,175.0,20.0,163.0,25015.0,1752.0,-351.0
250158202032,23,322,12,18,8,103,39,32,18,23,598,801,,,,20.0,42.0,16.0,19.0,6.0,,,11.0,30.0,,5.0,11.0,58.0,1.0,47.0,,,25015.0,266.0,332.0
250158202033,15,112,1,13,3,37,10,19,10,16,236,546,,,,4.0,,,11.0,,,,,4.0,,,,6.0,,,4.0,,25015.0,29.0,207.0
250158202034,46,186,5,12,20,65,34,11,16,76,471,748,,,,29.0,,133.0,37.0,,,,6.0,16.0,,57.0,,84.0,,25.0,7.0,8.0,25015.0,402.0,69.0
250158202041,52,398,6,16,57,75,25,10,31,86,756,944,,,,12.0,1.0,,7.0,63.0,,,,,,16.0,,24.0,,,4.0,,25015.0,127.0,629.0
250158202042,54,280,16,63,36,177,44,45,64,72,851,1252,2.0,,7.0,10.0,,51.0,41.0,96.0,,6.0,9.0,18.0,,3.0,,34.0,,31.0,61.0,69.0,25015.0,438.0,413.0
250158203001,43,256,34,8,14,245,36,23,46,108,813,701,,,,32.0,9.0,4.0,73.0,5.0,,,9.0,28.0,,,1.0,27.0,5.0,46.0,42.0,2.0,25015.0,283.0,530.0
250158203002,11,292,6,5,3,70,6,7,15,28,443,479,,,,,,1.0,,,,,,4.0,,,,39.0,,22.0,5.0,,25015.0,71.0,372.0
250158203003,3,2292,8,0,1,19,6,0,6,1,2336,234,,,,,,,,,,,6.0,4.0,,,,65.0,,2.0,,,25015.0,77.0,2259.0
250158203004,4,84,17,1,1,15,3,0,21,6,152,523,,,,,,,,,,,,,,,,2.0,,,,,25015.0,2.0,150.0
250158203005,1,55,7,1,0,9,6,2,16,11,108,484,6.0,,,,,,,,,,10.0,,,3.0,,,,5.0,2.0,,25015.0,26.0,82.0
250158204001,55,774,13,2,80,518,4,6,141,19,1612,153,,,,15.0,,1.0,82.0,,1.0,13.0,3.0,13.0,,32.0,42.0,58.0,498.0,158.0,60.0,13.0,25015.0,989.0,623.0
250158204002,29,401,0,149,0,74,7,3,10,10,683,12,,,,,,,,,,,,2.0,,,,4.0,,,,,25015.0,6.0,677.0
250158205001,4,162,8,2,3,71,3,7,22,16,298,461,,,,1.0,,,92.0,,5.0,1.0,,21.0,,15.0,,163.0,3.0,19.0,7.0,,25015.0,327.0,-29.0
250158205002,4,727,1,5,0,25,4,5,15,9,795,381,,,,,,1.0,16.0,,,10.0,1.0,3.0,1.0,,729.0,79.0,,426.0,19.0,,25015.0,1285.0,-490.0
250158205003,36,268,106,169,80,531,8,16,67,24,1305,365,,,,17.0,,,90.0,,4.0,3.0,42.0,17.0,33.0,16.0,10523.0,545.0,10.0,469.0,19.0,302.0,25015.0,12090.0,-10785.0
250158205004,0,116,11,71,30,101,16,41,30,17,433,317,,,,6.0,8.0,,62.0,,93.0,,2.0,29.0,,,19.0,15.0,,113.0,68.0,70.0,25015.0,485.0,-52.0
250158205005,5,189,9,4,4,33,21,18,22,10,315,492,10.0,,,,,,,,2.0,,24.0,15.0,,,1420.0,24.0,,8.0,13.0,,25015.0,1516.0,-1201.0
250158205006,18,695,51,7,7,276,45,28,53,595,1775,423,,,1.0,1.0,,7.0,197.0,16.0,4.0,15.0,103.0,24.0,,32.0,3.0,446.0,10.0,73.0,20.0,,25015.0,952.0,823.0
250158206001,15,183,95,13,37,212,1,6,64,8,634,82,,,,,,2.0,35.0,5.0,27.0,13.0,3.0,42.0,,8.0,10.0,3.0,,203.0,11.0,,25015.0,362.0,272.0
250158207001,24,230,36,2,10,69,4,10,46,9,440,626,,,,7.0,30.0,,22.0,,,10.0,19.0,58.0,,7.0,,123.0,67.0,13.0,21.0,,25015.0,377.0,63.0
250158207002,13,108,7,1,0,11,30,1,11,9,191,487,,,,4.0,,,,,,,,7.0,,,,26.0,,,,,25015.0,37.0,154.0
250158207003,30,373,24,3,4,67,10,5,19,19,554,455,,,,1.0,,5.0,,,15.0,8.0,,33.0,,6.0,,143.0,,3.0,170.0,,25015.0,384.0,170.0
250158208011,25,272,5,36,5,96,8,18,14,16,495,402,19.0,,,89.0,,1.0,26.0,,5.0,,2.0,15.0,,3.0,,10.0,46.0,10.0,,,25015.0,226.0,269.0
250158208012,37,319,16,12,2,136,13,25,27,10,597,615,,,,10.0,,14.0,151.0,,3.0,2.0,,12.0,,,14.0,142.0,31.0,1.0,3.0,,25015.0,383.0,214.0
250158208013,19,162,44,25,8,35,8,4,74,44,423,702,,,,,,8.0,,37.0,30.0,43.0,18.0,,,,9.0,41.0,37.0,39.0,22.0,62.0,25015.0,346.0,77.0
250158208014,41,34,0,1,1,31,2,3,50,6,169,258,,,,,,,7.0,,2.0,,,5.0,,66.0,12.0,101.0,,,,,25015.0,193.0,-24.0
250158208021,25,421,0,3,31,63,0,3,0,2,548,6,,,,,,,1.0,,47.0,,,,,,703.0,,,,,,25015.0,751.0,-203.0
250158209001,9,50,2,3,4,19,28,9,6,16,146,475,,,,6.0,,,,2.0,,,,2.0,,2.0,,4.0,4.0,1.0,,,25015.0,21.0,125.0
250158209002,20,117,4,40,7,60,6,19,8,9,290,517,,,,22.0,,,22.0,,7.0,2.0,,1.0,,26.0,1.0,8.0,,36.0,10.0,44.0,25015.0,179.0,111.0
250158209003,57,204,2,8,15,48,2,15,20,19,390,553,,,,38.0,,18.0,3.0,,,,,,,14.0,198.0,6.0,,13.0,,,25015.0,290.0,100.0
250158209004,40,62,12,12,7,62,48,29,39,59,370,699,,,,54.0,14.0,51.0,60.0,,,11.0,3.0,40.0,1.0,25.0,,37.0,8.0,34.0,6.0,21.0,25015.0,365.0,5.0
250158210001,11,25,1,6,0,5,2,4,4,8,66,274,,,,8.0,,,,,,10.0,,,,5.0,3.0,,,,,,25015.0,26.0,40.0
250158210002,12,74,3,3,3,9,3,12,7,6,132,369,,,,2.0,,,,,,,2.0,4.0,,,,23.0,,7.0,1.0,6.0,25015.0,45.0,87.0
250158210003,8,179,11,14,4,144,7,32,17,17,433,323,,,,48.0,,1.0,34.0,,,27.0,,17.0,,9.0,,30.0,,53.0,10.0,,25015.0,229.0,204.0
250158210004,134,329,22,13,3,142,101,26,72,58,900,618,3.0,,,180.0,143.0,137.0,254.0,61.0,15.0,5.0,6.0,8.0,17.0,120.0,9.0,200.0,,37.0,26.0,,25015.0,1221.0,-321.0
250158211001,38,525,10,7,8,28,5,8,19,18,666,622,,,,12.0,,2.0,9.0,,,9.0,3.0,5.0,,,,25.0,,,3.0,,25015.0,68.0,598.0
250158211002,13,106,3,29,7,29,3,40,13,21,264,603,,,,,,,,,,23.0,,4.0,,3.0,436.0,17.0,,35.0,12.0,142.0,25015.0,672.0,-408.0
250158211003,39,65,8,1,8,51,213,15,16,37,453,556,,,23.0,14.0,124.0,,66.0,,9.0,9.0,,11.0,,,,12.0,,30.0,8.0,,25015.0,306.0,147.0
250158211004,33,149,28,32,8,55,3,28,15,23,374,913,5.0,,,29.0,,2.0,23.0,5.0,2.0,19.0,1.0,6.0,,4.0,8.0,41.0,,18.0,11.0,45.0,25015.0,219.0,155.0
250158211005,2,3,0,1,0,8,0,1,0,3,18,224,,,,,,,,,,,,,,,3.0,28.0,,,,,25015.0,31.0,-13.0
250158212001,7,656,5,10,4,92,1,37,9,4,825,99,,,,20.0,,2.0,10.0,,8.0,,7.0,18.0,,2.0,1459.0,12.0,,134.0,69.0,,25015.0,1741.0,-916.0
250158213001,18,159,16,7,0,57,28,14,3,10,312,877,,,,21.0,,3.0,5.0,11.0,,,,,12.0,12.0,,127.0,1.0,53.0,19.0,,25015.0,264.0,48.0
250158213002,11,67,0,0,1,51,6,25,16,6,183,450,,,,22.0,,,6.0,,,2.0,,3.0,,10.0,3.0,3.0,9.0,,2.0,,25015.0,60.0,123.0
250158213003,9,170,18,64,1,87,5,26,25,36,441,361,,,,3.0,,6.0,13.0,3.0,,5.0,4.0,20.0,,20.0,81.0,35.0,1.0,25.0,6.0,11.0,25015.0,233.0,208.0
250158214001,56,385,27,62,6,142,10,24,85,15,812,497,3.0,,6.0,73.0,,15.0,96.0,,8.0,17.0,5.0,110.0,,,186.0,101.0,53.0,152.0,50.0,84.0,25015.0,959.0,-147.0
250158214002,8,51,4,3,0,33,13,15,4,5,136,315,34.0,,,5.0,17.0,,,,,,,3.0,,12.0,8.0,11.0,2.0,,1.0,,25015.0,93.0,43.0
250158214003,64,147,3,12,3,60,8,37,17,30,381,436,106.0,,,39.0,,,,,,,,2.0,,,,4.0,4.0,,1.0,,25015.0,156.0,225.0
250158214004,86,1236,62,153,39,1809,36,207,146,137,3911,854,50.0,,47.0,42.0,25.0,43.0,1412.0,27.0,67.0,193.0,34.0,184.0,35.0,81.0,841.0,254.0,60.0,703.0,128.0,238.0,25015.0,4464.0,-553.0
250158215001,15,79,8,19,45,51,8,15,18,32,290,421,10.0,,,17.0,,60.0,15.0,3.0,25.0,,2.0,12.0,,20.0,105.0,6.0,2.0,31.0,2.0,59.0,25015.0,369.0,-79.0
250158215002,30,332,6,3,98,38,90,28,15,828,1468,338,,,,45.0,44.0,413.0,,16.0,,,1.0,,,67.0,,2.0,6.0,39.0,2.0,,25015.0,635.0,833.0
250158215003,29,114,7,23,107,98,38,63,36,364,879,719,5.0,,,22.0,29.0,632.0,98.0,44.0,40.0,,,16.0,,35.0,,176.0,5.0,20.0,18.0,,25015.0,1140.0,-261.0
250158216011,47,360,3,3,7,139,9,10,29,22,629,742,,,,293.0,,10.0,163.0,,2.0,,9.0,15.0,28.0,26.0,3.0,138.0,,,11.0,,25015.0,698.0,-69.0
250158216012,31,877,52,255,45,505,127,34,95,126,2147,802,,,,9.0,182.0,25.0,1002.0,79.0,34.0,72.0,8.0,106.0,18.0,14.0,13.0,305.0,49.0,145.0,90.0,93.0,25015.0,2244.0,-97.0
250158216021,29,552,42,71,9,153,36,18,102,25,1037,489,,,,143.0,,3.0,68.0,,4.0,146.0,3.0,39.0,,1.0,36.0,2240.0,1.0,73.0,26.0,,25015.0,2783.0,-1746.0
250158216022,10,137,10,2,2,11,1,5,11,6,195,634,,,,7.0,,7.0,3.0,,,,,7.0,,13.0,,20.0,,,,,25015.0,57.0,138.0
250158216023,48,712,25,2,43,59,91,19,35,48,1082,585,,,,36.0,43.0,,3.0,7.0,4.0,,1.0,130.0,20.0,145.0,28.0,287.0,,28.0,32.0,,25015.0,764.0,318.0
250158217001,36,907,5,3,8,204,24,55,70,272,1584,1063,,,27.0,28.0,22.0,100.0,16.0,,3.0,1.0,2.0,10.0,,7.0,1.0,345.0,68.0,12.0,35.0,6.0,25015.0,683.0,901.0
250158217002,15,69,10,4,7,28,37,10,66,11,257,377,,,,3.0,59.0,18.0,8.0,,15.0,,2.0,,,,,16.0,,7.0,6.0,,25015.0,134.0,123.0
250158217003,4,63,2,394,6,25,0,5,13,3,515,18,,,,,,,,,,6.0,,,,,,783.0,,,99.0,26.0,25015.0,914.0,-399.0
250158219011,21,1708,33,7,36,30,0,10,37,11,1893,953,,,,5.0,,1.0,4.0,,,,,8.0,,,112.0,192.0,19.0,12.0,166.0,,25015.0,519.0,1374.0
250158219012,15,64,47,0,0,64,16,13,101,9,329,427,,,,14.0,,8.0,91.0,,,52.0,,25.0,,7.0,1.0,101.0,,85.0,14.0,,25015.0,398.0,-69.0
250158219031,27,533,61,173,57,414,20,53,232,80,1650,745,,,,5.0,19.0,257.0,213.0,1.0,149.0,9.0,28.0,111.0,,193.0,691.0,529.0,48.0,327.0,79.0,282.0,25015.0,2941.0,-1291.0
250158219032,0,7,0,119,0,1,0,0,0,0,127,0,,,,,,,,,,,,,,,,,,,,,,0.0,127.0
250158219033,41,504,101,69,107,239,2,14,176,43,1296,987,61.0,,,43.0,33.0,,136.0,3.0,133.0,7.0,10.0,33.0,41.0,43.0,,187.0,19.0,349.0,40.0,41.0,25015.0,1179.0,117.0
250158219041,23,184,14,1,10,25,1,8,25,24,315,440,,,,41.0,,7.0,2.0,,9.0,10.0,,,,1.0,,82.0,,17.0,6.0,,25015.0,175.0,140.0
250158219042,39,642,156,180,9,930,4,8,265,87,2320,997,,,,37.0,,5.0,344.0,,27.0,47.0,9.0,220.0,261.0,14.0,330.0,596.0,53.0,632.0,141.0,405.0,25015.0,3121.0,-801.0
250158220001,18,429,11,12,0,62,11,9,31,16,599,181,,,,,,2.0,16.0,,23.0,,2.0,61.0,,,1803.0,5.0,2.0,29.0,,,25015.0,1943.0,-1344.0
250158222001,29,365,14,24,7,160,103,9,83,50,844,447,,,,4.0,130.0,,15.0,18.0,,5.0,,25.0,,,2.0,217.0,16.0,,,,25015.0,432.0,412.0
250158222002,40,119,3,4,5,22,25,5,15,8,246,762,,,,29.0,1.0,,,,,,,2.0,,1.0,4.0,16.0,3.0,,,,25015.0,56.0,190.0
250158222003,68,178,5,3,13,68,70,13,56,96,570,1037,,,,23.0,234.0,3.0,30.0,,5.0,3.0,,14.0,,141.0,1.0,59.0,1.0,64.0,5.0,231.0,25015.0,814.0,-244.0
250158223001,36,177,5,8,15,63,128,75,31,66,604,909,,,9.0,139.0,117.0,,2.0,1.0,2.0,,5.0,5.0,56.0,19.0,27.0,54.0,,,34.0,,25015.0,470.0,134.0
250158223002,24,77,10,4,2,43,16,6,10,17,209,656,8.0,,,19.0,,2.0,10.0,,,5.0,,2.0,,,4.0,16.0,,11.0,1.0,5.0,25015.0,83.0,126.0
250158223003,18,102,4,1,2,43,2,6,10,6,194,375,,,,3.0,,2.0,10.0,,,,9.0,1.0,,11.0,8.0,7.0,,57.0,23.0,,25015.0,131.0,63.0
250158223004,7,97,2,2,3,12,2,19,8,17,169,535,,,,10.0,,,10.0,,,,,8.0,,,,25.0,,,11.0,,25015.0,64.0,105.0
250158224011,40,55,2,7,5,20,13,9,11,18,180,691,,,,45.0,,,,,,,,7.0,,2.0,,13.0,,,1.0,,25015.0,68.0,112.0
250158224012,3,2,1,4,0,6,1,1,3,3,24,529,,,,3.0,,,,,,,,,,,12.0,8.0,,20.0,1.0,,25015.0,44.0,-20.0
250158224013,0,16,2,0,2,0,0,0,2,0,22,488,,,,,,,,,,,,,,,,48.0,,,,,25015.0,48.0,-26.0
250158224014,17,116,10,22,5,56,3,0,13,7,249,415,,,,26.0,48.0,,,,7.0,3.0,,6.0,,2.0,14.0,22.0,,,17.0,,25015.0,145.0,104.0
250158224021,82,503,89,15,31,476,223,26,177,170,1792,1044,6.0,,8.0,133.0,471.0,41.0,271.0,24.0,,205.0,22.0,127.0,,78.0,74.0,271.0,22.0,206.0,155.0,24.0,25015.0,2138.0,-346.0
250158224022,16,416,27,43,6,81,62,47,25,20,743,330,,,,49.0,54.0,,46.0,,13.0,,,1.0,,,474.0,237.0,2.0,122.0,27.0,133.0,25015.0,1158.0,-415.0
250158224023,21,100,3,8,0,15,3,2,9,11,172,524,,,,14.0,,,12.0,,,,4.0,2.0,,,6.0,14.0,9.0,,7.0,,25015.0,68.0,104.0
250158224024,5,64,20,5,1,39,2,3,5,9,153,420,,,,4.0,,11.0,23.0,,,4.0,3.0,9.0,,,,18.0,,91.0,3.0,,25015.0,166.0,-13.0
250158225001,46,6,0,3,1,13,23,10,7,17,126,366,,,,56.0,70.0,,,,,,2.0,11.0,,,,2.0,,,8.0,,25015.0,149.0,-23.0
250158225002,28,77,0,8,3,144,30,20,15,27,352,458,,,,47.0,2.0,1.0,323.0,4.0,7.0,4.0,,9.0,,,,30.0,6.0,22.0,7.0,,25015.0,462.0,-110.0
250158225003,29,127,20,51,8,83,16,18,24,23,399,558,,,,24.0,9.0,9.0,17.0,,7.0,13.0,,3.0,11.0,7.0,108.0,23.0,,46.0,7.0,101.0,25015.0,385.0,14.0
250158225004,40,46,1,12,18,37,54,10,28,50,296,769,,,,50.0,4.0,23.0,13.0,2.0,3.0,,2.0,31.0,,6.0,2.0,21.0,,,8.0,,25015.0,165.0,131.0
250158226011,7,255,2,2,1,24,0,3,1,6,301,480,,8.0,,5.0,,1.0,10.0,,,,,,,3.0,153.0,27.0,,15.0,5.0,34.0,25015.0,261.0,40.0
250158226012,6,77,5,17,5,30,3,6,6,7,162,372,,,,16.0,,,15.0,,3.0,3.0,,,,,52.0,54.0,,12.0,1.0,,25015.0,156.0,6.0
250158226031,64,186,2,40,7,55,48,13,15,27,457,625,,3.0,,22.0,10.0,9.0,27.0,,,3.0,,,3.0,19.0,212.0,9.0,,,12.0,30.0,25015.0,359.0,98.0
250158226051,7,37,0,18,0,19,13,2,6,18,120,522,,,,47.0,6.0,,,,,,,,,6.0,43.0,26.0,,,13.0,24.0,25015.0,165.0,-45.0
250158226061,6,31,0,12,0,38,0,5,13,1,106,445,,15.0,,16.0,21.0,4.0,35.0,,,7.0,,2.0,,,1.0,36.0,,6.0,4.0,26.0,25015.0,173.0,-67.0
250158226062,11,47,1,1,0,35,8,5,20,11,139,398,2.0,,,7.0,2.0,4.0,11.0,2.0,,,,9.0,,,125.0,5.0,1.0,23.0,2.0,,25015.0,193.0,-54.0
250158226063,75,8,15,28,2,45,22,16,23,7,241,696,,,,91.0,35.0,,63.0,,5.0,4.0,,25.0,,15.0,4.0,1.0,,53.0,15.0,18.0,25015.0,329.0,-88.0
250158227001,0,12,0,5,0,5,0,2,1,1,26,291,,,,13.0,,,3.0,,1.0,,,,,,11.0,2.0,,3.0,,7.0,25015.0,40.0,-14.0
250158227002,21,113,1,13,4,61,6,17,15,6,257,446,,,,13.0,,,53.0,7.0,,,,,1.0,3.0,4.0,105.0,,,,27.0,25015.0,213.0,44.0
250158227003,6,144,3,14,1,17,5,3,4,3,200,800,,6.0,,3.0,9.0,21.0,10.0,5.0,1.0,,1.0,2.0,,1.0,3.0,71.0,2.0,9.0,12.0,60.0,25015.0,216.0,-16.0
250173001001,12,29,6,11,1,24,8,8,4,5,108,572,2.0,,,31.0,14.0,1.0,2.0,6.0,15.0,1.0,,11.0,,1.0,,59.0,3.0,20.0,7.0,48.0,25017.0,221.0,-113.0
250173001002,16,11,0,2,0,5,0,4,41,0,79,523,,,,48.0,3.0,14.0,,,,,,1.0,,12.0,45.0,34.0,,,12.0,11.0,25017.0,180.0,-101.0
250173011011,28,154,2,25,9,32,2,0,7,4,263,650,,,,23.0,,,7.0,,15.0,,,12.0,,22.0,254.0,27.0,,,12.0,14.0,25017.0,386.0,-123.0
250173011012,19,63,2,7,18,50,11,12,25,4,211,441,,,,10.0,16.0,4.0,52.0,2.0,,,6.0,21.0,,2.0,,3.0,,5.0,10.0,,25017.0,131.0,80.0
250173011013,35,127,15,41,12,73,22,15,43,8,391,417,,,,9.0,,,72.0,,9.0,20.0,,16.0,,57.0,22.0,32.0,,56.0,22.0,85.0,25017.0,400.0,-9.0
250173011021,13,14,1,1,12,32,9,3,11,0,96,437,,,,27.0,,1.0,,,3.0,,,,,,,4.0,,27.0,14.0,,25017.0,76.0,20.0
250173011022,11,44,0,8,6,289,100,6,15,3,482,728,,,,10.0,128.0,3.0,126.0,,3.0,4.0,1.0,2.0,,4.0,,,14.0,153.0,20.0,,25017.0,468.0,14.0
250173011023,41,33,1,7,12,84,403,22,28,10,641,585,,,9.0,23.0,411.0,54.0,12.0,,9.0,,,6.0,,7.0,2.0,6.0,11.0,73.0,3.0,,25017.0,626.0,15.0
250173101001,121,2281,85,164,33,160,16,49,547,179,3635,696,,,,15.0,1.0,7.0,43.0,,24.0,92.0,38.0,63.0,,654.0,14.0,374.0,77.0,191.0,20.0,403.0,25017.0,2016.0,1619.0
250173101002,71,1386,283,16,38,229,17,22,297,55,2414,1442,,,,,32.0,33.0,53.0,,118.0,88.0,7.0,40.0,11.0,33.0,135.0,581.0,49.0,244.0,32.0,4.0,25017.0,1460.0,954.0
250173101003,86,1178,337,895,47,503,8,45,1007,49,4155,1294,,,,94.0,,8.0,51.0,,67.0,421.0,75.0,86.0,148.0,285.0,2461.0,416.0,332.0,204.0,48.0,1144.0,25017.0,5840.0,-1685.0
250173102001,8,55,1,1,6,8,5,7,31,5,127,430,,,,,,,,,,,,,,,,5.0,,,,,25017.0,5.0,122.0
250173102002,4,47,0,0,9,8,2,2,26,2,100,351,,,,,,,,,,,,,,7.0,,5.0,,,,,25017.0,12.0,88.0
250173102003,21,218,9,2,3,47,40,7,85,38,470,621,,,,,7.0,,66.0,4.0,,4.0,,,,16.0,,23.0,,38.0,3.0,,25017.0,161.0,309.0
250173102004,5,228,25,2,2,36,4,3,27,1,333,383,,,,4.0,,,16.0,,,,10.0,,,17.0,,236.0,,25.0,,,25017.0,308.0,25.0
250173102005,14,217,2,0,2,125,0,12,45,12,429,533,,,,5.0,,,31.0,,,2.0,1.0,,,1.0,,32.0,,,10.0,,25017.0,82.0,347.0
250173103001,5,146,3,1,1,54,2,12,13,8,245,675,,,,6.0,,,35.0,,,,,1.0,,,,11.0,,20.0,18.0,,25017.0,91.0,154.0
250173103002,3,79,5,0,1,5,0,4,16,2,115,650,,,,,,,,,,12.0,,,,,,19.0,,,,,25017.0,31.0,84.0
250173103003,5,152,0,0,1,10,1,0,28,6,203,412,,,,2.0,,,,8.0,,,,,,5.0,,15.0,,,,,25017.0,30.0,173.0
250173103004,13,60,3,0,0,5,3,5,20,1,110,338,,,,5.0,,,,,,,,,,,,22.0,,,,,25017.0,27.0,83.0
250173103005,4,77,0,1,2,6,1,1,27,3,122,398,,,,18.0,,1.0,,,,,,,,2.0,,13.0,,,1.0,,25017.0,35.0,87.0
250173104001,4,94,7,1,1,54,2,9,85,12,269,464,,,,,,9.0,79.0,,,,,8.0,,,,23.0,,24.0,28.0,,25017.0,171.0,98.0
250173104002,4,105,1,0,4,11,19,13,418,1,576,429,,,,,33.0,,6.0,,,,,,,,,23.0,,,,,25017.0,62.0,514.0
250173104003,8,86,12,0,3,53,4,20,39,9,234,325,,,,,,,19.0,,,6.0,,,,,,19.0,,33.0,12.0,,25017.0,89.0,145.0
250173105001,9,89,0,2,28,31,6,22,38,3,228,288,,,,11.0,,,,,,,,,,,,26.0,,,4.0,,25017.0,41.0,187.0
250173105002,8,65,10,4,2,33,2,18,71,6,219,554,,,,,,2.0,14.0,,,,,,2.0,2.0,,9.0,,59.0,5.0,,25017.0,93.0,126.0
250173105003,2,59,1,0,2,27,3,11,33,2,140,454,,,,2.0,,,1.0,,,,,,,,,4.0,,18.0,13.0,,25017.0,38.0,102.0
250173106011,10,281,5,3,2,28,118,6,45,10,508,809,,,,9.0,228.0,1.0,2.0,,,,,201.0,,,1.0,163.0,,21.0,4.0,,25017.0,630.0,-122.0
250173106012,6,204,4,6,4,18,7,16,16,14,295,798,,,,2.0,,,2.0,,,,,4.0,,34.0,,484.0,,4.0,,,25017.0,530.0,-235.0
250173106013,3,63,4,7,4,57,10,13,20,6,187,305,,,,,,,,,,,1.0,,,6.0,,45.0,18.0,15.0,9.0,,25017.0,94.0,93.0
250173106021,13,302,7,2,5,58,8,11,83,3,492,747,,,110.0,20.0,,,,,,10.0,2.0,1.0,,27.0,,203.0,,108.0,14.0,9.0,25017.0,504.0,-12.0
250173106022,16,133,4,3,4,31,4,11,93,11,310,823,,,,4.0,,,,,,,1.0,,,4.0,,3.0,,,13.0,,25017.0,25.0,285.0
250173106023,6,100,1,0,3,4,1,3,26,3,147,265,,,,,,,,1.0,,,,,,,,14.0,,11.0,,,25017.0,26.0,121.0
250173106024,6,315,16,27,7,70,2,10,44,7,504,648,,,,8.0,,1.0,1.0,,,14.0,,1.0,,36.0,2.0,2941.0,,75.0,25.0,7.0,25017.0,3111.0,-2607.0
250173107001,21,209,4,3,3,31,5,5,30,47,358,595,,,,132.0,,,14.0,,,,,,3.0,74.0,4.0,63.0,1.0,6.0,3.0,,25017.0,300.0,58.0
250173107002,15,219,0,1,28,21,4,5,24,6,323,318,,,,,,,30.0,,,,,,,,,66.0,,93.0,12.0,,25017.0,201.0,122.0
250173107003,11,126,15,1,2,4,2,27,32,7,227,746,,,,,,,,,,,,,,,,39.0,,17.0,29.0,,25017.0,85.0,142.0
250173111001,5,37,0,0,6,221,0,8,16,6,299,333,,,,13.0,,,180.0,,,,,,,4.0,,20.0,,6.0,13.0,,25017.0,236.0,63.0
250173111002,73,391,14,32,262,122,115,29,111,33,1182,683,,,166.0,37.0,190.0,23.0,10.0,,4.0,,7.0,1.0,,,,81.0,,36.0,28.0,,25017.0,583.0,599.0
250173112001,55,413,10,2,3,48,12,34,122,183,882,591,,,,19.0,1.0,,46.0,4.0,,,,49.0,,79.0,,48.0,,18.0,42.0,,25017.0,306.0,576.0
250173112002,18,110,4,1,4,24,26,30,47,71,335,570,,,,15.0,56.0,,12.0,2.0,,,,1.0,,,,81.0,,12.0,7.0,,25017.0,186.0,149.0
250173113001,13,38,3,0,1,6,3,37,42,4,147,435,,,,10.0,23.0,,3.0,,,,,,,10.0,,42.0,1.0,8.0,,,25017.0,97.0,50.0
250173113002,0,166,6,2,3,32,5,7,33,11,265,555,,,,11.0,,,,,,15.0,,,,3.0,,171.0,,7.0,5.0,,25017.0,212.0,53.0
250173113003,8,45,24,70,1,19,5,5,30,2,209,420,,,,,28.0,,3.0,,,,,,,44.0,,23.0,,9.0,8.0,,25017.0,115.0,94.0
250173114001,17,85,3,3,4,76,67,25,61,3,344,472,,,,4.0,87.0,2.0,20.0,,,,3.0,4.0,,1.0,4.0,11.0,,166.0,36.0,,25017.0,338.0,6.0
250173114002,7,53,14,1,3,72,5,13,86,10,264,261,,,,,,7.0,99.0,,,,18.0,1.0,,3.0,,9.0,3.0,53.0,30.0,,25017.0,223.0,41.0
250173114003,37,515,100,33,11,111,233,19,239,72,1370,991,,,,99.0,50.0,37.0,177.0,2.0,1.0,,40.0,81.0,28.0,37.0,39.0,546.0,,47.0,12.0,,25017.0,1196.0,174.0
250173114004,14,91,5,0,4,225,3,33,88,23,486,878,,,,2.0,,,304.0,,,15.0,4.0,2.0,,5.0,77.0,28.0,,67.0,11.0,,25017.0,515.0,-29.0
250173115001,8,159,4,0,0,17,6,8,20,5,227,294,,,,2.0,,,3.0,,,2.0,4.0,,,,,311.0,,1.0,,,25017.0,323.0,-96.0
250173115002,6,51,8,0,3,18,4,4,22,8,124,444,,,,,,3.0,8.0,8.0,,3.0,,2.0,,1.0,,15.0,,,5.0,,25017.0,45.0,79.0
250173115003,9,42,5,96,1,9,2,4,16,2,186,353,,,,3.0,,,,,,,,3.0,,2.0,,7.0,,,4.0,,25017.0,19.0,167.0
250173116001,77,439,13,1,4,71,111,10,169,96,991,516,,,,50.0,319.0,65.0,30.0,,,,,18.0,,2.0,,14.0,17.0,,8.0,,25017.0,523.0,468.0
250173116002,7,43,4,0,4,23,7,10,42,11,151,480,,,,1.0,,,8.0,,,6.0,,,,,,31.0,,,,,25017.0,46.0,105.0
250173116003,8,44,2,0,1,14,8,5,35,5,122,294,,,,8.0,,,,,,,,,,,,8.0,,6.0,,,25017.0,22.0,100.0
250173116004,24,261,77,14,222,281,109,20,559,104,1671,656,,,,1.0,276.0,159.0,238.0,,1220.0,351.0,,579.0,386.0,,,559.0,,386.0,26.0,126.0,25017.0,4307.0,-2636.0
250173116005,13,159,1,0,1,3,5,6,36,1,225,299,,,,6.0,,,,,,,,,,,,10.0,,,,,25017.0,16.0,209.0
250173117001,13,116,3,1,7,155,7,28,43,18,391,311,,,,1.0,,,101.0,,,,1.0,9.0,,96.0,,13.0,,263.0,16.0,2.0,25017.0,502.0,-111.0
250173117002,9,53,0,0,2,6,3,3,24,3,103,362,,,,,,,,,,,,,,7.0,,13.0,,,7.0,,25017.0,27.0,76.0
250173117003,16,137,3,56,5,13,15,10,23,19,297,410,,,,1.0,,14.0,9.0,4.0,,,,,,22.0,2.0,56.0,30.0,1.0,1.0,38.0,25017.0,178.0,119.0
250173117004,15,83,11,4,4,22,9,12,64,3,227,546,,,,,,,8.0,,,8.0,,21.0,,3.0,,38.0,,2.0,4.0,,25017.0,84.0,143.0
250173118001,68,540,21,1,16,72,395,14,64,62,1253,530,,,,69.0,514.0,7.0,26.0,81.0,,24.0,17.0,1.0,,89.0,,53.0,,15.0,54.0,,25017.0,950.0,303.0
250173118002,7,134,1,0,4,6,4,3,29,4,192,529,,,,,,,2.0,,,,,,,,,26.0,,3.0,,,25017.0,31.0,161.0
250173119001,26,483,3,45,4,23,3,38,35,0,660,541,,,,3.0,,,3.0,,,5.0,,,,,,41.0,,11.0,17.0,,25017.0,80.0,580.0
250173119002,26,740,49,12,5,36,15,5,57,93,1038,730,,,,3.0,,,20.0,31.0,,19.0,,9.0,,2.0,,64.0,,11.0,165.0,9.0,25017.0,333.0,705.0
250173120001,13,275,7,1,9,15,19,8,63,3,413,505,,,,1.0,,,7.0,,,6.0,,3.0,,,,36.0,,16.0,7.0,,25017.0,76.0,337.0
250173120002,33,322,4,3,3,34,12,7,36,7,461,563,,,,,5.0,2.0,8.0,,,35.0,,,,,,15.0,,5.0,6.0,21.0,25017.0,97.0,364.0
250173121001,5,110,10,0,0,7,25,7,34,6,204,480,,,,,8.0,,5.0,,,,,,,1.0,,21.0,,,5.0,,25017.0,40.0,164.0
250173121002,9,112,0,0,0,7,47,5,28,10,218,350,,,,1.0,,,,,,,,,,,,7.0,,,16.0,,25017.0,24.0,194.0
250173121003,49,161,7,0,8,56,67,10,62,135,555,405,,,,15.0,88.0,82.0,51.0,,,,3.0,,,,,14.0,8.0,10.0,36.0,,25017.0,307.0,248.0
250173122001,43,264,9,1,28,58,88,19,200,38,748,795,,,,27.0,118.0,14.0,12.0,,29.0,,,36.0,,136.0,,53.0,,61.0,36.0,,25017.0,522.0,226.0
250173122002,33,317,1,9,21,81,47,27,128,25,689,608,,,,,,,1.0,,,,,,,,,9.0,,,,,25017.0,10.0,679.0
250173122003,48,118,1,1,6,32,44,21,38,81,390,352,,,9.0,35.0,55.0,19.0,2.0,7.0,,1.0,,8.0,,12.0,,38.0,,15.0,50.0,,25017.0,251.0,139.0
250173122004,127,356,7,8,15,272,219,36,171,134,1345,457,,,,100.0,345.0,117.0,353.0,86.0,,,8.0,1.0,,151.0,46.0,83.0,40.0,74.0,51.0,,25017.0,1455.0,-110.0
250173123001,15,178,9,2,2,35,176,5,128,15,565,663,,,,3.0,,,,,,,,,,,,8.0,,,4.0,,25017.0,15.0,550.0
250173123002,14,197,2,2,1,44,107,19,60,10,456,603,,,,4.0,,,9.0,,,,,,,,,17.0,,53.0,3.0,,25017.0,86.0,370.0
250173123003,69,981,41,1,16,386,503,60,547,179,2783,1208,,,,40.0,308.0,,207.0,8.0,,12.0,,14.0,,16.0,,695.0,16.0,133.0,21.0,,25017.0,1470.0,1313.0
250173124001,6,1212,23,131,0,28,9,17,27,14,1467,446,,,,,,,1.0,,,16.0,2.0,,,,,1728.0,,34.0,,77.0,25017.0,1858.0,-391.0
250173124002,8,108,5,1,25,24,12,27,34,7,251,645,,,,,,,9.0,,,,,2.0,,21.0,,18.0,,,2.0,,25017.0,52.0,199.0
250173125011,16,63,3,0,6,22,31,10,69,8,228,756,,,,6.0,,1.0,,,1.0,,,4.0,,,,24.0,,3.0,,,25017.0,39.0,189.0
250173125012,15,29,2,0,5,7,58,2,29,2,149,275,,,,1.0,,,,,,,,,,3.0,,1.0,25.0,,,,25017.0,30.0,119.0
250173125013,5,100,3,7,7,8,10,14,39,50,243,781,,,,,,,4.0,,,6.0,,3.0,,,7.0,24.0,,,1.0,,25017.0,45.0,198.0
250173125021,25,141,14,4,3,33,23,53,52,13,361,893,,,,7.0,,1.0,3.0,3.0,,9.0,,,,3.0,,20.0,,16.0,1.0,,25017.0,63.0,298.0
250173125022,9,189,10,0,5,17,30,10,25,4,299,296,,,,2.0,,1.0,,,,,,,,,,10.0,,,6.0,,25017.0,19.0,280.0
250173125023,26,125,16,1,5,134,18,30,49,48,452,485,,,,,,,90.0,,3.0,12.0,,,,94.0,,17.0,,7.0,16.0,,25017.0,239.0,213.0
250173131011,167,419,60,78,107,493,217,88,479,130,2239,1570,9.0,,,314.0,176.0,113.0,199.0,58.0,48.0,28.0,16.0,129.0,,218.0,165.0,471.0,74.0,473.0,120.0,124.0,25017.0,2735.0,-496.0
250173131012,119,208,22,10,30,86,185,29,361,87,1137,1386,,,,161.0,124.0,142.0,39.0,20.0,6.0,11.0,7.0,51.0,,280.0,19.0,37.0,35.0,42.0,36.0,11.0,25017.0,1021.0,116.0
250173131013,10,23,0,2,10,6,8,9,49,9,126,411,,,,6.0,,,,,,1.0,,,,1.0,2.0,7.0,,,,,25017.0,17.0,109.0
250173131021,9,42,0,37,0,16,1,9,5,0,119,352,,,,26.0,,,1.0,,,,,,,,7.0,2.0,,5.0,10.0,,25017.0,51.0,68.0
250173131022,3,43,2,0,8,30,4,13,49,2,154,441,,,,,,2.0,12.0,,,,,,,,,2.0,,,2.0,,25017.0,18.0,136.0
250173131023,83,188,9,15,11,53,19,39,104,14,535,994,,,,27.0,2.0,,4.0,,2.0,,,9.0,,12.0,266.0,9.0,,8.0,1.0,,25017.0,340.0,195.0
250173131024,27,317,14,5,4,68,24,24,43,2,528,657,,,,7.0,,3.0,6.0,,1.0,,2.0,,,,418.0,3.0,40.0,103.0,21.0,,25017.0,604.0,-76.0
250173141011,32,77,26,4,20,47,5,25,32,3,271,592,,,,8.0,,1.0,7.0,,,3.0,5.0,3.0,,2.0,374.0,33.0,18.0,,15.0,,25017.0,469.0,-198.0
250173141012,18,42,7,3,4,29,6,27,36,6,178,749,,,,28.0,,,4.0,,,,,,,6.0,,3.0,,,,,25017.0,41.0,137.0
250173141013,31,125,15,10,9,56,9,27,65,27,374,1222,,,,20.0,,,25.0,3.0,2.0,,,1.0,,2.0,,39.0,,13.0,,,25017.0,105.0,269.0
250173141021,31,95,12,7,9,51,6,23,38,16,288,675,,,,23.0,,7.0,66.0,3.0,,24.0,1.0,2.0,,3.0,,77.0,,3.0,3.0,,25017.0,212.0,76.0
250173141022,15,89,9,3,7,55,3,33,50,15,279,598,,,,18.0,5.0,2.0,4.0,,,6.0,5.0,10.0,,,1.0,65.0,,33.0,19.0,,25017.0,168.0,111.0
250173141023,14,62,8,4,11,25,17,37,35,9,222,603,,,,29.0,23.0,3.0,3.0,,,,2.0,6.0,,,,45.0,,4.0,,,25017.0,115.0,107.0
250173141024,3,362,1,39,3,46,4,3,47,9,517,538,,,,49.0,,,,2.0,,,3.0,10.0,,4.0,2.0,10.0,,52.0,18.0,56.0,25017.0,206.0,311.0
250173141025,9,55,20,39,11,27,8,17,40,13,239,618,,,,,20.0,8.0,9.0,,5.0,,4.0,5.0,,3.0,10.0,13.0,,65.0,3.0,6.0,25017.0,151.0,88.0
250173142001,55,143,41,5,5,133,17,49,77,25,550,739,,,,28.0,58.0,10.0,89.0,,,26.0,2.0,,,17.0,,102.0,15.0,130.0,53.0,12.0,25017.0,542.0,8.0
250173142002,28,89,9,7,7,29,7,18,71,10,275,635,,,,7.0,,,2.0,,,7.0,,10.0,,7.0,11.0,62.0,,31.0,11.0,49.0,25017.0,197.0,78.0
250173142003,107,145,28,49,13,123,19,27,64,32,607,942,,,,161.0,34.0,,157.0,106.0,,9.0,3.0,9.0,,8.0,37.0,64.0,29.0,98.0,14.0,,25017.0,729.0,-122.0
250173143011,23,97,21,49,20,95,13,28,88,7,441,676,,,,22.0,,,3.0,,22.0,13.0,1.0,109.0,,9.0,9.0,43.0,105.0,55.0,20.0,57.0,25017.0,468.0,-27.0
250173143012,22,36,0,1,3,15,14,11,16,0,118,298,,,,8.0,,,4.0,,,,9.0,,,,,17.0,,16.0,2.0,,25017.0,56.0,62.0
250173143013,85,191,13,35,7,191,61,59,91,14,747,1036,,,,118.0,79.0,7.0,18.0,25.0,,7.0,6.0,16.0,,110.0,4.0,23.0,17.0,200.0,49.0,,25017.0,679.0,68.0
250173143014,10,27,5,3,2,13,9,10,19,3,101,619,,,,4.0,,,,,,,1.0,,,7.0,,2.0,,,,,25017.0,14.0,87.0
250173143015,64,56,22,2,9,77,7,27,38,5,307,998,,,,85.0,,,514.0,14.0,3.0,43.0,5.0,5.0,,4.0,,35.0,,73.0,12.0,,25017.0,793.0,-486.0
250173143021,12,3,5,8,8,11,151,10,49,4,261,442,,,,21.0,,4.0,,,,,,,,,,2.0,,,,,25017.0,27.0,234.0
250173143022,109,65,20,4,24,58,361,24,59,182,906,750,40.0,,,184.0,237.0,184.0,14.0,532.0,175.0,,57.0,5.0,,10.0,4.0,24.0,,12.0,2.0,,25017.0,1480.0,-574.0
250173151001,126,147,14,10,81,407,218,49,234,129,1415,1088,,,,166.0,44.0,11.0,120.0,86.0,7.0,14.0,,23.0,,74.0,4.0,13.0,,124.0,51.0,,25017.0,737.0,678.0
250173151002,267,366,49,20,179,874,464,35,1277,242,3773,1348,,,,109.0,2798.0,146.0,1153.0,1.0,10.0,201.0,19.0,181.0,16.0,279.0,8.0,103.0,199.0,332.0,26.0,105.0,25017.0,5686.0,-1913.0
250173152001,42,91,22,78,26,48,21,10,119,25,482,820,,,31.0,15.0,3.0,,14.0,2.0,,,12.0,189.0,,3.0,,133.0,28.0,,155.0,,25017.0,585.0,-103.0
250173152002,102,549,44,20,74,442,200,16,412,219,2078,1078,,,,107.0,82.0,221.0,26.0,33.0,65.0,5.0,,618.0,24.0,15.0,,66.0,4.0,370.0,9.0,,25017.0,1645.0,433.0
250173152003,128,136,4,63,49,50,15,17,93,34,589,662,,,6.0,68.0,2.0,8.0,,6.0,,,,1.0,,2.0,,4.0,,,11.0,,25017.0,108.0,481.0
250173152004,72,505,103,83,129,124,78,50,181,75,1400,901,,,,122.0,18.0,22.0,63.0,4.0,18.0,72.0,36.0,30.0,,4.0,720.0,313.0,,80.0,63.0,136.0,25017.0,1701.0,-301.0
250173154011,13,153,9,3,12,543,42,35,43,9,862,855,,,,17.0,2.0,,644.0,,,,,2.0,,3.0,,8.0,16.0,133.0,23.0,,25017.0,848.0,14.0
250173154012,49,1416,19,122,28,62,14,30,93,14,1847,647,,,,23.0,,,115.0,20.0,,8.0,1.0,109.0,,22.0,29.0,1709.0,49.0,193.0,59.0,174.0,25017.0,2511.0,-664.0
250173154021,116,48,14,3,81,149,88,6,206,117,828,579,,,,373.0,27.0,97.0,47.0,125.0,,,6.0,4.0,,23.0,17.0,,8.0,17.0,6.0,,25017.0,750.0,78.0
250173154022,60,100,7,6,73,247,435,12,129,130,1199,769,13.0,,,175.0,42.0,154.0,8.0,109.0,,,3.0,3.0,784.0,10.0,24.0,8.0,3.0,44.0,27.0,,25017.0,1407.0,-208.0
250173154031,2,36,3,5,3,65,5,25,13,3,160,260,,,,,8.0,,,1.0,,,,,,,,2.0,,15.0,41.0,,25017.0,67.0,93.0
250173154032,28,148,5,1,5,122,9,17,43,8,386,417,,,,,,2.0,19.0,6.0,,,3.0,52.0,,7.0,,71.0,,44.0,35.0,,25017.0,239.0,147.0
250173155001,106,237,28,2,16,227,17,18,229,107,987,555,,,,172.0,13.0,67.0,110.0,1.0,,18.0,2.0,32.0,,323.0,11.0,88.0,2.0,149.0,54.0,,25017.0,1042.0,-55.0
250173155002,45,193,17,11,43,215,29,19,71,22,665,528,,,,14.0,,,26.0,,,8.0,,,,2.0,,24.0,,3.0,5.0,,25017.0,82.0,583.0
250173155003,20,63,0,3,12,56,4,9,38,2,207,264,,,,13.0,,,,,,,,1.0,,4.0,,2.0,,,2.0,,25017.0,22.0,185.0
250173155004,21,41,9,1,18,41,8,9,20,6,174,349,,,,8.0,,,,,,,,,,3.0,,2.0,,,,,25017.0,13.0,161.0
250173155005,15,39,3,1,25,22,5,4,30,7,151,487,,,,9.0,,3.0,,,1.0,,,1.0,,,,14.0,,,,,25017.0,28.0,123.0
250173155006,30,144,11,1,14,117,29,25,36,11,418,616,,,,10.0,13.0,,37.0,7.0,,,,,,,,8.0,20.0,5.0,21.0,,25017.0,121.0,297.0
250173161011,22,61,6,5,44,83,20,22,62,11,336,710,,,,21.0,,2.0,10.0,,,1.0,,3.0,,,,28.0,,3.0,,,25017.0,68.0,268.0
250173161012,58,54,5,2,29,54,18,9,70,9,308,550,,,,22.0,,2.0,,2.0,,,,,,,,1.0,,,,,25017.0,27.0,281.0
250173161013,24,77,7,4,25,40,24,5,22,13,241,725,,,,9.0,,,,6.0,,,,3.0,,8.0,,2.0,,,4.0,,25017.0,32.0,209.0
250173161021,42,28,4,2,20,50,8,4,31,9,198,612,,,,87.0,,,4.0,,,,,1.0,,3.0,,4.0,,,,,25017.0,99.0,99.0
250173161022,90,156,46,12,31,475,23,32,258,49,1172,1021,,,,109.0,,33.0,468.0,31.0,11.0,49.0,3.0,33.0,,19.0,1.0,87.0,19.0,75.0,122.0,741.0,25017.0,1801.0,-629.0
250173161023,21,122,6,0,10,67,6,36,72,17,357,363,,,,22.0,,,7.0,,,5.0,,42.0,,219.0,,39.0,,58.0,15.0,,25017.0,407.0,-50.0
250173161024,22,316,17,219,39,131,395,37,79,162,1417,605,,,,19.0,477.0,,64.0,3.0,36.0,9.0,2.0,496.0,,51.0,877.0,116.0,24.0,119.0,46.0,385.0,25017.0,2724.0,-1307.0
250173162011,14,241,6,4,69,67,73,10,114,203,801,473,2.0,,,78.0,217.0,2.0,,8.0,20.0,,,21.0,,1.0,344.0,3.0,,,13.0,,25017.0,709.0,92.0
250173162012,63,69,18,2,44,456,41,35,93,89,910,928,,,,52.0,,12.0,443.0,45.0,8.0,37.0,,5.0,,13.0,,23.0,50.0,121.0,41.0,,25017.0,850.0,60.0
250173162013,3,88,2,2,22,79,13,6,35,20,270,340,,,,3.0,,2.0,,2.0,,,,1.0,,3.0,,5.0,39.0,,2.0,,25017.0,57.0,213.0
250173162021,128,69,118,11,91,239,246,12,399,259,1572,719,,,,16.0,260.0,385.0,41.0,280.0,,,48.0,22.0,8.0,6.0,,8.0,,,103.0,,25017.0,1177.0,395.0
250173162022,191,142,15,7,78,109,97,20,174,137,970,771,,,,200.0,64.0,20.0,14.0,13.0,,24.0,1.0,7.0,,33.0,,5.0,8.0,,22.0,,25017.0,411.0,559.0
250173162023,5,20,6,4,43,121,24,24,31,89,367,457,,,,104.0,,,31.0,4.0,,4.0,,53.0,,,5.0,4.0,,138.0,21.0,,25017.0,364.0,3.0
250173163001,17,138,32,4,26,166,26,26,126,14,575,1531,,,,79.0,5.0,2.0,22.0,5.0,,18.0,17.0,45.0,,5.0,,91.0,,42.0,176.0,,25017.0,507.0,68.0
250173163002,14,43,3,1,37,39,34,6,60,7,244,341,,,,2.0,,,,,,,4.0,1.0,,,,,,9.0,,,25017.0,16.0,228.0
250173163003,51,54,20,5,74,123,403,11,344,122,1207,482,,,,100.0,664.0,188.0,2.0,12.0,,,56.0,244.0,18.0,79.0,76.0,2.0,,26.0,54.0,,25017.0,1521.0,-314.0
250173163004,63,51,15,5,21,94,481,38,117,36,921,388,,,,36.0,476.0,,1.0,108.0,50.0,,,384.0,,103.0,293.0,1.0,,144.0,18.0,20.0,25017.0,1634.0,-713.0
250173163005,65,74,63,7,270,111,801,20,514,277,2202,1018,,,,45.0,1000.0,158.0,26.0,40.0,137.0,4.0,44.0,805.0,491.0,117.0,,33.0,17.0,99.0,58.0,,25017.0,3074.0,-872.0
250173163006,8,15,2,2,26,7,107,10,79,22,278,297,,,,12.0,1.0,38.0,,3.0,,1.0,,1228.0,,56.0,,,2.0,18.0,36.0,,25017.0,1395.0,-1117.0
250173164001,14,16,7,1,32,29,12,6,44,4,165,391,,,,25.0,,5.0,236.0,,2.0,,,2.0,,,,1.0,,,,,25017.0,271.0,-106.0
250173164002,17,51,6,2,82,16,7,9,35,7,232,420,,,,6.0,,,,,,,,1.0,,,,63.0,,,,,25017.0,70.0,162.0
250173164003,7,9,5,3,95,28,6,6,57,3,219,409,,,,4.0,,,2.0,,6.0,,,39.0,,6.0,,3.0,,,,,25017.0,60.0,159.0
250173164004,16,14,6,4,269,40,19,13,76,14,471,730,,,,14.0,,,17.0,,,,,10.0,,9.0,,2.0,,,1.0,,25017.0,53.0,418.0
250173164005,389,42,17,28,238,85,186,11,290,659,1945,835,,,,627.0,944.0,473.0,6.0,184.0,493.0,,32.0,72.0,,71.0,,1.0,13.0,18.0,80.0,,25017.0,3014.0,-1069.0
250173164006,2,2,1,386,13,4,16,1,6,2,433,17,,,,,,,,,,,,,,,,12.0,,,,17.0,25017.0,29.0,404.0
250173165001,258,206,44,2,150,442,833,7,647,145,2734,673,3.0,,,86.0,664.0,21.0,36.0,,5.0,2.0,2.0,71.0,,119.0,2.0,8.0,1.0,7.0,,,25017.0,1027.0,1707.0
250173165002,79,49,4,3,34,33,108,35,183,346,874,572,,,,40.0,32.0,189.0,,151.0,,,,29.0,,85.0,,6.0,,,45.0,,25017.0,577.0,297.0
250173165003,33,115,9,1,30,78,51,13,89,6,425,429,,,,45.0,99.0,11.0,14.0,19.0,,,14.0,5.0,,33.0,,17.0,,7.0,12.0,,25017.0,276.0,149.0
250173165004,36,323,7,23,18,43,32,22,71,39,614,500,,,,24.0,,30.0,70.0,,,3.0,,1.0,,4.0,,330.0,,,,,25017.0,462.0,152.0
250173165005,648,142,13,2,53,406,213,26,487,172,2162,555,,,,817.0,138.0,170.0,201.0,41.0,13.0,2.0,,365.0,78.0,11.0,,265.0,,293.0,74.0,103.0,25017.0,2571.0,-409.0
250173171011,22,249,75,41,36,106,13,28,203,31,804,609,,,,15.0,6.0,5.0,40.0,1.0,1.0,52.0,14.0,60.0,,2.0,21.0,118.0,2.0,144.0,32.0,39.0,25017.0,552.0,252.0
250173171012,21,148,44,141,31,132,9,21,136,8,691,762,,,12.0,20.0,,5.0,128.0,,4.0,13.0,,24.0,,28.0,9.0,182.0,47.0,207.0,43.0,74.0,25017.0,796.0,-105.0
250173171013,60,41,5,2,23,41,11,4,29,6,222,504,,,,,,17.0,,22.0,32.0,,7.0,4.0,,,,5.0,,,2.0,,25017.0,89.0,133.0
250173171014,30,168,9,7,52,85,76,42,266,41,776,1398,11.0,,,72.0,354.0,16.0,33.0,14.0,5.0,1.0,11.0,147.0,13.0,36.0,45.0,55.0,13.0,10.0,27.0,,25017.0,863.0,-87.0
250173171021,63,149,11,8,86,118,144,24,256,40,899,855,,,4.0,43.0,117.0,229.0,6.0,1895.0,187.0,,,114.0,,21.0,28.0,20.0,20.0,3.0,6.0,,25017.0,2693.0,-1794.0
250173171022,308,470,41,3,165,364,2144,11,4058,483,8047,624,,,,438.0,3108.0,481.0,302.0,,789.0,11.0,69.0,2045.0,201.0,389.0,69.0,748.0,,24.0,301.0,,25017.0,8975.0,-928.0
250173171023,19,43,7,23,51,19,14,17,81,8,282,752,,,25.0,20.0,,1.0,16.0,,,,,,,2.0,,32.0,,,9.0,,25017.0,105.0,177.0
250173171031,16,45,7,2,50,38,17,56,99,5,335,797,3.0,,,4.0,,,,69.0,,2.0,2.0,5.0,,,,55.0,17.0,,4.0,,25017.0,161.0,174.0
250173171032,26,1872,8,1,100,30,37,14,320,15,2423,841,,,,9.0,,,17.0,,,,,28.0,,2.0,5.0,1.0,,35.0,2.0,,25017.0,99.0,2324.0
250173171033,22,14,2,2,18,29,7,4,35,9,142,337,,,,24.0,,,1.0,,3.0,,,2.0,,3.0,,8.0,,,,,25017.0,41.0,101.0
250173172011,31,21,8,4,22,27,8,5,74,4,204,584,,,,39.0,,,,,,,,1.0,,,,,,,5.0,,25017.0,45.0,159.0
250173172012,11,10,5,1,17,10,11,10,44,10,129,545,,,,9.0,,,,,,2.0,,,,,,14.0,,,3.0,,25017.0,28.0,101.0
250173172021,17,126,4,41,15,23,15,11,77,6,335,467,,,,8.0,,7.0,,,,,,48.0,,36.0,409.0,9.0,,,21.0,58.0,25017.0,596.0,-261.0
250173172022,31,105,3,4,27,34,11,17,55,3,290,755,,,,23.0,58.0,1.0,,,,,,14.0,,3.0,,2.0,,31.0,,,25017.0,132.0,158.0
250173172031,33,78,7,4,26,179,28,15,65,19,454,318,,,,57.0,28.0,,471.0,,,,,2.0,,,,3.0,,24.0,19.0,,25017.0,604.0,-150.0
250173172032,48,553,45,6,69,392,52,24,314,48,1551,1044,,,,26.0,4.0,14.0,524.0,,9.0,53.0,33.0,73.0,,72.0,26.0,618.0,97.0,392.0,52.0,44.0,25017.0,2037.0,-486.0
250173172033,42,260,19,2,5,377,10,8,71,60,854,379,,,,188.0,2.0,1.0,271.0,22.0,2.0,20.0,17.0,115.0,1.0,39.0,,270.0,42.0,210.0,21.0,,25017.0,1221.0,-367.0
250173173011,65,554,13,76,43,164,18,23,294,45,1295,1180,,,,21.0,426.0,,227.0,,10.0,24.0,,269.0,,81.0,62.0,540.0,,312.0,49.0,71.0,25017.0,2092.0,-797.0
250173173012,18,48,0,3,17,13,10,21,43,15,188,266,,,,104.0,46.0,7.0,17.0,22.0,,,6.0,,,33.0,,65.0,,6.0,22.0,,25017.0,328.0,-140.0
250173173021,19,171,15,3,40,102,6,13,102,13,484,682,,,10.0,7.0,,15.0,12.0,,10.0,12.0,7.0,5.0,,102.0,,77.0,3.0,42.0,24.0,,25017.0,326.0,158.0
250173173022,31,120,15,15,30,66,25,36,109,37,484,1329,,,,80.0,,51.0,27.0,28.0,,,3.0,19.0,,74.0,,76.0,,3.0,57.0,,25017.0,418.0,66.0
250173173023,43,244,20,0,14,79,54,22,117,84,677,712,,,,8.0,159.0,38.0,28.0,,58.0,5.0,13.0,57.0,14.0,179.0,224.0,207.0,,28.0,36.0,,25017.0,1054.0,-377.0
250173181001,27,77,13,5,22,21,125,37,61,15,403,920,,,,14.0,,6.0,254.0,,,7.0,,5.0,,4.0,7.0,30.0,,,4.0,,25017.0,331.0,72.0
250173181002,19,32,11,9,11,29,150,23,55,7,346,578,,,,6.0,,,11.0,,,,,1.0,,7.0,,1.0,,,2.0,,25017.0,28.0,318.0
250173181003,20,18,12,5,12,80,149,15,74,28,413,308,,60.0,,14.0,45.0,16.0,112.0,,5.0,19.0,,28.0,,,2.0,,10.0,108.0,24.0,,25017.0,443.0,-30.0
250173181004,26,121,17,12,22,75,148,32,107,43,603,898,,5.0,,34.0,49.0,33.0,17.0,,,,,12.0,,1.0,36.0,16.0,9.0,81.0,21.0,,25017.0,314.0,289.0
250173182001,54,244,20,19,56,42,79,50,201,7,772,1287,,,,48.0,,7.0,1.0,,,3.0,5.0,14.0,,3.0,76.0,12.0,,6.0,9.0,,25017.0,184.0,588.0
250173182002,29,47,20,28,14,21,272,44,158,50,683,720,,,,37.0,8.0,1.0,,1.0,,1.0,,2.0,,21.0,,7.0,3.0,1.0,19.0,,25017.0,101.0,582.0
250173183001,16,239,6,9,14,19,81,13,95,3,495,364,,,,6.0,,1.0,,,,,,3.0,,,789.0,,,,,,25017.0,799.0,-304.0
250173183002,35,63,13,7,93,35,98,94,105,10,553,1121,,,13.0,25.0,2.0,6.0,,,41.0,5.0,,22.0,,2.0,2.0,24.0,101.0,9.0,9.0,176.0,25017.0,437.0,116.0
250173183003,11,9,3,6,8,29,33,16,23,3,141,538,,,,2.0,,,2.0,,,,,3.0,1.0,4.0,,7.0,,,7.0,,25017.0,26.0,115.0
250173183004,33,193,54,140,115,55,187,55,179,25,1036,1414,,,,38.0,,3.0,7.0,,1.0,6.0,5.0,9.0,,15.0,,8.0,,9.0,5.0,,25017.0,106.0,930.0
250173184001,282,716,268,29,109,869,792,61,1059,425,4610,1285,,,14.0,109.0,1027.0,147.0,142.0,71.0,485.0,104.0,28.0,1704.0,295.0,248.0,88.0,516.0,130.0,510.0,67.0,11.0,25017.0,5696.0,-1086.0
250173184002,67,276,48,12,64,325,872,44,158,43,1909,917,,,,29.0,863.0,26.0,421.0,,45.0,154.0,5.0,1012.0,,17.0,128.0,331.0,44.0,273.0,51.0,4.0,25017.0,3403.0,-1494.0
250173201021,24,177,3,2,123,80,12,14,152,30,617,327,10.0,,,2.0,,,,,,,4.0,34.0,,,,,4.0,,1.0,,25017.0,55.0,562.0
250173201022,53,232,23,4,117,304,476,25,4637,226,6097,464,,,,501.0,5181.0,331.0,131.0,,50.0,27.0,,464.0,3.0,11.0,9.0,78.0,74.0,96.0,8.0,23.0,25017.0,6987.0,-890.0
250173201023,49,227,24,4,131,96,7,17,261,60,876,1058,,,,34.0,23.0,6.0,7.0,,11.0,17.0,,15.0,3.0,,22.0,19.0,,10.0,6.0,,25017.0,173.0,703.0
250173201031,57,366,141,54,176,156,8,34,286,72,1350,1759,,,,43.0,13.0,1.0,93.0,29.0,26.0,125.0,1.0,15.0,,48.0,3.0,166.0,115.0,112.0,35.0,126.0,25017.0,951.0,399.0
250173201041,79,560,37,18,161,215,173,27,278,67,1615,1314,,18.0,,75.0,291.0,87.0,64.0,,,7.0,2.0,95.0,,127.0,5.0,175.0,,64.0,23.0,,25017.0,1033.0,582.0
250173201042,48,326,44,1,152,113,8,63,282,59,1096,1578,25.0,,,17.0,4.0,4.0,3.0,41.0,10.0,10.0,1.0,226.0,2.0,8.0,583.0,80.0,129.0,8.0,20.0,,25017.0,1171.0,-75.0
250173201043,49,292,75,22,105,73,9,17,469,179,1290,578,88.0,,1.0,144.0,,11.0,18.0,,5.0,,7.0,174.0,,16.0,,397.0,8.0,25.0,46.0,36.0,25017.0,976.0,314.0
250173211001,50,644,56,4,64,219,69,65,317,38,1526,1757,,,,85.0,14.0,6.0,123.0,,,12.0,3.0,31.0,,35.0,22.0,129.0,44.0,145.0,27.0,,25017.0,676.0,850.0
250173211002,18,132,17,2,39,355,1301,12,139,33,2048,1201,,,,24.0,2213.0,17.0,308.0,1.0,,2.0,20.0,18.0,,13.0,12.0,49.0,95.0,86.0,27.0,,25017.0,2885.0,-837.0
250173211003,12,46,1,3,8,20,2,2,37,2,133,282,,,,8.0,,2.0,1.0,,,,,8.0,,,,16.0,,,2.0,,25017.0,37.0,96.0
250173212001,49,445,193,4,40,219,18,32,239,135,1374,1384,,,,57.0,11.0,92.0,110.0,6.0,1.0,26.0,36.0,88.0,4.0,108.0,,185.0,25.0,68.0,29.0,,25017.0,846.0,528.0
250173212002,30,132,61,33,27,92,37,21,95,17,545,865,,,,15.0,18.0,,33.0,,3.0,20.0,,16.0,,4.0,,100.0,,73.0,,,25017.0,282.0,263.0
250173212003,28,251,52,2,20,96,5,13,136,18,621,639,,,,9.0,3.0,9.0,15.0,3.0,,1.0,,,,18.0,,139.0,,39.0,12.0,,25017.0,248.0,373.0
250173213001,13,207,62,1,32,63,2,25,95,46,546,633,,,,3.0,,15.0,86.0,,12.0,23.0,6.0,12.0,,1.0,,19.0,,95.0,41.0,,25017.0,313.0,233.0
250173213002,17,115,35,45,56,62,1,21,120,19,491,469,,,,9.0,2.0,11.0,4.0,2.0,,4.0,8.0,28.0,,,901.0,12.0,,10.0,23.0,,25017.0,1014.0,-523.0
250173213003,83,58,80,58,54,104,3,15,120,445,1020,680,,,,2.0,67.0,571.0,24.0,,1.0,81.0,,52.0,,224.0,,10.0,,30.0,4.0,21.0,25017.0,1087.0,-67.0
250173213004,94,122,97,2,54,122,171,24,186,58,930,679,,,,81.0,262.0,175.0,11.0,3.0,5.0,,10.0,306.0,16.0,180.0,5.0,51.0,2.0,15.0,32.0,,25017.0,1154.0,-224.0
250173213005,5,42,11,1,6,11,1,5,60,12,154,274,,,,5.0,6.0,3.0,,,,10.0,,,,2.0,44.0,9.0,,,,,25017.0,79.0,75.0
250173213006,36,143,142,135,33,213,51,40,216,100,1109,873,,,46.0,110.0,9.0,12.0,61.0,,,62.0,13.0,65.0,125.0,22.0,23.0,135.0,1.0,153.0,88.0,,25017.0,925.0,184.0
250173214001,149,909,775,54,764,1101,177,79,1526,100,5634,920,,,8.0,89.0,134.0,297.0,1476.0,5.0,65.0,766.0,38.0,1712.0,545.0,1358.0,118.0,529.0,69.0,1037.0,231.0,5.0,25017.0,8482.0,-2848.0
250173214002,494,1263,223,27,494,1266,1913,77,2156,286,8199,781,,,,645.0,2033.0,812.0,290.0,41.0,381.0,41.0,62.0,1784.0,213.0,279.0,131.0,1750.0,28.0,162.0,95.0,,25017.0,8747.0,-548.0
250173215001,57,764,16,4,55,128,43,21,249,879,2216,1465,,,,75.0,681.0,,24.0,33.0,2.0,17.0,8.0,12.0,715.0,45.0,2.0,1127.0,9.0,14.0,44.0,,25017.0,2808.0,-592.0
250173215002,31,85,35,0,40,117,1,9,171,55,544,814,,,,12.0,1.0,71.0,26.0,,2.0,11.0,,49.0,,16.0,9.0,13.0,4.0,77.0,29.0,,25017.0,320.0,224.0
250173215003,21,93,80,0,36,98,2,8,130,23,491,616,,,,53.0,3.0,94.0,126.0,198.0,,,6.0,23.0,,9.0,6.0,2.0,1.0,,56.0,,25017.0,577.0,-86.0
250173216001,24,189,30,2,46,158,6,13,191,30,689,1195,,,,13.0,,,,13.0,,6.0,13.0,40.0,,29.0,,2.0,7.0,85.0,3.0,,25017.0,211.0,478.0
250173216002,20,347,3,50,25,63,2,20,100,4,634,589,,,,7.0,,2.0,,,,,1.0,2.0,,3.0,,12.0,29.0,25.0,,177.0,25017.0,258.0,376.0
250173216003,11,145,5,1,35,39,1,7,120,8,372,493,,,,,,2.0,,,,2.0,,,,,,1.0,,,,,25017.0,5.0,367.0
250173216004,15,85,32,5,27,183,5,29,156,28,565,854,,,,3.0,,11.0,333.0,,41.0,16.0,9.0,1.0,,24.0,,5.0,,16.0,5.0,127.0,25017.0,591.0,-26.0
250173221001,72,155,18,0,42,132,347,80,323,140,1309,573,,,,76.0,594.0,98.0,29.0,,35.0,,8.0,65.0,,69.0,2.0,20.0,80.0,,10.0,,25017.0,1086.0,223.0
250173221002,9,90,6,49,13,20,7,12,38,5,249,421,,,,61.0,2.0,10.0,6.0,7.0,,,,4.0,,,1.0,,5.0,,1.0,36.0,25017.0,133.0,116.0
250173221003,34,95,22,1,10,46,198,47,109,26,588,411,,,,83.0,278.0,32.0,6.0,,,5.0,,16.0,,6.0,,4.0,,25.0,13.0,,25017.0,468.0,120.0
250173221004,9,40,9,0,3,15,1,5,35,5,122,577,,,,8.0,,5.0,,,,,,4.0,,,,2.0,,,,,25017.0,19.0,103.0
250173222001,40,159,33,1,56,259,845,51,162,35,1641,1052,,,51.0,32.0,778.0,21.0,544.0,3.0,,47.0,14.0,165.0,,77.0,,42.0,,187.0,164.0,,25017.0,2125.0,-484.0
250173222002,67,256,15,2,35,314,125,41,155,42,1052,1232,,,,34.0,243.0,24.0,194.0,71.0,,12.0,6.0,35.0,,109.0,213.0,43.0,146.0,194.0,50.0,10.0,25017.0,1384.0,-332.0
250173223001,19,92,6,0,11,31,0,11,47,2,219,827,,,,30.0,,,13.0,5.0,,6.0,,,,1.0,397.0,40.0,,,3.0,,25017.0,495.0,-276.0
250173223002,89,154,26,32,41,82,105,16,218,77,840,1250,,,4.0,556.0,122.0,35.0,17.0,15.0,,12.0,1.0,45.0,45.0,485.0,,38.0,10.0,27.0,,67.0,25017.0,1479.0,-639.0
250173223003,45,318,30,56,39,486,4,21,175,51,1225,676,,,,9.0,5.0,1.0,833.0,,33.0,,5.0,,,,,58.0,24.0,13.0,15.0,,25017.0,996.0,229.0
250173224001,8,20,9,0,8,25,56,9,50,6,191,756,,,,15.0,73.0,11.0,8.0,,,,3.0,16.0,,3.0,,9.0,,11.0,1.0,,25017.0,150.0,41.0
250173224002,57,187,217,24,56,207,50,146,239,54,1237,740,,,,68.0,50.0,33.0,110.0,,,172.0,22.0,46.0,141.0,8.0,13.0,43.0,55.0,259.0,129.0,139.0,25017.0,1288.0,-51.0
250173224003,18,56,14,2,3,23,3,3,17,1,140,535,,,,5.0,,,7.0,,,,,,,1.0,,1.0,,,8.0,,25017.0,22.0,118.0
250173231001,45,145,14,3,75,81,126,15,147,32,683,960,,,,184.0,572.0,25.0,,,,15.0,,37.0,,38.0,,2.0,26.0,10.0,8.0,,25017.0,917.0,-234.0
250173231002,9,103,0,3,40,52,6,12,63,9,297,347,3.0,,,14.0,1.0,,,9.0,,,,16.0,,,3.0,,,24.0,22.0,,25017.0,92.0,205.0
250173231003,34,266,34,67,69,209,7,34,183,33,936,531,,,,20.0,1.0,30.0,110.0,,17.0,26.0,,2.0,,2.0,75.0,74.0,58.0,68.0,,82.0,25017.0,565.0,371.0
250173231004,39,583,33,76,106,188,17,33,153,31,1259,962,30.0,,,37.0,16.0,3.0,56.0,,,8.0,2.0,24.0,,7.0,,1.0,26.0,2.0,22.0,361.0,25017.0,595.0,664.0
250173241011,73,813,25,1,158,410,109,48,500,386,2523,964,,,,53.0,216.0,190.0,36.0,,5.0,,2.0,87.0,6.0,19.0,54.0,183.0,,,1.0,,25017.0,852.0,1671.0
250173241012,138,1631,275,34,349,1579,57,52,784,276,5175,1110,,,,115.0,10.0,6.0,405.0,4.0,3071.0,52.0,3.0,83.0,85.0,27.0,286.0,89.0,52.0,66.0,45.0,126.0,25017.0,4525.0,650.0
250173241013,20,178,5,49,77,103,4,39,199,25,699,670,19.0,,,15.0,9.0,,,,1.0,,2.0,2.0,,1.0,,11.0,,,56.0,57.0,25017.0,173.0,526.0
250173241021,140,1716,151,3,355,1339,61,23,1145,252,5185,417,,,,13.0,5.0,19.0,27.0,1.0,,4.0,,21.0,,,,3.0,,,2.0,,25017.0,95.0,5090.0
250173241022,506,1943,127,215,368,1261,320,64,1392,420,6616,1360,1.0,17.0,46.0,361.0,203.0,151.0,270.0,10.0,126.0,,44.0,535.0,64.0,57.0,86.0,15.0,20.0,67.0,39.0,,25017.0,2112.0,4504.0
250173241023,13,80,9,1,29,58,1,31,96,24,342,340,11.0,,,22.0,,,7.0,,,,,16.0,,30.0,,9.0,,26.0,3.0,,25017.0,124.0,218.0
250173251001,64,23,16,0,11,33,405,8,19,176,755,916,,,23.0,69.0,689.0,24.0,21.0,24.0,,,6.0,59.0,9.0,,,6.0,1.0,15.0,3.0,,25017.0,949.0,-194.0
250173251002,31,858,9,6,0,33,98,14,29,32,1110,603,,,,56.0,62.0,65.0,98.0,2.0,,5.0,7.0,20.0,,28.0,,163.0,1.0,31.0,21.0,12.0,25017.0,571.0,539.0
250173251003,12,26,20,28,7,62,24,3,48,3,233,539,,,,3.0,142.0,64.0,7.0,27.0,9.0,,,24.0,,,,2.0,,78.0,10.0,29.0,25017.0,395.0,-162.0
250173251004,29,198,31,66,0,32,5,19,10,12,402,387,,,,13.0,7.0,18.0,1.0,16.0,3.0,31.0,,3.0,,,196.0,50.0,10.0,13.0,16.0,84.0,25017.0,461.0,-59.0
250173251005,24,89,17,37,1,94,94,39,49,169,613,502,,,6.0,70.0,450.0,419.0,65.0,10.0,,4.0,6.0,72.0,,15.0,225.0,151.0,,86.0,20.0,48.0,25017.0,1647.0,-1034.0
250173251006,4,6,7,0,0,201,83,6,13,111,431,606,2.0,,,83.0,515.0,30.0,105.0,4.0,22.0,,11.0,,,1.0,9.0,8.0,,5.0,10.0,16.0,25017.0,821.0,-390.0
250173251007,3,29,8,0,7,14,0,2,21,11,95,294,,,,8.0,,,5.0,,,1.0,,13.0,56.0,3.0,,405.0,5.0,49.0,7.0,,25017.0,552.0,-457.0
250173261011,74,200,37,76,13,231,17,15,73,43,779,493,,,15.0,71.0,,9.0,148.0,14.0,17.0,20.0,,13.0,,1.0,466.0,97.0,2.0,58.0,5.0,92.0,25017.0,1028.0,-249.0
250173261012,35,769,51,6,46,55,233,22,31,8,1256,1088,,,,31.0,186.0,17.0,5.0,7.0,,5.0,2.0,51.0,,24.0,209.0,715.0,5.0,98.0,25.0,,25017.0,1380.0,-124.0
250173261021,120,252,13,8,8,261,31,6,81,12,792,892,9.0,,,43.0,,2.0,22.0,18.0,3.0,5.0,1.0,42.0,,6.0,152.0,27.0,12.0,192.0,5.0,1.0,25017.0,540.0,252.0
250173261022,43,47,9,28,7,153,28,14,44,5,378,1096,,,,45.0,,19.0,8.0,,,1.0,,13.0,,14.0,4.0,3.0,,32.0,11.0,,25017.0,150.0,228.0
250173261023,8,242,6,1,6,25,465,27,46,2,828,523,,,,3.0,440.0,13.0,,,,9.0,,18.0,,,17.0,72.0,3.0,11.0,2.0,,25017.0,588.0,240.0
250173271011,62,96,14,10,28,40,23,35,118,49,475,761,5.0,,,129.0,87.0,27.0,4.0,22.0,11.0,2.0,,121.0,,32.0,6.0,26.0,,,24.0,,25017.0,496.0,-21.0
250173271012,21,72,12,26,37,20,63,20,211,24,506,782,,,,15.0,,6.0,,22.0,,,,7.0,,1.0,,,,,7.0,,25017.0,58.0,448.0
250173271021,26,61,17,3,1,56,0,29,34,14,241,530,,,,48.0,,,29.0,,,7.0,6.0,6.0,,9.0,,4.0,,49.0,6.0,,25017.0,164.0,77.0
250173271022,9,34,5,3,7,32,19,15,30,7,161,643,,,,12.0,18.0,,,5.0,,,1.0,2.0,,4.0,,7.0,,,,,25017.0,49.0,112.0
250173271023,24,245,22,5,26,102,10,35,42,31,542,680,,,,22.0,,15.0,45.0,1.0,3.0,12.0,2.0,7.0,,,1.0,77.0,,34.0,10.0,39.0,25017.0,268.0,274.0
250173271031,21,82,11,1,12,48,5,48,86,20,334,713,3.0,,,16.0,2.0,5.0,5.0,,2.0,,,34.0,,3.0,,6.0,,,3.0,,25017.0,79.0,255.0
250173271032,21,109,24,92,8,51,1,35,125,4,470,401,5.0,,,4.0,,,66.0,,9.0,,10.0,4.0,,16.0,187.0,26.0,5.0,56.0,10.0,44.0,25017.0,442.0,28.0
250173271033,10,73,2,1,3,25,7,16,28,11,176,481,,,,17.0,,4.0,,,,,,6.0,,,,8.0,,,9.0,,25017.0,44.0,132.0
250173281001,39,1,1,0,2,16,2,3,16,5,85,962,,,,69.0,,1.0,5.0,,5.0,2.0,,9.0,,10.0,,6.0,,16.0,4.0,,25017.0,127.0,-42.0
250173281002,16,53,3,25,5,14,3,21,26,8,175,568,6.0,,,27.0,,3.0,1.0,1.0,2.0,,,11.0,,17.0,43.0,2.0,,,7.0,81.0,25017.0,201.0,-26.0
250173301001,3,99,2,2,24,27,1,11,83,7,259,373,,,,9.0,,2.0,,,,2.0,,6.0,,,11.0,6.0,11.0,,,,25017.0,47.0,212.0
250173301002,61,117,13,34,49,50,6,26,143,21,520,778,,,,86.0,,17.0,9.0,17.0,39.0,8.0,,24.0,,5.0,195.0,80.0,1.0,85.0,23.0,123.0,25017.0,712.0,-192.0
250173301003,31,1964,49,1,21,51,6,13,136,33,2305,574,,,,22.0,,,37.0,,,15.0,,14.0,,2.0,,45.0,4.0,3.0,4.0,2.0,25017.0,148.0,2157.0
250173301004,9,62,5,0,32,27,1,4,45,11,196,548,,,,10.0,,3.0,1.0,,,1.0,7.0,3.0,,,12.0,,,2.0,3.0,,25017.0,42.0,154.0
250173301005,15,155,11,6,38,67,4,15,160,27,498,781,,5.0,,17.0,1.0,7.0,,,,8.0,3.0,16.0,,,,1.0,14.0,,5.0,,25017.0,77.0,421.0
250173302001,60,327,8,4,48,323,57,29,175,53,1084,1045,,,3.0,93.0,16.0,17.0,176.0,,9.0,14.0,17.0,40.0,132.0,33.0,3.0,185.0,59.0,312.0,133.0,,25017.0,1242.0,-158.0
250173302002,267,209,310,0,33,248,23,22,499,791,2402,711,,,,530.0,1444.0,403.0,267.0,346.0,179.0,151.0,17.0,301.0,,355.0,35.0,109.0,7.0,90.0,28.0,,25017.0,4262.0,-1860.0
250173302003,73,143,22,20,28,70,2,21,145,30,554,458,,59.0,,146.0,,101.0,44.0,,,7.0,,12.0,,,,14.0,53.0,2.0,19.0,61.0,25017.0,518.0,36.0
250173302004,40,64,19,0,23,113,3,18,68,14,362,720,,,,40.0,26.0,30.0,37.0,1232.0,,6.0,5.0,18.0,,9.0,,1.0,10.0,121.0,34.0,,25017.0,1569.0,-1207.0
250173311011,24,119,21,9,29,50,0,43,89,17,401,555,,,,14.0,,4.0,19.0,,,10.0,5.0,12.0,,,,19.0,,,15.0,36.0,25017.0,134.0,267.0
250173311012,305,517,241,32,312,289,1592,58,2125,1320,6791,687,1094.0,,13.0,614.0,1941.0,1715.0,148.0,236.0,380.0,33.0,30.0,949.0,586.0,485.0,13.0,28.0,6.0,52.0,214.0,,25017.0,8537.0,-1746.0
250173311021,11,295,52,5,52,142,777,12,315,148,1809,507,,,,52.0,228.0,98.0,,259.0,2.0,83.0,13.0,123.0,180.0,50.0,,73.0,29.0,22.0,45.0,,25017.0,1257.0,552.0
250173311022,501,793,46,124,83,227,788,94,357,2382,5395,747,,,,550.0,2739.0,822.0,113.0,143.0,11.0,30.0,75.0,62.0,137.0,143.0,20.0,824.0,1.0,405.0,109.0,143.0,25017.0,6327.0,-932.0
250173311023,83,550,69,96,101,294,25,99,462,172,1951,992,,,,96.0,5.0,23.0,99.0,12.0,129.0,18.0,11.0,39.0,1.0,114.0,556.0,151.0,,166.0,43.0,129.0,25017.0,1592.0,359.0
250173311024,49,204,7,5,48,94,47,4,139,101,698,520,,,,87.0,12.0,90.0,66.0,16.0,11.0,,6.0,29.0,,6.0,,11.0,10.0,38.0,62.0,,25017.0,444.0,254.0
250173312001,50,266,45,4,48,432,1,56,532,51,1485,868,,,,49.0,,47.0,800.0,,,29.0,1.0,30.0,,130.0,1.0,133.0,24.0,242.0,44.0,1.0,25017.0,1531.0,-46.0
250173312002,31,100,9,63,49,74,3,18,235,17,599,1132,,,,164.0,,,,,,,3.0,6.0,,3.0,,13.0,5.0,,,160.0,25017.0,354.0,245.0
250173313001,11,130,3,0,52,68,11,14,170,9,468,862,,,,12.0,7.0,8.0,5.0,,,,,5.0,,14.0,,2.0,,1.0,,,25017.0,54.0,414.0
250173313002,46,306,1,7,50,89,17,22,179,66,783,944,,,,34.0,2.0,7.0,1.0,44.0,,,,4.0,,42.0,5.0,4.0,21.0,,6.0,5.0,25017.0,175.0,608.0
250173313003,122,147,5,4,39,91,288,16,140,241,1093,838,,,,120.0,493.0,90.0,12.0,1.0,360.0,,1.0,46.0,78.0,93.0,59.0,17.0,7.0,24.0,11.0,,25017.0,1412.0,-319.0
250173321001,17,132,3,0,3,15,1,2,33,1,207,447,,,11.0,6.0,,,,14.0,,2.0,,4.0,,2.0,,17.0,,,2.0,,25017.0,58.0,149.0
250173321002,7,71,10,0,13,41,2,16,65,9,234,812,,,,25.0,,14.0,6.0,,1.0,,,29.0,,6.0,,9.0,6.0,,2.0,,25017.0,98.0,136.0
250173321003,25,62,51,0,16,38,0,4,57,5,258,421,,,,123.0,46.0,1.0,23.0,1.0,,5.0,3.0,3.0,,7.0,,28.0,,9.0,13.0,,25017.0,262.0,-4.0
250173321004,93,52,5,1,10,183,1,49,87,39,520,477,,,,31.0,,6.0,112.0,1.0,,16.0,,1.0,,44.0,,56.0,13.0,55.0,114.0,,25017.0,449.0,71.0
250173322001,14,177,40,2,9,32,11,60,47,8,400,1440,,,,12.0,,1.0,1.0,12.0,,5.0,4.0,7.0,,,,22.0,,,2.0,,25017.0,66.0,334.0
250173322002,66,153,74,248,29,589,8,25,122,146,1460,1057,,,,26.0,,46.0,161.0,,80.0,30.0,7.0,16.0,,4.0,,115.0,123.0,70.0,34.0,243.0,25017.0,955.0,505.0
250173322003,84,119,142,1,120,134,230,30,148,94,1102,447,,,3.0,2.0,10.0,124.0,466.0,,395.0,51.0,,833.0,106.0,29.0,,24.0,,126.0,75.0,6.0,25017.0,2250.0,-1148.0
250173322004,106,176,63,1,208,385,83,108,178,20,1328,837,,,,112.0,130.0,62.0,57.0,1.0,154.0,35.0,7.0,781.0,,10.0,201.0,277.0,29.0,129.0,86.0,,25017.0,2071.0,-743.0
250173323001,16,10,0,0,3,15,0,2,14,4,64,461,,,,17.0,,,,,,1.0,,4.0,,31.0,,22.0,8.0,3.0,,,25017.0,86.0,-22.0
250173323002,283,53,11,0,3,12,0,10,71,2,445,345,,,,2.0,,,5.0,,,10.0,,61.0,2.0,98.0,,45.0,,13.0,11.0,,25017.0,247.0,198.0
250173323003,14,28,11,1,6,67,89,0,28,88,332,390,,,,15.0,41.0,120.0,92.0,,44.0,38.0,6.0,6.0,,50.0,2.0,31.0,12.0,36.0,9.0,,25017.0,502.0,-170.0
250173323004,61,326,20,0,1,194,158,6,182,69,1017,874,,,,204.0,78.0,92.0,10.0,20.0,3.0,,17.0,273.0,17.0,213.0,79.0,167.0,3.0,52.0,5.0,,25017.0,1233.0,-216.0
250173323005,13,40,10,1,83,558,7,18,319,74,1123,677,,,,26.0,1879.0,117.0,26.0,,331.0,3.0,19.0,3104.0,,98.0,47.0,128.0,,121.0,6.0,,25017.0,5905.0,-4782.0
250173324001,60,480,297,1,123,224,170,34,970,114,2473,818,1.0,,15.0,78.0,7.0,167.0,125.0,6.0,346.0,479.0,254.0,989.0,82.0,1455.0,866.0,435.0,,295.0,165.0,,25017.0,5765.0,-3292.0
250173324002,1135,1252,1154,95,3258,3236,1073,181,6292,545,18221,1522,,,101.0,373.0,874.0,1830.0,4907.0,357.0,4664.0,1031.0,119.0,3864.0,280.0,1438.0,237.0,6059.0,202.0,2330.0,426.0,,25017.0,29092.0,-10871.0
250173331001,11,619,48,1,19,183,3,22,154,24,1084,1215,46.0,,,3.0,,,184.0,1.0,,33.0,32.0,28.0,,26.0,7.0,507.0,10.0,115.0,51.0,,25017.0,1043.0,41.0
250173331002,11,93,6,0,6,149,1,6,28,14,314,525,,,,12.0,,2.0,342.0,,17.0,,,,,4.0,,16.0,,23.0,,,25017.0,416.0,-102.0
250173331003,27,34,27,0,14,45,0,10,38,24,219,656,,,,51.0,,1.0,1.0,,,48.0,1.0,33.0,9.0,6.0,,10.0,12.0,60.0,24.0,,25017.0,256.0,-37.0
250173331004,3,6,7,0,3,1,0,4,7,1,32,387,,,,4.0,,,,,,,,1.0,,,,,,,15.0,,25017.0,20.0,12.0
250173331005,16,42,8,0,0,116,1,3,72,12,270,836,,,,4.0,,1.0,39.0,,,,,39.0,7.0,7.0,,,,19.0,28.0,,25017.0,144.0,126.0
250173332001,60,83,13,121,30,19,4,4,44,14,392,575,3.0,,,74.0,,4.0,24.0,,,2.0,,10.0,,25.0,1.0,15.0,,,20.0,228.0,25017.0,406.0,-14.0
250173332002,12,34,10,0,28,68,0,24,47,2,225,464,,,,76.0,,,79.0,,35.0,39.0,,,,5.0,,15.0,1.0,,43.0,,25017.0,293.0,-68.0
250173332003,9,386,20,39,14,26,3,23,74,5,599,585,,,,1.0,23.0,,8.0,,1.0,3.0,,5.0,,,,147.0,10.0,8.0,3.0,264.0,25017.0,473.0,126.0
250173332004,20,281,24,8,20,19,3,5,53,8,441,680,,,,2.0,3.0,1.0,1.0,,4.0,,13.0,1.0,,93.0,408.0,6.0,7.0,,166.0,,25017.0,705.0,-264.0
250173333001,25,117,51,1,10,143,25,32,72,35,511,567,,,,78.0,6.0,13.0,75.0,,,31.0,13.0,24.0,,33.0,63.0,7.0,21.0,102.0,34.0,,25017.0,500.0,11.0
250173333002,46,40,36,0,11,125,166,15,170,141,750,700,,,,254.0,275.0,149.0,143.0,,1.0,14.0,,40.0,,54.0,3.0,51.0,,55.0,34.0,,25017.0,1073.0,-323.0
250173333003,8,33,6,43,7,12,0,16,63,13,201,667,,,,11.0,,,8.0,,,4.0,,4.0,,12.0,,3.0,,,2.0,,25017.0,44.0,157.0
250173334001,40,392,106,1,163,336,140,37,973,240,2428,949,,,,31.0,26.0,418.0,41.0,,247.0,379.0,11.0,529.0,64.0,1506.0,64.0,336.0,4.0,537.0,78.0,,25017.0,4271.0,-1843.0
250173334002,104,55,30,0,23,40,52,37,96,73,510,641,,,,149.0,19.0,7.0,8.0,12.0,,14.0,,1.0,,13.0,,14.0,,,36.0,,25017.0,273.0,237.0
250173334003,24,47,17,0,14,54,52,12,61,108,389,351,,,,39.0,173.0,187.0,9.0,71.0,,,4.0,,,90.0,22.0,,6.0,,4.0,,25017.0,605.0,-216.0
250173334004,11,96,0,0,2,7,0,15,19,4,154,557,,,,3.0,,,,,,,,1.0,,,,26.0,2.0,6.0,,,25017.0,38.0,116.0
250173334005,136,132,23,5,33,114,94,89,192,174,992,429,,,,603.0,177.0,126.0,102.0,98.0,,18.0,18.0,49.0,,201.0,16.0,15.0,41.0,2.0,70.0,,25017.0,1536.0,-544.0
250173335011,11,39,1,0,2,12,1,2,203,1,272,308,,,,7.0,,,13.0,,,,1.0,,1.0,6.0,,17.0,,,,,25017.0,45.0,227.0
250173335012,53,91,35,30,99,66,1,5,75,9,464,1018,,,,78.0,,2.0,17.0,,77.0,,7.0,19.0,,6.0,,101.0,,154.0,28.0,129.0,25017.0,618.0,-154.0
250173335013,328,1138,759,3,638,596,282,89,1914,795,6542,803,15.0,,,1038.0,286.0,1250.0,722.0,620.0,424.0,156.0,608.0,1405.0,100.0,1496.0,89.0,1649.0,161.0,184.0,190.0,62.0,25017.0,10455.0,-3913.0
250173335021,43,275,35,14,12,59,15,42,72,6,573,723,,,,26.0,28.0,,35.0,,14.0,42.0,,6.0,,104.0,8.0,3.0,,36.0,35.0,22.0,25017.0,359.0,214.0
250173335022,25,203,38,1,13,36,10,28,88,19,461,739,,,,35.0,,6.0,27.0,5.0,,20.0,12.0,4.0,,5.0,,234.0,,25.0,11.0,,25017.0,384.0,77.0
250173336001,19,235,49,43,51,263,0,6,406,345,1417,1102,,,,27.0,471.0,124.0,266.0,32.0,14.0,153.0,6.0,643.0,39.0,679.0,12.0,391.0,13.0,200.0,18.0,136.0,25017.0,3224.0,-1807.0
250173336002,62,283,188,0,137,118,136,19,829,333,2105,393,,,,123.0,245.0,227.0,,118.0,61.0,92.0,36.0,322.0,20.0,433.0,,390.0,2.0,31.0,75.0,,25017.0,2175.0,-70.0
250173336003,417,544,1023,17,299,1686,1330,149,2530,1891,9886,1467,,,41.0,1025.0,1969.0,1217.0,1691.0,984.0,22.0,477.0,506.0,3159.0,349.0,1102.0,22.0,342.0,115.0,753.0,116.0,331.0,25017.0,14221.0,-4335.0
250173336004,17,56,2,0,8,15,1,15,55,12,181,529,,,,12.0,,,,25.0,1.0,,,10.0,,,,15.0,,,9.0,,25017.0,72.0,109.0
250173336005,142,31,9,0,10,74,126,17,195,176,780,570,,,,261.0,42.0,314.0,32.0,80.0,,,,4.0,,219.0,,6.0,,64.0,18.0,,25017.0,1040.0,-260.0
250173336006,10,67,6,0,11,32,7,41,47,7,228,624,,,,6.0,7.0,7.0,,5.0,,,12.0,,,,,68.0,9.0,19.0,4.0,,25017.0,137.0,91.0
250173341001,20,93,74,3,21,96,0,81,120,19,527,705,,,,37.0,4.0,3.0,89.0,13.0,3.0,13.0,13.0,52.0,,35.0,,32.0,12.0,148.0,87.0,,25017.0,541.0,-14.0
250173341002,12,110,20,1,19,60,13,3,78,9,325,893,,,,16.0,,,,,,,,36.0,,,,,,,6.0,,25017.0,58.0,267.0
250173341003,13,141,19,0,10,14,0,11,74,13,295,1381,,,,7.0,,7.0,5.0,,1.0,6.0,2.0,15.0,3.0,,,2.0,,15.0,2.0,,25017.0,65.0,230.0
250173342001,6,45,3,0,6,7,0,1,24,5,97,347,,,,10.0,,,,,,,,,,,,13.0,,,1.0,,25017.0,24.0,73.0
250173342002,38,193,61,60,12,188,7,36,121,86,802,405,,,,58.0,,2.0,13.0,,41.0,46.0,5.0,32.0,,3.0,32.0,185.0,70.0,46.0,16.0,74.0,25017.0,623.0,179.0
250173342003,27,137,57,3,27,63,16,38,165,6,539,596,,,,13.0,3.0,,31.0,,25.0,23.0,4.0,21.0,,13.0,23.0,79.0,1.0,89.0,43.0,8.0,25017.0,376.0,163.0
250173342004,15,125,0,0,7,13,0,13,34,4,211,409,,,,5.0,,1.0,7.0,,,,2.0,3.0,,3.0,,8.0,,,7.0,,25017.0,36.0,175.0
250173343001,11,42,15,0,2,20,1,4,26,13,134,622,,,,18.0,,,13.0,,,2.0,2.0,7.0,,3.0,5.0,20.0,2.0,14.0,25.0,,25017.0,111.0,23.0
250173343002,9,25,0,0,6,11,0,17,21,3,92,377,,,,,,,45.0,,,,2.0,13.0,,,,19.0,,33.0,4.0,,25017.0,116.0,-24.0
250173343003,10,235,9,1,4,74,4,2,45,8,392,640,1.0,,,21.0,,3.0,66.0,7.0,,,,3.0,,49.0,,146.0,,,1.0,,25017.0,297.0,95.0
250173343004,27,393,7,0,11,48,0,7,37,1,531,979,,,,63.0,1.0,2.0,4.0,,1.0,,1.0,,,,777.0,16.0,13.0,,211.0,,25017.0,1089.0,-558.0
250173344001,10,97,6,0,2,9,1,8,8,4,145,437,,,,26.0,4.0,,,,,,4.0,,,5.0,,,,,6.0,,25017.0,45.0,100.0
250173344002,20,130,22,61,18,36,8,9,110,11,425,743,,,,22.0,1.0,7.0,,,,,,5.0,,27.0,4.0,200.0,15.0,35.0,1.0,61.0,25017.0,378.0,47.0
250173344003,19,78,17,33,23,348,12,7,62,15,614,608,,,,6.0,6.0,,682.0,,18.0,25.0,,1.0,,,,53.0,30.0,189.0,12.0,,25017.0,1022.0,-408.0
250173344004,15,88,144,1,21,328,0,21,158,9,785,273,,,86.0,19.0,,,825.0,,15.0,24.0,7.0,533.0,,14.0,,70.0,37.0,263.0,49.0,65.0,25017.0,2007.0,-1222.0
250173344005,9,226,59,84,19,66,90,5,149,32,739,732,,,,34.0,76.0,4.0,337.0,6.0,,27.0,4.0,42.0,,,7.0,195.0,,51.0,55.0,,25017.0,838.0,-99.0
250173351001,16,171,24,0,21,80,5,27,117,37,498,485,,,,10.0,7.0,6.0,25.0,,,12.0,4.0,18.0,,1.0,9.0,28.0,,25.0,53.0,,25017.0,198.0,300.0
250173351002,6,51,4,0,18,36,11,10,54,7,197,424,,,,2.0,7.0,2.0,,,,,,3.0,,14.0,,7.0,,,,,25017.0,35.0,162.0
250173351003,159,389,68,97,55,167,32,20,311,74,1372,423,,,,172.0,24.0,29.0,113.0,2.0,67.0,72.0,23.0,92.0,,15.0,20.0,119.0,29.0,118.0,57.0,10.0,25017.0,962.0,410.0
250173351004,29,501,604,171,99,190,64,85,259,168,2170,676,,,101.0,11.0,12.0,7.0,134.0,12.0,73.0,172.0,8.0,64.0,128.0,434.0,6.0,272.0,22.0,92.0,85.0,169.0,25017.0,1802.0,368.0
250173351005,15,88,16,1,20,43,7,13,95,13,311,421,,,,2.0,,7.0,,,,,2.0,1.0,,,,1.0,,,,,25017.0,13.0,298.0
250173351006,191,425,249,8,552,282,116,150,500,66,2539,390,,,,29.0,63.0,37.0,266.0,5.0,108.0,342.0,17.0,447.0,9.0,233.0,2.0,611.0,1.0,66.0,168.0,,25017.0,2404.0,135.0
250173352001,11,71,1,3,22,53,0,7,90,14,272,336,,,,,,4.0,2.0,,1.0,,,,,1.0,,6.0,,,7.0,,25017.0,21.0,251.0
250173352002,2,57,1,2,18,35,3,14,59,5,196,338,,,,,8.0,5.0,,,,,,2.0,,,,5.0,,,6.0,,25017.0,26.0,170.0
250173352003,37,69,27,1,26,48,4,26,121,13,372,356,,,,21.0,,,,,,,2.0,36.0,,3.0,,199.0,,,2.0,,25017.0,263.0,109.0
250173352004,59,142,13,20,25,37,39,14,151,57,557,725,,,,76.0,15.0,39.0,12.0,,,,1.0,10.0,,2.0,,9.0,,,10.0,,25017.0,174.0,383.0
250173352005,19,299,25,2,33,102,7,43,144,21,695,720,,,,10.0,,11.0,9.0,,2.0,9.0,1.0,3.0,,,,198.0,,18.0,26.0,,25017.0,287.0,408.0
250173353011,114,884,22,16,32,84,36,9,330,26,1553,878,,,,53.0,35.0,39.0,12.0,7.0,6.0,,16.0,178.0,,370.0,566.0,83.0,,4.0,15.0,103.0,25017.0,1487.0,66.0
250173353012,60,96,4,5,18,49,71,26,166,46,541,575,,,,28.0,60.0,25.0,52.0,,2.0,,4.0,78.0,,195.0,13.0,,,81.0,30.0,,25017.0,568.0,-27.0
250173353013,5,30,0,0,8,26,0,7,35,2,113,409,,,,66.0,,,8.0,,,,,,,,,36.0,1.0,10.0,9.0,,25017.0,130.0,-17.0
250173353021,144,245,12,1,89,183,243,18,1790,151,2876,676,,,,181.0,202.0,467.0,41.0,61.0,31.0,501.0,76.0,2629.0,1.0,878.0,49.0,105.0,,156.0,44.0,,25017.0,5422.0,-2546.0
250173353022,27,183,41,2,41,84,4,12,131,21,546,1194,,,,46.0,,2.0,23.0,,,18.0,1.0,4.0,,18.0,1.0,35.0,,23.0,9.0,86.0,25017.0,266.0,280.0
250173353023,122,106,59,2,27,187,82,50,172,269,1076,456,,,,253.0,83.0,,138.0,267.0,14.0,,,2.0,,61.0,28.0,6.0,7.0,5.0,57.0,,25017.0,921.0,155.0
250173354001,10,413,1,0,11,39,2,3,70,7,556,286,,,,21.0,,,,,,,,,,19.0,57.0,177.0,,,,,25017.0,274.0,282.0
250173354002,13,132,0,2,33,43,5,11,108,12,359,684,,,,3.0,,3.0,2.0,,1.0,1.0,,8.0,1.0,1.0,,3.0,,,8.0,,25017.0,31.0,328.0
250173354003,40,188,8,0,31,98,4,30,213,40,652,632,,,,24.0,6.0,,23.0,,,6.0,,,,192.0,6.0,18.0,,59.0,20.0,,25017.0,354.0,298.0
250173354004,12,51,5,0,12,28,14,14,67,18,221,349,,,,6.0,,1.0,,,,7.0,,3.0,,,,5.0,,5.0,8.0,,25017.0,35.0,186.0
250173361001,20,113,13,4,19,43,0,48,111,11,382,411,,,,15.0,,6.0,5.0,,,6.0,,10.0,,,8.0,33.0,,26.0,47.0,,25017.0,156.0,226.0
250173361002,42,498,14,44,35,205,42,62,104,20,1066,797,,,,26.0,32.0,5.0,173.0,,10.0,19.0,1.0,30.0,,30.0,397.0,90.0,15.0,111.0,105.0,14.0,25017.0,1058.0,8.0
250173361003,18,68,4,0,13,38,12,4,79,5,241,323,,,,9.0,10.0,2.0,4.0,,,,,4.0,,,,7.0,,25.0,2.0,,25017.0,63.0,178.0
250173361004,21,76,13,3,15,34,0,10,67,7,246,308,,,,15.0,,,,,,4.0,,5.0,,,,5.0,,6.0,1.0,,25017.0,36.0,210.0
250173361005,10,112,2,2,17,24,14,9,77,7,274,261,,,,20.0,,,,,,,,,,,,4.0,,33.0,2.0,,25017.0,59.0,215.0
250173361006,7,50,15,0,10,12,2,2,55,24,177,413,,,,4.0,,2.0,,,3.0,,,4.0,,,,30.0,,,1.0,,25017.0,44.0,133.0
250173362001,5,43,3,1,15,23,0,7,58,7,162,313,,,,1.0,,,,,,,,1.0,,,,2.0,,,1.0,,25017.0,5.0,157.0
250173362002,11,60,23,0,17,27,1,6,77,23,245,332,,,,9.0,,,2.0,,,14.0,,5.0,,3.0,,122.0,43.0,,,,25017.0,198.0,47.0
250173362003,7,65,4,0,20,23,2,8,84,4,217,368,,,,1.0,,,,,,,2.0,13.0,2.0,,3.0,,,,2.0,,25017.0,23.0,194.0
250173362004,24,1477,3,2,20,20,2,18,93,10,1669,360,,,,9.0,,11.0,,,,,2.0,2.0,,7.0,36.0,1651.0,,9.0,26.0,,25017.0,1753.0,-84.0
250173362005,2,42,56,2,9,23,3,7,51,5,200,286,,,,,2.0,,54.0,,,15.0,,9.0,,,,28.0,,,,,25017.0,108.0,92.0
250173362006,12,160,9,1,32,35,2,7,88,5,351,256,,,,1.0,,,16.0,,,4.0,,1.0,,9.0,,71.0,,,22.0,,25017.0,124.0,227.0
250173362007,19,110,16,0,12,28,1,8,67,29,290,416,,,,2.0,,2.0,19.0,,,,7.0,,,,,14.0,,,25.0,,25017.0,69.0,221.0
250173363001,21,51,6,3,15,50,0,21,89,10,266,263,,,,2.0,,,3.0,,,,,,,,,,25.0,,21.0,,25017.0,51.0,215.0
250173363002,9,24,4,1,7,20,1,1,49,7,123,254,,,,3.0,,1.0,,,,,,,,,,2.0,,,,,25017.0,6.0,117.0
250173363003,11,106,3,1,17,20,4,5,85,14,266,335,,,,4.0,,,1.0,,,,,1.0,,3.0,,1.0,,1.0,7.0,,25017.0,18.0,248.0
250173363004,14,83,1,1,11,14,1,3,54,4,186,271,,,,2.0,,,,,,,,6.0,,5.0,,,7.0,,10.0,,25017.0,30.0,156.0
250173363005,23,109,2,1,14,20,2,8,78,12,269,538,,,,6.0,,1.0,2.0,,,,,,,10.0,,1.0,,,1.0,,25017.0,21.0,248.0
250173363006,24,82,9,1,13,40,0,58,92,6,325,441,,,,7.0,,,1.0,5.0,,,,2.0,,,,3.0,,,9.0,,25017.0,27.0,298.0
250173363007,28,187,74,4,23,104,14,46,126,35,641,505,,,,15.0,10.0,2.0,41.0,,,27.0,14.0,7.0,,,12.0,65.0,15.0,155.0,216.0,,25017.0,579.0,62.0
250173364011,15,95,14,1,25,38,3,22,86,9,308,607,,,,14.0,,2.0,32.0,,4.0,,4.0,5.0,,,,7.0,,27.0,16.0,,25017.0,111.0,197.0
250173364012,25,346,42,16,95,170,10,46,333,20,1103,1111,,,,,26.0,,20.0,,3.0,11.0,10.0,14.0,76.0,6.0,34.0,9.0,,26.0,15.0,,25017.0,250.0,853.0
250173364013,38,95,22,2,28,65,28,15,167,69,529,1163,,,,16.0,1.0,81.0,22.0,,8.0,,21.0,128.0,,2.0,,13.0,8.0,3.0,3.0,,25017.0,306.0,223.0
250173364021,46,174,69,106,20,231,1,36,195,26,904,631,1.0,,,181.0,,1.0,181.0,,57.0,55.0,7.0,89.0,,17.0,5.0,136.0,66.0,222.0,52.0,351.0,25017.0,1421.0,-517.0
250173364022,28,72,13,2,20,39,0,12,111,6,303,628,,,,4.0,,4.0,2.0,,,,4.0,2.0,,,,11.0,,2.0,1.0,,25017.0,30.0,273.0
250173364023,11,322,18,12,28,21,0,15,81,10,518,587,,,,4.0,,,,,,1.0,,1.0,,18.0,51.0,102.0,,9.0,3.0,,25017.0,189.0,329.0
250173364024,23,105,2,1,25,31,1,11,103,13,315,467,,,,,,,4.0,,,,,5.0,,6.0,,1.0,,,2.0,,25017.0,18.0,297.0
250173371011,17,63,5,1,25,50,1,1,73,8,244,510,,,,4.0,,,,6.0,,,5.0,,,2.0,,,,,15.0,,25017.0,32.0,212.0
250173371012,77,281,18,10,43,31,42,34,133,17,686,808,,,,104.0,12.0,20.0,,,,,1.0,46.0,,15.0,95.0,15.0,,,12.0,10.0,25017.0,330.0,356.0
250173371021,6,324,10,12,18,73,1,4,39,5,492,513,,,,,,,,,,,,2.0,,7.0,,307.0,38.0,44.0,,6.0,25017.0,404.0,88.0
250173371022,25,108,15,1,22,46,3,12,114,15,361,805,,,,12.0,,2.0,,,,2.0,9.0,5.0,,28.0,,61.0,13.0,18.0,5.0,,25017.0,155.0,206.0
250173371023,40,265,5,3,37,79,5,6,135,12,587,1027,,,,28.0,,2.0,8.0,,,,,,,16.0,91.0,7.0,,,6.0,19.0,25017.0,177.0,410.0
250173372011,45,351,53,1,22,76,1,46,100,18,713,958,,,,21.0,,5.0,17.0,6.0,4.0,20.0,56.0,74.0,,1.0,,69.0,31.0,69.0,2.0,,25017.0,375.0,338.0
250173372012,6,65,8,3,12,30,0,8,87,15,234,269,,,,5.0,,,,,,,1.0,10.0,,7.0,,13.0,,,2.0,,25017.0,38.0,196.0
250173372013,12,68,4,1,25,71,11,9,79,21,301,378,,,,30.0,19.0,,42.0,11.0,13.0,3.0,1.0,14.0,,,,22.0,,25.0,31.0,,25017.0,211.0,90.0
250173372021,18,76,22,1,28,102,2,14,101,15,379,571,,,,8.0,,,4.0,,,,11.0,10.0,,,,11.0,,,,,25017.0,44.0,335.0
250173372022,18,194,6,0,18,43,2,9,99,9,398,587,,,,21.0,,,,1.0,,,,8.0,,15.0,,3.0,2.0,,,,25017.0,50.0,348.0
250173372023,68,463,144,1,28,158,43,12,475,32,1424,585,,,,22.0,45.0,61.0,31.0,,,33.0,8.0,136.0,116.0,97.0,55.0,551.0,12.0,52.0,16.0,,25017.0,1235.0,189.0
250173372024,9,82,126,0,31,430,0,58,104,16,856,444,,,,6.0,,,533.0,,12.0,7.0,,130.0,,55.0,,33.0,59.0,170.0,40.0,,25017.0,1045.0,-189.0
250173373001,93,264,76,123,23,120,14,50,138,16,917,430,,,,168.0,,17.0,54.0,11.0,11.0,16.0,1.0,21.0,,7.0,,78.0,,77.0,62.0,330.0,25017.0,853.0,64.0
250173373002,33,216,113,27,41,148,39,24,301,109,1051,311,,,,109.0,,8.0,230.0,2.0,4.0,25.0,1.0,44.0,,18.0,43.0,38.0,33.0,91.0,66.0,202.0,25017.0,914.0,137.0
250173373003,84,150,14,0,34,88,35,48,89,12,554,521,,,,73.0,38.0,,63.0,,3.0,4.0,1.0,2.0,,144.0,,101.0,,84.0,38.0,,25017.0,551.0,3.0
250173373004,71,110,136,2,30,105,8,57,113,47,679,936,,,,97.0,20.0,2.0,38.0,70.0,,8.0,90.0,16.0,,12.0,,2.0,3.0,7.0,14.0,,25017.0,379.0,300.0
250173373005,7,58,12,2,32,53,11,23,73,10,281,275,,,,4.0,,,,2.0,40.0,,,19.0,,57.0,,,,,9.0,,25017.0,131.0,150.0
250173381001,18,139,12,1,33,38,3,32,158,12,446,512,,,,9.0,14.0,,,,,,3.0,9.0,,4.0,,2631.0,8.0,15.0,9.0,,25017.0,2702.0,-2256.0
250173381002,42,262,7,0,18,81,1,9,115,14,549,565,,,,79.0,1.0,,,8.0,4.0,,4.0,,,,17.0,3.0,26.0,18.0,24.0,,25017.0,184.0,365.0
250173382001,339,876,154,95,28,313,209,62,270,80,2426,1217,,,,338.0,118.0,54.0,178.0,,10.0,110.0,10.0,62.0,,145.0,25.0,603.0,28.0,76.0,61.0,,25017.0,1818.0,608.0
250173382002,54,107,90,15,17,76,11,35,126,60,591,407,,,,216.0,,7.0,16.0,,9.0,27.0,29.0,10.0,,4.0,318.0,67.0,80.0,53.0,18.0,,25017.0,854.0,-263.0
250173383001,15,349,7,77,33,67,2,15,145,18,728,269,,,,6.0,,,,,,,,12.0,,7.0,,2.0,,,5.0,,25017.0,32.0,696.0
250173383002,297,176,238,0,27,150,15,75,182,18,1178,523,,,,362.0,24.0,,72.0,,,69.0,8.0,35.0,,7.0,7.0,64.0,8.0,34.0,55.0,,25017.0,745.0,433.0
250173383003,12,136,8,2,20,103,1,4,92,10,388,548,,,,,2.0,,88.0,,,,124.0,7.0,,,,,1.0,,21.0,,25017.0,243.0,145.0
250173384001,28,155,5,10,42,145,1,25,145,15,571,650,,,,12.0,,1.0,170.0,,3.0,,,7.0,,1.0,,,111.0,,9.0,,25017.0,314.0,257.0
250173384002,10,143,4,0,28,61,10,9,112,14,391,485,,,,8.0,,,5.0,,6.0,6.0,1.0,12.0,1.0,,,5.0,5.0,,20.0,,25017.0,69.0,322.0
250173384003,8,130,2,0,13,112,18,47,126,15,471,523,,,,1.0,,1.0,,,1.0,,,12.0,,,,6.0,,,4.0,,25017.0,25.0,446.0
250173384004,9,63,3,3,16,49,0,25,108,17,293,680,10.0,,,4.0,,5.0,,,,,1.0,6.0,,74.0,3.0,,,,15.0,,25017.0,118.0,175.0
250173385001,10,94,12,1,23,41,0,32,133,124,470,494,,,,2.0,,3.0,,,1.0,5.0,,10.0,1.0,8.0,1.0,70.0,,,19.0,,25017.0,120.0,350.0
250173385002,13,115,7,0,26,43,4,5,135,17,365,514,,,,1.0,,,,,1.0,,3.0,5.0,,,1.0,133.0,,,10.0,,25017.0,154.0,211.0
250173385003,21,463,2,4,32,76,4,60,146,19,827,461,,,,9.0,,,,,,,7.0,28.0,,,55.0,42.0,,,9.0,,25017.0,150.0,677.0
250173385004,27,549,288,171,36,160,3,52,286,16,1588,584,,,,2.0,6.0,3.0,84.0,,87.0,39.0,24.0,73.0,,85.0,3.0,122.0,4.0,193.0,29.0,417.0,25017.0,1171.0,417.0
250173391001,13,429,6,21,20,23,0,7,87,8,614,254,,,,,,,,3.0,,,,6.0,,,607.0,5.0,4.0,6.0,3.0,,25017.0,634.0,-20.0
250173391002,16,111,3,1,22,38,1,15,113,12,332,618,,,,3.0,,,2.0,,,,,1.0,,,,4.0,,,13.0,,25017.0,23.0,309.0
250173391003,20,266,62,95,35,138,17,17,210,136,996,744,,,37.0,69.0,2.0,5.0,28.0,2.0,,36.0,,32.0,,,,348.0,83.0,310.0,38.0,208.0,25017.0,1198.0,-202.0
250173391004,26,424,98,46,45,447,11,21,549,27,1694,1038,,,,3.0,,3.0,111.0,3.0,61.0,55.0,10.0,82.0,32.0,12.0,24.0,362.0,1.0,57.0,135.0,42.0,25017.0,993.0,701.0
250173391005,19,420,7,2,17,27,2,9,121,18,642,453,,,,5.0,,,,,2.0,,,3.0,,14.0,,1451.0,,1.0,7.0,,25017.0,1483.0,-841.0
250173392001,34,219,16,7,79,110,8,24,397,35,929,341,,,,,,,,9.0,2.0,,,1.0,,6.0,,3.0,2.0,,,,25017.0,23.0,906.0
250173392002,18,115,3,0,21,32,2,8,125,10,334,311,,,,6.0,,1.0,,,,,,25.0,,,2.0,14.0,,,,,25017.0,48.0,286.0
250173392003,8,91,18,2,15,85,8,10,82,9,328,425,,,,14.0,,,26.0,,,12.0,,,,,,2.0,,27.0,28.0,,25017.0,109.0,219.0
250173392004,17,336,10,1,19,31,1,14,146,31,606,552,,,,30.0,,,,,,9.0,1.0,2.0,,3.0,,181.0,,,1.0,,25017.0,227.0,379.0
250173392005,12,70,5,24,28,29,0,20,109,15,312,352,,,,4.0,,,,,1.0,,2.0,,,,,77.0,,,2.0,,25017.0,86.0,226.0
250173392006,14,44,2,1,10,11,1,6,78,4,171,365,,,,19.0,,,,,,,,,,,,,,,2.0,,25017.0,21.0,150.0
250173393001,84,138,37,1,7,19,20,7,53,46,412,359,,,,126.0,4.0,2.0,5.0,,,17.0,,1.0,,,,7.0,,22.0,12.0,,25017.0,196.0,216.0
250173393002,8,77,0,2,9,11,2,19,60,4,192,376,,,,5.0,,,,,,,,,,,,12.0,,,22.0,,25017.0,39.0,153.0
250173393003,12,129,3,2,14,87,4,3,105,9,368,588,,,,,,,17.0,,1.0,,,8.0,,19.0,3879.0,25.0,,35.0,5.0,,25017.0,3989.0,-3621.0
250173394001,7,58,5,0,14,93,3,2,69,10,261,535,,,,3.0,,,1.0,,1.0,,,,,1.0,,6.0,,,,,25017.0,12.0,249.0
250173394002,8,35,7,0,13,31,0,6,53,11,164,259,,,,5.0,,,11.0,,,2.0,,,,,,,,17.0,,,25017.0,35.0,129.0
250173394003,4,77,5,0,8,11,4,7,39,10,165,369,,,,4.0,,,9.0,,,,,4.0,,,,,,,1.0,,25017.0,18.0,147.0
250173394004,23,234,30,0,24,71,18,18,216,31,665,415,,,,6.0,6.0,18.0,12.0,,1.0,,,173.0,25.0,,,9.0,45.0,,36.0,,25017.0,331.0,334.0
250173395001,44,308,12,0,22,59,9,14,155,24,647,554,,,,5.0,,,3.0,5.0,1.0,,4.0,6.0,,69.0,,7.0,,31.0,26.0,1.0,25017.0,158.0,489.0
250173395002,61,345,20,333,22,151,14,48,126,107,1227,568,,,,57.0,97.0,7.0,144.0,52.0,1.0,6.0,1.0,10.0,,25.0,,120.0,,48.0,36.0,535.0,25017.0,1139.0,88.0
250173395003,13,35,1,0,10,12,0,3,41,2,117,274,,,,1.0,,,,,,,,,,1.0,11.0,4.0,4.0,,,,25017.0,21.0,96.0
250173395004,5,45,8,0,17,22,2,4,39,6,148,307,,,,4.0,,,,,,,,1.0,,,,,,,2.0,,25017.0,7.0,141.0
250173396001,11,183,2,2,11,37,1,3,56,13,319,388,,,,1.0,,2.0,24.0,1.0,,,1.0,2.0,,3.0,,25.0,,,2.0,,25017.0,61.0,258.0
250173396002,3,64,8,1,16,22,1,7,67,8,197,373,,,,1.0,,,3.0,,,,,6.0,,,,,3.0,,1.0,,25017.0,14.0,183.0
250173396003,19,74,4,0,11,25,15,19,112,38,317,413,,,,4.0,,15.0,20.0,,,,,1.0,,,2.0,,,27.0,5.0,,25017.0,74.0,243.0
250173396004,41,43,7,1,5,11,1,4,30,5,148,360,,,,56.0,,,,,,,,,,,,3.0,,,,,25017.0,59.0,89.0
250173396005,66,115,8,0,14,21,5,10,81,5,325,382,,,,23.0,4.0,,,1.0,,,,6.0,,,,6.0,,,,,25017.0,40.0,285.0
250173396006,10,75,23,1,9,27,1,13,40,4,203,443,,,,2.0,1.0,,1.0,,25.0,,,1.0,,14.0,,3.0,,3.0,18.0,,25017.0,68.0,135.0
250173397001,19,249,62,29,37,240,1,22,321,79,1059,504,,,,34.0,,106.0,135.0,30.0,70.0,21.0,4.0,12.0,396.0,2.0,3.0,148.0,,10.0,92.0,6.0,25017.0,1069.0,-10.0
250173397002,89,202,29,3,13,182,74,29,218,48,887,687,,,,169.0,64.0,61.0,68.0,1.0,,,,33.0,34.0,224.0,1.0,12.0,,62.0,34.0,,25017.0,763.0,124.0
250173397003,15,47,10,0,11,78,11,18,47,39,276,353,,,,10.0,,14.0,48.0,,,8.0,26.0,1.0,,,,9.0,,62.0,9.0,,25017.0,187.0,89.0
250173397004,14,66,2,0,7,24,4,17,60,9,203,372,,,,1.0,,,5.0,,,11.0,,4.0,,,2.0,2.0,,,1.0,,25017.0,26.0,177.0
250173398011,31,851,343,30,194,544,42,78,213,55,2381,1635,,,,654.0,,,76.0,122.0,75.0,546.0,12.0,478.0,306.0,8.0,,207.0,65.0,327.0,45.0,,25017.0,2921.0,-540.0
250173398012,7,45,32,0,7,24,0,11,38,2,166,311,,,,4.0,,,,,,5.0,,,,8.0,,7.0,,,1.0,,25017.0,25.0,141.0
250173398013,7,42,8,0,11,50,5,37,52,4,216,426,,,,9.0,,,47.0,,28.0,,,12.0,,5.0,,20.0,31.0,65.0,49.0,,25017.0,266.0,-50.0
250173398014,5,89,2,1,17,79,2,5,41,4,245,422,,,,11.0,250.0,,109.0,,,,,,,,,,,31.0,6.0,,25017.0,407.0,-162.0
250173398021,110,230,95,4,102,757,237,1157,220,507,3419,707,,,,75.0,175.0,792.0,611.0,41.0,24.0,519.0,52.0,316.0,44.0,538.0,,35.0,52.0,245.0,60.0,42.0,25017.0,3621.0,-202.0
250173398022,45,378,60,1,17,58,1,27,74,21,682,1249,,,,4.0,,,241.0,23.0,,12.0,3.0,11.0,,3.0,,33.0,,,11.0,49.0,25017.0,390.0,292.0
250173398023,13,52,3,1,18,24,4,7,54,145,321,320,,,,9.0,,,,,,,,,,7.0,,1.0,,,3.0,,25017.0,20.0,301.0
250173399001,49,77,14,4,24,83,9,21,107,32,420,800,,,,28.0,5.0,,4.0,,,,19.0,5.0,,15.0,15.0,2.0,,,2.0,8.0,25017.0,103.0,317.0
250173399002,2,54,8,1,9,14,2,6,33,5,134,373,,,,,1.0,,,,,,,1.0,,,,24.0,,1.0,,,25017.0,27.0,107.0
250173399003,10,72,5,3,17,110,5,33,94,16,365,421,,,,,,4.0,60.0,,,20.0,,,,,,1.0,2.0,,18.0,,25017.0,105.0,260.0
250173399004,8,42,6,1,10,28,2,16,50,5,168,349,,,,,,,16.0,,,22.0,,1.0,,2.0,,1.0,,,11.0,,25017.0,53.0,115.0
250173399005,14,101,12,1,18,42,5,20,61,9,283,341,,,,8.0,2.0,19.0,11.0,,,,,1.0,,,,21.0,,14.0,4.0,,25017.0,80.0,203.0
250173400001,22,57,29,3,21,84,2,15,78,3,314,449,,,,13.0,,,30.0,,,3.0,,3.0,,4.0,,13.0,,49.0,7.0,,25017.0,122.0,192.0
250173400002,10,59,8,0,14,21,2,6,65,6,191,400,,,,,,4.0,,,,,,1.0,,3.0,,4.0,,,,,25017.0,12.0,179.0
250173400003,11,147,25,1,13,33,47,31,92,5,405,431,,,,97.0,3.0,2.0,2.0,,,,9.0,,,17.0,,14.0,,,15.0,,25017.0,159.0,246.0
250173401001,10,55,4,0,15,24,2,11,97,4,222,319,,,,27.0,16.0,,5.0,,,,,3.0,,,,2.0,,,4.0,,25017.0,57.0,165.0
250173401002,7,79,7,0,18,32,0,15,89,8,255,407,,,,20.0,,,4.0,,,,,,,,,,,,,,25017.0,24.0,231.0
250173401003,27,382,5,1,30,31,2,5,129,13,625,515,,,,11.0,,,,,3.0,,1.0,,,46.0,,191.0,,,,,25017.0,252.0,373.0
250173401004,10,68,21,1,19,46,6,28,100,9,308,622,,,,2.0,,,4.0,,,,,1.0,,,26.0,3.0,,,5.0,,25017.0,41.0,267.0
250173401005,8,37,2,1,11,25,7,4,64,14,173,409,,,,3.0,,,,2.0,,,,2.0,,,,,,,,,25017.0,7.0,166.0
250173401006,17,59,0,0,19,33,1,12,75,6,222,328,,,,4.0,,,,,,,,,,1.0,,16.0,,,1.0,,25017.0,22.0,200.0
250173411011,4,22,3,0,6,3,0,5,17,8,68,615,,,,4.0,,,,,,,1.0,5.0,,,,1.0,,,2.0,,25017.0,13.0,55.0
250173411012,12,70,13,0,7,12,5,10,36,27,192,283,,,,106.0,2.0,,1.0,,,,,,,,,1.0,,1.0,45.0,,25017.0,156.0,36.0
250173411013,0,44,5,0,33,5,1,4,31,17,140,557,,,,3.0,,73.0,7.0,,,,,4.0,,,1.0,18.0,,,8.0,,25017.0,114.0,26.0
250173411021,142,247,38,1,27,52,0,28,156,23,714,719,,,,12.0,,,5.0,,73.0,,7.0,24.0,29.0,7.0,38.0,97.0,,50.0,10.0,,25017.0,352.0,362.0
250173411022,5,18,2,4,0,2,0,1,6,3,41,316,,,,5.0,,,,,,,6.0,,,1.0,,,9.0,,4.0,,25017.0,25.0,16.0
250173411023,1,40,12,31,4,5,0,7,11,11,122,565,,,,14.0,,,,,,,,,,8.0,,1.0,,,,47.0,25017.0,70.0,52.0
250173411024,2,96,3,15,9,9,0,5,36,3,178,405,,,,,,,2.0,,,,,5.0,,,,189.0,,,,,25017.0,196.0,-18.0
250173411025,4,50,8,0,5,5,1,15,29,4,121,328,,,,,,,,,,,,11.0,,1.0,,3.0,,,,,25017.0,15.0,106.0
250173412001,4,216,30,1,7,31,0,42,101,9,441,491,,,,1.0,,,1.0,39.0,,,,2.0,,19.0,,177.0,,42.0,16.0,,25017.0,297.0,144.0
250173412002,22,75,8,22,18,13,1,30,35,9,233,381,,,,26.0,,,12.0,,,,,,,,,2.0,,27.0,19.0,,25017.0,86.0,147.0
250173412003,132,264,28,0,2,35,36,23,45,53,618,444,,,,9.0,29.0,76.0,,,,16.0,3.0,,,206.0,,241.0,,94.0,10.0,,25017.0,684.0,-66.0
250173412004,2,45,16,0,7,10,1,14,30,15,140,365,,,,,,,8.0,7.0,,7.0,,5.0,,,,17.0,,,7.0,,25017.0,51.0,89.0
250173412005,11,126,18,1,2,29,0,20,61,88,356,698,,,,2.0,,,1.0,28.0,,,3.0,4.0,,,9.0,4.0,,20.0,9.0,,25017.0,80.0,276.0
250173412006,5,64,13,14,3,7,0,6,36,24,172,370,,,,2.0,,,9.0,2.0,,,,,,30.0,,34.0,,,5.0,5.0,25017.0,87.0,85.0
250173413001,49,243,35,7,18,56,22,32,80,41,583,980,,,,36.0,71.0,3.0,40.0,,,13.0,1.0,2.0,,,,16.0,,,6.0,,25017.0,188.0,395.0
250173413002,75,1213,169,371,302,531,423,178,736,306,4304,1292,,,122.0,31.0,964.0,220.0,566.0,227.0,161.0,111.0,43.0,108.0,32.0,121.0,867.0,309.0,87.0,302.0,102.0,503.0,25017.0,4876.0,-572.0
250173413003,15,784,63,26,22,100,1,70,170,126,1377,1731,,,,,,2.0,26.0,6.0,14.0,,77.0,18.0,,4.0,77.0,935.0,,152.0,248.0,720.0,25017.0,2279.0,-902.0
250173414001,13,58,20,0,2,22,0,11,28,4,158,415,,,,14.0,,,18.0,,,,,,,16.0,,7.0,,38.0,,,25017.0,93.0,65.0
250173414002,1,23,2,0,2,1,1,3,15,0,48,332,,,,1.0,,,,8.0,,,,,,,,4.0,,,,,25017.0,13.0,35.0
250173414003,10,43,17,0,14,3,0,12,49,5,153,680,,,,2.0,,1.0,,,,2.0,2.0,,,1.0,,12.0,,1.0,14.0,,25017.0,35.0,118.0
250173414004,9,407,19,0,6,10,1,19,60,8,539,595,,,,12.0,1.0,,3.0,,,,16.0,,,17.0,,71.0,,,,,25017.0,120.0,419.0
250173414005,23,51,25,32,2,247,34,5,43,157,619,377,,,117.0,97.0,54.0,,,55.0,308.0,,29.0,2.0,,2.0,,340.0,54.0,,,,25017.0,1058.0,-439.0
250173415001,12,116,36,0,8,31,0,55,80,356,694,391,,,,41.0,,,43.0,10.0,,4.0,16.0,16.0,,1.0,,19.0,4.0,14.0,60.0,,25017.0,228.0,466.0
250173415002,2,27,0,0,1,7,0,7,9,1,54,292,,,,10.0,,,11.0,,,,,2.0,,,,1.0,,48.0,3.0,,25017.0,75.0,-21.0
250173415003,3,71,9,1,6,11,1,21,31,7,161,391,,,,4.0,,9.0,,,,9.0,,,,2.0,,44.0,,,2.0,,25017.0,70.0,91.0
250173415004,3,138,13,0,4,12,0,3,27,26,226,281,,,,6.0,,18.0,,,,,,,,3.0,,2.0,,4.0,8.0,,25017.0,41.0,185.0
250173415005,2,48,33,0,4,19,3,21,33,7,170,412,,4.0,,,,,6.0,1.0,,,,,,,,11.0,,6.0,5.0,,25017.0,33.0,137.0
250173416001,6,98,1,3,2,4,0,2,20,6,142,429,,,,7.0,,,,,,,,2.0,,1.0,,12.0,,,,,25017.0,22.0,120.0
250173416002,2,28,11,0,3,3,0,5,21,15,88,389,,,,,,,,,,,,,,,,2.0,,,1.0,,25017.0,3.0,85.0
250173416003,0,4,6,0,0,1,1,1,1384,0,1397,498,,,,1.0,,,,,,,,,,,,1.0,,,,,25017.0,2.0,1395.0
250173416004,2,77,8,0,3,13,0,18,24,6,151,473,,,,,,,5.0,,,,,4.0,,2.0,,8.0,,,2.0,,25017.0,21.0,130.0
250173416005,9,155,5,80,12,5,0,22,54,10,352,377,,,,,,,,,6.0,,,,,3.0,,66.0,,4.0,,213.0,25017.0,292.0,60.0
250173416006,8,64,6,2,13,9,1,17,36,6,162,707,,,,5.0,,10.0,1.0,,,,,,,,,1.0,,,6.0,,25017.0,23.0,139.0
250173417001,3,7,0,0,1,5,2,3,3,3,27,360,,,,4.0,4.0,,,,,,,,,,,3.0,,,,,25017.0,11.0,16.0
250173417002,9,200,28,0,7,36,0,36,37,103,456,531,,,,8.0,,5.0,8.0,,,,2.0,2.0,,2.0,214.0,21.0,,6.0,23.0,,25017.0,291.0,165.0
250173417003,4,17,8,1,4,5,0,10,18,5,72,482,,,,,,,,,,,,,,,,6.0,,,,,25017.0,6.0,66.0
250173417004,16,52,64,0,2,31,0,4,15,3,187,563,,,,10.0,,,12.0,1.0,,7.0,,,,3.0,,14.0,,18.0,7.0,70.0,25017.0,142.0,45.0
250173417005,2,0,5,0,0,0,0,0,0,0,7,266,,,,,,,,,,,,,,,,,,,3.0,,25017.0,3.0,4.0
250173418001,37,57,26,0,4,6,1,28,44,24,227,382,,,,2.0,9.0,12.0,,7.0,,,,,,,3.0,4.0,,,7.0,,25017.0,44.0,183.0
250173418002,42,182,72,2,19,169,173,64,213,22,958,626,,,,17.0,190.0,112.0,86.0,,,61.0,21.0,12.0,,172.0,,13.0,12.0,138.0,41.0,,25017.0,875.0,83.0
250173418003,3,29,1,0,3,7,0,3,18,2,66,291,,,,2.0,,,6.0,,,,,7.0,,,,7.0,,14.0,4.0,,25017.0,40.0,26.0
250173418004,28,152,31,0,18,93,21,29,121,30,523,326,,,,97.0,14.0,33.0,46.0,1.0,,,18.0,13.0,,24.0,2.0,121.0,7.0,11.0,13.0,186.0,25017.0,586.0,-63.0
250173418005,5,71,8,1,10,16,0,10,53,12,186,532,,,,3.0,,,8.0,,,,2.0,,,,,5.0,,9.0,,,25017.0,27.0,159.0
250173418006,0,40,5,0,2,7,3,1,16,4,78,471,,,,3.0,6.0,,,,,,,,,,,79.0,,,,,25017.0,88.0,-10.0
250173419011,42,58,7,0,6,64,20,54,42,17,310,322,,,,63.0,14.0,23.0,63.0,,,,12.0,,,2.0,,2.0,,41.0,19.0,,25017.0,239.0,71.0
250173419012,2,14,4,0,4,11,0,0,21,8,64,279,,,,,,3.0,48.0,,,,,,,,,9.0,,1.0,,,25017.0,61.0,3.0
250173419021,6,17,9,1,8,6,0,2,16,4,69,673,,,,2.0,,,2.0,,,1.0,,21.0,,,,5.0,,5.0,3.0,,25017.0,39.0,30.0
250173419022,3,54,7,0,8,12,0,8,37,12,141,326,,,,4.0,,,,,24.0,,,2.0,,1.0,,2.0,,5.0,3.0,,25017.0,41.0,100.0
250173419023,1,247,8,0,6,20,3,9,42,8,344,496,,,,,,,,,,,,,,,2.0,113.0,,13.0,6.0,,25017.0,134.0,210.0
250173419024,1,50,8,0,7,18,0,25,28,4,141,291,,,,7.0,,10.0,,,,3.0,,,,3.0,,8.0,,3.0,21.0,,25017.0,55.0,86.0
250173419025,15,77,35,0,16,118,18,34,61,65,439,849,,,,25.0,,38.0,43.0,5.0,1.0,8.0,42.0,1.0,,3.0,,40.0,25.0,105.0,8.0,,25017.0,344.0,95.0
250173419026,9,19,7,0,13,27,0,2,14,17,108,1029,,,,5.0,2.0,,12.0,1.0,30.0,,,2.0,,,,4.0,,9.0,,,25017.0,65.0,43.0
250173421011,6,166,4,0,7,19,9,11,37,4,263,570,,,,7.0,32.0,,1.0,1.0,,,8.0,,2.0,9.0,,8.0,,,3.0,256.0,25017.0,327.0,-64.0
250173421012,9,111,2,0,3,3,0,4,27,1,160,394,,,,15.0,,,,,,,,,,,,698.0,,6.0,2.0,,25017.0,721.0,-561.0
250173421013,2,250,4,1,5,24,0,22,229,4,541,336,,,,,,,9.0,,,,,1.0,,45.0,,136.0,,,2.0,,25017.0,193.0,348.0
250173421014,2,38,1,0,1,3,0,8,15,3,71,364,,,,2.0,,,,,,,,,,,,3.0,,,1.0,,25017.0,6.0,65.0
250173421021,3,69,9,0,7,13,3,42,101,7,254,1167,,,,7.0,,,10.0,4.0,,,,,,10.0,,7.0,,,24.0,,25017.0,62.0,192.0
250173421022,7,298,3,0,2,10,0,6,12,1,339,372,,,,10.0,,,,,,,,,,30.0,,12.0,,47.0,,,25017.0,99.0,240.0
250173421023,3,38,11,0,5,11,0,8,27,6,109,568,,,,6.0,,,1.0,,,,2.0,,,1.0,,7.0,,14.0,2.0,,25017.0,33.0,76.0
250173421024,8,84,40,2,13,68,0,12,38,4,269,472,,,,3.0,,,91.0,,,16.0,8.0,,,,,6.0,,109.0,5.0,,25017.0,238.0,31.0
250173422011,19,65,8,0,14,18,9,20,64,17,234,1048,,,,11.0,,,,,,,,,,5.0,,8.0,,2.0,2.0,,25017.0,28.0,206.0
250173422012,14,178,106,2,20,76,7,35,86,10,534,1054,,,,2.0,,,57.0,3.0,,17.0,,,,7.0,,20.0,,15.0,6.0,,25017.0,127.0,407.0
250173422021,7,124,44,5,11,51,2,27,68,19,358,1033,,,,3.0,,2.0,15.0,1.0,,4.0,,1.0,,,5.0,33.0,30.0,6.0,2.0,21.0,25017.0,123.0,235.0
250173422022,2,58,1,0,4,14,1,12,314,8,414,517,,,,8.0,,,2.0,1.0,,3.0,,,,164.0,17.0,9.0,,13.0,,,25017.0,217.0,197.0
250173423001,3,49,1,0,4,3,0,3,13,3,79,491,,,,,,,3.0,5.0,,,,,,,,4.0,,,,,25017.0,12.0,67.0
250173423002,6,61,8,0,8,8,1,7,25,13,137,582,,,,9.0,,,4.0,,,,,,,,,5.0,,,15.0,,25017.0,33.0,104.0
250173423003,11,149,23,0,15,45,9,37,91,39,419,830,,,,16.0,2.0,7.0,8.0,2.0,,2.0,,,14.0,8.0,3.0,48.0,,21.0,12.0,,25017.0,143.0,276.0
250173423004,21,298,15,1,11,47,117,24,64,28,626,1001,,,,8.0,,,8.0,,,,,1.0,,7.0,,50.0,,16.0,28.0,,25017.0,118.0,508.0
250173424001,15,152,34,152,46,93,4,47,115,19,677,907,,,,8.0,30.0,1.0,17.0,16.0,,18.0,4.0,6.0,,37.0,,16.0,,38.0,43.0,182.0,25017.0,416.0,261.0
250173424002,32,94,11,1,9,18,18,17,45,12,257,498,,,,23.0,23.0,7.0,4.0,5.0,,,,,,,,6.0,,20.0,4.0,,25017.0,92.0,165.0
250173424003,90,97,18,28,488,135,154,41,92,658,1801,478,,,,167.0,494.0,3.0,108.0,211.0,,1325.0,1.0,42.0,,5.0,,1.0,102.0,2.0,2.0,,25017.0,2463.0,-662.0
250173424004,837,951,177,44,238,1529,210,236,1190,1112,6524,3034,,,74.0,328.0,184.0,1099.0,1523.0,173.0,,12.0,53.0,97.0,68.0,153.0,918.0,9.0,,488.0,177.0,17.0,25017.0,5373.0,1151.0
250173424005,124,478,258,68,20,176,4,28,271,65,1492,370,,,6.0,20.0,1.0,,25.0,,39.0,11.0,1.0,,,20.0,63.0,19.0,,57.0,7.0,222.0,25017.0,491.0,1001.0
250173425001,15,241,46,158,24,43,0,33,70,19,649,1008,,,,7.0,,,2.0,,7.0,36.0,3.0,9.0,,16.0,,29.0,,22.0,,,25017.0,131.0,518.0
250173425002,19,187,51,0,20,51,6,25,96,10,465,876,,,,15.0,,,13.0,1.0,,14.0,5.0,23.0,,1.0,77.0,60.0,,20.0,7.0,,25017.0,236.0,229.0
250173425003,33,370,98,12,21,152,35,40,175,60,996,1320,,,,120.0,68.0,10.0,132.0,11.0,,119.0,4.0,37.0,,8.0,1.0,155.0,1.0,231.0,20.0,,25017.0,917.0,79.0
250173426001,4,41,2,0,2,3,0,9,19,1,81,385,,,,,,,6.0,,,,,,,,,3.0,,,,,25017.0,9.0,72.0
250173426002,19,48,69,0,8,63,1,9,56,7,280,353,,,,18.0,,,28.0,,,26.0,,32.0,,,,2.0,,66.0,9.0,,25017.0,181.0,99.0
250173426003,21,89,9,0,3,16,0,35,31,4,208,919,,,,9.0,,,22.0,,,,,,,11.0,,9.0,,,12.0,,25017.0,63.0,145.0
250173501031,1543,3194,919,146,656,3353,147,791,9475,568,20792,2600,,,,20.0,60.0,86.0,1350.0,,191.0,3.0,26.0,155.0,5.0,,38.0,936.0,133.0,809.0,40.0,130.0,25017.0,3982.0,16810.0
250173501032,7,142,18,0,13,9,0,17,73,6,285,539,,,,,,1.0,,,,746.0,,,452.0,1.0,,1.0,9.0,,2.0,,25017.0,1212.0,-927.0
250173501041,12,254,50,3,18,26,0,30,85,16,494,1228,,,,15.0,,,55.0,,5.0,7.0,5.0,10.0,,41.0,,89.0,,11.0,9.0,,25017.0,247.0,247.0
250173501042,1,268,45,69,18,44,0,48,95,16,604,1036,,,,2.0,,,,,,,,,,5.0,,57.0,,,44.0,81.0,25017.0,189.0,415.0
250173501043,8,224,42,1,16,275,39,38,129,40,812,747,,,,11.0,21.0,39.0,246.0,,,13.0,6.0,23.0,21.0,,18.0,2.0,,32.0,4.0,34.0,25017.0,470.0,342.0
250173501044,13,162,22,2,7,40,2,16,57,22,343,695,,,,5.0,,,128.0,,,,,1.0,,3.0,1.0,3.0,,,9.0,,25017.0,150.0,193.0
250173502001,24,103,12,0,16,8,4,14,77,12,270,600,,,,2.0,,,,,,,,13.0,,4.0,,4.0,,1.0,8.0,,25017.0,32.0,238.0
250173502002,8,88,5,0,8,14,0,8,32,7,170,255,,,,7.0,,,,,,,,,,,3.0,6.0,,,,,25017.0,16.0,154.0
250173502003,2,162,35,2,7,13,6,13,65,5,310,556,,,,4.0,,,4.0,,,,,3.0,,,,15.0,,58.0,4.0,,25017.0,88.0,222.0
250173502004,25,192,45,0,34,20,0,55,80,30,481,776,,,,20.0,25.0,,11.0,,1.0,1.0,,8.0,,2.0,,12.0,,7.0,6.0,,25017.0,93.0,388.0
250173502005,6,81,9,224,4,36,18,22,39,16,455,327,,,,9.0,,,5.0,1.0,1.0,15.0,,3.0,,,,14.0,,31.0,7.0,,25017.0,86.0,369.0
250173502006,12,168,73,1,14,16,2,14,56,11,367,681,,,,,,,5.0,,1.0,51.0,,26.0,,1.0,,42.0,,40.0,,,25017.0,166.0,201.0
250173503001,13,105,17,0,6,38,249,23,62,16,529,431,,,,2.0,176.0,1.0,4.0,,,,4.0,6.0,,,,60.0,,36.0,12.0,,25017.0,301.0,228.0
250173503002,21,69,27,1,4,11,8,15,26,67,249,571,,,,4.0,,12.0,,,8.0,1.0,1.0,6.0,,,,,,,9.0,,25017.0,41.0,208.0
250173503003,9,138,20,2,11,39,2,15,85,15,336,389,,,,,,,45.0,,1.0,2.0,,1.0,1.0,23.0,,38.0,,43.0,15.0,,25017.0,169.0,167.0
250173504001,15,94,82,1,6,23,0,29,73,7,330,386,,,,11.0,,4.0,9.0,,,1.0,,10.0,,1.0,,8.0,,31.0,24.0,,25017.0,99.0,231.0
250173504002,1,109,30,1,4,37,0,10,51,13,256,589,,,,6.0,,,13.0,,,,,4.0,,9.0,,16.0,2.0,59.0,13.0,,25017.0,122.0,134.0
250173504003,10,107,3,0,9,10,0,5,64,9,217,476,,,,,,,,,,,4.0,14.0,,,,2.0,9.0,,6.0,,25017.0,35.0,182.0
250173504004,11,289,22,0,23,119,17,33,90,17,621,765,,,,2.0,9.0,1.0,2.0,,,44.0,2.0,201.0,,,5.0,5.0,,2.0,12.0,,25017.0,285.0,336.0
250173504005,8,115,8,0,7,34,4,10,66,8,260,422,,,,4.0,11.0,,5.0,,,,,3.0,,,2.0,,,13.0,5.0,,25017.0,43.0,217.0
250173505001,2,195,41,0,16,134,2,19,62,8,479,443,,,,1.0,,2.0,69.0,,8.0,,41.0,60.0,,,2.0,181.0,67.0,111.0,5.0,,25017.0,547.0,-68.0
250173505002,2,112,9,29,5,44,0,27,60,23,311,444,,,,3.0,,,11.0,30.0,3.0,,8.0,22.0,,,,13.0,,85.0,13.0,,25017.0,188.0,123.0
250173506001,1,74,4,1,79,17,1,6,25,0,208,2,,,,,,,25.0,,,,,,,,,,,5.0,,,25017.0,30.0,178.0
250173506002,3,120,14,0,9,27,2,10,42,3,230,402,,,,3.0,,,5.0,,,,2.0,7.0,,,,16.0,,8.0,8.0,,25017.0,49.0,181.0
250173506003,4,181,8,1,14,6,0,15,35,7,271,245,,,,,,,,,,,,19.0,,2.0,,3.0,,,,,25017.0,24.0,247.0
250173506004,4,95,4,0,7,5,0,14,26,9,164,493,,,,6.0,,,,,,,,3.0,,,2.0,10.0,,,19.0,,25017.0,40.0,124.0
250173507001,6,165,31,4,6,27,1,9,47,6,302,676,,,,5.0,,4.0,263.0,,,,22.0,,,,,3.0,,30.0,,,25017.0,327.0,-25.0
250173507002,3,41,2,20,3,68,0,5,12,4,158,594,,,,,,,72.0,,,,,1.0,,,,5.0,,,,,25017.0,78.0,80.0
250173507003,8,95,7,0,9,9,0,11,47,8,194,479,,,,55.0,,2.0,2.0,,,,,,,,,4.0,,,,,25017.0,63.0,131.0
250173507004,2,54,72,0,1,2,0,11,46,2,190,720,,,,,,,,,,,,30.0,,,,12.0,,,,,25017.0,42.0,148.0
250173507005,7,53,9,1,7,7,1,11,22,14,132,470,,,,7.0,10.0,4.0,8.0,,1.0,,,3.0,4.0,,,8.0,2.0,,2.0,,25017.0,49.0,83.0
250173507006,10,100,49,1,9,17,1,6,62,14,269,460,,,,16.0,,,2.0,,,,9.0,,,,,6.0,,21.0,8.0,,25017.0,62.0,207.0
250173508001,5,121,36,0,11,42,1,11,33,21,281,519,,,,5.0,,,,,,11.0,4.0,5.0,,,,,,54.0,,,25017.0,79.0,202.0
250173508002,8,156,12,0,44,21,0,8,63,8,320,456,,,,,,,,,,,,137.0,,,1.0,345.0,,9.0,8.0,,25017.0,500.0,-180.0
250173509001,14,142,48,0,16,23,4,10,73,18,348,430,,,,,8.0,,42.0,,6.0,,3.0,65.0,,,,,3.0,53.0,3.0,,25017.0,183.0,165.0
250173509002,3,149,24,0,16,34,1,13,114,10,364,642,,,,,,,,,15.0,13.0,,31.0,,6.0,5.0,3.0,,144.0,45.0,,25017.0,262.0,102.0
250173509003,30,325,275,35,134,402,2,18,370,30,1621,821,,,,93.0,,,98.0,,215.0,61.0,24.0,479.0,,9.0,14.0,110.0,,752.0,61.0,108.0,25017.0,2024.0,-403.0
250173510001,25,135,25,1,58,17,5,17,50,5,338,653,,,,5.0,4.0,,9.0,,2.0,19.0,3.0,3.0,,,3.0,16.0,,,3.0,,25017.0,67.0,271.0
250173510002,1,89,8,0,5,7,0,7,48,3,168,346,,,,,,,,,,,,,,16.0,,3.0,1.0,,20.0,,25017.0,40.0,128.0
250173510003,5,187,22,0,15,74,15,31,100,7,456,413,,,,,11.0,2.0,9.0,,,,1.0,4.0,,,,,1.0,98.0,41.0,,25017.0,167.0,289.0
250173510004,11,147,59,1,7,30,31,17,59,9,371,890,,,,28.0,12.0,4.0,9.0,,2.0,,7.0,4.0,,12.0,2.0,,11.0,37.0,12.0,,25017.0,140.0,231.0
250173510005,10,99,35,0,4,13,1,17,50,5,234,521,,,,,,,,,,4.0,7.0,20.0,3.0,,,4.0,,,2.0,,25017.0,40.0,194.0
250173510006,1,114,30,0,9,10,9,10,29,7,219,520,,,,,,4.0,1.0,,2.0,,,8.0,,,1.0,3.0,,18.0,15.0,,25017.0,52.0,167.0
250173511001,11,224,29,0,16,44,1,17,105,25,472,800,,,,,,,10.0,,6.0,10.0,,4.0,,,,106.0,,53.0,71.0,,25017.0,260.0,212.0
250173511002,411,405,12,0,5,18,52,13,49,31,996,553,,,,33.0,,,6.0,,,,,2.0,,117.0,,1.0,54.0,19.0,12.0,,25017.0,244.0,752.0
250173511003,11,124,15,0,5,37,2,22,45,9,270,719,,,,18.0,,16.0,,,,,3.0,5.0,,7.0,,22.0,,42.0,,,25017.0,113.0,157.0
250173511004,3,144,31,0,4,5,1,6,43,5,242,402,,,,1.0,,2.0,,,2.0,,,3.0,,,,80.0,,,3.0,,25017.0,91.0,151.0
250173511005,5,277,23,0,17,45,0,53,75,11,506,601,,,,2.0,,,34.0,,26.0,,,4.0,,5.0,,2132.0,,11.0,3.0,,25017.0,2217.0,-1711.0
250173512031,2,118,8,0,6,37,0,4,37,14,226,462,,,,,20.0,1.0,,,14.0,,,77.0,,,,13.0,,16.0,2.0,,25017.0,143.0,83.0
250173512032,2,268,18,0,2,9,0,21,39,7,366,549,,,,4.0,,,6.0,15.0,,,,,,,62.0,4.0,,,,,25017.0,91.0,275.0
250173512033,4,172,26,1,11,34,0,23,69,32,372,548,,,,,,,4.0,,1.0,,,7.0,,,,2.0,,39.0,7.0,,25017.0,60.0,312.0
250173512034,6,218,41,0,6,112,0,9,41,4,437,585,,,,,,,127.0,,,,2.0,28.0,,,,,,13.0,4.0,,25017.0,174.0,263.0
250173512041,15,354,92,1,13,162,20,31,76,71,835,672,,,,5.0,70.0,,128.0,3.0,,24.0,54.0,91.0,,,13.0,123.0,199.0,34.0,14.0,,25017.0,758.0,77.0
250173512042,44,227,59,21,58,409,10,32,241,76,1177,842,7.0,,,38.0,29.0,69.0,480.0,4.0,26.0,26.0,26.0,204.0,,2.0,6.0,140.0,,261.0,39.0,,25017.0,1357.0,-180.0
250173512043,5,128,25,1,10,63,9,8,107,5,361,633,,,,7.0,14.0,,18.0,,,,,73.0,,1.0,26.0,46.0,4.0,78.0,2.0,,25017.0,269.0,92.0
250173513001,17,443,64,34,44,34,5,31,62,13,747,917,,,,15.0,,,26.0,,5.0,,12.0,12.0,14.0,,,10.0,,6.0,2.0,,25017.0,102.0,645.0
250173513002,24,210,77,0,17,44,3,54,63,34,526,905,,,,4.0,,,,,1.0,,,6.0,,,3.0,73.0,,22.0,6.0,,25017.0,115.0,411.0
250173513003,47,204,44,1,11,92,3,30,144,151,727,704,,,,16.0,1.0,5.0,14.0,,2.0,,10.0,7.0,,,,,,74.0,4.0,,25017.0,133.0,594.0
250173514031,26,102,19,1,8,80,18,24,90,14,382,409,,,,1.0,11.0,2.0,19.0,,,,,,,,,15.0,,89.0,15.0,,25017.0,152.0,230.0
250173514032,31,215,22,1,3,29,0,23,56,4,384,525,,,,23.0,,,38.0,,1.0,,,3.0,,,50.0,3.0,,14.0,7.0,,25017.0,139.0,245.0
250173514033,2,88,46,0,4,17,1,9,26,2,195,323,,,,,,,9.0,,1.0,,,3.0,,10.0,,4.0,,24.0,,,25017.0,51.0,144.0
250173514034,13,167,29,1,2,16,3,23,58,27,339,559,,,,9.0,,1.0,,,,,,4.0,,12.0,,51.0,,2.0,,,25017.0,79.0,260.0
250173514035,0,67,41,0,2,2,0,4,13,5,134,298,,,,,,,,,,,,,,,,14.0,,,,,25017.0,14.0,120.0
250173514041,44,97,17,0,14,13,10,16,32,24,267,473,,,,27.0,,2.0,10.0,15.0,,,,,,,,6.0,,5.0,5.0,,25017.0,70.0,197.0
250173514042,11,146,55,1,22,6,1,12,70,10,334,549,,,,,,,3.0,,,,1.0,10.0,,,,4.0,,5.0,1.0,,25017.0,24.0,310.0
250173514043,18,83,18,0,10,4,1,18,43,5,200,414,,,,16.0,,,,,,,,1.0,,40.0,,,,,2.0,,25017.0,59.0,141.0
250173514044,4,211,14,0,8,22,9,16,68,8,360,307,,,,,23.0,,2.0,,,,2.0,12.0,,1.0,,583.0,4.0,4.0,5.0,,25017.0,636.0,-276.0
250173515001,50,571,112,32,280,596,192,510,2297,504,5144,1543,,,157.0,60.0,299.0,60.0,607.0,706.0,26.0,,128.0,195.0,57.0,1584.0,,290.0,9.0,112.0,563.0,45.0,25017.0,4898.0,246.0
250173515002,85,822,347,58,108,596,121,313,542,245,3237,2470,,,,36.0,120.0,51.0,280.0,335.0,8.0,4.0,22.0,25.0,,23.0,2.0,14.0,22.0,182.0,521.0,,25017.0,1645.0,1592.0
250173521011,148,916,162,14,126,574,51,206,953,93,3243,2611,,,,,34.0,,19.0,,,,11.0,2.0,,,,3.0,,54.0,,,25017.0,123.0,3120.0
250173521012,134,684,178,37,53,162,7,277,1633,46,3211,1747,,,,,,,12.0,48.0,1.0,,19.0,15.0,,887.0,357.0,8.0,,,2.0,,25017.0,1349.0,1862.0
250173521021,142,1813,489,112,1155,1582,322,204,2313,2064,10196,1170,,,,,21.0,1455.0,1532.0,23.0,661.0,57.0,109.0,3564.0,28.0,557.0,11.0,65.0,23.0,938.0,70.0,127.0,25017.0,9241.0,955.0
250173521022,10,274,240,190,33,90,10,18,136,31,1032,897,,,,15.0,1.0,4.0,28.0,,3.0,118.0,1.0,60.0,26.0,149.0,14.0,82.0,2.0,26.0,12.0,245.0,25017.0,786.0,246.0
250173522001,16,520,219,27,33,97,19,49,211,20,1211,1385,,,,,6.0,5.0,32.0,,12.0,,,32.0,,,1310.0,91.0,18.0,119.0,35.0,,25017.0,1660.0,-449.0
250173523001,182,1170,190,277,177,335,1120,49,846,176,4522,1189,,2.0,,3.0,270.0,149.0,,5.0,86.0,,2.0,573.0,3.0,191.0,78.0,7.0,,25.0,3.0,,25017.0,1397.0,3125.0
250173523002,446,2523,991,106,599,1077,209,410,3641,252,10254,1964,,,50.0,,581.0,131.0,42.0,,353.0,288.0,104.0,4530.0,1285.0,78.0,50.0,35.0,115.0,335.0,17.0,16.0,25017.0,8010.0,2244.0
250173524001,99,522,166,24,132,298,57,41,1404,110,2853,580,,,,,,20.0,,63.0,11.0,2.0,,702.0,,28.0,,28.0,18.0,45.0,18.0,596.0,25017.0,1531.0,1322.0
250173524002,162,1596,1839,48,994,1895,140,317,4082,1821,12894,1407,,4.0,,9.0,1146.0,497.0,101.0,2.0,2512.0,918.0,294.0,12281.0,744.0,81.0,19.0,150.0,63.0,1120.0,118.0,5.0,25017.0,20064.0,-7170.0
250173525001,15,225,28,1,5,42,2,16,54,4,392,750,,,,,,,26.0,,,,,34.0,,3.0,,20.0,,96.0,2.0,,25017.0,181.0,211.0
250173525002,3,304,61,1,11,28,10,23,167,17,625,754,,,,,14.0,,,,3.0,,12.0,7.0,,17.0,8.0,19.0,2.0,35.0,7.0,,25017.0,124.0,501.0
250173526001,24,257,54,2,23,33,19,34,186,35,667,564,,,,7.0,49.0,,,,,,,2.0,,10.0,,3.0,,,8.0,,25017.0,79.0,588.0
250173526002,29,639,70,16,35,28,5,20,218,21,1081,555,,,,17.0,,,,,18.0,,1.0,,,,,2372.0,,,1.0,,25017.0,2409.0,-1328.0
250173527001,23,117,61,0,7,50,2,27,85,6,378,386,,,,17.0,,,2.0,,,35.0,,10.0,3.0,,,9.0,,34.0,9.0,,25017.0,119.0,259.0
250173527002,23,217,110,1,27,79,72,22,52,67,670,616,,,,,12.0,9.0,24.0,16.0,3.0,,,62.0,,11.0,11.0,71.0,,18.0,28.0,,25017.0,265.0,405.0
250173527003,1,81,114,0,4,125,0,15,28,3,371,178,,,,,8.0,,13.0,,,10.0,,5.0,,,3.0,27.0,,220.0,,,25017.0,286.0,85.0
250173528001,13,50,6,1,5,8,0,14,29,2,128,202,,,,18.0,,,,,,,,2.0,,,,23.0,,,1.0,,25017.0,44.0,84.0
250173528002,745,177,54,216,10,50,0,36,95,15,1398,810,,,,179.0,3.0,6.0,25.0,,,,3.0,78.0,,,,48.0,9.0,85.0,10.0,,25017.0,446.0,952.0
250173529001,13,265,115,5,3,131,0,38,152,24,746,500,,,,,,,41.0,,3.0,25.0,2.0,178.0,,16.0,,24.0,2.0,126.0,40.0,,25017.0,457.0,289.0
250173529002,12,387,53,25,11,14,0,36,68,14,620,907,,,,3.0,,,44.0,,5.0,3.0,,4.0,,,2.0,1303.0,,15.0,18.0,,25017.0,1397.0,-777.0
250173530001,5,292,37,32,8,103,0,5,367,13,862,100,,,,,14.0,,28.0,,,6.0,10.0,114.0,,,9.0,101.0,6.0,105.0,5.0,55.0,25017.0,453.0,409.0
250173530002,2,299,141,22,11,237,16,44,256,17,1045,513,,,,,,10.0,148.0,,8.0,16.0,23.0,195.0,,3.0,178.0,162.0,145.0,114.0,68.0,,25017.0,1070.0,-25.0
250173530003,35,279,142,12,24,100,0,11,61,11,675,628,,,,9.0,,,141.0,,26.0,8.0,25.0,17.0,,,7.0,56.0,11.0,89.0,13.0,,25017.0,402.0,273.0
250173530004,20,721,213,1278,84,177,1,68,379,30,2971,1283,,,,,,1.0,240.0,,119.0,90.0,6.0,330.0,,10.0,23.0,180.0,1.0,86.0,72.0,1458.0,25017.0,2616.0,355.0
250173531011,155,11449,420,34,40,320,310,51,653,176,13608,1068,,,,58.0,17.0,115.0,64.0,,27.0,1.0,143.0,2272.0,,189.0,38.0,9.0,26.0,605.0,17.0,,25017.0,3581.0,10027.0
250173531012,288,1071,337,18,104,612,214,75,1103,98,3920,1385,,,1.0,19.0,180.0,122.0,17.0,,,40.0,22.0,723.0,7.0,5.0,2.0,93.0,,745.0,55.0,,25017.0,2031.0,1889.0
250173531021,19,419,68,8,158,375,26,29,322,38,1462,382,,,,,,,5.0,,,6.0,5.0,142.0,,239.0,3.0,87.0,210.0,370.0,,,25017.0,1067.0,395.0
250173531022,146,1928,375,7,457,389,15,135,2817,70,6339,452,,2.0,,,4.0,41.0,1.0,,507.0,15.0,14.0,651.0,,726.0,11780.0,26.0,2.0,169.0,67.0,,25017.0,14005.0,-7666.0
250173531023,0,102,15,0,8,8,0,13,21,7,174,427,,,,,,3.0,,,1.0,,,2.0,1.0,,,,,1.0,9.0,,25017.0,17.0,157.0
250173532001,54,227,64,4,45,98,91,27,239,41,890,962,,,,34.0,12.0,57.0,,,3.0,,3.0,720.0,,,25.0,6.0,1.0,10.0,7.0,,25017.0,878.0,12.0
250173532002,36,187,56,1,26,72,1,32,123,30,564,691,,,,1.0,,24.0,2.0,,,,,828.0,,2.0,,30.0,1.0,7.0,18.0,,25017.0,913.0,-349.0
250173532003,17,193,22,1,14,12,0,17,73,10,359,539,,,,230.0,,,,,8.0,,,210.0,,,3.0,26.0,,25.0,9.0,,25017.0,511.0,-152.0
250173533001,7,199,40,0,4,16,2,6,71,13,358,490,,,,1.0,,,,,,,,10.0,,,43.0,3.0,3.0,3.0,2.0,,25017.0,65.0,293.0
250173533002,4,182,16,0,18,32,2,16,77,11,358,757,,,,,,26.0,,,,,,13.0,,,2.0,5.0,,,2.0,,25017.0,48.0,310.0
250173533003,15,245,32,1,16,219,0,227,82,5,842,485,,,,5.0,,6.0,212.0,,,2.0,,3.0,,,2.0,16.0,,110.0,48.0,,25017.0,404.0,438.0
250173534001,14,281,62,1,14,34,1,24,255,21,707,607,,,127.0,27.0,88.0,15.0,,,1.0,,,315.0,,,22.0,14.0,,25.0,12.0,,25017.0,646.0,61.0
250173534002,9,392,53,67,13,239,113,35,127,45,1093,782,,,,4.0,,2.0,368.0,,22.0,,,247.0,,,16.0,62.0,4.0,20.0,10.0,99.0,25017.0,854.0,239.0
250173535001,21,212,31,82,8,56,0,12,139,7,568,702,,,,,,,8.0,13.0,,,15.0,28.0,,,,20.0,2.0,,5.0,541.0,25017.0,632.0,-64.0
250173535002,33,323,32,5,9,30,1,16,119,11,579,717,,,,,,,,,2.0,,,14.0,,2.0,,19.0,,10.0,15.0,,25017.0,62.0,517.0
250173536001,4,194,46,0,11,8,0,32,106,6,407,251,,,,,,,2.0,,,3.0,1.0,10.0,,,1.0,56.0,1.0,,72.0,,25017.0,146.0,261.0
250173536002,1,320,42,1,5,55,1,14,102,20,561,430,,,,,17.0,,16.0,,,,,22.0,10.0,,,118.0,,72.0,6.0,,25017.0,261.0,300.0
250173536003,0,156,22,0,8,4,1,1,36,3,231,311,,,,,,,,,,,2.0,,,,,,,,7.0,,25017.0,9.0,222.0
250173536004,4,139,25,0,8,49,0,7,106,11,349,373,,,,,,,19.0,,10.0,,2.0,7.0,,1.0,,54.0,,62.0,28.0,,25017.0,183.0,166.0
250173536005,2,1812,79,0,215,162,1,13,376,19,2679,309,,,,,,5.0,,,,,3.0,52.0,,27.0,1507.0,6.0,,,12.0,1.0,25017.0,1613.0,1066.0
250173537001,4,837,19,0,17,28,0,17,49,11,982,605,,,,,,1.0,47.0,,1.0,,,5.0,,,,1033.0,,3.0,6.0,,25017.0,1096.0,-114.0
250173537002,2,1222,37,11,17,69,1,16,63,8,1446,659,,,,,,1.0,11.0,,82.0,5.0,,12.0,,2.0,56.0,44.0,,80.0,4.0,,25017.0,297.0,1149.0
250173537003,19,77,5,266,63,7,0,30,25,9,501,165,,,,,,,6.0,,,188.0,,,,,,,,40.0,,175.0,25017.0,409.0,92.0
250173537004,70,445,401,17,51,568,90,41,574,36,2293,282,,,,7.0,7.0,,173.0,,110.0,32.0,13.0,56.0,20.0,12.0,15500.0,119.0,30.0,706.0,206.0,,25017.0,16991.0,-14698.0
250173537005,28,571,63,7,301,81,5,15,162,15,1248,438,,,,,,6.0,52.0,,,,,8.0,,62.0,9.0,,,17.0,8.0,,25017.0,162.0,1086.0
250173538001,1,87,38,0,12,4,1,6,30,5,184,415,,,,,,,,,,,,69.0,,,,,2.0,,5.0,,25017.0,76.0,108.0
250173538002,10,252,214,0,24,22,6,5,152,3,688,783,,,,,3.0,11.0,4.0,,2.0,,47.0,235.0,,29.0,4.0,159.0,5.0,5.0,5.0,,25017.0,509.0,179.0
250173538003,9,384,56,49,119,126,13,11,307,63,1137,1139,,,,,,4.0,31.0,,54.0,16.0,1.0,18.0,1.0,15.0,2.0,4.0,11.0,155.0,57.0,4.0,25017.0,373.0,764.0
250173538004,1,259,27,2,8,64,0,1,323,5,690,538,,,,,,,27.0,,,,1.0,374.0,,28.0,363.0,15.0,24.0,122.0,68.0,,25017.0,1022.0,-332.0
250173539001,4,317,39,0,41,60,1,17,279,8,766,659,,,,5.0,1.0,,14.0,,,5.0,2.0,186.0,,1.0,44.0,43.0,1.0,29.0,68.0,,25017.0,399.0,367.0
250173539002,36,392,85,0,14,47,0,24,340,17,955,870,,,,,,34.0,,,,,,5.0,,,,8.0,,,1.0,,25017.0,48.0,907.0
250173539003,3,370,18,0,61,89,0,38,101,10,690,847,,,,,,,44.0,,,2.0,,21.0,,,13.0,,,94.0,63.0,,25017.0,237.0,453.0
250173540001,5,187,154,0,7,165,0,36,79,9,642,573,,,,,,1.0,25.0,,11.0,11.0,13.0,22.0,,5.0,,62.0,,195.0,10.0,,25017.0,355.0,287.0
250173540002,0,374,105,116,21,32,1,11,85,9,754,684,,,1.0,,,3.0,25.0,,6.0,5.0,13.0,15.0,,,3.0,11.0,,,2.0,,25017.0,84.0,670.0
250173540003,1,976,92,82,134,545,15,10,169,24,2048,806,,,,2.0,,27.0,367.0,,127.0,49.0,35.0,48.0,,36.0,139.0,20.0,31.0,315.0,33.0,,25017.0,1229.0,819.0
250173541001,2,32,4,17,10,2,0,2,22,1,92,239,,,,,,,,,,,,,,1.0,,4.0,,,3.0,,25017.0,8.0,84.0
250173541002,7,139,59,0,12,16,0,9,74,12,328,342,,,,,,,2.0,,,5.0,,12.0,,,,1.0,2.0,,17.0,,25017.0,39.0,289.0
250173541003,1,399,16,0,44,93,0,24,120,17,714,569,,,,,2.0,,,,,,3.0,2.0,,,66.0,18.0,1.0,163.0,10.0,,25017.0,265.0,449.0
250173541004,733,2533,991,0,509,1536,37,100,3921,159,10519,678,,2.0,,,,15.0,281.0,,78.0,179.0,74.0,470.0,22.0,233.0,194.0,40.0,110.0,1141.0,325.0,1.0,25017.0,3165.0,7354.0
250173542001,25,186,34,1,13,53,11,50,140,22,535,572,,,,6.0,,,38.0,,,,,25.0,,6.0,24.0,30.0,,24.0,175.0,,25017.0,328.0,207.0
250173542002,46,883,110,3,51,125,9,135,310,44,1716,551,,,,,,,18.0,11.0,,,2.0,22.0,,2.0,530.0,2971.0,110.0,6.0,77.0,,25017.0,3749.0,-2033.0
250173542003,2,164,16,0,12,39,1,34,93,14,375,312,,,,,,2.0,80.0,,,,,25.0,,5.0,,8.0,5.0,,46.0,,25017.0,171.0,204.0
250173543001,5,257,35,10,8,18,0,13,86,13,445,679,,,,6.0,,,,,1.0,,13.0,1.0,,,,10.0,,,10.0,,25017.0,41.0,404.0
250173543002,7,154,42,0,9,221,0,15,265,8,721,482,,,45.0,,,5.0,251.0,,97.0,5.0,42.0,212.0,,10.0,3.0,33.0,,,1.0,,25017.0,704.0,17.0
250173543003,13,180,20,110,14,49,3,171,93,70,723,602,,,,7.0,,1.0,2.0,,,,1.0,2.0,,,,294.0,,61.0,15.0,,25017.0,383.0,340.0
250173544001,19,438,75,123,41,128,6,24,161,29,1044,395,,,,,,,20.0,,1.0,7.0,,18.0,,4.0,,21.0,3.0,,3.0,,25017.0,77.0,967.0
250173544002,3,110,134,0,8,45,0,12,75,12,399,421,,,,1.0,72.0,,11.0,,,,11.0,8.0,,,,3.0,,22.0,12.0,,25017.0,140.0,259.0
250173545001,18,155,60,0,10,46,1,10,253,22,575,564,,,,3.0,,4.0,23.0,,,27.0,94.0,3.0,,10.0,12.0,16.0,5.0,33.0,26.0,,25017.0,256.0,319.0
250173545002,11,1390,12,18,102,32,0,21,69,9,1664,440,,,,,,,1.0,,,,,39.0,,2.0,2.0,73.0,,,18.0,,25017.0,135.0,1529.0
250173545003,14,154,14,0,12,67,0,8,97,21,387,339,,,,,,11.0,7.0,,1.0,6.0,1.0,5.0,,6.0,,1.0,,57.0,3.0,,25017.0,98.0,289.0
250173546001,9,419,56,2,53,65,7,27,213,39,890,1199,,,,,35.0,,1.0,2.0,62.0,3.0,4.0,146.0,,,53.0,80.0,,17.0,9.0,,25017.0,412.0,478.0
250173546002,8,113,24,0,10,32,0,14,123,6,330,408,,,,2.0,,,3.0,,,,,44.0,,,,3.0,,5.0,10.0,,25017.0,67.0,263.0
250173546003,26,190,43,0,20,57,3,43,149,10,541,821,,,,84.0,,2.0,10.0,,,,4.0,,,14.0,86.0,33.0,256.0,25.0,57.0,,25017.0,571.0,-30.0
250173546004,241,1216,456,224,163,732,242,32,2583,297,6186,3605,,31.0,,481.0,203.0,134.0,824.0,29.0,30.0,44.0,18.0,1551.0,27.0,191.0,435.0,475.0,16.0,284.0,43.0,,25017.0,4816.0,1370.0
250173547001,18,476,136,4,52,263,9,36,497,27,1518,838,,,,,18.0,4.0,373.0,,28.0,39.0,3.0,287.0,,334.0,23.0,47.0,182.0,224.0,29.0,,25017.0,1591.0,-73.0
250173547002,17,196,21,2,17,48,1,8,91,13,414,715,,,,,1.0,3.0,13.0,,2.0,,,11.0,,,1.0,6.0,4.0,17.0,37.0,,25017.0,95.0,319.0
250173548001,15,171,64,26,24,75,0,11,88,8,482,500,,,,,,1.0,20.0,1.0,4.0,12.0,12.0,69.0,,2.0,3.0,21.0,6.0,84.0,23.0,,25017.0,258.0,224.0
250173548002,19,313,28,13,13,27,4,30,73,21,541,622,,,,2.0,,,9.0,,,2.0,4.0,7.0,,1.0,2.0,10.0,,8.0,27.0,,25017.0,72.0,469.0
250173549001,9,216,50,0,9,22,0,42,95,12,455,572,,,,,,,,,,2.0,,9.0,,1.0,86.0,2.0,,,7.0,,25017.0,107.0,348.0
250173549002,22,84,64,8,2,20,1,13,47,36,297,1053,,,,1.0,,,14.0,2.0,1.0,2.0,98.0,1.0,,3.0,,42.0,,,5.0,,25017.0,169.0,128.0
250173549003,131,1164,254,104,230,409,637,99,2331,103,5462,2599,,,,,8.0,83.0,131.0,72.0,518.0,109.0,11.0,2707.0,62.0,6.0,51.0,59.0,49.0,153.0,55.0,1.0,25017.0,4075.0,1387.0
250173550001,15,215,29,1,71,80,2,19,232,31,695,452,,,,10.0,384.0,,15.0,,105.0,,5.0,161.0,,,21.0,9.0,,5.0,10.0,,25017.0,725.0,-30.0
250173550002,6,463,45,1,30,31,4,43,136,19,778,731,,,,10.0,,,26.0,,,,,30.0,18.0,,158.0,50.0,,66.0,11.0,,25017.0,369.0,409.0
250173550003,17,262,40,3,18,53,0,41,185,20,639,572,,,,12.0,5.0,,116.0,,,5.0,2.0,143.0,,52.0,,90.0,2.0,29.0,31.0,,25017.0,487.0,152.0
250173561001,2,99,20,0,6,44,0,9,83,2,265,384,,,,2.0,,1.0,1.0,,,109.0,4.0,4.0,,,6.0,16.0,,89.0,2.0,,25017.0,234.0,31.0
250173561002,10,59,14,2,6,21,4,12,40,14,182,661,,,,,17.0,3.0,,,2.0,,,4.0,16.0,3.0,,6.0,,12.0,18.0,,25017.0,81.0,101.0
250173561003,7,69,4,1,27,21,2,7,85,9,232,396,,,,2.0,,,,,,,,,,,,,,,4.0,,25017.0,6.0,226.0
250173563001,7,97,20,2,13,21,0,14,103,20,297,646,,,,,16.0,,14.0,,28.0,11.0,,20.0,,,,38.0,9.0,,14.0,,25017.0,150.0,147.0
250173563002,4,114,19,1,12,46,36,12,104,12,360,531,,,,5.0,,,9.0,,,10.0,,,,3.0,,3.0,,4.0,,,25017.0,34.0,326.0
250173563003,7,43,2,1,9,14,0,4,55,5,140,317,,,,2.0,,,,,1.0,,1.0,5.0,,16.0,2.0,,,,3.0,,25017.0,30.0,110.0
250173563004,13,33,15,0,11,19,0,12,54,9,166,280,,,,62.0,,,5.0,,,3.0,,20.0,,1.0,2.0,,,2.0,9.0,,25017.0,104.0,62.0
250173563005,0,31,3,0,10,20,0,7,42,2,115,365,,,,,,,,,,,,5.0,,3.0,3.0,,,68.0,,,25017.0,79.0,36.0
250173563006,13,151,7,0,13,89,2,33,120,76,504,349,,,,,,,32.0,,8.0,3.0,6.0,25.0,,232.0,1.0,216.0,26.0,115.0,17.0,,25017.0,681.0,-177.0
250173564001,3,44,0,0,15,20,7,6,46,9,150,243,,,,,,,2.0,1.0,3.0,,,12.0,,,,26.0,,,9.0,,25017.0,53.0,97.0
250173564002,36,357,40,1,46,55,5,22,225,28,815,689,,,,23.0,,,6.0,11.0,,4.0,,7.0,100.0,19.0,,4.0,,20.0,8.0,,25017.0,202.0,613.0
250173564003,8,108,11,1,17,30,1,7,109,11,303,364,,,,15.0,,,,,,,,2.0,,9.0,2.0,20.0,,,8.0,,25017.0,56.0,247.0
250173564004,11,62,4,1,21,46,3,6,97,11,262,258,,,,,,9.0,,,,,,14.0,,5.0,,,,,7.0,,25017.0,35.0,227.0
250173564005,4,64,3,1,19,26,1,3,95,6,222,285,,,,1.0,,3.0,,,,,,8.0,,,,5.0,,,11.0,,25017.0,28.0,194.0
250173564006,6,61,5,2,11,28,6,4,90,10,223,487,,,,14.0,,,,,,,,2.0,,,,14.0,,,2.0,,25017.0,32.0,191.0
250173564007,20,138,11,0,11,21,2,9,70,4,286,312,,,,6.0,,,,5.0,,,,1.0,,4.0,,18.0,,,,,25017.0,34.0,252.0
250173564008,12,50,6,0,16,21,2,5,62,2,176,641,,,,6.0,,,,,,,5.0,3.0,,,,3.0,,,1.0,,25017.0,18.0,158.0
250173565001,10,61,10,2,15,29,2,7,107,5,248,346,,,,,,3.0,,,,,,8.0,,,,1.0,,,5.0,,25017.0,17.0,231.0
250173565002,7,128,45,0,34,30,1,10,135,16,406,525,,,,1.0,,,27.0,,,2.0,10.0,8.0,,3.0,,14.0,61.0,2.0,13.0,,25017.0,141.0,265.0
250173565003,17,180,4,0,29,96,52,77,147,27,629,1011,,,,2.0,14.0,,172.0,,16.0,9.0,6.0,15.0,,16.0,3.0,104.0,,60.0,125.0,,25017.0,542.0,87.0
250173565004,12,47,1,0,8,20,850,7,55,7,1007,329,,,,,,1.0,,,,,,3.0,,,1.0,9.0,,,6.0,,25017.0,20.0,987.0
250173565005,17,101,6,1,25,29,75,7,120,12,393,492,,,,11.0,,,,,,,,6.0,,,,,4.0,,,,25017.0,21.0,372.0
250173565006,12,87,4,14,36,49,2,21,127,7,359,402,,,,575.0,,,,,,,,3.0,,,,14.0,,,1.0,,25017.0,593.0,-234.0
250173566011,63,157,59,5,34,228,7,40,229,69,891,1228,,,,212.0,,21.0,137.0,54.0,3.0,,16.0,106.0,,30.0,,34.0,11.0,83.0,21.0,,25017.0,728.0,163.0
250173566012,10,44,40,0,18,32,1,11,105,20,281,461,,,,,,,6.0,,,2.0,15.0,7.0,,,,8.0,,18.0,54.0,,25017.0,110.0,171.0
250173566013,7,115,1,0,15,31,2,12,104,4,291,264,,,,4.0,,1.0,,,,,1.0,4.0,,1.0,2.0,,,,8.0,,25017.0,21.0,270.0
250173566014,7,53,12,2,13,23,1,6,85,3,205,351,,,,1.0,,,26.0,,1.0,,3.0,9.0,,5.0,1.0,9.0,,,13.0,,25017.0,68.0,137.0
250173566021,32,228,29,2,23,107,18,34,137,27,637,866,,,,81.0,,39.0,86.0,12.0,,13.0,4.0,31.0,,4.0,48.0,73.0,,16.0,37.0,,25017.0,444.0,193.0
250173566022,8,58,4,3,13,23,1,16,92,12,230,314,,,,4.0,,7.0,,,,,,1.0,,3.0,,1.0,,,3.0,,25017.0,19.0,211.0
250173566023,10,102,1,3,11,27,2,5,63,14,238,309,,,,4.0,,,,,,,,2.0,1.0,,,23.0,,,2.0,,25017.0,32.0,206.0
250173566024,10,214,6,1,14,28,11,12,139,2,437,306,,,,2.0,,1.0,,,,2.0,,9.0,,26.0,,519.0,2.0,,8.0,,25017.0,569.0,-132.0
250173567011,16,82,24,1,18,73,1,25,101,13,354,622,,,,15.0,3.0,,65.0,,,1.0,,12.0,,9.0,17.0,24.0,5.0,137.0,9.0,,25017.0,297.0,57.0
250173567012,5,123,17,0,12,20,3,11,51,9,251,601,,,,2.0,,,29.0,,,19.0,,13.0,,,91.0,11.0,,26.0,8.0,,25017.0,199.0,52.0
250173567013,11,325,51,2,22,82,0,8,172,22,695,745,,,,4.0,,,52.0,,1.0,7.0,31.0,36.0,,30.0,100.0,150.0,1.0,60.0,48.0,,25017.0,520.0,175.0
250173567014,3,69,9,2,10,10,4,4,40,2,153,381,,,,2.0,,,,,,4.0,3.0,,,,,11.0,4.0,,3.0,,25017.0,27.0,126.0
250173567015,3,53,11,0,13,38,0,6,46,5,175,338,,,,,97.0,,9.0,,16.0,3.0,26.0,,,4.0,,,1.0,5.0,7.0,,25017.0,168.0,7.0
250173567016,2,60,46,6,11,19,3,31,60,13,251,493,,,,,,2.0,,,,,,4.0,,1.0,,11.0,,35.0,82.0,,25017.0,135.0,116.0
250173567021,15,58,7,1,27,12,1,12,80,15,228,564,,,,11.0,,,,1.0,129.0,16.0,,9.0,,,,25.0,,,6.0,,25017.0,197.0,31.0
250173567022,16,70,1,2,16,34,7,6,124,16,292,367,,,,1.0,,5.0,,,,,,4.0,,1.0,,,,,5.0,,25017.0,16.0,276.0
250173567023,30,346,99,188,29,112,4,44,181,20,1053,1115,,,,41.0,,,23.0,,61.0,139.0,18.0,65.0,20.0,,3.0,227.0,9.0,134.0,65.0,670.0,25017.0,1475.0,-422.0
250173567024,13,80,6,2,17,47,4,13,120,10,312,313,,,,7.0,,2.0,,,,,,2.0,,,,4.0,,,8.0,,25017.0,23.0,289.0
250173567025,5,89,2,1,20,99,0,4,79,11,310,331,,,,4.0,,,123.0,,,,8.0,7.0,,,6.0,11.0,1.0,,2.0,,25017.0,162.0,148.0
250173567026,3,43,5,2,14,16,0,7,81,6,177,296,,,,,,,,,,,,10.0,,,,10.0,,,4.0,,25017.0,24.0,153.0
250173567027,55,383,63,50,11,116,64,15,111,7,875,508,,,,121.0,,,306.0,,2.0,88.0,5.0,19.0,,,615.0,118.0,,67.0,19.0,,25017.0,1360.0,-485.0
250173571001,3,20,5,0,0,2,0,4,22,3,59,336,,,,11.0,,,9.0,,,7.0,1.0,6.0,,,3.0,13.0,,,17.0,,25017.0,67.0,-8.0
250173571002,9,37,1,1,15,20,0,4,79,5,171,864,,,,25.0,,,4.0,,18.0,1.0,,6.0,,3.0,,7.0,,,14.0,,25017.0,78.0,93.0
250173571003,14,101,4,0,7,7,5,13,28,1,180,359,,,,39.0,6.0,3.0,7.0,11.0,,2.0,,7.0,,,7.0,3.0,,,49.0,,25017.0,134.0,46.0
250173571004,14,39,54,0,4,93,7,24,28,15,278,351,,,,2.0,,,48.0,,1.0,20.0,14.0,3.0,,1.0,,14.0,,115.0,,,25017.0,218.0,60.0
250173572001,27,84,42,1,11,52,7,33,131,5,393,410,,,,2.0,41.0,,57.0,,,2.0,,55.0,,13.0,11.0,56.0,,5.0,27.0,,25017.0,269.0,124.0
250173572002,2,98,12,0,2,13,1,0,14,2,144,267,,,,,,3.0,,1.0,,,,,,,,,,,15.0,,25017.0,19.0,125.0
250173572003,0,7,0,0,10,1,0,43,2,0,63,236,,,,,,10.0,4.0,,,,,3.0,,1.0,,2.0,,,7.0,,25017.0,27.0,36.0
250173572004,34,792,61,0,70,198,147,18,137,100,1557,217,,,,37.0,,2.0,2.0,,53.0,72.0,1.0,45.0,,,127.0,165.0,,,12.0,,25017.0,516.0,1041.0
250173573001,1,0,1,0,0,0,0,29,9,0,40,361,,,,,,7.0,,,,,,5.0,,6.0,,8.0,,,,,25017.0,26.0,14.0
250173573002,1,77,5,1,6,36,14,10,78,12,240,520,,,,6.0,21.0,1.0,30.0,,,2.0,,19.0,,4.0,6.0,6.0,,49.0,3.0,,25017.0,147.0,93.0
250173573003,16,43,6,1,3,34,1,11,36,12,163,448,,,,2.0,7.0,2.0,2.0,3.0,,,,,7.0,4.0,,50.0,,48.0,15.0,,25017.0,140.0,23.0
250173574001,7,20,1,0,1,13,1,14,16,4,77,310,,,,,,,12.0,,25.0,,,3.0,,,,2.0,,,3.0,,25017.0,45.0,32.0
250173574002,1,13,7,0,10,8,0,4,16,0,59,292,,,,15.0,,,7.0,,,,,2.0,,,,21.0,55.0,,4.0,,25017.0,104.0,-45.0
250173574003,12,119,65,3,3,71,8,4,77,13,375,326,,,,4.0,3.0,4.0,43.0,1.0,5.0,21.0,14.0,14.0,,5.0,7.0,133.0,,17.0,16.0,,25017.0,287.0,88.0
250173575001,5,123,0,0,2,0,0,21,28,0,179,265,,,,2.0,,2.0,,,,,,2.0,,,,65.0,4.0,,2.0,,25017.0,77.0,102.0
250173575002,19,99,43,4,30,47,4,22,69,33,370,395,,,,7.0,,,,,8.0,1.0,,15.0,,11.0,,14.0,,42.0,10.0,,25017.0,108.0,262.0
250173575003,0,3,0,0,19,7,0,0,14,1,44,329,,,,6.0,,6.0,,,,,,2.0,,,6.0,,,,4.0,,25017.0,24.0,20.0
250173576001,8,76,10,0,23,51,1,39,48,6,262,430,,,,2.0,,2.0,72.0,,4.0,3.0,,13.0,,,,43.0,4.0,13.0,11.0,,25017.0,167.0,95.0
250173576002,11,142,3,0,18,15,0,18,35,4,246,638,,,,10.0,,,4.0,,,,,2.0,,,20.0,86.0,,2.0,1.0,,25017.0,125.0,121.0
250173577001,14,378,16,2,16,106,2,7,79,5,625,413,,,,12.0,,,3.0,,,,,4.0,,44.0,76.0,2336.0,,113.0,26.0,,25017.0,2614.0,-1989.0
250173577002,30,235,2,2,11,13,0,13,39,5,350,353,,,,26.0,10.0,,3.0,,10.0,,,4.0,,,2.0,216.0,,,1.0,,25017.0,272.0,78.0
250173577003,47,103,52,23,23,200,1,32,380,64,925,418,,,,80.0,,,241.0,34.0,,30.0,,48.0,,24.0,18.0,36.0,5.0,18.0,87.0,,25017.0,621.0,304.0
250173577004,11,22,31,96,4,15,1,4,29,2,215,455,,,,2.0,,2.0,15.0,,,19.0,,14.0,,3.0,4.0,20.0,,24.0,13.0,61.0,25017.0,177.0,38.0
250173578001,2,7,4,0,5,2,3,2,14,1,40,312,,,,3.0,6.0,3.0,,,,,10.0,11.0,,5.0,,5.0,,,9.0,,25017.0,52.0,-12.0
250173578002,6,47,0,1,5,5,2,3,32,8,109,337,,,,6.0,,9.0,,,,,,4.0,,,4.0,27.0,,,5.0,,25017.0,55.0,54.0
250173578003,2,305,45,636,33,59,1,43,148,1,1273,383,,,42.0,53.0,28.0,18.0,85.0,1.0,15.0,59.0,2.0,61.0,,,652.0,49.0,159.0,173.0,131.0,158.0,25017.0,1686.0,-413.0
250173578004,0,18,1,13,2,8,0,5,13,3,63,332,,,14.0,,,,3.0,,,1.0,,5.0,,,,43.0,,,5.0,9.0,25017.0,80.0,-17.0
250173581001,8,125,3,1,26,33,0,6,90,11,303,366,,,,3.0,2.0,1.0,,,1.0,,,13.0,,5.0,,29.0,5.0,,12.0,,25017.0,71.0,232.0
250173581002,39,130,38,5,53,186,8,50,206,27,742,508,,,,13.0,2.0,15.0,149.0,11.0,2.0,5.0,6.0,23.0,,14.0,1246.0,42.0,,46.0,48.0,,25017.0,1622.0,-880.0
250173581003,23,230,3,3,34,223,14,43,147,14,734,579,,,,2.0,,,226.0,,5.0,,,24.0,,14.0,66.0,137.0,,,11.0,,25017.0,485.0,249.0
250173581004,9,183,9,3,24,36,3,8,89,8,372,467,,,,3.0,,,,,,,3.0,2.0,,18.0,2.0,,,,7.0,,25017.0,35.0,337.0
250173583001,45,784,66,3,103,156,10,30,441,19,1657,1659,,,,26.0,7.0,7.0,70.0,11.0,57.0,32.0,54.0,234.0,3.0,12.0,195.0,563.0,11.0,59.0,15.0,,25017.0,1356.0,301.0
250173583002,105,326,22,10,111,411,571,49,832,39,2476,735,,,,30.0,14.0,85.0,35.0,,8.0,,1.0,3670.0,151.0,13.0,32.0,18.0,14.0,26.0,36.0,2.0,25017.0,4135.0,-1659.0
250173584001,45,600,472,86,100,361,18,121,426,135,2364,369,,,,26.0,4.0,27.0,121.0,,147.0,117.0,31.0,154.0,5.0,9.0,116.0,195.0,33.0,508.0,151.0,635.0,25017.0,2279.0,85.0
250173584002,16,256,7,7,28,120,2,12,131,10,589,580,,,,7.0,,2.0,20.0,,1.0,1.0,4.0,10.0,,2.0,90.0,144.0,22.0,26.0,49.0,,25017.0,378.0,211.0
250173584003,14,155,29,1,16,117,7,40,143,21,543,640,,,,,3.0,9.0,11.0,,4.0,,11.0,9.0,1.0,,,132.0,153.0,35.0,28.0,,25017.0,396.0,147.0
250173584004,59,573,100,12,96,109,230,31,384,37,1631,416,,,,21.0,414.0,7.0,,,29.0,40.0,,233.0,,21.0,255.0,165.0,,91.0,12.0,,25017.0,1288.0,343.0
250173585001,51,103,26,1,46,85,3,30,170,15,530,811,,,,23.0,,1.0,80.0,1.0,,17.0,7.0,7.0,,,,13.0,3.0,,14.0,,25017.0,166.0,364.0
250173585002,7,197,1,1,17,54,0,8,112,5,402,314,,,,23.0,1.0,,2.0,,2.0,8.0,,24.0,,14.0,,88.0,,26.0,25.0,6.0,25017.0,219.0,183.0
250173585003,15,433,5,1,36,75,3,15,140,16,739,650,,,,20.0,,,2.0,,,5.0,,15.0,,25.0,116.0,167.0,1.0,25.0,6.0,,25017.0,382.0,357.0
250173586001,9,68,0,0,17,41,2,10,93,4,244,400,,,,2.0,,,3.0,,6.0,,,21.0,,,,7.0,12.0,,3.0,,25017.0,54.0,190.0
250173586002,246,304,777,10,302,456,184,88,4097,222,6686,356,,,,,209.0,305.0,,,1121.0,170.0,9.0,5543.0,135.0,32.0,5.0,415.0,,203.0,13.0,91.0,25017.0,8251.0,-1565.0
250173586003,7,192,31,124,14,84,0,20,232,26,730,278,,,,75.0,,26.0,27.0,,,144.0,3.0,134.0,,21.0,13.0,179.0,9.0,29.0,48.0,96.0,25017.0,804.0,-74.0
250173586004,20,233,0,3,27,91,6,8,252,11,651,493,,,,33.0,10.0,8.0,150.0,,3.0,18.0,5.0,125.0,,4.0,7.0,303.0,,112.0,57.0,,25017.0,835.0,-184.0
250173586005,12,67,10,0,33,65,2,65,101,65,420,327,,,5.0,1.0,,,,61.0,,6.0,,7.0,,,54.0,67.0,5.0,11.0,6.0,,25017.0,223.0,197.0
250173586006,8,74,2,1,32,52,3,22,120,9,323,467,,,,5.0,,2.0,2.0,,,,,16.0,,7.0,,10.0,,,5.0,,25017.0,47.0,276.0
250173587001,17,171,7,6,44,122,1,16,181,14,579,815,,,,,,8.0,,,2.0,,1.0,44.0,,,2.0,17.0,62.0,,17.0,,25017.0,153.0,426.0
250173587002,15,196,1,4,20,47,3,21,93,13,413,499,,,,,,1.0,,,1.0,4.0,3.0,139.0,,3.0,2.0,126.0,,11.0,10.0,,25017.0,300.0,113.0
250173587003,15,237,3,1,44,77,7,14,187,16,601,628,,,,3.0,3.0,,,,9.0,4.0,8.0,5.0,,5.0,,50.0,4.0,,20.0,,25017.0,111.0,490.0
250173591001,3,5,4,0,3,2,1,11,51,4,84,488,,,,8.0,2.0,,,8.0,,4.0,,12.0,,10.0,,,,,1.0,,25017.0,45.0,39.0
250173591002,41,99,43,0,114,305,468,44,298,165,1577,530,,,,386.0,771.0,148.0,321.0,115.0,9.0,31.0,117.0,543.0,,65.0,,264.0,33.0,113.0,68.0,5.0,25017.0,2989.0,-1412.0
250173591003,47,1819,70,25,16,297,0,45,131,67,2517,746,,,,103.0,,3.0,433.0,,11.0,27.0,2.0,29.0,14.0,59.0,,2054.0,20.0,238.0,36.0,,25017.0,3029.0,-512.0
250173591004,88,594,99,1,272,825,708,188,4410,802,7987,1072,,,,31.0,947.0,953.0,,,1259.0,331.0,23.0,2923.0,146.0,60.0,1227.0,222.0,2.0,326.0,8.0,,25017.0,8458.0,-471.0
250173593001,14,211,69,114,22,103,9,44,157,50,793,393,,,,23.0,2.0,2.0,13.0,48.0,57.0,11.0,3.0,40.0,,6.0,316.0,40.0,43.0,36.0,18.0,388.0,25017.0,1046.0,-253.0
250173593002,13,24,1,0,4,13,125,8,40,4,232,436,,,,38.0,117.0,83.0,,,,,,3.0,,2.0,,15.0,,4.0,12.0,,25017.0,274.0,-42.0
250173593003,9,75,2,9,6,20,0,16,71,3,211,576,,,,29.0,3.0,40.0,33.0,,1.0,7.0,,,,13.0,,22.0,2.0,,13.0,,25017.0,163.0,48.0
250173593004,40,167,26,1,9,59,1,22,123,11,459,1162,6.0,,,46.0,4.0,82.0,61.0,,,2.0,190.0,86.0,,6.0,13.0,326.0,,49.0,22.0,,25017.0,893.0,-434.0
250173593005,65,214,4,10,57,156,373,25,226,26,1156,376,,,,62.0,896.0,4.0,12.0,7.0,12.0,125.0,4.0,104.0,,27.0,9.0,126.0,45.0,,97.0,,25017.0,1530.0,-374.0
250173601001,35,384,47,66,55,120,3,15,250,189,1164,616,,,,,,,2.0,157.0,4.0,6.0,,54.0,20.0,56.0,59.0,18.0,,35.0,2.0,6.0,25017.0,419.0,745.0
250173602001,19,204,79,22,54,73,76,16,314,27,884,419,,,,2.0,,14.0,,5.0,11.0,65.0,4.0,107.0,,31.0,,3.0,,,1.0,,25017.0,243.0,641.0
250173602002,12,199,12,6,55,78,0,36,154,25,577,476,,,,2.0,,,,,23.0,5.0,,21.0,,,,,,,18.0,,25017.0,69.0,508.0
250173602003,21,164,24,38,41,52,4,47,213,18,622,559,,,,13.0,,,,,2.0,4.0,1.0,25.0,,42.0,12.0,2.0,3.0,,413.0,37.0,25017.0,554.0,68.0
250173602004,26,731,44,54,57,233,6,69,254,46,1520,875,5.0,,,8.0,,3.0,50.0,22.0,5.0,3.0,2.0,29.0,,,350.0,257.0,150.0,4.0,33.0,35.0,25017.0,956.0,564.0
250173611001,15,111,48,5,28,215,16,7,212,22,679,459,3.0,,,45.0,10.0,10.0,134.0,,15.0,10.0,14.0,40.0,3.0,,32.0,18.0,,202.0,21.0,,25017.0,557.0,122.0
250173611002,26,518,19,2,29,54,0,27,148,14,837,535,,,,6.0,1.0,,,,11.0,7.0,2.0,19.0,,37.0,,385.0,,,10.0,,25017.0,478.0,359.0
250173611003,129,913,168,3,96,323,127,37,499,53,2348,534,,,,12.0,3.0,58.0,18.0,,365.0,14.0,56.0,327.0,443.0,22.0,56.0,571.0,34.0,41.0,95.0,,25017.0,2115.0,233.0
250173611004,15,711,6,2,27,45,2,39,128,3,978,636,10.0,,,24.0,,,70.0,,,3.0,,38.0,124.0,5.0,,1463.0,1.0,35.0,37.0,,25017.0,1810.0,-832.0
250173611005,20,412,9,18,40,169,0,13,119,31,831,346,,,,,,,25.0,,6.0,,,8.0,,3.0,255.0,10.0,86.0,11.0,18.0,,25017.0,422.0,409.0
250173612001,114,505,47,16,55,254,124,53,1879,77,3124,1060,,,,68.0,147.0,107.0,172.0,12.0,74.0,2.0,12.0,278.0,,10.0,11.0,209.0,40.0,195.0,33.0,481.0,25017.0,1851.0,1273.0
250173612002,8,262,11,0,31,50,3,28,123,18,534,435,,,,6.0,,,1.0,,2.0,,,8.0,,2.0,26.0,188.0,2.0,11.0,16.0,,25017.0,262.0,272.0
250173612003,59,338,75,13,50,191,15,14,307,77,1139,943,,,,14.0,,54.0,3.0,,,34.0,,91.0,8.0,8.0,3.0,12.0,108.0,,19.0,,25017.0,354.0,785.0
250173613001,53,333,163,606,126,276,10,86,373,29,2055,496,,,13.0,12.0,,,130.0,22.0,57.0,78.0,3.0,155.0,9.0,4.0,170.0,21.0,16.0,236.0,34.0,137.0,25017.0,1097.0,958.0
250173613002,32,225,188,89,36,288,9,43,224,78,1212,600,,,,6.0,14.0,3.0,122.0,,7.0,24.0,18.0,75.0,1.0,,30.0,43.0,166.0,65.0,30.0,14.0,25017.0,618.0,594.0
250173613003,81,739,68,95,39,194,5,16,471,202,1910,441,4.0,,,14.0,14.0,21.0,9.0,,7.0,7.0,2.0,318.0,,,527.0,460.0,53.0,28.0,34.0,110.0,25017.0,1608.0,302.0
250173613004,12,175,11,120,25,86,1,19,88,11,548,705,,,28.0,8.0,18.0,11.0,1.0,,,3.0,9.0,19.0,,10.0,106.0,11.0,,45.0,21.0,198.0,25017.0,488.0,60.0
250173613005,11,182,164,6,32,49,2,14,85,9,554,325,13.0,,,2.0,,1.0,,,,,4.0,11.0,,2.0,245.0,71.0,146.0,,19.0,,25017.0,514.0,40.0
250173621001,28,122,55,67,32,94,17,16,103,9,543,1076,4.0,,,69.0,40.0,16.0,19.0,,13.0,3.0,1.0,51.0,,4.0,6.0,27.0,12.0,,22.0,96.0,25017.0,383.0,160.0
250173621002,38,177,11,0,65,44,12,22,68,92,529,1014,4.0,,,18.0,7.0,1.0,8.0,1.0,46.0,9.0,3.0,142.0,,2.0,133.0,14.0,1.0,,6.0,,25017.0,395.0,134.0
250173631021,55,366,124,2,44,590,9,56,218,36,1500,781,18.0,,,2.0,49.0,2.0,602.0,60.0,24.0,44.0,16.0,129.0,,46.0,74.0,304.0,95.0,195.0,124.0,,25017.0,1784.0,-284.0
250173631022,8,44,40,1,25,65,1,0,77,24,285,896,7.0,,1.0,,,2.0,4.0,,42.0,24.0,14.0,130.0,,20.0,8.0,16.0,,9.0,6.0,,25017.0,283.0,2.0
250173631023,116,261,81,3,45,414,561,18,315,142,1956,1391,,,,81.0,185.0,45.0,63.0,19.0,232.0,25.0,31.0,703.0,2.0,63.0,86.0,229.0,2.0,89.0,65.0,3.0,25017.0,1923.0,33.0
250173631031,26,126,25,1,41,155,2,10,132,24,542,1043,,,,32.0,3.0,,96.0,,12.0,16.0,2.0,39.0,,5.0,10.0,85.0,13.0,33.0,46.0,,25017.0,392.0,150.0
250173631032,33,71,12,193,68,18,26,4,113,8,546,453,,,,88.0,,5.0,5.0,,58.0,1.0,,28.0,,32.0,30.0,207.0,,2.0,5.0,135.0,25017.0,596.0,-50.0
250173631041,13,497,6,19,18,106,178,6,103,69,1015,942,,,,44.0,269.0,55.0,19.0,,1.0,9.0,,52.0,,,134.0,124.0,68.0,34.0,5.0,,25017.0,814.0,201.0
250173631042,13,119,5,14,18,55,9,9,119,206,567,374,,,,9.0,68.0,48.0,6.0,41.0,5.0,,4.0,21.0,3.0,,42.0,40.0,,,19.0,,25017.0,306.0,261.0
250173631043,38,104,4,4,27,191,18,16,186,38,626,870,,,,98.0,30.0,16.0,261.0,2.0,2.0,9.0,,119.0,,13.0,13.0,32.0,9.0,25.0,26.0,,25017.0,655.0,-29.0
250173631044,5,91,10,23,5,389,4,5,41,1,574,304,,,,,,,273.0,,4.0,16.0,,23.0,,8.0,,280.0,,118.0,13.0,49.0,25017.0,784.0,-210.0
250173632011,4,91,22,32,12,39,3,44,40,79,366,450,,,13.0,13.0,,1.0,47.0,13.0,,,7.0,20.0,17.0,7.0,,70.0,,9.0,40.0,50.0,25017.0,307.0,59.0
250173632012,0,6,0,0,2,1,0,1,32,1,43,470,,,,,2.0,1.0,,,6.0,,,7.0,,3.0,,3.0,,17.0,1.0,,25017.0,40.0,3.0
250173632013,20,57,15,0,27,44,3,21,53,11,251,362,10.0,,,18.0,,6.0,,38.0,,,,35.0,47.0,1.0,,30.0,,,3.0,,25017.0,188.0,63.0
250173632021,54,927,19,0,12,54,176,10,81,87,1420,297,,,,53.0,452.0,5.0,9.0,1.0,,7.0,3.0,38.0,,,759.0,33.0,,65.0,2.0,,25017.0,1427.0,-7.0
250173632022,8,45,3,1,17,92,9,53,63,3,294,511,1.0,,,,,19.0,93.0,,2.0,,,12.0,,1.0,2.0,,,31.0,58.0,,25017.0,219.0,75.0
250173632023,6,186,0,0,7,19,1,77,44,4,344,587,,,,7.0,,,133.0,,1.0,,4.0,10.0,,6.0,256.0,4.0,,,,,25017.0,421.0,-77.0
250173641011,45,318,75,49,44,281,35,65,318,82,1312,1048,,,,59.0,10.0,2.0,150.0,,57.0,27.0,,51.0,,85.0,20.0,31.0,,82.0,29.0,134.0,25017.0,737.0,575.0
250173641012,27,184,5,52,57,119,7,30,177,14,672,671,,,,69.0,,1.0,19.0,,,,13.0,16.0,,13.0,,4.0,26.0,8.0,22.0,88.0,25017.0,279.0,393.0
250173641013,32,225,11,87,51,88,4,32,158,27,715,791,,,,29.0,,3.0,14.0,,17.0,,2.0,1.0,,1.0,2.0,7.0,,,6.0,37.0,25017.0,119.0,596.0
250173641021,16,117,14,1,33,61,1,22,198,24,487,582,,,,1.0,,2.0,3.0,,2.0,,,,,,,3.0,,15.0,9.0,,25017.0,35.0,452.0
250173641022,28,396,2,6,63,130,6,24,301,35,991,633,,,,2.0,3.0,,,,,,,15.0,,7.0,,18.0,,,2.0,,25017.0,47.0,944.0
250173641023,381,459,121,9,118,337,51,22,1609,29,3136,467,,,,2.0,252.0,25.0,15.0,,21.0,10.0,16.0,388.0,225.0,407.0,351.0,60.0,,418.0,18.0,,25017.0,2208.0,928.0
250173641024,29,464,7,29,64,105,3,21,226,44,992,688,,,,28.0,,,,12.0,,,1.0,20.0,,3.0,,1.0,,,11.0,,25017.0,76.0,916.0
250173651001,8,128,5,1,18,16,1,7,88,4,276,587,18.0,,,7.0,,4.0,,,,2.0,,6.0,,,41.0,29.0,1.0,,5.0,,25017.0,113.0,163.0
250173651002,8,69,0,5,5,19,44,3,63,32,248,765,,,,9.0,2.0,17.0,17.0,,,3.0,,30.0,,22.0,507.0,43.0,115.0,,12.0,,25017.0,777.0,-529.0
250173651003,19,30,5,0,14,8,1,11,38,1,127,820,,,,11.0,,10.0,1.0,,,,,57.0,1.0,,,5.0,,,54.0,,25017.0,139.0,-12.0
250173651004,36,451,9,57,24,39,10,23,106,55,810,630,16.0,,1.0,5.0,4.0,42.0,,13.0,4.0,9.0,,96.0,,,259.0,86.0,,2.0,18.0,97.0,25017.0,652.0,158.0
250173652011,52,542,127,27,70,351,38,63,422,88,1780,1016,2.0,,,72.0,9.0,45.0,199.0,3.0,69.0,25.0,5.0,199.0,1.0,224.0,14.0,356.0,119.0,158.0,138.0,116.0,25017.0,1754.0,26.0
250173652012,5,1080,5,12,10,25,72,120,38,21,1388,479,323.0,,,6.0,9.0,96.0,3.0,,,,3.0,10.0,77.0,9.0,,,3.0,,6.0,1.0,25017.0,546.0,842.0
250173652013,5,11,0,0,1,5,0,1,180,5,208,375,,,,,,5.0,,,12.0,,1.0,17.0,,7.0,,,5.0,,3.0,,25017.0,50.0,158.0
250173652014,5,119,0,2,9,3,0,2,25,9,174,466,,,,2.0,,8.0,6.0,,,1.0,,33.0,,11.0,,14.0,2.0,,11.0,,25017.0,88.0,86.0
250173652021,51,370,68,21,59,480,27,66,259,208,1609,1190,33.0,,12.0,7.0,138.0,149.0,577.0,,12.0,58.0,15.0,98.0,,129.0,21.0,172.0,40.0,190.0,74.0,,25017.0,1725.0,-116.0
250173652022,7,32,0,2,8,9,0,7,24,1,90,417,,,,5.0,,4.0,2.0,,1.0,,,2.0,,1.0,,11.0,,,3.0,,25017.0,29.0,61.0
250173652023,10,203,12,55,19,129,17,8,117,23,593,490,,,,4.0,,29.0,18.0,5.0,5.0,1.0,12.0,50.0,,18.0,,191.0,,183.0,49.0,126.0,25017.0,691.0,-98.0
250173661001,4,126,10,0,83,71,38,8,90,3,433,399,,,,91.0,,13.0,56.0,,,8.0,11.0,142.0,3.0,59.0,,195.0,,34.0,10.0,,25017.0,622.0,-189.0
250173661002,12,172,12,12,18,68,0,20,106,18,438,402,,,,38.0,,6.0,10.0,,,6.0,,38.0,,29.0,25.0,57.0,,120.0,9.0,,25017.0,338.0,100.0
250173661003,3,13,1,0,4,5,0,3,19,5,53,340,,,,2.0,,1.0,,,2.0,,,,,2.0,,8.0,2.0,29.0,1.0,,25017.0,47.0,6.0
250173661004,8,16,0,1,6,5,2,0,25,1,64,412,,,,4.0,13.0,2.0,4.0,,4.0,,2.0,7.0,,,,11.0,,,2.0,,25017.0,49.0,15.0
250173661005,13,43,19,0,5,38,1,20,63,8,210,437,,,,2.0,,,6.0,,,22.0,,31.0,,12.0,6.0,15.0,9.0,42.0,28.0,7.0,25017.0,180.0,30.0
250173662011,17,55,6,0,10,57,2,10,63,17,237,979,,,6.0,10.0,,2.0,1.0,,7.0,2.0,1.0,23.0,,,8.0,9.0,7.0,3.0,25.0,,25017.0,104.0,133.0
250173662012,4,80,3,0,16,7,0,6,32,1,149,329,3.0,,,,1.0,,,6.0,37.0,1.0,,1.0,,10.0,,4.0,,,11.0,,25017.0,74.0,75.0
250173662021,50,387,61,33,35,383,63,87,197,68,1364,1178,116.0,,,37.0,134.0,11.0,127.0,,8.0,17.0,8.0,37.0,2.0,40.0,475.0,217.0,273.0,89.0,50.0,101.0,25017.0,1742.0,-378.0
250173662022,28,245,3,6,19,37,3,5,131,14,491,766,1.0,,,13.0,,3.0,,,1.0,10.0,,12.0,1.0,3.0,,109.0,12.0,,4.0,,25017.0,169.0,322.0
250173662023,31,101,34,50,11,111,3,47,139,19,546,355,,,,1.0,,6.0,42.0,,22.0,18.0,10.0,8.0,,4.0,,71.0,34.0,95.0,38.0,64.0,25017.0,413.0,133.0
250173671001,6,217,0,2,10,15,1,1,44,1,297,384,,,,10.0,,,,,3.0,3.0,2.0,11.0,,5.0,139.0,56.0,,12.0,13.0,,25017.0,254.0,43.0
250173671002,1,31,6,3,3,5,0,1,31,5,86,438,,,,10.0,,3.0,,1.0,2.0,4.0,1.0,10.0,,,,2.0,,,13.0,,25017.0,46.0,40.0
250173671003,2,45,3,0,7,5,6,9,42,5,124,287,,,,,,,7.0,,,1.0,1.0,35.0,,,2.0,5.0,3.0,,4.0,,25017.0,58.0,66.0
250173671004,3,45,1,0,17,10,1,5,45,6,133,416,,,,8.0,,,3.0,,,2.0,3.0,2.0,,2.0,2.0,11.0,2.0,1.0,14.0,,25017.0,50.0,83.0
250173672001,12,101,5,0,7,69,0,0,72,2,268,501,,,,156.0,,2.0,10.0,,2.0,,,42.0,,,80.0,39.0,95.0,7.0,12.0,42.0,25017.0,487.0,-219.0
250173672002,13,190,26,0,5,27,0,5,76,9,351,474,,,,4.0,,3.0,,11.0,,347.0,72.0,134.0,,33.0,,211.0,,8.0,19.0,,25017.0,842.0,-491.0
250173672003,13,495,6,32,11,85,17,12,64,10,745,504,7.0,,,5.0,,7.0,10.0,2.0,19.0,5.0,2.0,13.0,,2.0,1112.0,26.0,178.0,29.0,36.0,,25017.0,1453.0,-708.0
250173672004,1,3497,0,1,3,0,0,6,19,4,3531,297,,,,2.0,,5.0,2.0,,,6.0,1.0,7.0,1.0,,,4.0,,15.0,15.0,,25017.0,58.0,3473.0
250173672005,2,86,9,1,4,14,2,4,47,6,175,307,,,,1.0,,,1.0,4.0,5.0,2.0,,11.0,,,237.0,,,15.0,15.0,,25017.0,291.0,-116.0
250173672006,2,70,2,2,8,9,1,5,36,59,194,363,,,,12.0,,13.0,1.0,137.0,,3.0,2.0,16.0,,,,10.0,19.0,,22.0,34.0,25017.0,269.0,-75.0
250173672007,26,224,142,24,19,80,17,22,526,37,1117,355,8.0,,,11.0,4.0,1.0,59.0,,628.0,31.0,16.0,460.0,,26.0,104.0,95.0,1.0,64.0,25.0,101.0,25017.0,1634.0,-517.0
250173681011,9,63,4,1,14,118,0,10,83,13,315,420,,,,,,,166.0,1.0,,28.0,,7.0,,3.0,,25.0,,51.0,3.0,,25017.0,284.0,31.0
250173681012,3,76,50,0,19,139,1,6,109,11,414,1306,,,,6.0,,1.0,244.0,,22.0,6.0,28.0,20.0,21.0,198.0,,1.0,,122.0,14.0,,25017.0,683.0,-269.0
250173681013,12,47,12,1,16,38,1,6,82,9,224,596,,,,,,,28.0,4.0,,,,1.0,,36.0,,24.0,,,2.0,,25017.0,95.0,129.0
250173681014,297,332,198,4,228,324,0,30,1519,21,2953,468,,,,25.0,,13.0,9.0,,344.0,157.0,,1033.0,50.0,134.0,93.0,121.0,10.0,23.0,8.0,,25017.0,2020.0,933.0
250173681021,27,99,10,0,30,53,2,12,258,17,508,911,,,,24.0,,2.0,,,2.0,,1.0,16.0,,14.0,,6.0,,,3.0,,25017.0,68.0,440.0
250173681022,246,610,596,1,1246,727,267,21,1405,295,5414,550,,,,176.0,1365.0,728.0,8.0,,949.0,153.0,223.0,1760.0,161.0,269.0,341.0,64.0,14.0,237.0,51.0,,25017.0,6499.0,-1085.0
250173682001,9,71,11,2,23,25,5,8,102,15,271,573,,,,32.0,,,,,15.0,2.0,7.0,13.0,,21.0,27.0,6.0,15.0,,11.0,,25017.0,149.0,122.0
250173682002,10,83,1,2,15,20,0,3,59,11,204,275,,,,3.0,,,5.0,9.0,,,,,,2.0,,,,,,,25017.0,19.0,185.0
250173682003,7,50,8,2,16,20,0,5,59,6,173,312,,,,4.0,,,,,,8.0,,3.0,,5.0,6.0,19.0,3.0,15.0,7.0,,25017.0,70.0,103.0
250173682004,825,4982,1200,19,1709,2178,464,128,6542,1713,19760,811,1.0,,26.0,342.0,730.0,1797.0,1055.0,102.0,2167.0,1757.0,349.0,7933.0,5488.0,2305.0,113.0,1591.0,59.0,959.0,216.0,16.0,25017.0,27006.0,-7246.0
250173683001,60,128,58,2,35,100,67,59,175,17,701,649,,,,31.0,22.0,100.0,104.0,6.0,72.0,21.0,,47.0,,11.0,13.0,10.0,,83.0,75.0,36.0,25017.0,631.0,70.0
250173683002,14,71,36,1,5,39,7,8,43,8,232,469,,,,26.0,,,9.0,,,,5.0,4.0,,,17.0,18.0,,113.0,12.0,,25017.0,204.0,28.0
250173683003,120,766,80,112,41,270,2,76,330,135,1932,413,,,,40.0,21.0,,109.0,7.0,12.0,6.0,,8.0,3.0,17.0,,64.0,,119.0,45.0,,25017.0,451.0,1481.0
250173683004,42,99,120,1,40,173,13,12,1074,62,1636,555,,,,98.0,22.0,24.0,17.0,2.0,219.0,196.0,12.0,223.0,,722.0,50.0,36.0,,4.0,5.0,,25017.0,1630.0,6.0
250173683005,4,109,29,1,337,165,8,15,121,11,800,512,,,,6.0,16.0,4.0,228.0,,1.0,43.0,1.0,76.0,16.0,29.0,,47.0,,88.0,14.0,,25017.0,569.0,231.0
250173684001,38,91,11,1,24,100,333,25,176,79,878,461,,,,23.0,798.0,21.0,25.0,3.0,5.0,,31.0,187.0,,64.0,4.0,8.0,11.0,61.0,16.0,,25017.0,1257.0,-379.0
250173684002,37,9637,86,12,245,219,88,26,1486,32,11868,634,,,,2.0,50.0,20.0,20.0,,188.0,705.0,37.0,294.0,14.0,1306.0,1703.0,956.0,,293.0,24.0,,25017.0,5612.0,6256.0
250173684003,31,211,233,2,66,77,19,29,524,334,1526,686,,,,50.0,124.0,49.0,3.0,,244.0,417.0,31.0,378.0,418.0,126.0,,14.0,,12.0,12.0,,25017.0,1878.0,-352.0
250173684004,19,85,19,4,18,38,2,10,106,11,312,507,,,,10.0,,2.0,,3.0,,,1.0,,,10.0,,27.0,,,7.0,,25017.0,60.0,252.0
250173684005,12,39,1,5,15,14,0,9,54,14,163,263,,,,13.0,,,,,,,,11.0,,2.0,,,,,3.0,,25017.0,29.0,134.0
250173685001,15,85,7,0,24,112,5,9,90,9,356,772,,,,8.0,,,34.0,,24.0,,,24.0,,9.0,18.0,49.0,,133.0,40.0,,25017.0,339.0,17.0
250173685002,8,120,17,0,12,78,2,9,55,3,304,518,,,,,,,48.0,,,,4.0,1.0,,,3.0,30.0,,184.0,8.0,,25017.0,278.0,26.0
250173685003,8,149,25,2,19,163,15,21,130,47,579,798,,,,5.0,40.0,7.0,89.0,,11.0,2.0,14.0,10.0,,8.0,3.0,94.0,,208.0,44.0,,25017.0,535.0,44.0
250173686001,15,94,11,2,11,28,1,16,62,12,252,332,,,,3.0,,,14.0,,1.0,,5.0,3.0,,20.0,,3.0,,16.0,14.0,,25017.0,79.0,173.0
250173686002,3,59,5,0,11,15,3,3,80,10,189,335,,,,2.0,,,,,,4.0,,7.0,,1.0,,,,17.0,1.0,,25017.0,32.0,157.0
250173686003,10,26,23,1,8,26,0,11,45,6,156,533,,,,21.0,,,11.0,,,5.0,1.0,9.0,,16.0,,,,28.0,3.0,,25017.0,94.0,62.0
250173686004,16,138,22,1,41,93,31,16,395,105,858,660,,,,42.0,15.0,440.0,50.0,4.0,51.0,8.0,25.0,326.0,22.0,81.0,5.0,89.0,3.0,30.0,16.0,,25017.0,1207.0,-349.0
250173686005,25,49,1,1,10,24,2,7,38,6,163,570,,,,3.0,,,5.0,,,,,3.0,,5.0,,1.0,,4.0,8.0,,25017.0,29.0,134.0
250173687001,36,116,8,0,24,49,3,19,78,23,356,509,,,,29.0,24.0,4.0,2.0,,,,,3.0,,11.0,,79.0,7.0,,14.0,,25017.0,173.0,183.0
250173687002,78,144,9,3,44,85,228,54,211,183,1039,551,,,256.0,113.0,105.0,17.0,60.0,729.0,,,22.0,11.0,,3.0,,46.0,,,85.0,,25017.0,1447.0,-408.0
250173688001,59,161,98,366,38,97,9,52,282,162,1324,508,,,,62.0,25.0,17.0,31.0,9.0,,49.0,24.0,40.0,,193.0,,127.0,,67.0,33.0,,25017.0,677.0,647.0
250173688002,18,87,14,3,33,255,42,62,677,73,1264,677,,,,9.0,198.0,40.0,431.0,38.0,8.0,,8.0,803.0,,,8.0,26.0,26.0,92.0,9.0,,25017.0,1696.0,-432.0
250173688003,10,109,9,1,28,56,2,14,173,29,431,486,,,,16.0,,2.0,,,,,,9.0,,,,20.0,21.0,,1.0,,25017.0,69.0,362.0
250173688004,14,149,7,0,24,39,0,20,68,14,335,372,,,,16.0,9.0,53.0,2.0,2.0,14.0,,,2.0,,15.0,,122.0,,,3.0,,25017.0,238.0,97.0
250173688005,28,175,94,6,10,50,8,19,101,31,522,557,,,,17.0,,1.0,14.0,1.0,,100.0,3.0,23.0,,17.0,,146.0,108.0,33.0,21.0,,25017.0,484.0,38.0
250173689011,10,889,4,14,28,87,1,18,90,25,1166,268,,,,,,,17.0,,3.0,,3.0,,,43.0,1365.0,34.0,,309.0,46.0,,25017.0,1820.0,-654.0
250173689012,6,67,6,1,19,26,0,4,81,9,219,356,,,,,,4.0,,,,,,,,,,9.0,,,,,25017.0,13.0,206.0
250173689013,18,522,14,6,42,46,5,6,120,13,792,1254,,,,17.0,,,,9.0,,,7.0,5.0,,,1043.0,11.0,16.0,,201.0,,25017.0,1309.0,-517.0
250173689014,12,40,5,1,20,21,4,3,71,9,186,296,,,,5.0,,18.0,,1.0,2.0,,,30.0,,2.0,,6.0,,,,,25017.0,64.0,122.0
250173689021,43,115,74,10,36,82,6,22,186,27,601,855,,,,13.0,,2.0,22.0,,,9.0,,19.0,,15.0,,23.0,18.0,,12.0,25.0,25017.0,158.0,443.0
250173689022,7,224,69,34,21,191,26,46,128,37,783,421,,,1.0,4.0,18.0,17.0,51.0,316.0,,14.0,8.0,65.0,,7.0,3.0,128.0,,175.0,43.0,174.0,25017.0,1024.0,-241.0
250173689023,29,173,18,218,23,66,2,23,62,47,661,380,,,,71.0,11.0,22.0,23.0,,,5.0,,8.0,,102.0,,37.0,34.0,28.0,28.0,323.0,25017.0,692.0,-31.0
250173690001,43,709,20,26,40,143,8,39,210,37,1275,623,,,,44.0,2.0,5.0,18.0,47.0,19.0,6.0,,22.0,,2.0,9.0,208.0,,54.0,10.0,1.0,25017.0,447.0,828.0
250173691001,45,82,5,2,15,73,62,13,168,47,512,326,,11.0,,140.0,80.0,29.0,,,,1.0,,42.0,,23.0,9.0,13.0,41.0,30.0,19.0,,25017.0,438.0,74.0
250173691002,21,114,7,11,21,75,63,22,113,50,497,374,17.0,,,10.0,,,73.0,5.0,,,,288.0,,102.0,,3.0,,21.0,44.0,,25017.0,563.0,-66.0
250173691003,2,32,2,0,14,11,0,2,64,7,134,298,,,,,,,,,,3.0,,,,,,8.0,,36.0,,,25017.0,47.0,87.0
250173691004,81,479,290,13,144,246,144,26,506,323,2252,672,,,,88.0,241.0,109.0,75.0,5.0,314.0,48.0,174.0,854.0,94.0,143.0,228.0,478.0,93.0,34.0,45.0,9.0,25017.0,3032.0,-780.0
250173691005,19,124,1,3,29,36,1,29,124,9,375,443,,,,,57.0,,60.0,,,8.0,,2.0,,1.0,2.0,39.0,,49.0,27.0,,25017.0,245.0,130.0
250173701011,13,175,8,2,38,55,1,14,144,17,467,556,,,,6.0,,16.0,2.0,,,,,2.0,,5.0,,27.0,,,1.0,,25017.0,59.0,408.0
250173701012,22,178,8,0,22,50,1,19,117,17,434,603,,,,17.0,,8.0,5.0,,2.0,,,,,1.0,,7.0,,8.0,4.0,,25017.0,52.0,382.0
250173701013,27,140,4,21,25,41,12,24,125,8,427,995,,,,,8.0,9.0,3.0,,,,1.0,14.0,,45.0,37.0,19.0,,42.0,8.0,,25017.0,186.0,241.0
250173701014,22,184,10,1,38,56,3,6,164,27,511,749,,,,7.0,,,17.0,,2.0,,,5.0,,,,27.0,,,4.0,,25017.0,62.0,449.0
250173701021,34,175,38,5,37,449,164,83,262,204,1451,998,,,,41.0,157.0,90.0,685.0,,,38.0,15.0,216.0,6.0,130.0,126.0,2.0,75.0,8.0,96.0,,25017.0,1685.0,-234.0
250173701022,6,102,40,45,21,36,17,14,55,33,369,952,,,,3.0,,,19.0,,,7.0,4.0,3.0,,,29.0,48.0,,6.0,,106.0,25017.0,225.0,144.0
250173701023,46,220,61,82,49,163,20,56,250,27,974,411,,,,64.0,,,105.0,3.0,94.0,49.0,3.0,34.0,,48.0,2.0,539.0,31.0,189.0,20.0,206.0,25017.0,1387.0,-413.0
250173701024,65,420,155,28,72,269,14,76,596,122,1817,1243,,,,65.0,104.0,55.0,263.0,91.0,58.0,46.0,9.0,579.0,77.0,10.0,17.0,279.0,27.0,52.0,166.0,,25017.0,1898.0,-81.0
250173701025,86,103,98,53,35,107,62,50,215,407,1216,757,,,,806.0,112.0,,50.0,16.0,1.0,3.0,,81.0,,23.0,9.0,48.0,51.0,79.0,6.0,,25017.0,1285.0,-69.0
250173702011,8,45,3,1,6,67,1,6,58,8,203,537,,,,1.0,,,,,,1.0,1.0,3.0,,,2.0,4.0,,,7.0,,25017.0,19.0,184.0
250173702012,8,70,4,2,9,17,1,9,67,5,192,604,,,,2.0,,,,1.0,,2.0,1.0,3.0,,,,6.0,,,6.0,,25017.0,21.0,171.0
250173702013,10,230,13,1,22,37,2,109,108,7,539,690,,,,,,8.0,,,11.0,1.0,2.0,13.0,,5.0,,31.0,,,16.0,,25017.0,87.0,452.0
250173702021,19,109,7,10,17,23,1,7,75,20,288,388,,,,4.0,4.0,,1.0,,15.0,,,12.0,,,651.0,8.0,,2.0,,,25017.0,697.0,-409.0
250173702022,13,74,4,0,27,21,0,10,166,4,319,436,,,,,,,,,,,,3.0,,3.0,,11.0,,,3.0,,25017.0,20.0,299.0
250173702023,42,83,2,0,6,24,3,9,99,14,282,403,,,24.0,44.0,,,,,,,,,,,,18.0,,,4.0,,25017.0,90.0,192.0
250173702024,13,124,3,1,22,89,3,8,114,14,391,612,,,,8.0,,,,,1.0,,1.0,12.0,,,,15.0,,,9.0,,25017.0,46.0,345.0
250173703001,22,156,19,6,48,81,57,27,286,20,722,102,,,,,115.0,,,,,,,,,2.0,,3.0,,,2.0,,25017.0,122.0,600.0
250173703002,505,2081,218,23,458,1654,165,174,1452,172,6902,967,,,,120.0,12.0,115.0,1369.0,3.0,2939.0,10.0,12.0,754.0,1259.0,59.0,48.0,788.0,132.0,369.0,58.0,51.0,25017.0,8098.0,-1196.0
250173703003,133,290,103,9,199,156,213,30,225,41,1399,360,,,,25.0,197.0,15.0,5.0,,,,4.0,9.0,,70.0,,4.0,,13.0,10.0,,25017.0,352.0,1047.0
250173703004,11,127,5,1,7,51,2,20,65,12,301,497,,,,1.0,10.0,,30.0,,,,,17.0,,,,15.0,,26.0,13.0,,25017.0,112.0,189.0
250173703005,31,91,25,3,41,129,12,51,69,48,500,337,,,,31.0,78.0,9.0,81.0,,15.0,23.0,5.0,5.0,,3.0,29.0,,31.0,137.0,21.0,,25017.0,468.0,32.0
250173703006,7,1936,3,0,11,20,3,28,32,2,2042,286,,,,,,,,,3.0,2439.0,,11.0,,2.0,,2.0,,17.0,4.0,,25017.0,2478.0,-436.0
250173703007,11,75,21,1,12,35,10,24,63,6,258,404,,,,7.0,,,,,,2.0,1.0,1.0,,12.0,,7.0,,14.0,8.0,,25017.0,52.0,206.0
250173704001,12,158,37,0,8,7,2,8,47,6,285,454,,,,35.0,,1.0,,,,3.0,2.0,7.0,,,,61.0,,2.0,,,25017.0,111.0,174.0
250173704002,41,117,89,1,20,194,65,42,1066,30,1665,800,,,,12.0,247.0,,174.0,,3.0,11.0,21.0,393.0,,2.0,14.0,18.0,5.0,29.0,29.0,,25017.0,958.0,707.0
250173704003,9,77,30,1,13,71,0,44,73,18,336,300,,,,16.0,,3.0,195.0,,,8.0,17.0,7.0,,1.0,,12.0,,104.0,40.0,,25017.0,403.0,-67.0
250173704004,4,657,21,5,34,23,0,15,75,17,851,295,,,,4.0,,,22.0,22.0,,,,1.0,,9.0,614.0,8.0,1.0,,4.0,,25017.0,685.0,166.0
250173704005,5,31,12,0,10,81,8,10,74,16,247,326,,,,11.0,,2.0,56.0,,,,6.0,15.0,,,10.0,4.0,,21.0,,,25017.0,125.0,122.0
250173704006,19,100,45,0,39,90,78,29,319,23,742,503,,,,14.0,77.0,,124.0,8.0,33.0,,13.0,109.0,6.0,9.0,1.0,186.0,14.0,16.0,36.0,,25017.0,646.0,96.0
250173731001,8,59,4,6,27,26,3,4,54,7,198,331,,,,1.0,,,,,,,,1.0,,,,2.0,,,16.0,,25017.0,20.0,178.0
250173731002,14,157,5,0,22,22,3,7,83,9,322,466,,,,,,2.0,,,,1.0,,19.0,,,,4.0,,,,,25017.0,26.0,296.0
250173731003,11,426,22,0,11,58,2,29,88,6,653,515,,,,3.0,5.0,,,,6.0,1.0,,347.0,1.0,,16.0,234.0,,5.0,38.0,,25017.0,656.0,-3.0
250173731004,16,354,1,1,10,23,0,5,60,4,474,357,,,,18.0,,,,,1.0,2.0,,3.0,,1.0,,11.0,9.0,,163.0,,25017.0,208.0,266.0
250173731005,27,369,56,34,160,354,85,17,464,85,1651,625,,,,179.0,25.0,49.0,168.0,1.0,80.0,135.0,215.0,503.0,79.0,114.0,40.0,415.0,89.0,308.0,22.0,7.0,25017.0,2429.0,-778.0
250173732001,72,120,22,4,24,143,31,22,469,19,926,809,,,,50.0,35.0,64.0,25.0,11.0,,1.0,27.0,303.0,,39.0,91.0,34.0,,81.0,39.0,,25017.0,800.0,126.0
250173732002,12,252,64,2,13,31,0,19,112,5,510,378,,,,71.0,,2.0,,,1.0,31.0,4.0,49.0,,2.0,89.0,181.0,,,8.0,,25017.0,438.0,72.0
250173732003,71,482,65,2,9,67,28,7,133,40,904,398,,,,120.0,22.0,3.0,,1.0,129.0,52.0,,120.0,133.0,24.0,5.0,38.0,7.0,17.0,22.0,,25017.0,693.0,211.0
250173732004,81,177,33,1,49,154,76,39,419,34,1063,745,,,,67.0,166.0,56.0,120.0,,377.0,,35.0,434.0,,50.0,149.0,117.0,,83.0,82.0,,25017.0,1736.0,-673.0
250173733001,13,66,25,1,10,43,0,12,95,10,275,284,,,,2.0,,,,,5.0,,,25.0,,,2.0,26.0,,,,,25017.0,60.0,215.0
250173733002,7,841,6,100,17,31,2,9,95,7,1115,567,,,,,1.0,,4.0,,1.0,1.0,2.0,7.0,,3.0,3196.0,24.0,,19.0,23.0,,25017.0,3281.0,-2166.0
250173733003,343,221,95,37,58,220,5,27,255,167,1428,671,,,,117.0,,3.0,493.0,,57.0,18.0,6.0,148.0,,139.0,29.0,111.0,,121.0,52.0,,25017.0,1294.0,134.0
250173734001,18,313,23,4,39,37,12,34,127,10,617,911,,,,10.0,,36.0,,,,1.0,,36.0,,14.0,1.0,68.0,1.0,4.0,46.0,,25017.0,217.0,400.0
250173734002,30,548,95,16,29,195,13,16,193,20,1155,574,,,,10.0,9.0,15.0,156.0,1.0,9.0,60.0,5.0,23.0,,4.0,93.0,126.0,3.0,147.0,72.0,,25017.0,733.0,422.0
250173735001,11,76,13,1,20,32,4,18,94,10,279,278,,,,6.0,,,,,,,9.0,7.0,,3.0,,8.0,4.0,,21.0,2.0,25017.0,60.0,219.0
250173735002,12,170,20,2,27,101,1,12,191,16,552,629,,,,12.0,,2.0,1.0,,,7.0,8.0,9.0,,,,52.0,30.0,47.0,18.0,,25017.0,186.0,366.0
250173735003,6,102,16,2,33,27,10,18,122,19,355,385,,,,,17.0,1.0,5.0,,,3.0,2.0,13.0,,1.0,8.0,4.0,,,2.0,,25017.0,56.0,299.0
250173735004,36,386,29,0,36,86,5,20,246,16,860,690,,,,6.0,,3.0,3.0,,1.0,1.0,3.0,14.0,,1.0,6.0,111.0,1.0,,32.0,,25017.0,182.0,678.0
250173736001,64,253,30,0,119,366,16,18,131,101,1098,313,,,,,5.0,,1399.0,,130.0,,165.0,1.0,,78.0,8.0,62.0,3.0,751.0,58.0,,25017.0,2660.0,-1562.0
250173736002,5,2269,7,1,237,52,3,40,100,55,2769,210,,,,,,5.0,27.0,,2.0,,3.0,1.0,,3.0,4197.0,8.0,31.0,19.0,35.0,,25017.0,4331.0,-1562.0
250173736003,29,330,184,143,64,196,7,131,247,80,1411,541,,,,6.0,,,52.0,,3.0,31.0,5.0,114.0,,12.0,23.0,89.0,10.0,160.0,123.0,,25017.0,628.0,783.0
250173737001,9,90,6,3,28,38,1,14,105,9,303,292,,,,3.0,,,,2.0,,,,29.0,,,4.0,17.0,,18.0,20.0,,25017.0,93.0,210.0
250173737002,10,136,5,1,18,45,7,7,266,17,512,452,,,,1.0,,3.0,,,,1.0,,2.0,,1.0,,12.0,,,20.0,,25017.0,40.0,472.0
250173737003,17,346,172,0,35,179,5,29,163,10,956,429,,,,2.0,,4.0,93.0,,,15.0,35.0,54.0,,23.0,1.0,122.0,,157.0,91.0,,25017.0,597.0,359.0
250173737004,292,95,19,155,78,67,3,47,194,26,976,276,,,,270.0,,,28.0,,136.0,,3.0,9.0,,1.0,,35.0,56.0,19.0,47.0,781.0,25017.0,1385.0,-409.0
250173738001,21,334,245,41,50,199,4,24,158,25,1101,742,,,,6.0,1.0,5.0,84.0,5.0,22.0,22.0,44.0,24.0,,2.0,166.0,115.0,24.0,213.0,134.0,,25017.0,867.0,234.0
250173738002,57,148,116,4,13,55,9,35,124,13,574,885,,,,30.0,,1.0,6.0,,,29.0,9.0,27.0,4.0,8.0,,39.0,239.0,28.0,13.0,,25017.0,433.0,141.0
250173738003,11,252,56,0,28,25,5,19,214,17,627,640,,,,,,61.0,,,,1.0,20.0,111.0,3.0,5.0,75.0,354.0,3.0,,145.0,,25017.0,778.0,-151.0
250173738004,9,130,19,0,19,120,1,41,104,30,473,282,,,,7.0,,,14.0,,,11.0,9.0,10.0,17.0,6.0,94.0,25.0,8.0,,8.0,,25017.0,209.0,264.0
250173739001,161,666,98,15,215,908,12,16,487,59,2637,1032,,,,3.0,,5.0,763.0,1.0,3.0,3.0,4.0,32.0,4.0,13.0,2.0,162.0,190.0,327.0,27.0,,25017.0,1539.0,1098.0
250173739002,10,169,11,0,29,40,2,12,128,13,414,659,,,,9.0,,2.0,4.0,,5.0,1.0,1.0,23.0,,5.0,,19.0,2.0,,17.0,,25017.0,88.0,326.0
250173739003,16,602,16,5,32,71,2,7,192,13,956,750,,,,,,28.0,,,2.0,2.0,1.0,18.0,,3.0,1.0,28.0,,,22.0,,25017.0,105.0,851.0
250173739004,14,122,17,1,21,42,1,25,95,16,354,497,,,,3.0,,2.0,1.0,,36.0,,,10.0,,3.0,5.0,27.0,7.0,,10.0,,25017.0,104.0,250.0
250173740001,18,109,21,1,35,42,5,4,191,15,441,550,,,,14.0,3.0,,,,,,,4.0,,7.0,,27.0,,6.0,3.0,,25017.0,64.0,377.0
250173740002,225,1215,343,4,287,617,209,478,938,297,4613,899,4.0,,,2.0,194.0,238.0,144.0,1.0,388.0,381.0,349.0,400.0,2.0,414.0,1647.0,669.0,138.0,67.0,112.0,,25017.0,5150.0,-537.0
250173740003,39,190,5,1,30,57,2,17,169,27,537,522,,,,79.0,,5.0,,,,1.0,,1.0,,1.0,15.0,17.0,,2.0,7.0,,25017.0,128.0,409.0
250173741001,132,619,194,5,407,712,109,92,462,433,3165,2214,,,,169.0,166.0,123.0,732.0,26.0,67.0,28.0,51.0,188.0,59.0,529.0,139.0,505.0,,281.0,329.0,,25017.0,3392.0,-227.0
250173741002,35,264,20,1,72,100,5,11,223,13,744,667,,,,67.0,14.0,2.0,81.0,,74.0,4.0,5.0,145.0,,21.0,2.0,317.0,,10.0,48.0,,25017.0,790.0,-46.0
250173741003,20,238,77,137,30,152,9,34,163,71,931,499,,,,44.0,8.0,59.0,198.0,23.0,16.0,4.0,21.0,51.0,,13.0,8.0,407.0,8.0,123.0,57.0,,25017.0,1040.0,-109.0
250173742001,21,128,14,0,13,67,5,50,139,9,446,409,,,,,,,311.0,,3.0,,13.0,37.0,,11.0,,31.0,7.0,101.0,109.0,,25017.0,623.0,-177.0
250173742002,11,223,22,18,29,194,1,32,262,40,832,707,,,,3.0,,1.0,50.0,,29.0,23.0,14.0,16.0,,9.0,59.0,70.0,13.0,39.0,158.0,17.0,25017.0,501.0,331.0
250173742003,6,148,12,0,22,50,4,16,155,14,427,544,,,,5.0,,,3.0,,2.0,1.0,1.0,26.0,2.0,,,14.0,,,9.0,,25017.0,63.0,364.0
250173743001,24,123,21,1,36,57,2,14,118,13,409,463,,,,8.0,,12.0,,,,15.0,,1.0,,3.0,,45.0,,20.0,12.0,,25017.0,116.0,293.0
250173743002,89,232,42,2,34,138,33,17,222,28,837,585,,,,283.0,,30.0,12.0,,3.0,19.0,130.0,28.0,45.0,,,110.0,,19.0,21.0,,25017.0,700.0,137.0
250173743003,13,2678,9,0,24,33,1,8,150,12,2928,354,,,,,,,1.0,,2.0,,2.0,33.0,,3.0,,3595.0,,,16.0,,25017.0,3652.0,-724.0
250173744001,12,100,3,2,40,37,2,27,134,23,380,496,,,,5.0,,2.0,,,1.0,6.0,,18.0,2.0,,,22.0,,,42.0,,25017.0,98.0,282.0
250173744002,12,83,5,2,20,40,4,11,97,14,288,306,,,,,,5.0,,,,1.0,,42.0,,,,1.0,3.0,,15.0,,25017.0,67.0,221.0
250173744003,6,65,5,1,15,47,8,6,92,10,255,370,,,,,,,,,,,,7.0,,,,15.0,,,33.0,,25017.0,55.0,200.0
250173744004,9,248,35,2,28,114,19,10,145,8,618,940,,,,,,,10.0,,,2.0,29.0,27.0,2.0,,2.0,393.0,111.0,60.0,22.0,,25017.0,658.0,-40.0
250173744005,17,357,11,1,24,26,2,49,121,10,618,371,,,,,,1.0,,,,2.0,6.0,9.0,2.0,32.0,81.0,75.0,,,18.0,,25017.0,226.0,392.0
250173745001,9,245,27,27,43,60,5,31,107,16,570,392,,,,,12.0,2.0,29.0,,25.0,8.0,,2.0,,,156.0,24.0,,19.0,52.0,,25017.0,329.0,241.0
250173745002,32,94,10,1,22,39,4,13,162,194,571,555,,,,33.0,17.0,5.0,,2.0,,,3.0,3.0,,29.0,8.0,3.0,,52.0,27.0,,25017.0,182.0,389.0
250173745003,10,180,2,0,12,12,1,4,84,3,308,314,,,,1.0,,,,,,1.0,4.0,7.0,,5.0,241.0,35.0,,13.0,4.0,,25017.0,311.0,-3.0
250173745004,27,223,41,11,208,135,10,42,193,33,923,333,,,,29.0,20.0,48.0,153.0,,54.0,13.0,10.0,28.0,227.0,17.0,,104.0,42.0,31.0,42.0,2.0,25017.0,820.0,103.0
250173745005,5,56,16,5,9,31,2,63,80,8,275,275,,,,1.0,,,48.0,,4.0,,1.0,16.0,,40.0,,99.0,6.0,,1.0,,25017.0,216.0,59.0
250173746001,22,87,16,0,29,51,3,13,141,20,382,614,,,,11.0,,2.0,7.0,,,,,7.0,,5.0,4.0,,,1.0,3.0,,25017.0,40.0,342.0
250173746002,64,135,45,141,25,132,6,16,218,83,865,489,,,,79.0,12.0,22.0,25.0,5.0,,19.0,2.0,72.0,12.0,18.0,6.0,80.0,65.0,159.0,70.0,20.0,25017.0,666.0,199.0
250173746003,16,194,30,2,19,45,4,5,126,30,471,514,,,,37.0,,26.0,,,,40.0,63.0,178.0,,20.0,2.0,25.0,7.0,11.0,5.0,,25017.0,414.0,57.0
250173746004,14,129,2,0,27,29,2,7,135,8,353,423,,,,5.0,,,1.0,8.0,,,,8.0,,7.0,,13.0,,,1.0,,25017.0,43.0,310.0
250173747001,66,374,31,0,62,195,67,27,563,200,1585,1096,,,,52.0,67.0,48.0,136.0,50.0,2.0,45.0,18.0,122.0,14.0,76.0,8.0,425.0,29.0,40.0,75.0,,25017.0,1207.0,378.0
250173747002,22,175,68,3,43,298,10,30,184,42,875,805,,,,11.0,4.0,13.0,44.0,,2.0,33.0,11.0,46.0,39.0,3.0,3.0,31.0,5.0,282.0,35.0,,25017.0,562.0,313.0
250173748001,62,396,2,1,30,31,0,30,114,7,673,433,,,,4.0,,,4.0,,,,,11.0,,43.0,545.0,108.0,,9.0,15.0,,25017.0,739.0,-66.0
250173748002,29,1768,123,3,794,182,60,19,591,277,3846,682,,,,4.0,,107.0,29.0,,528.0,322.0,4.0,494.0,49.0,3085.0,33.0,681.0,57.0,94.0,6.0,,25017.0,5493.0,-1647.0
250173748003,11,141,332,0,24,47,23,8,151,17,754,516,,,,14.0,,5.0,,,,262.0,20.0,101.0,,55.0,2.0,29.0,,3.0,6.0,,25017.0,497.0,257.0
250173821001,20,1042,21,2,28,354,52,25,372,97,2013,516,,,,199.0,35.0,152.0,12.0,2.0,22.0,,19.0,130.0,7.0,39.0,262.0,44.0,195.0,,15.0,,25017.0,1133.0,880.0
250173821002,10,51,5,0,15,48,1,5,70,15,220,367,,,,3.0,,7.0,13.0,,,,,3.0,,4.0,,4.0,,27.0,1.0,,25017.0,62.0,158.0
250173821003,70,223,16,1,34,127,65,18,175,61,790,326,,,,93.0,7.0,71.0,59.0,1.0,,1.0,13.0,188.0,,20.0,100.0,4.0,,74.0,20.0,,25017.0,651.0,139.0
250173821004,12,58,4,0,17,72,0,9,99,16,287,312,,,,,,,109.0,,,3.0,,13.0,,2.0,5.0,1.0,19.0,10.0,6.0,,25017.0,168.0,119.0
250173821005,18,697,4,0,29,400,1,11,119,472,1751,442,,,,3.0,,,484.0,,,7.0,14.0,378.0,9.0,114.0,3.0,220.0,,124.0,9.0,,25017.0,1365.0,386.0
250173822001,34,252,60,228,76,417,14,83,265,25,1454,636,,,,22.0,11.0,10.0,146.0,,57.0,160.0,1.0,29.0,,9.0,38.0,11.0,3.0,146.0,94.0,,25017.0,737.0,717.0
250173822002,15,147,1,1,21,67,1,6,111,11,381,531,,,,3.0,,,1.0,,15.0,,,25.0,,25.0,,18.0,1.0,,,,25017.0,88.0,293.0
250173822003,22,196,8,1,12,48,1,2,71,12,373,478,,,,13.0,,3.0,30.0,,1.0,,,,,,166.0,,,58.0,4.0,,25017.0,275.0,98.0
250173822004,27,88,26,1,1424,164,62,51,325,9,2177,501,,,,3.0,,4.0,45.0,,3131.0,,1.0,19.0,48.0,11.0,13.0,24.0,,91.0,66.0,,25017.0,3456.0,-1279.0
250173823001,46,173,74,39,35,41,3,16,97,24,548,425,,,,,,,8.0,,,,7.0,,,1.0,724.0,15.0,,,13.0,195.0,25017.0,963.0,-415.0
250173823002,30,700,72,13,51,102,3,7,209,14,1201,896,25.0,,,15.0,,11.0,13.0,,1.0,1.0,6.0,17.0,,1.0,,771.0,,40.0,23.0,2.0,25017.0,926.0,275.0
250173823003,9,82,22,2,37,52,4,44,96,13,361,397,12.0,,,1.0,9.0,,,4.0,4.0,2.0,1.0,2.0,,,,10.0,21.0,,10.0,,25017.0,76.0,285.0
250173823004,31,387,80,9,40,108,25,19,266,16,981,603,,,,43.0,,15.0,6.0,,2.0,20.0,3.0,52.0,4.0,29.0,73.0,60.0,,7.0,50.0,5.0,25017.0,369.0,612.0
250173824001,10,139,3,4,30,56,5,26,125,22,420,627,,,,7.0,1.0,3.0,13.0,,6.0,,,6.0,,9.0,,8.0,,3.0,3.0,,25017.0,59.0,361.0
250173824002,10,313,21,8,18,41,1,4,75,51,542,1124,,,,7.0,2.0,4.0,1.0,12.0,5.0,,11.0,73.0,,8.0,,118.0,3.0,,4.0,,25017.0,248.0,294.0
250173824003,33,121,14,119,37,89,3,16,143,7,582,448,,,,93.0,,3.0,,,,,,21.0,,1.0,,47.0,39.0,,15.0,,25017.0,219.0,363.0
250173825001,206,671,84,10,128,763,18,40,1004,46,2970,1135,,,,92.0,2.0,141.0,450.0,103.0,147.0,13.0,13.0,481.0,9.0,1.0,8.0,150.0,46.0,129.0,13.0,7.0,25017.0,1805.0,1165.0
250173825002,98,331,154,6,37,401,27,95,376,131,1656,697,,,,93.0,13.0,42.0,310.0,28.0,13.0,30.0,14.0,105.0,1.0,291.0,13.0,332.0,54.0,60.0,95.0,70.0,25017.0,1564.0,92.0
250173825003,37,189,15,5,53,122,14,62,807,69,1373,756,,,,14.0,3.0,1.0,56.0,,16.0,2.0,26.0,96.0,,13.0,3.0,25.0,7.0,19.0,53.0,,25017.0,334.0,1039.0
250173826011,8,122,48,0,10,60,4,6,67,5,330,1185,,,,,,3.0,,,,3.0,10.0,8.0,,,10.0,28.0,,,,,25017.0,62.0,268.0
250173826012,8,50,7,0,10,18,0,5,36,4,138,507,,,,1.0,,,,,1.0,,,2.0,,2.0,,,,,,,25017.0,6.0,132.0
250173826013,64,212,40,1,26,75,0,44,89,23,574,715,,,,5.0,,4.0,293.0,11.0,,9.0,36.0,18.0,,29.0,,126.0,,12.0,48.0,,25017.0,591.0,-17.0
250173826021,4,123,1,0,30,47,2,5,68,7,287,216,,,,,,14.0,5.0,,19.0,,,10.0,16.0,,12.0,45.0,,29.0,29.0,,25017.0,179.0,108.0
250173826022,23,320,41,34,83,2955,76,31,274,202,4039,521,,,,,73.0,60.0,3321.0,,29.0,18.0,42.0,291.0,22.0,634.0,265.0,204.0,8.0,896.0,88.0,1.0,25017.0,5952.0,-1913.0
250173826023,44,524,75,4,44,88,83,22,269,23,1176,553,,,,42.0,2.0,23.0,16.0,,,,3.0,245.0,118.0,52.0,36.0,54.0,175.0,10.0,21.0,,25017.0,797.0,379.0
250173826024,28,135,15,0,19,50,3,22,66,11,349,654,,,,3.0,,,2.0,,,,,6.0,,8.0,,16.0,,29.0,9.0,,25017.0,73.0,276.0
250173831011,60,530,24,275,33,146,93,32,299,40,1532,805,,,24.0,183.0,6.0,587.0,29.0,9.0,17.0,,,3.0,,57.0,,364.0,,77.0,176.0,180.0,25017.0,1712.0,-180.0
250173831012,48,62,16,39,19,97,220,13,91,511,1116,543,,,,53.0,105.0,34.0,125.0,12.0,,,,23.0,,35.0,3.0,3.0,10.0,,38.0,,25017.0,441.0,675.0
250173831021,54,215,105,9,21,180,20,37,186,107,934,1035,,,,114.0,6.0,27.0,255.0,72.0,122.0,,14.0,5.0,,64.0,3.0,15.0,,38.0,19.0,,25017.0,754.0,180.0
250173831022,20,62,19,0,17,35,4,11,89,23,280,956,,,,2.0,,33.0,5.0,,,,,,,2.0,,38.0,,,,,25017.0,80.0,200.0
250173832001,11,88,14,3,34,84,2,34,155,81,506,753,,,,8.0,7.0,18.0,42.0,8.0,6.0,,,,,6.0,,15.0,,16.0,26.0,,25017.0,152.0,354.0
250173832002,11,63,4,1,17,26,0,7,82,7,218,424,,,,24.0,,,,,,,,,,8.0,,1.0,,,3.0,,25017.0,36.0,182.0
250173832003,28,72,9,2,56,125,43,27,74,20,456,483,,,,9.0,25.0,,55.0,,3.0,,,12.0,,33.0,,16.0,,57.0,58.0,,25017.0,268.0,188.0
250173832004,83,107,14,2,19,129,18,211,181,73,837,627,,,,39.0,37.0,7.0,68.0,,1.0,4.0,11.0,13.0,,58.0,2.0,17.0,,66.0,16.0,,25017.0,339.0,498.0
250173833001,51,808,64,61,114,123,25,53,358,200,1857,1105,,,,71.0,14.0,62.0,50.0,75.0,12.0,60.0,50.0,177.0,208.0,44.0,,478.0,,59.0,89.0,2.0,25017.0,1451.0,406.0
250173833002,20,583,6,2,34,69,6,15,171,29,935,704,,,,35.0,29.0,,19.0,252.0,,,,2.0,,,245.0,242.0,,6.0,2.0,,25017.0,832.0,103.0
250173834001,34,71,6,1,24,51,1,18,121,17,344,703,,,,10.0,,,12.0,,,,,3.0,,1.0,,3.0,,,2.0,3.0,25017.0,34.0,310.0
250173834002,22,118,7,1,13,24,307,13,85,643,1233,718,,,,9.0,,70.0,,,,,8.0,1.0,,249.0,,1598.0,,,9.0,,25017.0,1944.0,-711.0
250173834003,60,1062,82,514,119,107,12,65,404,65,2490,1028,,,,34.0,149.0,30.0,44.0,,97.0,22.0,8.0,42.0,374.0,130.0,,49.0,,63.0,15.0,517.0,25017.0,1574.0,916.0
250173834004,18,2784,46,4,15,42,3,16,136,6,3070,382,,,,8.0,,7.0,4.0,14.0,,20.0,,36.0,,1.0,,1530.0,,18.0,22.0,,25017.0,1660.0,1410.0
250173835011,45,128,30,9,62,515,17,14,164,31,1015,859,,,,10.0,3.0,29.0,390.0,,18.0,17.0,19.0,10.0,,5.0,,23.0,,271.0,68.0,,25017.0,863.0,152.0
250173835012,43,473,28,450,33,179,2,34,179,21,1442,919,,,,15.0,,3.0,61.0,,,2.0,,17.0,,25.0,62.0,129.0,,1.0,3.0,835.0,25017.0,1153.0,289.0
250173835013,6,373,43,28,41,48,1,8,165,30,743,495,,,,1.0,3.0,3.0,19.0,2.0,5.0,,26.0,37.0,23.0,66.0,8.0,117.0,69.0,,6.0,,25017.0,385.0,358.0
250173835021,24,2693,35,21,66,112,5,41,214,26,3237,519,,,,63.0,7.0,,28.0,1.0,,9.0,,30.0,,113.0,968.0,235.0,,105.0,22.0,,25017.0,1581.0,1656.0
250173835022,22,229,38,103,39,248,16,39,184,22,940,585,,,,3.0,6.0,34.0,171.0,5.0,,16.0,11.0,35.0,,31.0,30.0,199.0,7.0,115.0,81.0,,25017.0,744.0,196.0
250173836001,225,443,289,19,178,733,163,49,1072,227,3398,634,,,1.0,668.0,7.0,201.0,1219.0,22.0,1040.0,237.0,29.0,1223.0,277.0,58.0,78.0,328.0,,237.0,161.0,,25017.0,5786.0,-2388.0
250173836002,25,174,252,2,142,956,97,56,269,23,1996,553,,,,8.0,,37.0,1488.0,,233.0,98.0,42.0,289.0,4.0,98.0,,28.0,28.0,1006.0,4.0,,25017.0,3363.0,-1367.0
250173836003,63,420,40,10,31,307,9,59,263,50,1252,943,,,,26.0,10.0,2.0,296.0,,,42.0,4.0,48.0,,41.0,1.0,135.0,1.0,87.0,54.0,9.0,25017.0,756.0,496.0
250173836004,44,861,224,4,73,429,8,431,368,45,2487,711,,,,,2.0,14.0,219.0,,19.0,23.0,25.0,23.0,17.0,51.0,429.0,617.0,35.0,176.0,50.0,,25017.0,1700.0,787.0
250173837001,28,157,56,2,124,1085,4,31,299,22,1808,400,,,,46.0,,9.0,146.0,,128.0,26.0,4.0,405.0,3901.0,279.0,3.0,57.0,,47.0,83.0,,25017.0,5134.0,-3326.0
250173837002,50,159,22,2,186,151,3,104,244,19,940,259,,,,4.0,,16.0,,,140.0,,,110.0,10.0,1198.0,,3.0,192.0,,5.0,,25017.0,1678.0,-738.0
250173837003,36,374,39,3,59,219,171,17,274,54,1246,1082,,,,29.0,154.0,225.0,100.0,1.0,,2.0,8.0,147.0,153.0,100.0,,27.0,3.0,47.0,25.0,431.0,25017.0,1452.0,-206.0
250173837004,7,60,0,1,20,17,3,6,68,7,189,402,,,,1.0,,,,229.0,,,,1.0,,,,22.0,,,2.0,,25017.0,255.0,-66.0
250173838001,26,230,5,2,22,36,3,18,105,8,455,482,,,,14.0,,,5.0,,,,8.0,3.0,,5.0,,12.0,1.0,,,,25017.0,48.0,407.0
250173838002,15,119,7,0,21,39,1,9,86,10,307,435,,,,7.0,2.0,7.0,36.0,,,5.0,,3.0,,1.0,12.0,34.0,,21.0,23.0,,25017.0,151.0,156.0
250173838003,5,104,1,0,13,31,8,5,67,4,238,333,,,,15.0,13.0,,,,,,,8.0,,,,11.0,,,1.0,,25017.0,48.0,190.0
250173838004,9,70,9,0,40,39,5,11,104,20,307,630,,,,16.0,,2.0,2.0,1.0,1.0,4.0,7.0,7.0,,5.0,,8.0,,5.0,,,25017.0,58.0,249.0
250173838005,12,57,0,1,16,31,1,4,76,6,204,380,,,,7.0,2.0,3.0,,,,,,5.0,,15.0,,1.0,,,1.0,,25017.0,34.0,170.0
250173839011,11,225,3,3,20,30,3,4,69,9,377,306,,,,10.0,,3.0,,1.0,,,2.0,,,1.0,5.0,143.0,,,1.0,,25017.0,166.0,211.0
250173839012,8,76,1,1,20,22,0,7,73,14,222,317,,,,,,,,,,2.0,,3.0,,,,4.0,3.0,,1.0,,25017.0,13.0,209.0
250173839013,35,264,15,3,26,75,3,18,148,7,594,632,,,,4.0,,,,,,19.0,2.0,60.0,,2.0,,126.0,,14.0,48.0,,25017.0,275.0,319.0
250173839014,6,262,6,2,19,38,1,8,94,6,442,462,,,,11.0,,1.0,,2.0,,,,4.0,,14.0,1359.0,11.0,,,,,25017.0,1402.0,-960.0
250173839015,22,80,5,3,43,53,4,10,151,26,397,510,,,,,,2.0,2.0,,,,,,,5.0,,2.0,,,,,25017.0,11.0,386.0
250173839016,10,86,15,1,13,30,1,25,130,9,320,1028,,,,25.0,,3.0,3.0,,,5.0,11.0,21.0,,,9.0,7.0,,,3.0,,25017.0,87.0,233.0
250173839021,34,135,1,1,42,61,3,12,147,17,453,939,1.0,,,11.0,,14.0,3.0,,,,,9.0,,10.0,19.0,16.0,,,3.0,,25017.0,86.0,367.0
250173839022,32,82,27,2,24,93,3,15,118,25,421,525,,,,3.0,,7.0,41.0,,,,3.0,,,,,28.0,,52.0,28.0,,25017.0,162.0,259.0
250173839023,14,254,3,1,43,85,4,10,144,13,571,658,,,,4.0,,5.0,,,,,,15.0,,,51.0,2.0,12.0,6.0,,,25017.0,95.0,476.0
250173840011,236,1125,268,7,480,2063,488,39,852,100,5658,674,,3.0,,4.0,3432.0,6.0,80.0,177.0,164.0,18.0,28.0,1167.0,,109.0,,204.0,20.0,73.0,40.0,,25017.0,5525.0,133.0
250173840021,27,171,66,0,30,3841,34,19,167,25,4380,1349,,,,,164.0,686.0,102.0,10.0,207.0,33.0,30.0,639.0,1805.0,72.0,41.0,531.0,,201.0,45.0,,25017.0,4566.0,-186.0
250173840022,7,109,5,0,21,73,0,46,177,12,450,288,,,,11.0,,6.0,,,,,,5.0,,,8.0,8.0,10.0,,,,25017.0,48.0,402.0
250173840023,36,217,52,3,41,95,17,13,191,19,684,1338,,,,3.0,,33.0,49.0,,2.0,,16.0,23.0,1.0,320.0,1.0,153.0,70.0,38.0,3.0,,25017.0,712.0,-28.0
250173851001,26,121,26,5,21,46,8,59,73,112,497,639,,,,23.0,6.0,7.0,22.0,9.0,6.0,9.0,,23.0,1.0,44.0,402.0,32.0,9.0,,18.0,,25017.0,611.0,-114.0
250173851002,38,166,11,293,48,108,40,57,205,49,1015,1768,,,,18.0,234.0,19.0,12.0,3.0,4.0,,3.0,24.0,,17.0,21.0,31.0,,82.0,40.0,,25017.0,508.0,507.0
250173851003,54,137,11,63,15,63,135,8,64,41,591,692,,,,275.0,29.0,,54.0,,,,6.0,21.0,,1.0,,70.0,7.0,52.0,7.0,110.0,25017.0,632.0,-41.0
250173852011,31,61,13,41,37,87,11,27,200,32,540,823,,,,21.0,4.0,,57.0,,,10.0,1.0,7.0,,,,122.0,,82.0,25.0,,25017.0,329.0,211.0
250173852012,1,15,4,14,6,1,0,1,13,4,59,357,,,,17.0,6.0,,,,65.0,,,,,,49.0,4.0,,,1.0,,25017.0,142.0,-83.0
250173852021,142,156,26,0,38,374,74,90,206,150,1256,1202,,,,6.0,71.0,10.0,481.0,99.0,2.0,11.0,1.0,27.0,,64.0,18.0,132.0,38.0,121.0,51.0,,25017.0,1132.0,124.0
250173852022,15,147,15,22,31,63,10,19,91,9,422,1125,,,,15.0,,5.0,25.0,,2.0,2.0,,41.0,,5.0,16.0,11.0,,10.0,11.0,28.0,25017.0,171.0,251.0
250173852023,22,226,22,0,45,64,49,48,604,20,1100,458,,,,32.0,429.0,10.0,16.0,3.0,,,1.0,48.0,,324.0,3.0,11.0,28.0,5.0,92.0,,25017.0,1002.0,98.0
250173852024,62,50,13,2,18,74,93,25,170,24,531,629,,,,23.0,36.0,12.0,27.0,95.0,,5.0,6.0,23.0,,8.0,,7.0,8.0,97.0,52.0,,25017.0,399.0,132.0
250173861001,28,146,49,54,58,56,15,55,133,28,622,520,4.0,,,50.0,2.0,8.0,13.0,,,17.0,3.0,14.0,3.0,20.0,,2.0,14.0,,21.0,,25017.0,171.0,451.0
250173861002,19,109,27,31,70,48,1,18,153,21,497,698,3.0,,,15.0,,,13.0,,7.0,,,18.0,1.0,15.0,77.0,11.0,3.0,10.0,12.0,92.0,25017.0,277.0,220.0
250173861003,11,66,19,1,27,70,0,17,72,10,293,565,25.0,,,2.0,,3.0,11.0,,2.0,14.0,2.0,11.0,,6.0,,5.0,,43.0,13.0,,25017.0,137.0,156.0
250173871001,161,213,7,1,47,79,262,9,343,43,1165,420,5.0,,,170.0,300.0,2.0,24.0,,2.0,2.0,,1658.0,,44.0,15.0,30.0,,,9.0,,25017.0,2261.0,-1096.0
250173871002,58,148,9,3,64,104,298,73,382,131,1270,388,,,,809.0,156.0,333.0,34.0,,,,1.0,31.0,,138.0,,5.0,,8.0,90.0,,25017.0,1605.0,-335.0
250173871003,27,97,7,9,20,42,3,18,93,7,323,650,9.0,,,7.0,,64.0,,,1.0,,,6.0,,,,4.0,,,9.0,,25017.0,100.0,223.0
250173871004,24,107,18,9,22,54,26,8,144,7,419,328,,,,36.0,3.0,11.0,10.0,,,15.0,,19.0,,6.0,,6.0,,,1.0,,25017.0,107.0,312.0
250173872011,131,244,41,2,64,237,31,44,341,87,1222,1355,,,,120.0,266.0,78.0,19.0,29.0,1.0,10.0,31.0,46.0,32.0,128.0,50.0,42.0,,28.0,24.0,,25017.0,904.0,318.0
250173872012,32,644,59,112,59,115,12,46,241,22,1342,384,,,,30.0,8.0,5.0,81.0,,,37.0,2.0,78.0,,62.0,10.0,75.0,,127.0,30.0,63.0,25017.0,608.0,734.0
250173872013,7,110,2,20,24,29,1,13,64,29,299,419,,,,,,,,,,,,5.0,,,453.0,4.0,32.0,,,,25017.0,494.0,-195.0
250173872014,23,220,25,3,32,44,4,14,99,14,478,398,12.0,,,32.0,3.0,2.0,30.0,,24.0,1.0,1.0,5.0,,4.0,,52.0,,,10.0,53.0,25017.0,229.0,249.0
250173872021,18,65,0,0,24,36,2,13,53,7,218,428,13.0,,,20.0,,4.0,,,,,,9.0,,,,4.0,39.0,,7.0,,25017.0,96.0,122.0
250173872022,26,126,12,0,35,50,1,24,103,16,393,528,7.0,,,11.0,,3.0,2.0,,,,,5.0,,,,2.0,107.0,,,,25017.0,137.0,256.0
250173872023,31,130,7,4,34,88,24,17,135,49,519,825,,,,6.0,40.0,31.0,,,,3.0,1.0,8.0,,2.0,,22.0,,,14.0,,25017.0,127.0,392.0
250173881001,47,212,18,54,90,130,92,25,286,42,996,1174,,,,47.0,,86.0,23.0,2.0,131.0,17.0,2.0,723.0,,6.0,155.0,26.0,88.0,5.0,37.0,50.0,25017.0,1398.0,-402.0
250173881002,57,151,12,5,81,78,42,24,325,28,803,821,,,,250.0,16.0,52.0,40.0,,23.0,7.0,2.0,259.0,,197.0,,23.0,3.0,142.0,9.0,,25017.0,1023.0,-220.0
250173881003,16,48,5,1,33,29,479,3,68,1,683,547,,,,2.0,521.0,31.0,,,,12.0,,1198.0,,19.0,,,23.0,25.0,1.0,,25017.0,1832.0,-1149.0
250173882001,12,7,2,2,1,33,24,1,9,4,95,503,,,,8.0,14.0,,5.0,314.0,,,,2.0,,,,2.0,,78.0,5.0,,25017.0,428.0,-333.0
250173882002,37,134,14,8,10,90,91,19,76,17,496,1153,,,6.0,39.0,28.0,15.0,,,,,19.0,21.0,1.0,3.0,,87.0,,,3.0,,25017.0,222.0,274.0
250173882003,150,330,15,386,2,52,331,29,368,56,1719,950,,,5.0,233.0,410.0,60.0,33.0,21.0,7.0,21.0,6.0,82.0,1.0,68.0,111.0,117.0,2.0,40.0,24.0,53.0,25017.0,1294.0,425.0
250173883001,3,277,11,0,0,11,5,12,15,2,336,695,,,,,,,23.0,,,,,,,,,93.0,3.0,12.0,15.0,,25017.0,146.0,190.0
250173883002,104,397,89,27,11,158,106,34,402,18,1346,825,,,,40.0,44.0,34.0,26.0,2.0,5.0,,,454.0,,420.0,,134.0,,96.0,16.0,147.0,25017.0,1418.0,-72.0
250173883003,2,224,24,0,6,140,1,9,34,2,442,160,,,8.0,,,,9.0,,,,,,,,3682.0,207.0,15.0,43.0,6.0,,25017.0,3970.0,-3528.0
250173883004,30,270,20,0,15,22,2,24,45,0,428,320,,,,,,,7.0,,,,,,,,3.0,110.0,,,,,25017.0,120.0,308.0
250199501001,70,183,33,37,21,99,2,142,117,5,709,609,,,,17.0,1.0,1.0,4.0,,5.0,2.0,10.0,17.0,,7.0,249.0,316.0,93.0,22.0,48.0,68.0,25019.0,860.0,-151.0
250199501002,118,112,79,157,23,1000,4,95,253,42,1883,538,2.0,,,11.0,34.0,10.0,263.0,5.0,58.0,13.0,55.0,48.0,38.0,9.0,6.0,55.0,73.0,275.0,27.0,150.0,25019.0,1132.0,751.0
250199502001,85,83,67,34,10,224,3,19,114,15,654,688,,,,113.0,10.0,,224.0,,17.0,38.0,17.0,43.0,,51.0,1.0,11.0,8.0,192.0,57.0,24.0,25019.0,806.0,-152.0
250199502002,31,29,12,10,2,66,0,12,100,7,269,620,2.0,,,71.0,3.0,,7.0,,,,6.0,14.0,,102.0,,31.0,2.0,,26.0,,25019.0,264.0,5.0
250199502003,58,14,12,2,1,56,0,5,70,27,245,644,1.0,,13.0,157.0,12.0,,5.0,4.0,,,20.0,10.0,,79.0,,18.0,42.0,14.0,2.0,,25019.0,377.0,-132.0
250199502004,53,62,53,21,10,74,16,36,52,12,389,504,44.0,,,49.0,32.0,,13.0,,,,,2.0,,47.0,3.0,26.0,5.0,29.0,3.0,4.0,25019.0,257.0,132.0
250199503071,258,115,16,61,23,121,16,17,175,73,875,678,,,,67.0,,,13.0,36.0,,,,18.0,,48.0,,,,,18.0,,25019.0,200.0,675.0
250199504001,209,81,58,59,19,377,26,27,172,63,1091,948,,,,154.0,4.0,6.0,59.0,,10.0,4.0,12.0,16.0,,92.0,25.0,53.0,18.0,80.0,20.0,,25019.0,553.0,538.0
250199504002,150,47,59,40,2,204,2,4,135,88,731,641,8.0,,38.0,203.0,6.0,3.0,99.0,34.0,,,14.0,21.0,,82.0,38.0,32.0,19.0,39.0,15.0,17.0,25019.0,668.0,63.0
250199505001,74,101,24,34,8,161,10,69,100,10,591,626,,,,17.0,11.0,,36.0,57.0,,3.0,,7.0,,24.0,4.0,2.0,113.0,41.0,11.0,,25019.0,326.0,265.0
250199505002,69,115,13,55,12,211,6,55,150,21,707,527,,,,29.0,3.0,1.0,51.0,,5.0,,7.0,,,51.0,,2.0,2.0,22.0,9.0,,25019.0,182.0,525.0
250214001001,9,186,7,1,36,131,1,36,103,22,532,285,,,,,14.0,1.0,117.0,,,5.0,16.0,27.0,,,3.0,,,214.0,33.0,,25021.0,430.0,102.0
250214001002,2,207,47,1,9,29,1,14,50,4,364,506,,,,,57.0,,,,4.0,,7.0,14.0,,,23.0,56.0,,35.0,15.0,,25021.0,211.0,153.0
250214001003,12,355,69,29,11,37,0,22,105,5,645,931,,,,,2.0,2.0,1.0,,,,36.0,12.0,,35.0,21.0,153.0,,81.0,16.0,46.0,25021.0,405.0,240.0
250214001004,23,885,423,2,141,274,9,41,221,48,2067,928,,,,,62.0,,46.0,,148.0,2.0,21.0,25.0,,,8.0,598.0,,168.0,41.0,,25021.0,1119.0,948.0
250214002001,13,506,75,0,37,52,0,30,58,4,775,707,,,,10.0,,2.0,74.0,,36.0,11.0,9.0,257.0,,,,22.0,29.0,36.0,2.0,,25021.0,488.0,287.0
250214002002,20,309,181,2,95,259,11,23,147,34,1081,1565,,,,4.0,,6.0,258.0,1.0,47.0,29.0,40.0,30.0,2.0,32.0,9.0,142.0,36.0,348.0,63.0,,25021.0,1047.0,34.0
250214002003,6,150,61,1,16,55,7,23,121,12,452,742,,,,2.0,,1.0,,,1.0,,23.0,23.0,,,10.0,1030.0,,113.0,34.0,,25021.0,1237.0,-785.0
250214003001,7,104,5,0,18,16,0,3,46,7,206,383,,,,,,,,,2.0,2.0,,13.0,,,4.0,5.0,,13.0,10.0,,25021.0,49.0,157.0
250214003002,42,274,28,2,23,161,6,32,205,4,777,756,,,,,,5.0,28.0,,2.0,23.0,,13.0,,1.0,,26.0,148.0,98.0,14.0,,25021.0,358.0,419.0
250214003003,8,95,39,0,10,102,0,55,91,41,441,636,,,,,,,143.0,,,12.0,1.0,8.0,,4.0,,33.0,,82.0,57.0,,25021.0,340.0,101.0
250214004001,5,383,101,15,33,242,7,42,115,8,951,1232,,,,,26.0,,162.0,,53.0,20.0,64.0,123.0,,12.0,,98.0,9.0,289.0,86.0,,25021.0,942.0,9.0
250214004002,6,170,64,0,12,25,5,9,59,8,358,1013,,,,,,,22.0,,2.0,,4.0,24.0,,2.0,1.0,90.0,3.0,8.0,16.0,,25021.0,172.0,186.0
250214004003,7,326,19,0,11,92,4,5,99,11,574,379,,,,,,4.0,19.0,,2.0,,12.0,30.0,5.0,,85.0,86.0,,319.0,37.0,,25021.0,599.0,-25.0
250214005001,8,389,109,24,12,39,10,6,86,8,691,1251,,,,4.0,18.0,8.0,1.0,,5.0,,34.0,32.0,,1.0,41.0,257.0,4.0,13.0,14.0,,25021.0,432.0,259.0
250214005002,7,78,5,1,11,68,2,9,50,3,234,554,,,,,,7.0,34.0,,4.0,14.0,,2.0,,6.0,,23.0,20.0,175.0,13.0,,25021.0,298.0,-64.0
250214005003,5,144,37,1,32,37,0,6,73,8,343,682,,,,5.0,61.0,9.0,8.0,,1.0,,5.0,5.0,,,,124.0,,37.0,13.0,,25021.0,268.0,75.0
250214006001,6,282,32,2,12,37,3,31,103,12,520,640,,,,2.0,,,8.0,,,3.0,,7.0,,37.0,11.0,124.0,,1.0,23.0,,25021.0,216.0,304.0
250214006002,10,382,30,4,35,111,6,21,204,14,817,1266,,,,8.0,31.0,14.0,78.0,,7.0,,22.0,16.0,6.0,1.0,3.0,18.0,2.0,,18.0,,25021.0,224.0,593.0
250214006003,8,590,58,2,17,37,4,13,77,12,818,311,,,,3.0,,6.0,,,3.0,,,1.0,,12.0,233.0,20.0,,39.0,40.0,,25021.0,357.0,461.0
250214007001,27,305,50,474,38,68,1,21,104,5,1093,565,,,,9.0,,,44.0,1.0,235.0,11.0,17.0,24.0,1.0,,712.0,139.0,161.0,67.0,36.0,1460.0,25021.0,2917.0,-1824.0
250214007002,40,160,33,1,26,78,4,13,139,28,522,539,74.0,,,54.0,,14.0,63.0,,,33.0,69.0,111.0,,,12.0,63.0,,80.0,28.0,,25021.0,601.0,-79.0
250214007003,11,490,17,1,26,100,5,26,260,15,951,376,,,,,,,2.0,,16.0,6.0,2.0,1.0,,,11.0,13.0,,,18.0,,25021.0,69.0,882.0
250214008001,6,188,14,0,7,12,1,1,41,3,273,480,,,,,,,,,,,4.0,2.0,,,,15.0,5.0,7.0,5.0,,25021.0,38.0,235.0
250214008002,0,277,34,2,10,148,8,29,63,20,591,806,,,,,,,184.0,,3.0,,26.0,24.0,2.0,18.0,9.0,88.0,,14.0,28.0,,25021.0,396.0,195.0
250214008003,38,446,137,1,56,1084,6,22,138,12,1940,1416,,,,27.0,4.0,4.0,82.0,,17.0,19.0,18.0,145.0,,47.0,3.0,270.0,16.0,142.0,90.0,,25021.0,884.0,1056.0
250214009001,4,136,48,1,9,27,1,15,88,29,358,860,,,,,50.0,,3.0,,,2.0,21.0,28.0,,,,52.0,,,20.0,,25021.0,176.0,182.0
250214009002,109,468,35,2,30,82,0,16,375,12,1129,348,,,,,,,,,4.0,,7.0,,762.0,2.0,52.0,177.0,7.0,38.0,23.0,,25021.0,1072.0,57.0
250214009003,28,202,75,0,140,174,2,85,188,13,907,731,,,,17.0,5.0,9.0,41.0,,6.0,51.0,11.0,25.0,,7.0,47.0,7.0,14.0,72.0,135.0,,25021.0,447.0,460.0
250214010001,27,108,2,1,14,84,0,5,80,6,327,402,,,,7.0,,8.0,80.0,,,1.0,4.0,12.0,,7.0,,4.0,,32.0,5.0,,25021.0,160.0,167.0
250214010002,17,68,4,4,10,23,2,11,61,7,207,279,,,,,,,,,2.0,,,1.0,,1.0,,5.0,,,10.0,,25021.0,19.0,188.0
250214010003,12,145,11,1,8,21,3,11,63,4,279,687,,,,497.0,2.0,3.0,,,1.0,,,19.0,,3.0,,80.0,,4.0,10.0,,25021.0,619.0,-340.0
250214011001,13,597,29,2,41,100,5,97,228,20,1132,845,,,,2.0,,3.0,,,5.0,1.0,5.0,13.0,,,253.0,117.0,11.0,,40.0,,25021.0,450.0,682.0
250214011002,15,336,145,3,27,85,18,8,176,11,824,453,,,,,,,13.0,,,,11.0,67.0,,,,16.0,29.0,55.0,28.0,,25021.0,219.0,605.0
250214011003,14,193,13,4,43,88,7,12,141,10,525,552,,,,4.0,5.0,6.0,1.0,,,3.0,4.0,7.0,1.0,,,4.0,,,35.0,,25021.0,70.0,455.0
250214012001,25,840,56,18,91,217,13,68,392,27,1747,688,,,,,,2.0,79.0,,2.0,26.0,10.0,100.0,,40.0,590.0,274.0,304.0,95.0,96.0,,25021.0,1618.0,129.0
250214012002,23,359,28,1,53,100,3,72,257,22,918,560,,,,,23.0,3.0,13.0,,,12.0,75.0,4.0,,4.0,3.0,269.0,,53.0,9.0,,25021.0,468.0,450.0
250214012003,7,101,49,2,42,32,4,12,162,10,421,975,,,,2.0,,,,,,4.0,4.0,19.0,,17.0,,10.0,1.0,10.0,7.0,,25021.0,74.0,347.0
250214012004,10,203,28,3,30,51,2,8,194,22,551,798,,,,,,3.0,1.0,,,4.0,3.0,7.0,,,,2.0,,,9.0,,25021.0,29.0,522.0
250214021011,3,195,24,0,12,340,0,50,94,7,725,297,,,,5.0,11.0,,56.0,,3.0,17.0,6.0,36.0,,,,885.0,78.0,12.0,24.0,,25021.0,1133.0,-408.0
250214021012,20,89,6,1,28,57,2,7,93,21,324,475,,,,18.0,,,11.0,,,,,13.0,,6.0,1.0,19.0,43.0,33.0,,,25021.0,144.0,180.0
250214021013,9,65,1,0,17,28,0,13,62,69,264,279,,,,2.0,,,82.0,,,,1.0,15.0,,,,9.0,,67.0,15.0,,25021.0,191.0,73.0
250214021014,16,282,3,0,15,170,3,22,70,7,588,581,,,,51.0,,,10.0,,,,,13.0,,1.0,284.0,5.0,2.0,35.0,21.0,,25021.0,422.0,166.0
250214021021,7,17,0,0,8,4,2,3,19,4,64,382,,,,9.0,,,,,,,,,,1.0,,2.0,,,,,25021.0,12.0,52.0
250214021022,27,122,14,17,37,51,2,41,102,12,425,564,,,,150.0,,,50.0,4.0,,9.0,,12.0,,124.0,2.0,3.0,,48.0,36.0,17.0,25021.0,455.0,-30.0
250214021023,65,124,37,0,15,47,146,16,57,105,612,371,,,,52.0,237.0,31.0,103.0,,,8.0,12.0,14.0,,14.0,4.0,15.0,,1.0,19.0,,25021.0,510.0,102.0
250214021024,20,45,1,0,12,29,0,7,33,3,150,517,,,,6.0,,,10.0,,,,,,,21.0,,19.0,,,7.0,,25021.0,63.0,87.0
250214022001,28,214,11,8,49,149,9,26,161,44,699,350,,,,8.0,,,2.0,,,,3.0,,,46.0,,1.0,3.0,,18.0,,25021.0,81.0,618.0
250214022002,91,235,17,0,93,248,10,81,243,53,1071,541,,,,26.0,23.0,47.0,4.0,19.0,4.0,,,2.0,,23.0,,9.0,3.0,24.0,5.0,,25021.0,189.0,882.0
250214023001,1,21,0,0,5,10,0,3,28,4,72,354,,,,4.0,,,,,,,,,,,,1.0,,,1.0,,25021.0,6.0,66.0
250214023002,12,30,9,0,14,28,1,4,54,6,158,552,,,,40.0,,123.0,,51.0,,,,4.0,,10.0,1.0,1.0,,,,,25021.0,230.0,-72.0
250214023003,54,752,46,17,154,152,1,25,238,99,1538,889,,11.0,,68.0,,114.0,25.0,163.0,70.0,13.0,7.0,162.0,5.0,37.0,59.0,349.0,24.0,137.0,23.0,,25021.0,1267.0,271.0
250214024001,23,304,30,7,55,454,21,84,293,47,1318,648,,,,6.0,3.0,4.0,748.0,,,17.0,2.0,38.0,675.0,8.0,,140.0,3.0,246.0,47.0,39.0,25021.0,1976.0,-658.0
250214024002,4,179,3,2,8,14,1,1,42,2,256,267,,,,5.0,,,,,,,,,,,580.0,1.0,,,1.0,,25021.0,587.0,-331.0
250214024003,19,34,10,0,18,27,0,15,39,2,164,374,,,,2.0,,,11.0,,,,,2.0,,,,11.0,,4.0,7.0,,25021.0,37.0,127.0
250214024004,2,25,1,1,4,18,0,1,26,2,80,353,,,,1.0,,,,,,,,3.0,,,,,3.0,,,,25021.0,7.0,73.0
250214024005,7,103,2,2,6,4,0,3,14,6,147,264,,,,3.0,,,,,,,,2.0,,,,8.0,,,20.0,,25021.0,33.0,114.0
250214024006,56,474,153,5,325,1256,47,25,252,149,2742,1190,,,,5.0,42.0,99.0,2033.0,103.0,443.0,346.0,54.0,455.0,247.0,180.0,21.0,690.0,42.0,818.0,114.0,,25021.0,5692.0,-2950.0
250214025001,117,304,912,437,127,503,7,104,520,182,3213,735,,,65.0,30.0,,50.0,480.0,,63.0,437.0,73.0,512.0,3.0,63.0,22.0,305.0,117.0,364.0,153.0,481.0,25021.0,3218.0,-5.0
250214025002,19,476,11,222,69,138,5,51,159,84,1234,1232,,,,19.0,,12.0,,4.0,1.0,,38.0,17.0,,,207.0,957.0,81.0,,37.0,528.0,25021.0,1901.0,-667.0
250214031001,11,51,4,2,19,23,1,7,59,6,183,248,,,,10.0,1.0,71.0,1.0,,12.0,3.0,,974.0,,38.0,1.0,3.0,,12.0,5.0,,25021.0,1131.0,-948.0
250214031002,7,57,9,0,19,26,5,13,54,4,194,538,,,,5.0,,4.0,,,1.0,,5.0,5.0,,,17.0,95.0,,,7.0,,25021.0,139.0,55.0
250214031003,8,122,3,3,16,24,1,4,58,8,247,308,,,,,,,,,2.0,1.0,,4.0,,,2.0,,,,2.0,,25021.0,11.0,236.0
250214031004,10,115,27,1,53,505,25,6,121,13,876,412,,,,5.0,,2.0,,,,,,11.0,,6.0,,2.0,,22.0,8.0,,25021.0,56.0,820.0
250214031005,6,264,6,139,13,35,4,13,67,37,584,423,,,,146.0,,2.0,,,,,,34.0,,84.0,,,66.0,9.0,4.0,,25021.0,345.0,239.0
250214031006,11,72,6,2,17,49,12,13,85,9,276,384,,,,1.0,14.0,,28.0,,,,3.0,,,4.0,,13.0,,9.0,19.0,,25021.0,91.0,185.0
250214031007,8,71,1,0,19,28,1,4,100,15,247,288,,,,,,,,,,3.0,,2.0,,,,1.0,,,3.0,,25021.0,9.0,238.0
250214033001,15,865,151,81,38,397,14,41,365,45,2012,427,,,,20.0,20.0,10.0,245.0,2.0,59.0,30.0,12.0,152.0,3.0,81.0,22.0,1374.0,27.0,259.0,82.0,213.0,25021.0,2611.0,-599.0
250214033002,4,61,0,0,28,16,0,7,62,124,302,353,,,,10.0,,5.0,,,1.0,2.0,2.0,20.0,,73.0,3.0,,,,10.0,,25021.0,126.0,176.0
250214033003,20,304,14,11,27,61,1,20,140,31,629,664,,,,18.0,,9.0,7.0,6.0,,1.0,3.0,6.0,1.0,24.0,,287.0,2.0,,27.0,,25021.0,391.0,238.0
250214034001,18,186,1,3,15,59,10,3,98,10,403,438,,,,14.0,,3.0,,,3.0,1.0,1.0,21.0,,,3.0,68.0,5.0,,13.0,,25021.0,132.0,271.0
250214034002,23,141,72,4,35,69,1,9,138,11,503,458,,,,14.0,,,10.0,,,7.0,,6.0,156.0,18.0,,219.0,,24.0,2.0,,25021.0,456.0,47.0
250214034003,15,221,22,1,29,80,0,30,134,15,547,658,,,,1.0,,2.0,6.0,,,1.0,5.0,9.0,,6.0,,22.0,,,12.0,,25021.0,64.0,483.0
250214034004,6,103,8,3,16,29,2,11,77,7,262,251,,,,,,6.0,,,,,,1.0,,,1.0,,,,5.0,,25021.0,13.0,249.0
250214034005,10,499,18,1,18,43,36,16,94,11,746,805,,,,,,18.0,,,,11.0,,7.0,,,213.0,940.0,9.0,57.0,20.0,,25021.0,1275.0,-529.0
250214035001,266,1841,689,2,961,1190,697,90,872,402,7010,1197,,,,350.0,758.0,713.0,219.0,157.0,564.0,573.0,219.0,1030.0,268.0,1405.0,271.0,1537.0,22.0,786.0,222.0,,25021.0,9094.0,-2084.0
250214035002,103,1979,434,13,567,353,49,39,372,77,3986,718,,,,91.0,71.0,95.0,170.0,3.0,324.0,280.0,59.0,645.0,,222.0,120.0,484.0,3.0,197.0,53.0,12.0,25021.0,2829.0,1157.0
250214035003,48,324,41,3,57,109,61,8,236,27,914,936,103.0,,,34.0,53.0,7.0,3.0,,78.0,9.0,,119.0,,46.0,2.0,115.0,1.0,,32.0,,25021.0,602.0,312.0
250214041001,53,3570,1028,7,78,184,94,25,553,116,5708,895,,,,91.0,11.0,186.0,110.0,8.0,,1904.0,16.0,863.0,530.0,144.0,525.0,581.0,,28.0,19.0,10.0,25021.0,5026.0,682.0
250214041002,40,752,500,17,39,182,32,8,734,34,2338,443,,,,13.0,4.0,35.0,24.0,,39.0,266.0,62.0,518.0,54.0,450.0,1.0,343.0,116.0,93.0,49.0,,25021.0,2067.0,271.0
250214041003,0,10,4,0,6,10,0,1,3,0,34,324,,,,,,3.0,,,,,2.0,4.0,,2.0,2.0,1.0,1.0,,13.0,,25021.0,28.0,6.0
250214042011,0,10,6,0,14,4,0,0,16,1,51,368,,,,,,,,,,2.0,2.0,,,,,4.0,,,9.0,,25021.0,17.0,34.0
250214042012,0,38,47,0,0,5,0,4,16,0,110,369,,,,,,8.0,,,,7.0,1.0,2.0,,,,2.0,1.0,,13.0,,25021.0,34.0,76.0
250214042013,5,174,46,177,7,62,2,18,38,17,546,341,,,,172.0,,2.0,29.0,,,3.0,7.0,13.0,17.0,14.0,,64.0,4.0,35.0,49.0,57.0,25021.0,466.0,80.0
250214042014,1,353,104,2,1,59,5,18,87,34,664,250,,,,2.0,5.0,,19.0,,51.0,33.0,51.0,67.0,37.0,27.0,11.0,143.0,2.0,55.0,13.0,,25021.0,516.0,148.0
250214042021,3,414,48,1,37,51,12,11,303,9,889,600,,1.0,,1.0,,7.0,213.0,,,60.0,1.0,21.0,,5.0,30.0,27.0,,73.0,39.0,,25021.0,478.0,411.0
250214042022,24,797,143,0,6,125,26,33,52,5,1211,456,,,,34.0,,1.0,48.0,,10.0,12.0,,52.0,,3.0,,340.0,111.0,71.0,14.0,,25021.0,696.0,515.0
250214042023,28,1200,151,0,52,145,45,9,258,25,1913,382,,,,4.0,,,3.0,,37.0,41.0,5.0,98.0,,5.0,939.0,338.0,109.0,126.0,11.0,,25021.0,1716.0,197.0
250214043011,4,59,0,0,0,0,1,8,7,0,79,481,,,,,,,,,5.0,4.0,,8.0,,2.0,,6.0,,,16.0,,25021.0,41.0,38.0
250214043012,1,14,18,0,3,3,0,11,11,1,62,316,,,,,,,,,,,,10.0,,6.0,,4.0,3.0,,3.0,,25021.0,26.0,36.0
250214043013,2,92,3,0,0,3,0,0,13,0,113,449,,,,1.0,,,,,,2.0,1.0,51.0,,,,7.0,,,12.0,,25021.0,74.0,39.0
250214043014,7,31,20,0,5,6,0,8,33,5,115,407,,,,,2.0,3.0,5.0,,,13.0,,11.0,,,2.0,16.0,,,3.0,,25021.0,55.0,60.0
250214043015,10,20,113,0,2,100,2,7,35,2,291,300,,,,1.0,,1.0,120.0,,,60.0,2.0,23.0,,22.0,,4.0,,29.0,9.0,,25021.0,271.0,20.0
250214043021,51,861,308,8,18,311,21,67,201,24,1870,845,,,,24.0,,16.0,583.0,,6.0,93.0,14.0,64.0,4.0,68.0,778.0,204.0,98.0,134.0,141.0,,25021.0,2227.0,-357.0
250214043022,2,128,0,1,1,2,0,9,22,1,166,277,,,,,,3.0,,,,,,8.0,,5.0,,12.0,,,3.0,,25021.0,31.0,135.0
250214043023,29,264,26,8,50,193,12,3,214,32,831,418,,,,2.0,1.0,22.0,111.0,,,6.0,,63.0,,3.0,2.0,143.0,,73.0,18.0,,25021.0,444.0,387.0
250214044001,29,250,169,103,93,83,8,8,356,53,1152,519,,,,6.0,4.0,2.0,72.0,,149.0,29.0,13.0,84.0,3.0,2.0,,54.0,5.0,29.0,44.0,269.0,25021.0,765.0,387.0
250214044002,2,253,13,0,3,96,1,1,24,2,395,239,,,,3.0,,1.0,,,,,,6.0,,,390.0,3.0,,,6.0,,25021.0,409.0,-14.0
250214044003,11,295,10,1,6,2,1,2,37,3,368,276,,,,5.0,,2.0,,,9.0,15.0,,2.0,,,,,2.0,,9.0,,25021.0,44.0,324.0
250214044004,1,65,56,0,10,17,0,11,30,1,191,436,,,,,,4.0,18.0,,,1.0,12.0,,,,,11.0,,27.0,4.0,,25021.0,77.0,114.0
250214044005,30,1035,189,3,54,584,15,84,277,22,2293,416,,,,,5.0,20.0,264.0,,1.0,64.0,30.0,50.0,11.0,4.0,1892.0,64.0,14.0,375.0,170.0,,25021.0,2964.0,-671.0
250214051001,2,60,6,0,21,15,0,7,41,1,153,292,,,,,,6.0,,,,2.0,,17.0,2.0,,,,1.0,,4.0,,25021.0,32.0,121.0
250214051002,12,235,9,50,68,43,2,19,146,22,606,785,,,2.0,16.0,,16.0,,,12.0,4.0,3.0,17.0,,9.0,26.0,44.0,,8.0,23.0,92.0,25021.0,272.0,334.0
250214051003,15,292,16,4,57,46,5,6,91,19,551,649,,,,7.0,2.0,5.0,31.0,,,1.0,2.0,22.0,,30.0,319.0,9.0,19.0,34.0,17.0,36.0,25021.0,534.0,17.0
250214051004,9,122,5,1,27,24,0,16,61,7,272,356,11.0,,,15.0,,1.0,4.0,,,,,2.0,,1.0,54.0,71.0,,3.0,24.0,,25021.0,186.0,86.0
250214061011,111,588,106,57,95,221,9,61,349,62,1659,1283,,,,78.0,,59.0,64.0,,38.0,32.0,1.0,79.0,,25.0,581.0,166.0,,207.0,58.0,119.0,25021.0,1507.0,152.0
250214061012,14,125,5,0,31,55,0,11,98,8,347,445,,,,5.0,,1.0,4.0,,,,,8.0,6.0,19.0,,28.0,,,1.0,,25021.0,72.0,275.0
250214061013,45,351,57,9,91,217,35,60,365,76,1306,887,,,,31.0,34.0,71.0,15.0,46.0,1.0,40.0,,45.0,,67.0,40.0,76.0,122.0,,7.0,,25021.0,595.0,711.0
250214061021,43,520,4,4,60,208,7,17,329,102,1294,809,,,,18.0,5.0,11.0,221.0,,,6.0,5.0,60.0,1.0,2.0,,125.0,10.0,43.0,45.0,,25021.0,552.0,742.0
250214061022,33,153,26,2,32,141,3,48,146,15,599,536,,,,24.0,,7.0,111.0,,34.0,15.0,1.0,14.0,,,,29.0,,76.0,26.0,,25021.0,337.0,262.0
250214061023,9,142,17,5,36,59,3,5,108,11,395,397,,,,21.0,,6.0,,,7.0,1.0,1.0,,,2.0,27.0,30.0,,7.0,1.0,,25021.0,103.0,292.0
250214061024,16,183,4,4,46,81,4,21,198,20,577,742,2.0,,,22.0,,4.0,,,,,,9.0,,6.0,,20.0,,,3.0,,25021.0,66.0,511.0
250214071001,20,205,9,6,52,239,11,65,164,28,799,716,,,,33.0,12.0,1.0,14.0,,,3.0,3.0,26.0,,23.0,1.0,4.0,25.0,,32.0,,25021.0,177.0,622.0
250214071002,38,579,28,56,66,208,1,61,228,69,1334,771,6.0,,,14.0,,,28.0,,17.0,7.0,,47.0,,5.0,310.0,32.0,,152.0,36.0,113.0,25021.0,767.0,567.0
250214071003,56,144,20,1,25,311,6,67,132,56,818,939,9.0,,,33.0,180.0,2.0,285.0,,,17.0,7.0,13.0,5.0,18.0,,11.0,,49.0,7.0,,25021.0,636.0,182.0
250214071004,29,133,15,1,29,85,4,16,157,24,493,482,19.0,,,53.0,,2.0,37.0,,,,1.0,35.0,,10.0,11.0,12.0,,,12.0,,25021.0,192.0,301.0
250214071005,47,168,26,3,64,176,10,22,191,34,741,803,1.0,,,37.0,15.0,28.0,25.0,4.0,,,22.0,4.0,,36.0,29.0,10.0,42.0,,10.0,,25021.0,263.0,478.0
250214081011,23,215,3,0,28,43,183,30,153,14,692,865,,,,14.0,306.0,6.0,27.0,,,,,8.0,,7.0,,118.0,,1.0,29.0,,25021.0,516.0,176.0
250214081012,21,197,56,8,49,217,10,12,87,38,695,664,2.0,,,25.0,8.0,19.0,266.0,6.0,,33.0,11.0,24.0,,2.0,9.0,48.0,44.0,240.0,64.0,,25021.0,801.0,-106.0
250214081013,35,77,18,28,38,192,91,25,219,26,749,1220,,,,21.0,284.0,34.0,11.0,3.0,111.0,36.0,,24.0,,186.0,12.0,14.0,,91.0,28.0,,25021.0,855.0,-106.0
250214081014,9,16,4,0,4,16,0,3,24,2,78,469,,,,3.0,6.0,1.0,1.0,1.0,,1.0,,,,5.0,,,,,,,25021.0,18.0,60.0
250214081021,19,93,44,86,26,58,5,13,132,25,501,611,,,,18.0,,16.0,3.0,,,11.0,5.0,29.0,,7.0,19.0,26.0,37.0,25.0,6.0,117.0,25021.0,319.0,182.0
250214081022,36,394,43,2,66,135,4,36,218,67,1001,647,,,,24.0,1.0,14.0,40.0,2.0,21.0,33.0,2.0,81.0,,65.0,11.0,51.0,,49.0,93.0,,25021.0,487.0,514.0
250214081023,16,320,7,2,23,57,4,27,87,13,556,414,,,,54.0,,,,,,2.0,1.0,,,13.0,381.0,46.0,2.0,,13.0,12.0,25021.0,524.0,32.0
250214081024,3,37,16,5,7,31,10,2,38,0,149,391,,,,16.0,,9.0,3.0,,5.0,,,4.0,,17.0,7.0,3.0,,34.0,,6.0,25021.0,104.0,45.0
250214091011,36,231,17,0,30,29,10,17,52,10,432,852,2.0,,,55.0,,13.0,23.0,,,2.0,2.0,11.0,,4.0,162.0,18.0,1.0,,1.0,,25021.0,294.0,138.0
250214091012,186,194,12,4,68,172,10,33,150,82,911,359,,,,377.0,10.0,76.0,54.0,381.0,,1.0,6.0,33.0,,30.0,,45.0,105.0,137.0,15.0,,25021.0,1270.0,-359.0
250214091013,58,199,5,65,60,120,7,43,175,176,908,429,,38.0,,52.0,,6.0,12.0,,,,2.0,5.0,,13.0,7.0,170.0,,45.0,46.0,942.0,25021.0,1338.0,-430.0
250214091021,50,206,28,200,33,59,20,26,116,129,867,963,,,,42.0,42.0,,13.0,177.0,2.0,10.0,2.0,4.0,,3.0,3.0,20.0,,11.0,24.0,4.0,25021.0,357.0,510.0
250214091022,17,207,20,29,20,40,0,6,104,27,470,1004,2.0,,,28.0,,30.0,29.0,1.0,19.0,15.0,13.0,38.0,,24.0,150.0,20.0,44.0,24.0,17.0,41.0,25021.0,495.0,-25.0
250214101001,2,34,3,11,15,59,2,13,26,15,180,387,5.0,,,17.0,,15.0,78.0,,,,4.0,4.0,,20.0,10.0,6.0,,65.0,10.0,33.0,25021.0,267.0,-87.0
250214101002,69,668,84,105,159,759,30,51,1283,99,3307,1456,,,,198.0,9.0,58.0,1091.0,3.0,36.0,74.0,19.0,447.0,,116.0,29.0,233.0,219.0,1158.0,98.0,56.0,25021.0,3844.0,-537.0
250214101003,120,711,77,51,35,954,12,48,224,96,2328,529,,,,91.0,8.0,97.0,149.0,4.0,7.0,52.0,1.0,93.0,,1028.0,764.0,235.0,65.0,110.0,60.0,105.0,25021.0,2869.0,-541.0
250214101004,11,23,3,0,2,118,28,102,33,23,343,711,,,,30.0,22.0,93.0,,1.0,,2.0,1.0,7.0,,20.0,8.0,71.0,136.0,,35.0,,25021.0,426.0,-83.0
250214103001,8,13,3,0,2,9,1,4,25,5,70,786,,,,39.0,,4.0,2.0,,,,,3.0,,12.0,,11.0,,,3.0,,25021.0,74.0,-4.0
250214103002,135,211,64,2,50,293,267,39,802,113,1976,1167,24.0,,,55.0,123.0,813.0,59.0,21.0,242.0,158.0,2.0,746.0,53.0,130.0,16.0,35.0,86.0,226.0,15.0,,25021.0,2804.0,-828.0
250214104001,0,41,2,0,0,4,0,2,20,12,81,410,,,,,,,1.0,,,2.0,,3.0,,,58.0,2.0,,,1.0,,25021.0,67.0,14.0
250214104002,13,45,3,3,4,39,1,7,51,206,372,492,,,,41.0,,5.0,14.0,59.0,211.0,17.0,2.0,130.0,92.0,229.0,,98.0,1983.0,244.0,1.0,,25021.0,3126.0,-2754.0
250214104003,57,52,3,2,10,86,9,5,28,41,293,297,,,,41.0,30.0,66.0,5.0,32.0,72.0,,1.0,36.0,29.0,7.0,,15.0,,40.0,2.0,,25021.0,376.0,-83.0
250214104004,8,19,8,16,1,7,0,8,8,12,87,501,,,,61.0,,,,3.0,,1.0,,14.0,,,,,,,,,25021.0,79.0,8.0
250214104005,25,219,117,0,22,34,1,1,95,2,516,1058,,,,9.0,373.0,30.0,20.0,,,24.0,23.0,370.0,,137.0,3.0,58.0,,26.0,15.0,,25021.0,1088.0,-572.0
250214111001,25,106,6,2,29,261,2,22,133,8,594,568,,,,11.0,,6.0,47.0,,,4.0,,6.0,,5.0,,7.0,51.0,9.0,22.0,,25021.0,168.0,426.0
250214111002,186,353,52,1,74,302,37,94,397,133,1629,688,,,10.0,198.0,133.0,275.0,167.0,,2.0,,34.0,51.0,,435.0,,20.0,,89.0,180.0,,25021.0,1594.0,35.0
250214111003,37,250,22,0,47,65,3,27,139,15,605,858,,,,117.0,742.0,8.0,15.0,,9.0,,5.0,2.0,,37.0,,2.0,1.0,11.0,28.0,8.0,25021.0,985.0,-380.0
250214111004,100,261,59,96,51,169,5,23,261,104,1129,703,,,,128.0,12.0,,50.0,,38.0,87.0,,124.0,1.0,,2.0,111.0,204.0,92.0,32.0,263.0,25021.0,1144.0,-15.0
250214111005,86,173,49,1,62,71,54,26,300,187,1009,713,,,,119.0,39.0,100.0,23.0,37.0,15.0,,70.0,82.0,,283.0,,15.0,,,12.0,,25021.0,795.0,214.0
250214112001,104,594,47,4,185,1015,37,47,342,126,2501,774,,,,18.0,92.0,39.0,797.0,12.0,14.0,7.0,28.0,24.0,,25.0,119.0,135.0,73.0,416.0,49.0,,25021.0,1848.0,653.0
250214112002,54,291,35,2,69,186,48,34,223,64,1006,1218,,,,41.0,12.0,10.0,159.0,296.0,,25.0,,22.0,70.0,11.0,250.0,64.0,,124.0,38.0,,25021.0,1122.0,-116.0
250214112003,33,81,5,2,33,56,12,17,105,24,368,798,,,,11.0,,5.0,15.0,,,,,36.0,,5.0,180.0,22.0,,,26.0,,25021.0,300.0,68.0
250214112004,8,122,12,1,25,48,692,23,77,33,1041,431,,,,37.0,343.0,4.0,5.0,3.0,,5.0,,23.0,,91.0,,78.0,,16.0,12.0,,25021.0,617.0,424.0
250214113011,59,404,15,3,66,83,29,13,248,43,963,1053,3.0,,,32.0,1.0,7.0,5.0,4.0,12.0,,1.0,9.0,,16.0,169.0,201.0,,11.0,12.0,,25021.0,483.0,480.0
250214113012,31,372,41,0,26,52,0,7,85,14,628,564,,,,10.0,,,13.0,6.0,,,3.0,19.0,,30.0,2.0,207.0,,18.0,2.0,,25021.0,310.0,318.0
250214113013,15,148,35,1,35,80,4,22,145,15,500,652,,,54.0,,,,,,,4.0,5.0,35.0,,3.0,,49.0,,,17.0,,25021.0,167.0,333.0
250214113021,12,268,17,1,28,83,81,12,94,47,643,290,,,,27.0,44.0,23.0,,3.0,,,,3.0,57.0,,5.0,103.0,,,16.0,,25021.0,281.0,362.0
250214113022,58,137,10,1,37,222,3,8,126,18,620,556,,,,71.0,141.0,43.0,23.0,9.0,13.0,,4.0,17.0,5.0,6.0,7.0,7.0,,69.0,35.0,574.0,25021.0,1024.0,-404.0
250214113023,94,454,70,14,83,251,275,81,471,61,1854,1013,,,,42.0,27.0,121.0,121.0,,14.0,342.0,13.0,96.0,,65.0,10.0,163.0,,155.0,95.0,,25021.0,1264.0,590.0
250214121001,29,450,112,43,54,83,7,32,164,19,993,803,,,,66.0,6.0,3.0,9.0,,,4.0,12.0,33.0,,,623.0,64.0,11.0,42.0,36.0,,25021.0,909.0,84.0
250214121002,20,202,2,2,40,54,2,9,143,17,491,369,,,,22.0,,1.0,2.0,,,,,4.0,,2.0,,15.0,,,24.0,,25021.0,70.0,421.0
250214121003,25,222,4,2,42,47,2,28,163,19,554,780,,,,19.0,8.0,26.0,4.0,,,2.0,,10.0,,7.0,1.0,186.0,,,4.0,,25021.0,267.0,287.0
250214121004,13,109,3,2,35,51,5,8,129,23,378,391,,,,9.0,,9.0,4.0,,1.0,,1.0,21.0,,2.0,,4.0,,39.0,9.0,,25021.0,99.0,279.0
250214122001,17,221,51,62,59,99,28,29,168,13,747,686,,,,16.0,,42.0,11.0,,74.0,24.0,33.0,23.0,1.0,15.0,4.0,145.0,,99.0,17.0,229.0,25021.0,733.0,14.0
250214122002,40,452,15,14,46,52,53,11,177,16,876,821,,,,74.0,1.0,20.0,1.0,2.0,983.0,158.0,147.0,102.0,2.0,22.0,,157.0,33.0,5.0,24.0,,25021.0,1731.0,-855.0
250214123001,390,632,564,3,194,1141,82,12,541,348,3907,616,,,74.0,539.0,229.0,349.0,573.0,257.0,559.0,145.0,82.0,368.0,609.0,212.0,3.0,368.0,185.0,222.0,38.0,,25021.0,4812.0,-905.0
250214123002,10,114,12,3,21,21,1,5,70,10,267,357,,,,5.0,55.0,7.0,,10.0,43.0,,,19.0,,,,14.0,8.0,,4.0,,25021.0,165.0,102.0
250214123003,91,321,132,3,2837,166,66,29,227,506,4378,266,,,,28.0,55.0,373.0,745.0,15.0,2.0,69.0,1.0,318.0,,75.0,21.0,388.0,,44.0,38.0,,25021.0,2172.0,2206.0
250214123004,19,169,31,20,37,338,16,30,135,110,905,678,,,,34.0,,2.0,275.0,2.0,1.0,11.0,15.0,22.0,,1327.0,,29.0,6.0,57.0,40.0,,25021.0,1821.0,-916.0
250214131001,128,397,119,20,369,218,473,81,837,2095,4737,554,,,,77.0,1256.0,729.0,624.0,730.0,98.0,21.0,56.0,329.0,249.0,336.0,14.0,416.0,27.0,222.0,51.0,,25021.0,5235.0,-498.0
250214131002,14,123,25,0,20,75,5,27,118,87,494,340,,,,19.0,,42.0,302.0,2.0,,1.0,,52.0,10.0,4.0,16.0,43.0,48.0,6.0,29.0,,25021.0,574.0,-80.0
250214131003,11,87,3,1,24,49,2,7,97,7,288,463,,,,14.0,1.0,,,,,,5.0,14.0,,2.0,,7.0,,,1.0,,25021.0,44.0,244.0
250214131004,59,184,16,0,26,425,16,44,91,100,961,835,,,,191.0,14.0,2.0,241.0,281.0,9.0,9.0,,73.0,,3.0,,48.0,49.0,21.0,54.0,,25021.0,995.0,-34.0
250214131005,32,91,8,8,30,159,47,27,100,20,522,533,,,,26.0,148.0,28.0,17.0,,,,,21.0,,66.0,,,,50.0,29.0,,25021.0,385.0,137.0
250214132001,18,370,16,23,27,158,1,10,180,21,824,554,,,,2.0,,,71.0,,,59.0,2.0,63.0,,25.0,97.0,233.0,1.0,129.0,30.0,,25021.0,712.0,112.0
250214132002,61,349,29,5,45,89,3,30,1533,21,2165,878,,,,43.0,,,11.0,2.0,,23.0,,744.0,38.0,23.0,4.0,277.0,22.0,41.0,2.0,145.0,25021.0,1375.0,790.0
250214132003,19,223,62,280,23,81,7,29,136,84,944,653,,,44.0,75.0,4.0,58.0,12.0,,,19.0,,25.0,,15.0,683.0,187.0,,6.0,17.0,,25021.0,1145.0,-201.0
250214132004,13,244,19,3,48,289,16,9,237,12,890,1099,,,,5.0,238.0,15.0,601.0,,,6.0,,18.0,,2.0,,13.0,,45.0,48.0,58.0,25021.0,1049.0,-159.0
250214133001,39,217,15,26,35,60,3,15,215,25,650,1070,,,,5.0,,1.0,4.0,,,,14.0,5.0,,3.0,,55.0,,,1.0,22.0,25021.0,110.0,540.0
250214133002,39,385,8,4,71,118,6,28,321,31,1011,524,,,,5.0,,,,,23.0,,,2.0,,9.0,2.0,36.0,,,,,25021.0,77.0,934.0
250214133003,14,115,3,2,35,57,4,8,132,18,388,445,,,,55.0,,1.0,,,,,,,,5.0,,,,,1.0,,25021.0,62.0,326.0
250214134011,34,1710,197,4,85,313,56,51,500,263,3213,563,,,,17.0,95.0,91.0,324.0,,49.0,122.0,11.0,51.0,,228.0,28.0,1667.0,23.0,431.0,89.0,,25021.0,3226.0,-13.0
250214134012,17,332,13,3,24,56,16,21,111,30,623,663,,,,15.0,,,81.0,,2.0,,,4.0,,,,297.0,,,18.0,,25021.0,417.0,206.0
250214134013,13,104,8,1,8,31,4,10,86,8,273,435,,,,,,,9.0,,,2.0,,15.0,,3.0,20.0,120.0,,,8.0,,25021.0,177.0,96.0
250214134021,14,276,8,2,18,51,4,15,105,7,500,487,,,,5.0,,1.0,21.0,,,,5.0,1.0,,46.0,,113.0,,,28.0,,25021.0,220.0,280.0
250214134022,38,60,46,0,8,86,0,4,47,91,380,966,,,,9.0,2.0,65.0,10.0,3.0,,2.0,5.0,4.0,,12.0,,1.0,,5.0,,,25021.0,118.0,262.0
250214134023,31,49,11,3,72,64,41,4,110,11,396,551,,,,36.0,64.0,14.0,140.0,16.0,,,,5.0,,17.0,,5.0,9.0,21.0,6.0,,25021.0,333.0,63.0
250214135001,42,505,183,0,189,379,145,65,259,231,1998,650,,,,235.0,424.0,748.0,117.0,,243.0,349.0,37.0,411.0,261.0,213.0,80.0,369.0,119.0,201.0,106.0,,25021.0,3913.0,-1915.0
250214135002,439,605,366,8,37,770,582,37,2033,184,5061,576,,,,530.0,760.0,105.0,585.0,5.0,21.0,22.0,324.0,302.0,,182.0,12.0,240.0,29.0,453.0,185.0,,25021.0,3755.0,1306.0
250214135003,8,133,16,2,23,70,93,19,68,11,443,657,,,,2.0,4.0,,192.0,,,19.0,,6.0,,27.0,,3.0,,8.0,20.0,,25021.0,281.0,162.0
250214141001,6,29,0,0,4,91,0,1,14,3,148,355,,,,5.0,,,15.0,,2.0,,,7.0,,,,20.0,,6.0,4.0,,25021.0,59.0,89.0
250214141002,4,136,0,0,7,46,0,9,17,3,222,270,,,,,,,,,,,,,,,,11.0,,28.0,27.0,,25021.0,66.0,156.0
250214141003,6,183,34,1,15,215,246,20,180,264,1164,802,66.0,,,46.0,215.0,218.0,307.0,172.0,3.0,42.0,71.0,248.0,75.0,81.0,41.0,102.0,19.0,22.0,14.0,,25021.0,1742.0,-578.0
250214141004,20,288,14,0,18,189,10,22,97,34,692,901,,,,33.0,3.0,11.0,478.0,1.0,29.0,,7.0,35.0,,16.0,,66.0,40.0,144.0,103.0,,25021.0,966.0,-274.0
250214142001,4,2,0,0,1,0,0,3,6,4,20,277,,,,,,,4.0,,1.0,,,6.0,6.0,,,1.0,,,2.0,,25021.0,20.0,0.0
250214142002,7,94,4,19,3,23,32,20,33,8,243,926,,,,,2.0,14.0,,,,,1.0,4.0,2.0,2.0,2.0,20.0,10.0,,10.0,,25021.0,67.0,176.0
250214142003,0,102,101,0,1,64,0,1,5,0,274,456,,,,,3.0,,,,,,,7.0,,,2.0,4.0,,119.0,2.0,,25021.0,137.0,137.0
250214142004,21,39,12,8,4,64,0,2,31,9,190,814,,,,17.0,,16.0,1.0,2.0,2.0,,7.0,24.0,,10.0,,19.0,54.0,,8.0,,25021.0,160.0,30.0
250214143001,17,170,55,47,45,106,6,75,129,40,690,1116,,,,7.0,68.0,17.0,22.0,,31.0,,9.0,26.0,,,618.0,79.0,4.0,44.0,6.0,6.0,25021.0,937.0,-247.0
250214143002,32,219,150,5,32,81,26,30,147,44,766,461,,,,,27.0,10.0,47.0,,7.0,22.0,4.0,46.0,43.0,2.0,10.0,31.0,1.0,22.0,31.0,,25021.0,303.0,463.0
250214143003,24,373,13,87,31,42,5,57,93,19,744,489,,,,76.0,,,,,,,,4.0,,12.0,8.0,11.0,,,5.0,171.0,25021.0,287.0,457.0
250214151011,80,717,52,52,51,54,52,28,170,51,1307,730,,,,10.0,26.0,,7.0,,11.0,11.0,1.0,7.0,,1.0,456.0,178.0,66.0,8.0,83.0,71.0,25021.0,936.0,371.0
250214151012,329,537,299,110,88,364,440,73,887,846,3973,1174,,,,739.0,151.0,1026.0,105.0,54.0,34.0,43.0,89.0,378.0,98.0,445.0,4.0,115.0,28.0,41.0,21.0,233.0,25021.0,3604.0,369.0
250214151021,22,118,137,2,22,124,2,12,135,17,591,802,,,,11.0,,2.0,16.0,,,,,4.0,,,2.0,15.0,4.0,39.0,62.0,,25021.0,155.0,436.0
250214151022,131,312,81,70,51,137,119,90,318,290,1599,814,,,,196.0,46.0,134.0,73.0,16.0,349.0,10.0,8.0,88.0,,34.0,23.0,198.0,,54.0,31.0,61.0,25021.0,1321.0,278.0
250214151023,56,197,166,1,43,136,35,61,211,148,1054,1056,,,,72.0,19.0,9.0,47.0,,,23.0,13.0,63.0,,33.0,,125.0,,50.0,47.0,,25021.0,501.0,553.0
250214151024,19,152,250,4,34,706,3,21,159,24,1372,650,,,,7.0,7.0,2.0,485.0,2.0,,16.0,18.0,53.0,36.0,8.0,2.0,40.0,8.0,253.0,44.0,,25021.0,981.0,391.0
250214151025,291,113,23,3,20,64,195,20,707,267,1703,478,,,,901.0,135.0,283.0,9.0,9.0,,,3.0,7.0,,1.0,5.0,5.0,23.0,,14.0,,25021.0,1395.0,308.0
250214152001,118,1181,270,60,110,873,717,51,680,1136,5196,1347,,,,470.0,743.0,442.0,47.0,83.0,16.0,646.0,8.0,588.0,1141.0,112.0,43.0,703.0,100.0,73.0,80.0,107.0,25021.0,5402.0,-206.0
250214152002,448,576,87,2,89,471,315,80,906,730,3704,1568,,,,873.0,679.0,427.0,113.0,86.0,,72.0,43.0,108.0,523.0,321.0,44.0,324.0,42.0,120.0,133.0,,25021.0,3908.0,-204.0
250214153001,40,406,9,3,43,165,10,39,155,22,892,1109,,,,35.0,11.0,5.0,28.0,,2.0,,,32.0,,20.0,18.0,93.0,71.0,,28.0,,25021.0,343.0,549.0
250214153002,101,966,810,47,142,1521,8,53,2450,247,6345,558,,,5.0,62.0,,1164.0,51.0,,667.0,1243.0,84.0,571.0,665.0,110.0,353.0,35.0,23.0,125.0,96.0,46.0,25021.0,5300.0,1045.0
250214161011,7,19,0,0,0,22,0,0,45,7,100,298,,,,17.0,,,7.0,1.0,,4.0,,,,15.0,,3.0,,32.0,10.0,,25021.0,89.0,11.0
250214161012,41,30,18,12,1,28,10,1,39,1,181,759,,,,50.0,,1.0,3.0,,,,,4.0,,7.0,,26.0,,16.0,7.0,5.0,25021.0,119.0,62.0
250214161013,16,1545,16,66,34,56,12,17,104,7,1873,722,,,,5.0,,1.0,8.0,,38.0,,3.0,17.0,,1.0,480.0,1026.0,4.0,100.0,2.0,20.0,25021.0,1705.0,168.0
250214161014,15,65,6,2,2,87,0,13,11,2,203,522,,,,6.0,,2.0,,,,1.0,42.0,2.0,,1.0,,7.0,64.0,1.0,16.0,,25021.0,142.0,61.0
250214161021,22,795,12,57,50,74,14,23,149,11,1207,939,9.0,,,25.0,,3.0,8.0,32.0,,,47.0,38.0,1.0,24.0,1009.0,126.0,46.0,189.0,47.0,88.0,25021.0,1692.0,-485.0
250214161022,2,68,0,0,3,13,0,4,28,9,127,390,,,,2.0,,1.0,5.0,,,1.0,,9.0,,,37.0,3.0,,1.0,5.0,,25021.0,64.0,63.0
250214162001,1,103,1,0,21,4,1,7,22,0,160,371,,,,1.0,4.0,,,,2.0,,,,,,,25.0,1.0,,,,25021.0,33.0,127.0
250214162002,1,0,4,0,0,0,0,1,0,0,6,302,,,,,,,,,,,,1.0,,,,2.0,,,,,25021.0,3.0,3.0
250214162003,10,229,11,194,6,17,1,13,39,6,526,381,,,,3.0,,2.0,11.0,,7.0,1.0,1.0,2.0,,,652.0,19.0,71.0,,2.0,106.0,25021.0,877.0,-351.0
250214162004,1,259,5,0,2,1,0,1,13,0,282,292,,,,,,,,,,,2.0,2.0,,2.0,,4.0,,,,,25021.0,10.0,272.0
250214162005,0,65,0,0,3,6,0,10,13,3,100,353,,,,,,1.0,,,,,,,,,,1.0,,,2.0,,25021.0,4.0,96.0
250214162006,21,23,0,0,3,9,0,5,36,1,98,303,,,,4.0,,,,,,,,,,,,7.0,,,8.0,,25021.0,19.0,79.0
250214162007,0,0,8,0,0,0,0,0,5,0,13,497,,,,11.0,,,,2.0,,,,1.0,,7.0,,4.0,,33.0,,,25021.0,58.0,-45.0
250214163001,18,123,37,0,11,31,0,34,95,8,357,555,,,,78.0,,,,,1.0,7.0,3.0,29.0,,,4.0,52.0,2.0,,10.0,,25021.0,186.0,171.0
250214163002,1,43,0,0,8,13,0,16,38,1,120,298,,,,3.0,,2.0,19.0,,,,,,,,,4.0,,,4.0,,25021.0,32.0,88.0
250214163003,6,62,0,0,4,1,12,7,20,8,120,298,,,,5.0,,1.0,,,,,,2.0,,,,,1.0,,,,25021.0,9.0,111.0
250214163004,8,36,30,0,1,19,2,8,21,2,127,317,,,,,,,,,,1.0,3.0,12.0,2.0,,,4.0,,,6.0,,25021.0,28.0,99.0
250214163005,32,72,37,1,13,58,4,59,52,10,338,417,,,,23.0,,2.0,9.0,,,12.0,,8.0,,,,51.0,5.0,90.0,13.0,,25021.0,213.0,125.0
250214164001,1,3,1,1,2,9,0,3,58,1,79,304,,,,10.0,,,,,,4.0,,8.0,47.0,,,,,,7.0,,25021.0,76.0,3.0
250214164002,11,82,141,0,21,187,6,47,120,7,622,343,,,,7.0,,,308.0,,,35.0,19.0,41.0,,1.0,31.0,108.0,50.0,72.0,60.0,,25021.0,732.0,-110.0
250214164003,13,41,0,0,3,22,0,6,11,2,98,298,,,,17.0,1.0,,3.0,,17.0,,13.0,4.0,,2.0,1.0,7.0,,71.0,6.0,,25021.0,142.0,-44.0
250214164004,17,11,2,0,23,8,5,24,25,0,115,279,,,,4.0,,,,2.0,10.0,,,26.0,,,,10.0,17.0,,2.0,,25021.0,71.0,44.0
250214164005,4,59,9,0,2,8,1,2,13,1,99,356,,,,4.0,,2.0,4.0,,,2.0,,3.0,,2.0,,2.0,,,1.0,,25021.0,20.0,79.0
250214164006,5,204,1,0,30,16,2,11,61,88,418,352,,,,7.0,,,,,,1.0,,15.0,,15.0,152.0,14.0,,,1.0,,25021.0,205.0,213.0
250214164007,11,102,190,0,3,25,0,28,225,5,589,405,,,,11.0,,45.0,10.0,,1.0,33.0,55.0,75.0,,,,40.0,,45.0,13.0,,25021.0,328.0,261.0
250214171001,11,63,75,0,14,54,8,40,56,6,327,317,,,,,2.0,8.0,2.0,8.0,,9.0,3.0,5.0,,3.0,,3.0,,73.0,27.0,,25021.0,143.0,184.0
250214171002,17,43,2,0,3,9,1,0,31,5,111,377,,,,15.0,,,,,,,,2.0,,,,4.0,4.0,5.0,3.0,,25021.0,33.0,78.0
250214171003,10,101,3,1,7,15,0,7,44,5,193,331,,,,,,,,,,2.0,,1.0,,,,,3.0,,1.0,,25021.0,7.0,186.0
250214171004,8,114,6,1,9,76,1,30,80,15,340,395,,,,5.0,1.0,,38.0,,,,2.0,2.0,,3.0,,6.0,15.0,,,,25021.0,72.0,268.0
250214171005,10,43,2,0,10,13,2,2,31,7,120,339,,,,2.0,,,4.0,,,,1.0,,,,,4.0,,,,,25021.0,11.0,109.0
250214172001,94,195,184,59,620,205,62,24,352,133,1928,1525,,,,286.0,13.0,54.0,72.0,308.0,1495.0,9591.0,8.0,111.0,46.0,315.0,,46.0,,225.0,22.0,647.0,25021.0,13239.0,-11311.0
250214172002,7,143,44,0,17,191,3,242,80,30,757,521,,,,3.0,,,320.0,,,7.0,19.0,30.0,,4.0,14.0,114.0,,60.0,49.0,,25021.0,620.0,137.0
250214172003,7,73,2,2,11,121,0,8,48,52,324,345,,,,,,,127.0,,,,,3.0,,,,3.0,,80.0,,,25021.0,213.0,111.0
250214172004,4,47,1,0,14,18,8,11,54,15,172,377,,,,2.0,,1.0,,,,,,,,6.0,,11.0,,16.0,6.0,,25021.0,42.0,130.0
250214172005,1,13,1,0,3,11,0,6,23,3,61,390,,,,4.0,,,,,,,5.0,,,,2.0,11.0,,,2.0,,25021.0,24.0,37.0
250214172006,4,7,4,0,0,1,1,8,5,0,30,479,,,,10.0,,,,,,,,2.0,,,,2.0,,,,,25021.0,14.0,16.0
250214172007,5,14,4,0,0,7,0,5,16,0,51,248,,,,,,,,,,,,,,,,5.0,,7.0,,,25021.0,12.0,39.0
250214173001,71,569,122,29,112,172,49,10,190,117,1441,1373,,,,243.0,,603.0,2.0,2.0,40.0,1.0,,36.0,,9.0,1.0,368.0,,42.0,31.0,,25021.0,1378.0,63.0
250214173002,8,126,40,3,64,88,25,8,177,8,547,883,,,,11.0,,3.0,12.0,3.0,,85.0,155.0,24.0,,1.0,,139.0,34.0,141.0,110.0,,25021.0,718.0,-171.0
250214174001,11,16,16,0,2,4,0,6,22,0,77,484,,,,6.0,,,,,1.0,,4.0,6.0,,8.0,1.0,37.0,,,2.0,,25021.0,65.0,12.0
250214174002,31,10,3,0,2,27,1,6,57,1,138,366,,,,3.0,,,9.0,,,,,3.0,,121.0,,3.0,,7.0,2.0,,25021.0,148.0,-10.0
250214174003,8,43,0,0,2,3,0,1,25,14,96,267,,,,,,,,,,,2.0,,,,,,,4.0,,,25021.0,6.0,90.0
250214175011,3,38,0,11,8,20,0,3,33,1,117,334,,,,17.0,,,,,,,,3.0,,,,4.0,,,1.0,,25021.0,25.0,92.0
250214175012,12,54,8,0,7,18,2,5,46,4,156,543,,,,7.0,,2.0,,,,1.0,,5.0,,,,,,,1.0,,25021.0,16.0,140.0
250214175013,9,51,41,1,14,17,1,8,37,5,184,664,,,,,,,4.0,,,,,,,,1.0,12.0,,14.0,6.0,,25021.0,37.0,147.0
250214175014,8,79,22,0,15,51,16,7,52,12,262,534,,,,6.0,3.0,6.0,8.0,1.0,,40.0,,4.0,,,,19.0,,30.0,2.0,,25021.0,119.0,143.0
250214175021,12,252,58,4,32,71,3,41,102,25,600,560,,,,21.0,,5.0,20.0,,,15.0,4.0,85.0,,12.0,6.0,83.0,,150.0,26.0,,25021.0,427.0,173.0
250214175022,11,356,6,13,17,145,4,14,65,7,638,698,,,,,,1.0,37.0,1.0,2.0,5.0,,3.0,,,,36.0,,218.0,19.0,,25021.0,322.0,316.0
250214175023,34,91,2,1,9,31,15,12,118,13,326,388,,,,44.0,27.0,1.0,,21.0,,,,5.0,,,,5.0,,,15.0,,25021.0,118.0,208.0
250214175024,28,64,10,0,12,36,0,6,50,2,208,730,,,,22.0,,,50.0,,,,,3.0,,,,8.0,,4.0,1.0,,25021.0,88.0,120.0
250214176011,8,22,7,0,6,23,0,2,25,3,96,341,,,,9.0,,,,,,,,,,1.0,,4.0,,21.0,,,25021.0,35.0,61.0
250214176012,41,270,3,0,18,28,0,23,90,10,483,565,,,,22.0,,1.0,,,1.0,,,2.0,,1.0,637.0,2.0,,7.0,2.0,,25021.0,675.0,-192.0
250214176013,8,149,10,1,23,25,2,41,60,16,335,555,,,,16.0,,1.0,8.0,,,,28.0,,,,,25.0,,21.0,14.0,,25021.0,113.0,222.0
250214176014,15,118,96,0,14,211,2,23,67,16,562,747,,,,,10.0,6.0,132.0,,,13.0,22.0,,,6.0,,32.0,17.0,77.0,23.0,,25021.0,338.0,224.0
250214176021,5,78,24,11,21,96,2,10,64,8,319,599,,,,7.0,,,7.0,,,,5.0,,,1.0,,8.0,227.0,6.0,,,25021.0,261.0,58.0
250214176022,5,95,52,6,18,57,0,15,82,79,409,693,,,,,,,13.0,,,3.0,3.0,18.0,24.0,25.0,11.0,24.0,,61.0,3.0,,25021.0,185.0,224.0
250214176023,90,217,73,58,39,242,53,61,125,27,985,1131,,,,33.0,17.0,11.0,166.0,,5.0,18.0,46.0,41.0,,,,142.0,16.0,179.0,74.0,84.0,25021.0,832.0,153.0
250214177011,43,232,57,202,26,66,0,12,110,61,809,1135,,,,,,150.0,37.0,,34.0,7.0,6.0,7.0,,42.0,13.0,62.0,12.0,92.0,47.0,,25021.0,509.0,300.0
250214177012,12,226,35,0,13,110,6,30,38,77,547,497,,,,5.0,9.0,38.0,339.0,129.0,,23.0,7.0,49.0,,12.0,1.0,212.0,,34.0,23.0,,25021.0,881.0,-334.0
250214177013,52,1478,722,207,184,895,33,50,602,96,4319,1215,,,,21.0,7.0,16.0,215.0,90.0,108.0,201.0,151.0,477.0,520.0,167.0,1752.0,952.0,,220.0,558.0,354.0,25021.0,5809.0,-1490.0
250214177014,38,1560,148,369,120,562,41,95,560,51,3544,3001,,,,4.0,,4.0,431.0,14.0,115.0,254.0,29.0,148.0,49.0,798.0,26.0,1568.0,11.0,532.0,94.0,146.0,25021.0,4223.0,-679.0
250214177021,5,65,2,0,7,15,0,25,24,1,144,280,,,,,,,3.0,,,,2.0,,,,,,,,,,25021.0,5.0,139.0
250214177022,12,150,11,188,25,217,10,11,39,36,699,446,,,23.0,214.0,,64.0,69.0,,,,7.0,7.0,,3.0,5.0,84.0,12.0,71.0,4.0,327.0,25021.0,890.0,-191.0
250214177023,4,36,2,0,10,16,2,15,38,8,131,400,,,,2.0,15.0,,220.0,2.0,5.0,,4.0,3.0,,,,3.0,,37.0,4.0,,25021.0,295.0,-164.0
250214178011,38,35,4,197,13,42,0,7,66,14,416,486,,,,3.0,,,,,,,,3.0,,,,6.0,3.0,10.0,,,25021.0,25.0,391.0
250214178012,5,18,1,1,6,6,0,12,15,2,66,353,,,,14.0,,,2.0,,,,,9.0,,,,15.0,,,,,25021.0,40.0,26.0
250214178013,14,55,0,0,6,12,0,14,40,6,147,496,,,,63.0,,2.0,7.0,,,,,,,,,5.0,,4.0,3.0,,25021.0,84.0,63.0
250214178014,9,0,0,0,0,0,0,0,0,0,9,288,,,,,,,,,,,,,,,1.0,1.0,,,,,25021.0,2.0,7.0
250214178015,12,75,6,0,19,104,6,18,72,15,327,751,,,,13.0,,,8.0,4.0,,,,,,,,22.0,3.0,36.0,5.0,,25021.0,91.0,236.0
250214178021,7,146,0,1,11,23,3,8,84,9,292,679,,,,,3.0,,,,,,,2.0,,,,38.0,,,17.0,,25021.0,60.0,232.0
250214178022,2,50,36,1,13,17,1,7,51,3,181,661,,,,,,,6.0,,,,,,,,,26.0,,,,,25021.0,32.0,149.0
250214179011,15,58,3,0,16,45,90,5,100,15,347,755,,,,43.0,102.0,,43.0,,,,2.0,13.0,,,,50.0,7.0,56.0,,,25021.0,316.0,31.0
250214179012,145,114,51,3,24,69,114,31,108,108,767,883,,,,125.0,40.0,6.0,17.0,5.0,,2.0,64.0,2.0,,,,22.0,3.0,39.0,18.0,,25021.0,343.0,424.0
250214179013,6,176,11,2,15,61,0,10,71,88,440,1104,,,,10.0,,,112.0,92.0,,3.0,,1.0,,3.0,,53.0,,9.0,1.0,,25021.0,284.0,156.0
250214179014,32,50,8,0,5,83,11,20,46,50,305,427,,,,20.0,,2.0,21.0,2.0,,,,4.0,2.0,,,111.0,,59.0,1.0,,25021.0,222.0,83.0
250214179015,8,88,8,0,28,102,0,29,66,11,340,449,,,,,,,6.0,,,,4.0,2.0,13.0,11.0,,201.0,,,23.0,,25021.0,260.0,80.0
250214179021,13,106,3,2,14,26,2,8,69,4,247,537,,,,10.0,,7.0,,,,,,,,7.0,,20.0,,13.0,14.0,,25021.0,71.0,176.0
250214179022,22,109,7,202,17,21,21,16,57,7,479,650,,,,18.0,12.0,4.0,,,,81.0,19.0,20.0,,,,37.0,34.0,,8.0,237.0,25021.0,470.0,9.0
250214179023,7,73,6,1,12,21,1,7,56,4,188,413,,,,37.0,,34.0,,,,,,6.0,,,,24.0,,,,,25021.0,101.0,87.0
250214180021,23,200,44,1,31,478,4,28,106,14,929,923,,,,,8.0,1.0,726.0,6.0,,34.0,5.0,12.0,,4.0,,150.0,,152.0,16.0,3.0,25021.0,1117.0,-188.0
250214180022,19,31,3,0,13,18,0,12,40,1,137,344,,,,,,,8.0,1.0,,,,,,3.0,,92.0,,,,,25021.0,104.0,33.0
250214180023,20,181,14,1,22,30,4,35,70,5,382,490,,,,2.0,,,46.0,,,5.0,,,,4.0,,20.0,,22.0,11.0,,25021.0,110.0,272.0
250214180024,21,54,29,1,18,77,23,112,65,8,408,539,,,,5.0,47.0,,69.0,,,73.0,,25.0,37.0,,1.0,22.0,,58.0,72.0,,25021.0,409.0,-1.0
250214180025,7,66,35,1,11,47,1,1,37,5,211,1037,,,,4.0,,,92.0,,,43.0,,7.0,47.0,,,62.0,6.0,5.0,53.0,,25021.0,319.0,-108.0
250214180031,77,1898,241,0,642,253,58,22,1414,70,4675,1508,,,,171.0,30.0,21.0,364.0,62.0,279.0,2116.0,26.0,434.0,941.0,119.0,,589.0,,87.0,23.0,,25021.0,5262.0,-587.0
250214180041,149,156,169,2,52,148,19,47,214,77,1033,804,,,,91.0,17.0,7.0,143.0,,,31.0,3.0,19.0,,89.0,,63.0,,78.0,19.0,,25021.0,560.0,473.0
250214180042,153,212,47,3,51,177,56,37,219,22,977,580,,,,26.0,75.0,18.0,,,87.0,202.0,6.0,840.0,14.0,83.0,,427.0,,26.0,81.0,,25021.0,1885.0,-908.0
250214180043,94,1030,26,2,34,46,13,25,201,56,1527,950,,,,255.0,6.0,22.0,29.0,,,,20.0,19.0,,70.0,,546.0,,4.0,8.0,,25021.0,979.0,548.0
250214181011,16,122,4,1,9,41,5,126,51,12,387,656,,,,6.0,,2.0,14.0,,,1.0,,11.0,,7.0,,73.0,,48.0,16.0,,25021.0,178.0,209.0
250214181012,18,66,26,2,9,24,0,11,55,11,222,1373,,,,11.0,,6.0,11.0,,,3.0,21.0,25.0,,,,170.0,,10.0,1.0,,25021.0,258.0,-36.0
250214181013,4,86,12,8,6,21,0,50,56,4,247,488,,,,,,,1.0,,,6.0,7.0,,,,,1.0,,16.0,53.0,,25021.0,84.0,163.0
250214181021,10,8,0,9,6,29,0,1,36,2,101,414,,,,17.0,,,39.0,,,,,,,20.0,,3.0,,11.0,2.0,,25021.0,92.0,9.0
250214181022,26,67,26,1,10,48,10,22,72,16,298,1269,,,,2.0,,14.0,1.0,1.0,,,11.0,,,,,71.0,,19.0,55.0,,25021.0,174.0,124.0
250214182001,20,108,42,0,9,87,17,30,104,9,426,661,,,,7.0,4.0,3.0,114.0,,4.0,8.0,,19.0,,152.0,16.0,13.0,,81.0,11.0,,25021.0,432.0,-6.0
250214182002,178,495,152,2,43,400,28,95,328,165,1886,1068,,,,208.0,3.0,39.0,369.0,25.0,17.0,30.0,7.0,99.0,4.0,7.0,,395.0,,176.0,53.0,,25021.0,1432.0,454.0
250214182003,20,95,85,1,21,45,10,13,134,35,459,418,,,,134.0,,18.0,1.0,1.0,3.0,40.0,41.0,267.0,6.0,41.0,,285.0,,2.0,8.0,,25021.0,847.0,-388.0
250214182004,38,64,39,0,21,79,16,15,193,13,478,1141,,,3.0,8.0,24.0,132.0,86.0,2.0,,3.0,6.0,,,12.0,,13.0,219.0,,,,25021.0,508.0,-30.0
250214191001,140,1024,1354,118,234,939,1048,149,1608,316,6930,863,,,,650.0,910.0,330.0,3548.0,150.0,360.0,906.0,920.0,1513.0,155.0,1431.0,96.0,876.0,173.0,1260.0,413.0,126.0,25021.0,13817.0,-6887.0
250214191002,39,211,231,0,18,114,43,18,212,39,925,571,,,,48.0,3.0,4.0,80.0,,4.0,99.0,296.0,100.0,4.0,18.0,3.0,129.0,3.0,35.0,115.0,,25021.0,941.0,-16.0
250214191003,6,120,35,0,9,16,8,10,63,5,272,590,,,,6.0,,,11.0,,,19.0,,10.0,,1.0,,26.0,,,9.0,,25021.0,82.0,190.0
250214191004,13,121,5,0,7,16,0,6,60,3,231,271,,,,11.0,,,,,,,,9.0,,4.0,,16.0,,,5.0,,25021.0,45.0,186.0
250214192001,85,162,40,40,18,37,15,12,143,30,582,858,,,,58.0,30.0,9.0,51.0,6.0,,16.0,6.0,28.0,,4.0,,63.0,2.0,16.0,17.0,,25021.0,306.0,276.0
250214192002,3,453,14,0,5,23,1,19,53,0,571,367,,,,4.0,,,,,,8.0,17.0,1.0,,,25.0,21.0,,,5.0,,25021.0,81.0,490.0
250214192003,22,26,4,6,11,19,1,3,52,11,155,328,,,,26.0,,17.0,,,,,,6.0,,67.0,,4.0,,37.0,,,25021.0,157.0,-2.0
250214192004,2,224,0,73,2,1,1,0,19,4,326,371,,,,5.0,,4.0,1.0,,,,,1.0,,1.0,,153.0,,,1.0,169.0,25021.0,335.0,-9.0
250214193001,13,58,14,0,4,11,0,5,22,6,133,512,,,,12.0,,4.0,,13.0,,,7.0,,,10.0,,2.0,,,18.0,,25021.0,66.0,67.0
250214193002,18,28,4,0,6,24,0,3,35,3,121,267,,,,,,,3.0,1.0,,,1.0,,,,,1.0,,,,,25021.0,6.0,115.0
250214193003,2,42,15,1,8,16,2,0,27,3,116,483,,,,8.0,,,9.0,9.0,,,,,,,,10.0,,,7.0,,25021.0,43.0,73.0
250214193004,20,19,1,0,1,11,36,3,13,0,104,350,,,,61.0,,,3.0,,,,,,,,,1.0,,13.0,,,25021.0,78.0,26.0
250214194001,32,58,3,137,25,132,1,46,161,28,623,312,,,120.0,26.0,,,694.0,50.0,,,2.0,,1.0,169.0,,2.0,,47.0,41.0,,25021.0,1152.0,-529.0
250214194002,5,32,1,1,4,17,0,4,34,55,153,473,,,99.0,1.0,,7.0,2.0,,,,8.0,11.0,,,,3.0,19.0,26.0,,,25021.0,176.0,-23.0
250214194003,23,41,61,0,12,65,1,43,35,12,293,619,,,,34.0,5.0,,42.0,5.0,,,17.0,,,,,8.0,,19.0,34.0,,25021.0,164.0,129.0
250214195001,7,293,21,2,18,48,8,19,62,10,488,437,,,,1.0,2.0,8.0,20.0,1.0,,14.0,,34.0,,,23.0,177.0,,35.0,5.0,,25021.0,320.0,168.0
250214195002,12,124,2,3,12,30,0,93,36,6,318,809,,,,19.0,,,265.0,,,,10.0,3.0,,,,7.0,2.0,,20.0,,25021.0,326.0,-8.0
250214196001,2,18,25,0,8,25,0,2,33,69,182,742,,,,3.0,,184.0,1.0,2.0,,,19.0,2.0,,40.0,,2.0,1.0,,20.0,,25021.0,274.0,-92.0
250214196002,23,87,10,14,17,37,0,5,90,3,286,457,,,,7.0,,3.0,4.0,8.0,,7.0,,18.0,,,1.0,43.0,4.0,18.0,26.0,16.0,25021.0,155.0,131.0
250214196003,32,108,11,18,20,315,4,11,112,34,665,1042,,,,22.0,154.0,7.0,10.0,1.0,,3.0,1.0,36.0,,6.0,8.0,51.0,1.0,30.0,28.0,398.0,25021.0,756.0,-91.0
250214196004,7,70,35,2,6,142,0,8,26,15,311,764,,,,18.0,324.0,9.0,4.0,13.0,1.0,8.0,2.0,13.0,,207.0,28.0,154.0,,,,,25021.0,781.0,-470.0
250214197001,35,52,15,5,9,97,6,14,81,2,316,669,,,,5.0,,,,25.0,,,,43.0,,,,3.0,22.0,196.0,14.0,30.0,25021.0,338.0,-22.0
250214197002,35,374,45,0,17,275,7,11,95,14,873,987,,,,38.0,,4.0,178.0,4.0,,14.0,2.0,6.0,,14.0,2.0,332.0,,78.0,16.0,,25021.0,688.0,185.0
250214198001,115,500,25,40,55,193,282,33,413,711,2367,708,,,,199.0,343.0,503.0,132.0,44.0,206.0,106.0,24.0,16.0,6.0,442.0,,885.0,1.0,131.0,32.0,,25021.0,3070.0,-703.0
250214198002,33,556,495,800,81,794,11,191,476,69,3506,458,,,27.0,93.0,32.0,39.0,1063.0,5.0,120.0,228.0,38.0,179.0,22.0,87.0,316.0,458.0,53.0,412.0,167.0,234.0,25021.0,3573.0,-67.0
250214198003,91,759,98,8,19,45,44,10,184,547,1805,600,,,,170.0,32.0,82.0,48.0,308.0,23.0,,72.0,31.0,,30.0,1188.0,519.0,,62.0,35.0,,25021.0,2600.0,-795.0
250214201001,13,66,6,1,61,49,77,25,92,306,696,441,,,,154.0,211.0,318.0,2.0,60.0,16.0,1.0,2.0,33.0,803.0,31.0,,38.0,,43.0,31.0,,25021.0,1743.0,-1047.0
250214201002,21,153,42,2,37,90,1,16,143,18,523,335,,,,17.0,,,45.0,,,13.0,,6.0,,13.0,,39.0,,80.0,7.0,,25021.0,220.0,303.0
250214201003,2,30,3,0,15,20,0,10,37,13,130,303,,,,7.0,,,,,,,1.0,,,,,7.0,,,,,25021.0,15.0,115.0
250214201004,38,216,15,15,56,130,31,31,165,31,728,1055,,,,29.0,140.0,1.0,11.0,,,5.0,,8.0,,8.0,,45.0,,12.0,20.0,,25021.0,279.0,449.0
250214201005,20,141,42,3,33,70,5,40,118,19,491,931,,,,3.0,,,12.0,,,7.0,,2.0,,1.0,,29.0,,,7.0,,25021.0,61.0,430.0
250214202011,7,94,11,0,19,25,2,3,47,6,214,300,,,,10.0,,,,,,,,,,,,23.0,,10.0,,,25021.0,43.0,171.0
250214202012,13,402,25,2,29,57,1,6,113,11,659,925,,,,,,,,,,2.0,36.0,,,1.0,303.0,36.0,,35.0,13.0,,25021.0,426.0,233.0
250214202021,25,111,3,0,16,257,1,12,127,61,613,392,,,,3.0,,16.0,9.0,43.0,1.0,,,4.0,,,,7.0,22.0,248.0,,,25021.0,353.0,260.0
250214202022,9,100,13,1,19,126,8,20,99,17,412,652,,,,7.0,7.0,,24.0,1.0,2.0,12.0,1.0,5.0,,,,160.0,,127.0,3.0,,25021.0,349.0,63.0
250214202023,31,114,103,3,38,81,108,8,145,331,962,1389,,,,78.0,232.0,234.0,42.0,185.0,12.0,,3.0,21.0,,88.0,,21.0,,,22.0,,25021.0,938.0,24.0
250214203011,36,260,11,4,44,151,232,38,364,141,1281,397,,,,6.0,26.0,398.0,113.0,208.0,,,,25.0,,110.0,,20.0,,,11.0,,25021.0,917.0,364.0
250214203012,17,129,16,2,30,70,20,28,104,20,436,572,,,,6.0,16.0,,5.0,,,,,,,,,69.0,,49.0,16.0,,25021.0,161.0,275.0
250214203013,54,408,96,22,41,378,7,84,216,37,1343,1087,,,,56.0,21.0,8.0,203.0,7.0,8.0,51.0,15.0,98.0,,14.0,9.0,359.0,3.0,198.0,95.0,6.0,25021.0,1151.0,192.0
250214203014,20,76,21,2,116,238,2,5,106,17,603,626,,,,16.0,6.0,9.0,25.0,2.0,134.0,,6.0,,,,7.0,31.0,,174.0,36.0,,25021.0,446.0,157.0
250214203021,11,189,38,1,23,180,19,10,112,90,673,562,,,,10.0,98.0,9.0,194.0,,,2.0,,19.0,,20.0,,309.0,14.0,108.0,7.0,,25021.0,790.0,-117.0
250214203022,18,143,33,37,13,43,14,6,88,12,407,386,,,,5.0,,,14.0,,,17.0,3.0,,,13.0,,37.0,,,,,25021.0,89.0,318.0
250214203023,26,118,6,2,25,63,3,8,111,18,380,407,,,,1.0,,22.0,1.0,11.0,,,,30.0,,2.0,,12.0,,,26.0,,25021.0,105.0,275.0
250214203024,20,120,2,2,43,127,5,22,131,15,487,854,,,,,,,10.0,7.0,,,,,,44.0,,52.0,,,7.0,,25021.0,120.0,367.0
250214203025,17,359,64,153,35,165,4,38,117,21,973,779,,,,,4.0,1.0,172.0,,21.0,20.0,13.0,22.0,,5.0,597.0,95.0,46.0,104.0,13.0,171.0,25021.0,1284.0,-311.0
250214211001,76,133,148,39,35,147,133,35,194,77,1017,753,,,,10.0,7.0,23.0,9.0,35.0,,22.0,55.0,3.0,,9.0,,11.0,7.0,37.0,24.0,92.0,25021.0,344.0,673.0
250214211002,8,54,0,0,33,46,0,9,67,7,224,255,,,,5.0,,,3.0,,,,,,,,,5.0,,,2.0,,25021.0,15.0,209.0
250214211003,48,204,8,29,47,122,45,51,236,118,908,821,,,,70.0,189.0,98.0,136.0,26.0,,19.0,,,,103.0,,37.0,,35.0,32.0,4.0,25021.0,749.0,159.0
250214211004,6,36,0,0,12,29,2,6,58,7,156,283,,,,4.0,,,,,,,,2.0,,2.0,,4.0,,,3.0,,25021.0,15.0,141.0
250214212001,10,80,31,1,16,32,3,26,60,7,266,418,,,,2.0,,,10.0,1.0,14.0,38.0,2.0,1.0,,2.0,,39.0,,4.0,95.0,,25021.0,208.0,58.0
250214212002,10,56,3,1,25,32,1,17,79,8,232,440,,,,49.0,,,,3.0,2.0,,3.0,4.0,,1.0,,7.0,,,10.0,,25021.0,79.0,153.0
250214212003,18,305,15,3,15,19,5,4,53,42,479,455,,,,25.0,5.0,,28.0,18.0,,4.0,3.0,9.0,11.0,18.0,165.0,45.0,,41.0,6.0,,25021.0,378.0,101.0
250214212004,163,166,11,31,70,168,83,41,244,223,1200,621,,,10.0,323.0,65.0,97.0,78.0,96.0,9.0,,,45.0,,95.0,,24.0,,102.0,63.0,53.0,25021.0,1060.0,140.0
250214212005,16,40,0,1,11,23,2,3,47,5,148,321,,,,25.0,,,,,,,2.0,2.0,,11.0,,4.0,,,5.0,,25021.0,49.0,99.0
250214221001,24,73,1,1,9,75,1,0,67,6,257,413,,,,38.0,,3.0,47.0,,,,,21.0,,8.0,,3.0,,2.0,10.0,,25021.0,132.0,125.0
250214221002,19,111,6,2,22,45,2,3,69,17,296,512,,,,1.0,,,4.0,,,,,1.0,,,,3.0,,,8.0,,25021.0,17.0,279.0
250214221003,19,246,47,14,38,133,4,45,177,11,734,696,,,,16.0,5.0,3.0,101.0,,,56.0,4.0,36.0,79.0,9.0,,113.0,,144.0,49.0,13.0,25021.0,628.0,106.0
250214221004,17,291,2,2,11,95,4,24,89,85,620,441,,,,,,,114.0,,,,3.0,8.0,,11.0,15.0,196.0,7.0,63.0,19.0,,25021.0,436.0,184.0
250214222001,21,56,17,19,39,59,22,7,106,8,354,1918,,,,,,,,,,,22.0,3.0,,,13.0,89.0,,,1.0,,25021.0,128.0,226.0
250214222002,38,136,20,6,31,59,2,17,110,23,442,509,,,,15.0,,28.0,15.0,,1.0,,1.0,,,5.0,,10.0,44.0,,12.0,,25021.0,131.0,311.0
250214222003,11,118,3,0,25,35,0,3,76,15,286,408,,,,3.0,,,,,,,3.0,3.0,,3.0,,8.0,,,10.0,,25021.0,30.0,256.0
250214222004,16,170,19,0,5,26,0,7,13,25,281,326,,,,11.0,,,,,,10.0,1.0,4.0,,20.0,,17.0,,45.0,2.0,,25021.0,110.0,171.0
250214222005,23,102,54,0,14,221,11,20,46,4,495,1109,,,,16.0,94.0,,116.0,1.0,,16.0,16.0,48.0,,17.0,2.0,12.0,,122.0,68.0,,25021.0,528.0,-33.0
250214222006,26,405,39,1,20,2217,3,136,158,20,3025,673,,,,7.0,,,158.0,3.0,,57.0,8.0,13.0,,10.0,,3984.0,,40.0,97.0,,25021.0,4377.0,-1352.0
250214223011,23,310,39,1,47,177,0,19,232,29,877,465,,,,4.0,3.0,12.0,34.0,,1.0,9.0,,172.0,9.0,12.0,,301.0,,119.0,21.0,,25021.0,697.0,180.0
250214223012,100,124,42,0,49,186,54,19,143,97,814,692,,,,124.0,37.0,76.0,79.0,15.0,4.0,,2.0,19.0,,21.0,,45.0,247.0,,7.0,,25021.0,676.0,138.0
250214223021,13,106,7,0,18,48,1,13,114,12,332,469,1.0,,,4.0,,10.0,5.0,5.0,,,,1.0,,,,1.0,,,,,25021.0,27.0,305.0
250214223022,2,33,8,2,7,18,1,1,43,13,128,756,,,,,,,,,,,,8.0,,,,1.0,,,,,25021.0,9.0,119.0
250214223023,10,75,34,1,5,89,1,15,48,5,283,1058,,,,2.0,,,5.0,,,,3.0,3.0,,6.0,2.0,27.0,,,,,25021.0,48.0,235.0
250214223024,464,986,74,3,59,540,414,128,950,472,4090,716,,31.0,,1044.0,197.0,235.0,462.0,49.0,22.0,42.0,46.0,204.0,26.0,480.0,10.0,860.0,13.0,57.0,80.0,,25021.0,3858.0,232.0
250214223025,13,533,35,3,10,54,0,13,73,33,767,408,,,,8.0,,1.0,29.0,,3.0,8.0,53.0,5.0,,2.0,,100.0,,,20.0,,25021.0,229.0,538.0
250214224001,17,205,2,14,18,41,1,4,71,15,388,493,,,,6.0,,,11.0,17.0,,,,,,,,130.0,,,,20.0,25021.0,184.0,204.0
250214224002,38,264,70,1,49,69,13,47,123,122,796,652,,,,63.0,,,15.0,,,54.0,,27.0,,,,87.0,,76.0,12.0,,25021.0,334.0,462.0
250214224003,20,125,9,0,21,54,4,13,110,10,366,705,,,,18.0,,,5.0,,,,,2.0,,7.0,36.0,131.0,2.0,2.0,,,25021.0,203.0,163.0
250214224004,173,404,132,87,47,464,6,37,221,68,1639,362,,,,18.0,,27.0,212.0,45.0,12.0,24.0,16.0,7.0,,42.0,,73.0,58.0,297.0,49.0,,25021.0,880.0,759.0
250214224005,27,506,48,1,50,370,4,52,206,166,1430,1372,,,,137.0,125.0,3.0,246.0,11.0,,4.0,15.0,16.0,,32.0,,301.0,1.0,94.0,18.0,,25021.0,1003.0,427.0
250214225011,43,64,9,5,19,28,0,5,50,14,237,599,,,,42.0,,,3.0,,,7.0,,,1.0,,,15.0,,,1.0,,25021.0,69.0,168.0
250214225012,16,98,25,1,32,110,42,27,153,11,515,986,,,,10.0,,,49.0,,,3.0,16.0,,,,,23.0,,40.0,34.0,,25021.0,175.0,340.0
250214225013,9,18,1,0,9,8,0,6,28,8,87,262,,,,6.0,,,,,,3.0,,,,,,1.0,,,1.0,,25021.0,11.0,76.0
250214225014,23,71,9,6,13,60,9,66,92,39,388,327,,,,3.0,,23.0,12.0,,,,,7.0,,,,17.0,,26.0,27.0,,25021.0,115.0,273.0
250214225021,13,338,7,103,20,58,1,37,167,19,763,445,,,,23.0,,,8.0,,,43.0,,30.0,,2.0,9.0,9.0,,21.0,5.0,,25021.0,150.0,613.0
250214225022,22,147,29,2,19,98,4,32,58,5,416,584,,,,28.0,,,82.0,,,6.0,,,75.0,6.0,,4.0,,28.0,168.0,,25021.0,397.0,19.0
250214225023,33,281,12,103,35,61,1,14,105,17,662,811,,,,18.0,,1.0,5.0,,8.0,4.0,10.0,26.0,,6.0,,293.0,,11.0,6.0,,25021.0,388.0,274.0
250214225024,12,142,22,2,17,199,16,32,81,7,530,513,,,,1.0,,,162.0,,,9.0,7.0,8.0,,11.0,12.0,63.0,,48.0,18.0,,25021.0,339.0,191.0
250214226001,11,59,13,0,22,34,0,6,60,4,209,354,,,,3.0,6.0,,23.0,,,8.0,,,,1.0,,14.0,,,,,25021.0,55.0,154.0
250214226002,32,119,16,0,15,52,26,47,57,14,378,357,,,,36.0,12.0,,107.0,,,,,,,,,19.0,,54.0,4.0,,25021.0,232.0,146.0
250214226003,31,50,8,2,23,41,4,16,70,5,250,472,,,,42.0,4.0,,3.0,,1.0,,,3.0,,26.0,,9.0,,,11.0,,25021.0,99.0,151.0
250214226004,16,61,19,0,8,21,0,11,81,16,233,405,,,,2.0,,,7.0,,2.0,,,3.0,,3.0,,7.0,,,5.0,,25021.0,29.0,204.0
250214226005,15,48,2,0,17,31,0,1,48,8,170,363,,,,19.0,,,1.0,,,,,,,,,4.0,,,2.0,,25021.0,26.0,144.0
250214226006,11,77,5,3,16,32,2,3,63,6,218,231,,,,,,,4.0,,,,2.0,3.0,,,,10.0,,10.0,,,25021.0,29.0,189.0
250214226007,16,50,1,1,23,35,1,3,67,9,206,348,,,,,,,,,,,1.0,,,,,14.0,10.0,,,,25021.0,25.0,181.0
250214227001,8,73,30,10,47,291,5,8,90,4,566,610,,,,3.0,1.0,1.0,287.0,2.0,,,2.0,,,2.0,,2.0,,116.0,15.0,,25021.0,431.0,135.0
250214227002,10,118,7,0,26,59,3,20,83,31,357,371,,,,23.0,,,14.0,,,3.0,,,,,,17.0,,3.0,14.0,,25021.0,74.0,283.0
250214227003,8,37,9,1,10,33,2,7,60,6,173,344,,,,5.0,,,39.0,,,4.0,5.0,,,,,4.0,,3.0,6.0,,25021.0,66.0,107.0
250214227004,8,48,9,1,15,59,2,17,70,41,270,244,,,28.0,1.0,,,11.0,10.0,,3.0,,7.0,,,,1.0,,38.0,5.0,,25021.0,104.0,166.0
250214228001,12,44,27,4,6,26,0,110,43,2,274,784,,,,8.0,,,9.0,,,,9.0,4.0,49.0,,,17.0,4.0,,25.0,,25021.0,125.0,149.0
250214228002,7,163,3,1,24,27,4,17,78,10,334,373,,,,4.0,,,,,,,,3.0,,2.0,,6.0,,6.0,,,25021.0,21.0,313.0
250214228003,15,43,2,0,16,25,2,11,78,6,198,335,,,,6.0,,3.0,1.0,,,,,,,4.0,,1.0,,9.0,9.0,,25021.0,33.0,165.0
250214228004,20,63,3,2,21,71,33,36,76,20,345,318,,,,6.0,,2.0,14.0,,,,,2.0,,,,10.0,,38.0,44.0,,25021.0,116.0,229.0
250214231001,18,195,48,49,104,77,10,36,194,20,751,562,,,,9.0,27.0,9.0,17.0,5.0,25.0,43.0,,6.0,,204.0,11.0,22.0,110.0,33.0,25.0,124.0,25021.0,670.0,81.0
250214231002,87,476,60,6,108,392,21,20,472,21,1663,666,1.0,,,33.0,,3.0,282.0,,1.0,16.0,,29.0,,8.0,172.0,15.0,26.0,110.0,27.0,,25021.0,723.0,940.0
250214231003,9,249,84,6,68,86,6,14,105,35,662,299,,,,,,1.0,13.0,,,3.0,5.0,10.0,6.0,,24.0,18.0,11.0,169.0,15.0,,25021.0,275.0,387.0
250214231004,20,262,6,1,92,122,7,15,182,23,730,694,,,,,,6.0,,,,3.0,1.0,15.0,,45.0,4.0,,,38.0,27.0,,25021.0,139.0,591.0
250214231005,16,340,36,12,85,255,4,45,212,20,1025,726,1.0,,,22.0,8.0,,238.0,,1.0,17.0,2.0,35.0,1.0,87.0,,193.0,24.0,,30.0,,25021.0,659.0,366.0
250214231006,10,214,48,15,69,124,17,75,144,49,765,489,,,,44.0,,5.0,15.0,2.0,4.0,2.0,4.0,10.0,,37.0,20.0,7.0,124.0,56.0,29.0,,25021.0,359.0,406.0
250214401001,47,140,106,3,6,196,52,15,59,13,637,510,,,,22.0,20.0,,54.0,8.0,2.0,20.0,22.0,54.0,22.0,9.0,,242.0,,246.0,43.0,1.0,25021.0,765.0,-128.0
250214401002,276,241,48,33,6,161,27,45,98,69,1004,1209,,,13.0,295.0,,39.0,141.0,11.0,,30.0,13.0,46.0,9.0,169.0,47.0,115.0,5.0,115.0,33.0,84.0,25021.0,1165.0,-161.0
250214401003,47,70,2,4,4,50,25,28,34,31,295,543,,,,21.0,64.0,1.0,2.0,27.0,,,,8.0,,34.0,,40.0,,22.0,4.0,,25021.0,223.0,72.0
250214401004,75,160,14,26,9,169,162,111,132,93,951,832,,,,104.0,398.0,44.0,39.0,11.0,7.0,8.0,4.0,21.0,1.0,60.0,,3.0,42.0,6.0,70.0,39.0,25021.0,857.0,94.0
250214401005,159,480,25,55,2,336,154,61,147,55,1474,871,,,,62.0,39.0,9.0,648.0,4.0,3.0,27.0,13.0,31.0,,67.0,136.0,65.0,570.0,222.0,14.0,11.0,25021.0,1921.0,-447.0
250214412021,49,385,36,6,244,1546,16,51,369,119,2823,1071,6.0,,,29.0,48.0,11.0,13.0,46.0,2.0,5.0,2.0,23.0,,3.0,4.0,22.0,,,7.0,,25021.0,221.0,2602.0
250214412031,81,434,20,4,210,255,129,31,343,54,1561,1049,,,,38.0,250.0,14.0,30.0,,,,4.0,31.0,,83.0,13.0,83.0,,66.0,32.0,,25021.0,644.0,917.0
250214412032,52,519,32,97,74,84,34,8,106,34,1040,654,,,,40.0,7.0,18.0,2737.0,,22.0,11.0,54.0,15.0,,31.0,170.0,258.0,21.0,413.0,13.0,115.0,25021.0,3925.0,-2885.0
250214412041,76,458,104,5,160,167,6,16,496,55,1543,1011,,,,107.0,,14.0,27.0,13.0,39.0,27.0,1.0,45.0,,371.0,1203.0,81.0,,72.0,17.0,,25021.0,2017.0,-474.0
250214412042,42,391,86,24,109,92,6,35,167,34,986,1037,7.0,,,57.0,,25.0,22.0,,1.0,30.0,4.0,22.0,,1.0,200.0,20.0,,193.0,32.0,,25021.0,614.0,372.0
250214421011,55,46,4,0,7,33,29,12,66,8,260,329,,,,17.0,66.0,11.0,31.0,5.0,1.0,,2.0,41.0,81.0,,14.0,37.0,117.0,8.0,,,25021.0,431.0,-171.0
250214421012,33,21,1,0,3,7,0,2,20,2,89,747,,,,6.0,,2.0,1.0,,,,,1.0,,7.0,1.0,2.0,1.0,,7.0,,25021.0,28.0,61.0
250214421013,37,424,28,1,38,30,9,13,98,13,691,372,,,,8.0,,,3.0,,50.0,,1.0,14.0,,,401.0,8.0,,96.0,20.0,,25021.0,601.0,90.0
250214421014,40,73,71,34,28,99,283,69,103,36,836,478,,,,120.0,420.0,25.0,28.0,5.0,,12.0,38.0,256.0,,20.0,23.0,7.0,,18.0,48.0,,25021.0,1020.0,-184.0
250214421021,103,668,111,112,60,750,204,42,252,141,2443,985,9.0,,,58.0,202.0,26.0,674.0,21.0,15.0,26.0,16.0,53.0,,39.0,264.0,94.0,52.0,582.0,132.0,90.0,25021.0,2353.0,90.0
250214421022,89,344,101,31,55,255,1448,19,599,712,3653,804,156.0,,,216.0,1715.0,1210.0,168.0,123.0,44.0,15.0,77.0,84.0,169.0,362.0,,180.0,14.0,136.0,118.0,,25021.0,4787.0,-1134.0
250214421023,23,91,0,0,15,12,0,4,35,0,180,874,,,,5.0,,1.0,,,2.0,1.0,,1.0,,1.0,,21.0,,5.0,9.0,,25021.0,46.0,134.0
250214421024,5,93,0,0,9,8,0,0,32,6,153,470,,,,,,,6.0,,7.0,,15.0,15.0,4.0,1.0,,99.0,,11.0,,,25021.0,158.0,-5.0
250214421031,22,58,2,0,2,13,1,0,37,3,138,1054,,,,64.0,,2.0,,,2.0,2.0,7.0,14.0,,4.0,5.0,16.0,,,4.0,,25021.0,120.0,18.0
250214421032,7,67,37,1,5,32,3,11,33,2,198,872,1.0,,,33.0,,9.0,3.0,,,,2.0,12.0,,4.0,4.0,26.0,2.0,,38.0,,25021.0,134.0,64.0
250214421033,2,15,0,2,6,9,1,1,25,2,63,534,,,,,,2.0,,,,,,18.0,,1.0,,3.0,,,4.0,,25021.0,28.0,35.0
250214422011,79,130,760,4,54,198,395,19,388,432,2459,936,,,,96.0,1151.0,398.0,2.0,336.0,151.0,,31.0,70.0,7.0,70.0,,31.0,,52.0,7.0,,25021.0,2402.0,57.0
250214422012,22,191,7,0,7,14,0,10,86,7,344,798,,,,10.0,3.0,13.0,4.0,,4.0,,6.0,30.0,2.0,2.0,,27.0,,,4.0,,25021.0,105.0,239.0
250214422021,85,419,207,36,64,364,13,63,539,32,1822,1634,,,,106.0,18.0,10.0,345.0,,,120.0,41.0,63.0,67.0,29.0,1075.0,172.0,42.0,206.0,212.0,99.0,25021.0,2605.0,-783.0
250214422022,8,62,10,55,10,100,4,9,64,15,337,820,,,,10.0,5.0,4.0,63.0,,,9.0,,17.0,,9.0,21.0,48.0,,72.0,35.0,95.0,25021.0,388.0,-51.0
250214422023,25,59,7,2,16,49,17,30,77,26,308,508,,,,10.0,39.0,8.0,26.0,,8.0,,9.0,22.0,,2.0,1.0,6.0,,17.0,7.0,,25021.0,155.0,153.0
250214422024,12,169,16,0,16,302,0,19,140,6,680,873,8.0,,,20.0,17.0,8.0,208.0,3.0,1.0,,2.0,25.0,,,6.0,68.0,63.0,144.0,10.0,,25021.0,583.0,97.0
250214431011,4,109,9,0,23,86,70,4,62,9,376,717,,,,1.0,80.0,3.0,565.0,,8.0,,7.0,3.0,,2.0,,21.0,,83.0,1.0,,25021.0,774.0,-398.0
250214431012,30,115,14,9,40,177,12,9,86,21,513,939,,,,16.0,,20.0,633.0,,42.0,,,19.0,,4.0,9.0,11.0,,163.0,5.0,,25021.0,922.0,-409.0
250214431013,21,135,8,2,56,371,18,14,87,29,741,708,,,16.0,26.0,96.0,20.0,150.0,,16.0,11.0,,2.0,,29.0,4.0,8.0,7.0,86.0,14.0,,25021.0,485.0,256.0
250214431014,119,221,41,21,59,135,112,48,230,124,1110,912,,,21.0,369.0,247.0,604.0,107.0,49.0,2.0,26.0,4.0,67.0,,64.0,18.0,137.0,1.0,126.0,91.0,121.0,25021.0,2054.0,-944.0
250214431021,65,204,19,18,27,110,2,17,104,42,608,842,,,,52.0,,130.0,14.0,38.0,23.0,7.0,,2.0,,8.0,,47.0,,90.0,46.0,29.0,25021.0,486.0,122.0
250214431022,17,140,14,0,33,90,10,20,2895,6,3225,1167,,,20.0,44.0,6.0,15.0,59.0,3.0,1.0,11.0,,47.0,,44.0,,4.0,73.0,110.0,11.0,6.0,25021.0,454.0,2771.0
250214431023,7,7,0,0,3,10,0,3,6,1,37,577,,,,8.0,,2.0,,2.0,,1.0,,2.0,,13.0,,3.0,,8.0,15.0,,25021.0,54.0,-17.0
250214431024,10,106,1,2,15,38,0,4,56,8,240,580,,,,16.0,,3.0,6.0,,1.0,3.0,,,,3.0,353.0,6.0,,,1.0,,25021.0,392.0,-152.0
250214431025,18,95,2,1,21,90,3,15,84,27,356,455,,,,12.0,1.0,,251.0,,,16.0,,,,,,4.0,,154.0,27.0,,25021.0,465.0,-109.0
250214561011,28,304,16,4,0,59,6,14,33,12,476,744,,,,56.0,5.0,19.0,1.0,,,9.0,20.0,8.0,,141.0,3.0,374.0,17.0,5.0,18.0,,25021.0,676.0,-200.0
250214561012,39,333,36,0,0,251,225,11,54,163,1112,561,,,,138.0,351.0,291.0,268.0,145.0,3.0,22.0,9.0,26.0,,948.0,2.0,383.0,8.0,165.0,61.0,,25021.0,2820.0,-1708.0
250214561021,58,47,25,26,9,353,2,54,24,14,612,832,,,,93.0,3.0,10.0,96.0,52.0,,12.0,,21.0,,14.0,11.0,29.0,3.0,160.0,43.0,72.0,25021.0,619.0,-7.0
250214561022,35,18,127,2,0,22,11,10,16,9,250,778,,,,10.0,19.0,,6.0,,1.0,6.0,3.0,8.0,,1.0,4.0,24.0,,,13.0,8.0,25021.0,103.0,147.0
250214561023,18,37,39,0,3,33,38,13,44,1,226,448,,,,14.0,3.0,,26.0,,33.0,7.0,,,,10.0,7.0,126.0,,13.0,5.0,,25021.0,244.0,-18.0
250214562001,364,236,104,2,28,1217,238,77,933,336,3535,734,,,,750.0,196.0,543.0,1148.0,772.0,5.0,162.0,19.0,155.0,191.0,83.0,44.0,2117.0,7.0,324.0,26.0,,25021.0,6542.0,-3007.0
250214562002,32,130,7,0,13,181,48,6,36,49,502,717,,,,69.0,45.0,,241.0,12.0,,11.0,6.0,11.0,12.0,18.0,9.0,596.0,,55.0,39.0,,25021.0,1124.0,-622.0
250214563011,13,36,44,0,7,109,34,24,57,26,350,519,,,,2.0,22.0,6.0,72.0,19.0,1.0,67.0,24.0,29.0,,,,11.0,,39.0,33.0,,25021.0,325.0,25.0
250214563012,92,454,0,306,1,23,19,33,86,21,1035,369,,,,93.0,,15.0,20.0,,3.0,6.0,,9.0,2.0,41.0,694.0,8.0,,24.0,31.0,148.0,25021.0,1094.0,-59.0
250214563021,4,21,25,1,2,69,0,20,16,1,159,1161,,,,,,4.0,7.0,4.0,,28.0,4.0,15.0,,,,15.0,2.0,108.0,11.0,,25021.0,198.0,-39.0
250214563022,13,25,6,0,0,55,0,8,0,65,172,471,,,,7.0,,47.0,42.0,28.0,,4.0,,,,,5.0,42.0,,,19.0,,25021.0,194.0,-22.0
250214563023,16,38,8,0,14,97,0,33,9,12,227,306,,,,,,,,,,7.0,,1.0,,1.0,,48.0,,160.0,17.0,,25021.0,234.0,-7.0
250214563024,187,59,78,0,4,158,121,9,229,97,942,646,1.0,,,468.0,264.0,124.0,18.0,14.0,3.0,3.0,179.0,62.0,,163.0,17.0,90.0,90.0,4.0,32.0,,25021.0,1532.0,-590.0
250214564011,45,30,12,0,0,82,30,25,63,72,359,424,,,,29.0,40.0,4.0,79.0,9.0,11.0,3.0,5.0,43.0,,9.0,,26.0,68.0,47.0,29.0,120.0,25021.0,522.0,-163.0
250214564012,8,2,3,0,9,3,0,9,2,8,44,649,,,,10.0,,4.0,5.0,,,,2.0,2.0,,3.0,,16.0,,,,,25021.0,42.0,2.0
250214564021,7,16,0,0,1,2,0,7,103,0,136,340,,,,6.0,,1.0,6.0,1.0,,5.0,,3.0,,1.0,,37.0,,,3.0,,25021.0,63.0,73.0
250214564022,8,15,6,0,0,19,2,34,12,138,234,445,,,,25.0,,4.0,25.0,4.0,,5.0,,48.0,,31.0,,6.0,2.0,119.0,21.0,,25021.0,290.0,-56.0
250214564023,14,73,12,0,0,49,0,0,28,10,186,808,,,,22.0,,10.0,,14.0,,,4.0,11.0,,,11.0,3.0,,,1.0,,25021.0,76.0,110.0
250214564024,0,0,0,0,0,101,0,1,0,0,102,321,,,,1.0,,3.0,11.0,17.0,,,,,,,,2.0,,19.0,8.0,,25021.0,61.0,41.0
250214571001,404,360,46,0,58,875,574,26,275,759,3377,434,,,,623.0,794.0,643.0,806.0,193.0,133.0,1.0,160.0,117.0,,203.0,35.0,253.0,,64.0,43.0,50.0,25021.0,4118.0,-741.0
250214571002,27,324,7,5,0,32,69,3,23,16,506,452,,,,8.0,22.0,,10.0,4.0,,2.0,,8.0,,1.0,,56.0,,5.0,,,25021.0,116.0,390.0
250214571003,14,36,19,32,9,38,1,9,14,23,195,501,,,,38.0,,3.0,5.0,,15.0,18.0,1.0,2.0,,12.0,,18.0,,5.0,13.0,64.0,25021.0,194.0,1.0
250214571004,37,58,20,0,17,185,2,24,48,56,447,438,,,,9.0,,15.0,282.0,88.0,36.0,9.0,5.0,9.0,46.0,13.0,108.0,15.0,,44.0,2.0,,25021.0,681.0,-234.0
250214572001,18,634,163,25,92,329,5,28,222,106,1622,405,,,,25.0,56.0,20.0,499.0,,88.0,89.0,13.0,28.0,,51.0,1037.0,302.0,114.0,236.0,291.0,188.0,25021.0,3037.0,-1415.0
250214572002,12,86,5,1,22,34,2,11,89,18,280,329,,,,1.0,,21.0,8.0,3.0,3.0,2.0,,2.0,,,3.0,2.0,,,9.0,,25021.0,54.0,226.0
250214572003,16,264,113,1,53,70,25,23,285,86,936,736,,,,13.0,7.0,9.0,91.0,10.0,13.0,79.0,61.0,95.0,130.0,56.0,97.0,191.0,2.0,3.0,21.0,,25021.0,878.0,58.0
250214572004,12,135,6,1,31,38,3,4,94,12,336,465,,,,,,11.0,,,,1.0,,4.0,,,,7.0,1.0,,8.0,,25021.0,32.0,304.0
250214572005,6,69,0,1,22,25,1,6,66,8,204,240,,,,,,10.0,,,,,,1.0,,,,6.0,,,11.0,,25021.0,28.0,176.0
250235001011,25,247,3,46,85,96,5,61,246,27,841,706,,,,3.0,,7.0,,11.0,9.0,,2.0,9.0,,12.0,,2.0,6.0,39.0,,,25023.0,100.0,741.0
250235001012,23,125,61,5,51,69,2,22,153,12,523,390,,,,,,,10.0,25.0,,,,1.0,,,23.0,,,,8.0,,25023.0,67.0,456.0
250235001013,28,165,3,3,38,61,2,13,171,17,501,598,,,,33.0,,3.0,,,,4.0,,9.0,,2.0,143.0,3.0,,,,37.0,25023.0,234.0,267.0
250235001031,26,305,62,81,75,232,2,58,224,27,1092,1412,,,,18.0,,3.0,17.0,1.0,,,,5.0,,5.0,2.0,14.0,15.0,109.0,11.0,99.0,25023.0,299.0,793.0
250235001041,28,172,6,21,44,96,10,26,171,33,607,550,,,,11.0,,7.0,23.0,12.0,,,,2.0,,3.0,,4.0,8.0,7.0,7.0,,25023.0,84.0,523.0
250235001042,20,125,28,3,37,132,6,44,183,17,595,436,,,18.0,36.0,,3.0,23.0,,2.0,10.0,2.0,8.0,,3.0,2.0,1.0,1.0,19.0,2.0,,25023.0,130.0,465.0
250235001043,13,55,2,1,27,58,1,5,68,13,243,405,,,,2.0,3.0,2.0,8.0,,,,,,,,,4.0,14.0,47.0,,,25023.0,80.0,163.0
250235001044,24,119,77,1,35,90,2,22,140,20,530,651,,,,9.0,25.0,,21.0,9.0,,8.0,,,,,,29.0,,7.0,4.0,,25023.0,112.0,418.0
250235011011,25,69,2,37,17,39,2,10,91,19,311,479,,,,50.0,,2.0,8.0,,,2.0,,7.0,,6.0,,57.0,,7.0,7.0,23.0,25023.0,169.0,142.0
250235011012,17,103,22,0,34,94,3,33,51,15,372,490,,,,14.0,,,37.0,2.0,43.0,4.0,7.0,9.0,,1.0,,7.0,14.0,8.0,38.0,,25023.0,184.0,188.0
250235011013,15,157,235,93,49,173,1,34,135,18,910,344,,,2.0,11.0,,,57.0,,8.0,26.0,10.0,61.0,66.0,40.0,558.0,12.0,151.0,269.0,74.0,237.0,25023.0,1582.0,-672.0
250235011021,10,22,29,0,13,45,4,24,57,3,207,369,,,,3.0,10.0,2.0,47.0,,8.0,7.0,3.0,13.0,,11.0,,6.0,,33.0,47.0,,25023.0,190.0,17.0
250235011022,18,342,34,14,43,454,36,26,160,60,1187,972,,,,14.0,48.0,22.0,98.0,4.0,,16.0,7.0,60.0,524.0,195.0,110.0,247.0,26.0,112.0,32.0,4.0,25023.0,1519.0,-332.0
250235011023,22,78,17,1,8,33,0,1,39,1,200,737,,,,9.0,,3.0,7.0,,,5.0,7.0,21.0,,4.0,,9.0,2.0,,14.0,,25023.0,81.0,119.0
250235011024,39,347,287,26,58,2619,56,298,247,41,4018,1850,,,,52.0,,30.0,525.0,8.0,63.0,206.0,11.0,48.0,7.0,12.0,81.0,226.0,69.0,335.0,20.0,4.0,25023.0,1697.0,2321.0
250235012011,6,134,10,2,12,24,0,16,90,7,301,459,4.0,,,1.0,4.0,,23.0,,,,,6.0,,,5.0,13.0,,5.0,12.0,24.0,25023.0,97.0,204.0
250235012012,5,115,2,1,21,60,9,10,73,17,313,897,,,,21.0,,3.0,9.0,,,,,4.0,1.0,2.0,,11.0,,,10.0,,25023.0,61.0,252.0
250235012021,3,38,0,0,14,24,1,6,68,4,158,353,,,,16.0,2.0,3.0,,,,,2.0,2.0,,,,,,,12.0,,25023.0,37.0,121.0
250235012022,1,95,0,0,3,10,0,5,10,5,129,546,,,15.0,2.0,,,,,2.0,,4.0,8.0,,,4.0,6.0,,,12.0,,25023.0,53.0,76.0
250235012023,201,1695,543,0,95,877,357,36,712,251,4767,2357,,24.0,29.0,711.0,392.0,425.0,1461.0,41.0,17.0,3015.0,70.0,588.0,91.0,219.0,365.0,1255.0,200.0,780.0,124.0,,25023.0,9807.0,-5040.0
250235021011,29,70,6,47,9,75,7,23,82,57,405,616,,,,28.0,5.0,6.0,59.0,20.0,,,1.0,3.0,,35.0,,8.0,,68.0,17.0,94.0,25023.0,344.0,61.0
250235021012,2,108,113,1,4,171,19,36,59,53,566,645,,,,8.0,55.0,,90.0,,9.0,28.0,,5.0,148.0,,15.0,37.0,,137.0,33.0,,25023.0,565.0,1.0
250235021013,13,30,2,0,11,70,5,12,42,51,236,481,,,,24.0,,,48.0,,,,2.0,12.0,,8.0,,3.0,15.0,46.0,,,25023.0,158.0,78.0
250235021014,11,312,10,73,20,41,14,18,262,9,770,687,,,,6.0,,2.0,71.0,,18.0,,1.0,12.0,106.0,,354.0,43.0,17.0,,5.0,135.0,25023.0,770.0,0.0
250235021021,25,15,6,25,6,41,3,13,20,11,165,656,,,,37.0,3.0,,20.0,,,,6.0,,,,,9.0,25.0,,14.0,,25023.0,114.0,51.0
250235021022,9,94,6,4,7,21,84,8,44,22,299,677,,,,4.0,37.0,5.0,3.0,,,,,,,1.0,21.0,3.0,8.0,1.0,,,25023.0,83.0,216.0
250235021023,16,326,28,2,14,35,0,22,54,31,528,920,,,,78.0,2.0,,70.0,,,7.0,41.0,11.0,,7.0,196.0,15.0,,99.0,8.0,5.0,25023.0,539.0,-11.0
250235022001,114,804,217,8,96,439,305,6,681,201,2871,520,,,,131.0,403.0,781.0,207.0,77.0,322.0,96.0,32.0,612.0,149.0,80.0,27.0,413.0,19.0,506.0,49.0,,25023.0,3904.0,-1033.0
250235022002,119,214,14,2,16,57,43,32,167,28,692,570,,,,238.0,47.0,31.0,30.0,34.0,4.0,69.0,2.0,,,25.0,,161.0,2.0,49.0,14.0,,25023.0,706.0,-14.0
250235022003,46,148,19,0,14,36,1,10,39,16,329,945,,,,162.0,,1.0,19.0,,,,35.0,4.0,,32.0,,142.0,,5.0,10.0,,25023.0,410.0,-81.0
250235022004,94,89,95,0,11,73,215,45,124,87,833,428,,,11.0,299.0,154.0,248.0,27.0,,,,,31.0,10.0,19.0,75.0,33.0,24.0,22.0,64.0,,25023.0,1017.0,-184.0
250235031011,50,725,70,12,18,1291,66,104,151,42,2529,1012,,,29.0,142.0,18.0,90.0,1393.0,,62.0,107.0,72.0,152.0,114.0,25.0,157.0,330.0,5.0,532.0,786.0,,25023.0,4014.0,-1485.0
250235031012,27,61,0,4,1,18,8,9,33,26,187,1322,,,2.0,110.0,,15.0,14.0,6.0,5.0,1.0,5.0,16.0,,12.0,13.0,17.0,,15.0,17.0,,25023.0,248.0,-61.0
250235031013,7,109,1,1,0,0,7,6,7,0,138,647,,,,2.0,3.0,9.0,5.0,,,1.0,,,,2.0,362.0,15.0,,,1.0,39.0,25023.0,439.0,-301.0
250235031021,45,154,23,0,11,199,1,47,34,13,527,572,11.0,,1.0,76.0,4.0,7.0,304.0,,,12.0,14.0,90.0,,69.0,4.0,32.0,,30.0,13.0,,25023.0,667.0,-140.0
250235031022,112,0,14,0,2,175,235,14,85,105,742,578,,,31.0,194.0,535.0,44.0,67.0,87.0,,,,11.0,235.0,198.0,,,25.0,1.0,27.0,,25023.0,1455.0,-713.0
250235031023,9,4,4,2,0,11,0,0,3,14,47,329,,,,14.0,,36.0,10.0,1.0,,,2.0,2.0,,,,,,12.0,,8.0,25023.0,85.0,-38.0
250235031024,9,0,0,36,3,48,1,1,8,3,109,300,,,,9.0,,4.0,4.0,,31.0,,,5.0,,11.0,,,7.0,,7.0,139.0,25023.0,217.0,-108.0
250235031025,10,16,2,18,0,11,0,0,3,6,66,422,,,,49.0,,1.0,19.0,,1.0,,,2.0,,,,34.0,,,3.0,117.0,25023.0,226.0,-160.0
250235031026,62,104,113,1,0,321,13,12,128,64,818,547,2.0,,,64.0,55.0,2.0,141.0,19.0,,38.0,30.0,177.0,,7.0,19.0,68.0,83.0,202.0,105.0,,25023.0,1012.0,-194.0
250235041011,217,37,2,96,24,56,1,15,42,19,509,849,33.0,,26.0,85.0,,10.0,8.0,19.0,,,,46.0,,94.0,,7.0,115.0,,13.0,81.0,25023.0,537.0,-28.0
250235041012,27,458,306,1,18,132,25,7,88,25,1087,653,,,,44.0,,48.0,50.0,5.0,13.0,58.0,62.0,60.0,,13.0,8.0,287.0,9.0,53.0,83.0,6.0,25023.0,799.0,288.0
250235041013,107,1499,819,33,149,639,257,137,1720,128,5488,460,,,,480.0,195.0,154.0,754.0,,234.0,555.0,54.0,685.0,224.0,943.0,176.0,1461.0,115.0,343.0,356.0,126.0,25023.0,6855.0,-1367.0
250235041021,20,238,29,14,13,42,2,25,46,19,448,581,,,,12.0,,,42.0,,,8.0,,29.0,,1.0,,11.0,,67.0,13.0,,25023.0,183.0,265.0
250235041022,5,39,3,0,18,12,0,4,32,11,124,348,,,,7.0,,1.0,,2.0,2.0,1.0,3.0,6.0,,,,,,7.0,,,25023.0,29.0,95.0
250235041023,39,232,8,59,37,19,0,7,64,15,480,666,,,,29.0,,9.0,,,33.0,1.0,,19.0,,4.0,146.0,77.0,,,1.0,46.0,25023.0,365.0,115.0
250235041024,2,43,1,5,29,14,2,9,46,4,155,401,,,,20.0,,1.0,,,2.0,1.0,,14.0,,8.0,,,,,1.0,,25023.0,47.0,108.0
250235051011,14,57,3,0,5,68,3,10,21,12,193,570,,,,23.0,,2.0,,1.0,,,,4.0,,,,2.0,53.0,,3.0,,25023.0,88.0,105.0
250235051012,17,124,13,14,15,78,0,10,66,39,376,466,,,,89.0,3.0,,31.0,,10.0,3.0,1.0,62.0,,1.0,,17.0,13.0,48.0,55.0,5.0,25023.0,338.0,38.0
250235051013,3,3,0,0,1,0,0,5,2,0,14,412,,,,,,3.0,,,,,,,,,,,,,,,25023.0,3.0,11.0
250235051014,5,20,2,0,9,10,0,2,28,3,79,427,,,,,,,3.0,30.0,,1.0,2.0,,,2.0,,3.0,,1.0,,,25023.0,42.0,37.0
250235051015,23,73,7,2,4,72,0,8,61,8,258,724,,,,3.0,,,9.0,21.0,,,1.0,4.0,,3.0,,40.0,4.0,49.0,,,25023.0,134.0,124.0
250235051021,24,65,21,0,12,34,4,14,72,11,257,437,,,,6.0,,6.0,,,3.0,1.0,,,,,,29.0,8.0,24.0,13.0,,25023.0,90.0,167.0
250235051022,19,192,1,77,24,26,1,20,53,4,417,652,,,,21.0,2.0,,17.0,,28.0,,2.0,6.0,,2.0,,52.0,1.0,,20.0,,25023.0,151.0,266.0
250235051023,6,33,6,5,18,16,8,2,35,4,133,615,,,,16.0,2.0,3.0,1.0,1.0,,1.0,,11.0,,14.0,,4.0,2.0,,1.0,,25023.0,56.0,77.0
250235051024,1,28,0,7,1,3,1,2,24,1,68,284,,,,,,,1.0,,,,,10.0,,,19.0,26.0,,,,99.0,25023.0,155.0,-87.0
250235052001,3,22,2,0,5,21,0,2,17,4,76,259,,,,3.0,,,,,4.0,,,2.0,,,,,,1.0,,,25023.0,10.0,66.0
250235052002,24,329,24,11,17,177,3,21,108,63,777,898,,,,16.0,37.0,1.0,39.0,,,15.0,,41.0,,13.0,68.0,195.0,37.0,79.0,36.0,,25023.0,577.0,200.0
250235052003,40,249,15,54,15,79,16,36,180,54,738,1522,,,,47.0,17.0,31.0,35.0,,2.0,4.0,1.0,19.0,,76.0,513.0,154.0,86.0,74.0,24.0,167.0,25023.0,1250.0,-512.0
250235052004,63,123,125,29,48,387,5,41,190,26,1037,630,,,,30.0,3.0,16.0,151.0,9.0,38.0,15.0,9.0,39.0,,34.0,4.0,17.0,,391.0,33.0,,25023.0,789.0,248.0
250235061011,16,180,12,1,53,60,2,31,183,31,569,614,,,,13.0,,1.0,2.0,,,2.0,,2.0,,2.0,,2.0,1.0,,33.0,,25023.0,58.0,511.0
250235061012,44,289,11,5,80,128,4,41,281,35,918,1059,,,,17.0,3.0,,15.0,1.0,,1.0,,1.0,,2.0,,20.0,137.0,60.0,2.0,,25023.0,259.0,659.0
250235061013,18,100,1,2,54,70,2,14,161,8,430,435,,,,4.0,,1.0,17.0,,,,1.0,5.0,,1.0,6.0,3.0,7.0,,,,25023.0,45.0,385.0
250235061014,28,163,4,47,55,61,46,16,175,19,614,697,,,15.0,19.0,41.0,15.0,,,2.0,,,3.0,,8.0,,39.0,15.0,,22.0,82.0,25023.0,261.0,353.0
250235061021,16,67,18,0,19,27,2,0,60,9,218,358,,,,8.0,,7.0,,,,,2.0,7.0,,,,4.0,12.0,,,,25023.0,40.0,178.0
250235061022,15,240,2,1,40,43,2,18,119,26,506,464,,,,,,,,,1.0,,,1.0,,8.0,,3.0,,,,,25023.0,13.0,493.0
250235061023,13,448,69,1,10,38,1,9,132,32,753,549,,,,14.0,,12.0,2.0,,,19.0,,36.0,,1.0,,8.0,,,8.0,,25023.0,100.0,653.0
250235061024,169,838,152,20,75,334,139,21,576,162,2486,1557,,,,374.0,171.0,235.0,256.0,42.0,85.0,125.0,20.0,100.0,1.0,54.0,729.0,299.0,6.0,245.0,85.0,,25023.0,2827.0,-341.0
250235061025,4,90,1,0,16,32,3,8,73,7,234,292,,,,3.0,2.0,,15.0,,,,,29.0,,,,66.0,,6.0,,,25023.0,121.0,113.0
250235062021,40,116,149,670,64,315,4,42,182,65,1647,671,,,,13.0,,7.0,293.0,2.0,,41.0,14.0,15.0,,22.0,1.0,36.0,112.0,200.0,19.0,85.0,25023.0,860.0,787.0
250235062022,13,44,10,4,42,36,12,6,84,10,261,483,,,,8.0,,2.0,,,,1.0,,2.0,,,,,1.0,,17.0,,25023.0,31.0,230.0
250235062031,36,153,75,83,39,181,9,41,165,28,810,941,,,37.0,63.0,3.0,7.0,112.0,31.0,35.0,28.0,8.0,29.0,67.0,104.0,,79.0,24.0,156.0,141.0,15.0,25023.0,939.0,-129.0
250235062032,18,77,6,7,34,76,4,8,125,44,399,549,,,,6.0,,,6.0,,,,,5.0,,,,6.0,14.0,,,21.0,25023.0,58.0,341.0
250235062033,30,192,17,1,52,124,8,17,200,32,673,788,,,,3.0,,,4.0,,,3.0,,5.0,1.0,1.0,,4.0,23.0,71.0,3.0,,25023.0,118.0,555.0
250235062041,30,120,10,3,59,71,7,20,167,13,500,833,2.0,,,15.0,,9.0,,7.0,,,3.0,11.0,,2.0,,5.0,,,3.0,,25023.0,57.0,443.0
250235062042,35,200,13,7,82,212,5,40,339,29,962,790,1.0,,,3.0,,,41.0,,,,,11.0,,,,19.0,2.0,136.0,2.0,,25023.0,215.0,747.0
250235062043,16,105,15,6,53,97,6,27,193,141,659,654,,,,,,1.0,23.0,,,,,22.0,,,,28.0,,12.0,13.0,,25023.0,99.0,560.0
250235071011,7,196,6,0,0,13,3,2,16,50,293,866,,,,3.0,1.0,2.0,,24.0,2.0,2.0,,7.0,,17.0,1.0,27.0,,,2.0,,25023.0,88.0,205.0
250235071012,11,243,85,3,3,22,1,10,10,5,393,496,,,,10.0,,4.0,16.0,,,4.0,1.0,4.0,,3.0,10.0,358.0,,,4.0,,25023.0,414.0,-21.0
250235071013,10,12,2,0,2,56,7,13,28,4,134,642,5.0,,,6.0,,7.0,32.0,,,,5.0,5.0,30.0,5.0,,4.0,,72.0,6.0,,25023.0,177.0,-43.0
250235071031,38,31,45,22,11,146,4,15,47,5,364,475,,,,40.0,,1.0,119.0,,6.0,15.0,6.0,33.0,14.0,11.0,,6.0,4.0,95.0,18.0,29.0,25023.0,397.0,-33.0
250235071032,2,0,2,0,4,13,0,0,10,1,32,372,,,,,,6.0,2.0,,,,2.0,3.0,,,5.0,2.0,,,3.0,,25023.0,23.0,9.0
250235071033,4,18,17,0,3,75,50,11,22,2,202,403,,,,29.0,25.0,4.0,36.0,,,2.0,4.0,4.0,,,29.0,,31.0,38.0,6.0,,25023.0,208.0,-6.0
250235071034,9,5,13,2,2,22,4,12,26,3,98,392,,,,25.0,,7.0,15.0,,1.0,12.0,,14.0,,6.0,,1.0,,21.0,10.0,,25023.0,112.0,-14.0
250235071041,24,27,15,0,13,16,4,4,40,3,146,900,,,,24.0,,12.0,15.0,4.0,17.0,13.0,2.0,27.0,,,,41.0,,9.0,37.0,,25023.0,201.0,-55.0
250235071042,15,200,29,79,0,36,38,26,19,25,467,982,10.0,,,32.0,2.0,39.0,16.0,97.0,,5.0,,18.0,4.0,8.0,36.0,158.0,32.0,,61.0,125.0,25023.0,643.0,-176.0
250235071043,52,352,33,3,36,57,0,16,41,10,600,394,,,,7.0,5.0,2.0,8.0,,33.0,8.0,2.0,13.0,,11.0,600.0,63.0,13.0,20.0,5.0,,25023.0,790.0,-190.0
250235081011,7,0,2,0,1,69,2,4,8,1,94,634,,,,15.0,,,,,7.0,,,12.0,,3.0,,4.0,8.0,29.0,,,25023.0,78.0,16.0
250235081012,16,24,9,0,4,103,2,0,7,5,170,323,,,,61.0,,10.0,14.0,,,11.0,,3.0,,2.0,,4.0,,87.0,32.0,,25023.0,224.0,-54.0
250235081013,91,84,41,9,13,301,19,28,100,97,783,402,,,,123.0,132.0,128.0,474.0,,6.0,35.0,16.0,164.0,34.0,36.0,19.0,113.0,33.0,332.0,117.0,,25023.0,1762.0,-979.0
250235081014,61,246,16,0,15,522,105,11,73,118,1167,837,,,,359.0,158.0,147.0,392.0,10.0,52.0,36.0,19.0,284.0,,87.0,501.0,525.0,49.0,249.0,85.0,,25023.0,2953.0,-1786.0
250235081015,131,7,1,0,60,44,25,4,25,108,405,393,,,,54.0,26.0,13.0,26.0,3.0,1.0,,,25.0,,13.0,,9.0,,13.0,10.0,,25023.0,193.0,212.0
250235081021,106,14,12,0,6,126,9,21,11,13,318,695,,,,155.0,45.0,3.0,149.0,,,29.0,8.0,17.0,,,,15.0,,47.0,22.0,,25023.0,490.0,-172.0
250235081022,6,51,0,1,0,7,4,49,0,5,123,778,,,,20.0,,,,,,,,1.0,,11.0,,13.0,,,,,25023.0,45.0,78.0
250235081023,3,4,1,0,0,25,7,0,11,5,56,472,,,,23.0,14.0,,8.0,,,,,,,,,24.0,,8.0,1.0,,25023.0,78.0,-22.0
250235082001,2,47,1,0,0,10,8,2,5,5,80,456,,,,52.0,4.0,,2.0,,,3.0,,4.0,,3.0,,4.0,,,3.0,,25023.0,75.0,5.0
250235082002,34,46,21,45,11,71,22,9,26,59,344,1077,,,,61.0,46.0,24.0,14.0,,17.0,14.0,,11.0,5.0,16.0,76.0,18.0,38.0,105.0,6.0,218.0,25023.0,669.0,-325.0
250235082003,17,0,0,0,0,4,1,71,6,1,100,670,,,3.0,20.0,,1.0,5.0,,,4.0,,1.0,,4.0,,182.0,2.0,,,,25023.0,222.0,-122.0
250235091011,548,494,36,49,34,1302,57,200,63,724,3507,1223,,,11.0,109.0,16.0,22.0,684.0,,65.0,2.0,7.0,3.0,5.0,28.0,69.0,73.0,366.0,151.0,77.0,43.0,25023.0,1731.0,1776.0
250235091012,6,7,4,2,2,30,12,22,10,42,137,710,,,,4.0,55.0,12.0,1.0,,,2.0,,3.0,,,14.0,4.0,,,,,25023.0,95.0,42.0
250235091013,18,230,2,0,0,0,0,1,7,4,262,565,,,,7.0,,,8.0,,,,,7.0,,53.0,,234.0,,,5.0,,25023.0,314.0,-52.0
250235091014,44,88,15,1,9,124,28,28,56,50,443,565,,,,12.0,45.0,8.0,126.0,,,25.0,,4.0,,27.0,32.0,68.0,,36.0,14.0,,25023.0,397.0,46.0
250235091021,68,205,46,7,4,737,2,38,52,34,1193,770,,,,29.0,4.0,4.0,434.0,,,15.0,6.0,11.0,,79.0,9.0,187.0,245.0,191.0,15.0,39.0,25023.0,1268.0,-75.0
250235091022,22,229,4,0,2,87,3,14,42,18,421,445,,,,34.0,2.0,57.0,19.0,3.0,,12.0,,,,25.0,368.0,7.0,2.0,36.0,7.0,,25023.0,572.0,-151.0
250235091023,27,47,21,22,3,60,5,30,35,25,275,295,,,11.0,37.0,7.0,4.0,8.0,5.0,20.0,7.0,1.0,9.0,,6.0,,10.0,,31.0,22.0,117.0,25023.0,295.0,-20.0
250235091024,26,128,21,6,2,153,7,38,25,26,432,779,,,,25.0,7.0,6.0,,,,24.0,,4.0,,22.0,,30.0,2.0,54.0,10.0,,25023.0,184.0,248.0
250235091025,34,103,14,5,0,231,5,33,43,191,659,351,,,,6.0,,324.0,24.0,64.0,,,,9.0,,,8.0,6.0,71.0,143.0,39.0,,25023.0,694.0,-35.0
250235101001,9,63,2,2,12,15,4,9,34,31,181,565,,,,3.0,1.0,,4.0,1.0,,,,,,3.0,,13.0,,5.0,2.0,,25023.0,32.0,149.0
250235101002,8,40,0,0,3,17,1,1,18,1,89,419,,,,,,,8.0,,,,,,,18.0,,6.0,,,,,25023.0,32.0,57.0
250235101003,17,59,0,0,4,9,0,5,14,4,112,300,,,,,,3.0,4.0,,,,,,,,,6.0,,,,,25023.0,13.0,99.0
250235101004,43,271,1,0,2,30,15,9,26,6,403,438,,,,439.0,,24.0,10.0,20.0,,,,,,14.0,,100.0,1.0,10.0,23.0,,25023.0,641.0,-238.0
250235102001,7,110,5,1,10,25,0,9,17,11,195,669,,,,11.0,,,,8.0,,,,,,5.0,,26.0,4.0,,10.0,,25023.0,64.0,131.0
250235102002,17,79,2,2,5,28,1,8,16,10,168,449,,,,9.0,,,21.0,,,,,,,,,6.0,,2.0,,,25023.0,38.0,130.0
250235102003,74,89,4,66,260,90,364,18,24,130,1119,252,,,143.0,100.0,307.0,139.0,84.0,7.0,,,,3.0,,18.0,,24.0,,3.0,13.0,253.0,25023.0,1094.0,25.0
250235102004,55,143,0,1,9,35,7,7,26,8,291,976,,,,18.0,,2.0,,2.0,,,,,,4.0,,38.0,,,1.0,,25023.0,65.0,226.0
250235103001,23,255,1,0,1,48,21,32,16,4,401,611,,,,,45.0,,38.0,1.0,,,,8.0,,,1.0,28.0,,65.0,24.0,,25023.0,210.0,191.0
250235103002,9,57,15,0,1,33,1,17,82,6,221,209,,,,3.0,90.0,,5.0,,,20.0,23.0,,,6.0,,9.0,,24.0,10.0,,25023.0,190.0,31.0
250235103003,32,118,6,6,1,31,0,7,2,6,209,681,,,,8.0,,,41.0,,,7.0,22.0,,,4.0,,88.0,,7.0,165.0,,25023.0,342.0,-133.0
250235104001,8,126,4,0,1,27,0,24,5,0,195,300,,,,,,14.0,23.0,,,,,3.0,,,,61.0,,8.0,32.0,,25023.0,141.0,54.0
250235104002,26,77,0,0,1,29,37,11,44,11,236,243,,,,20.0,50.0,7.0,59.0,,,,,,,40.0,,220.0,,,13.0,,25023.0,409.0,-173.0
250235104003,5,28,4,0,0,18,5,3,4,11,78,424,,,,,8.0,,10.0,,,,,,,,,31.0,,3.0,12.0,,25023.0,64.0,14.0
250235104004,8,24,0,3,1,0,0,4,0,5,45,293,,,,28.0,,3.0,,,,,,,,,,143.0,,,6.0,,25023.0,180.0,-135.0
250235105011,26,187,12,1,2,74,92,14,40,7,455,259,,,,,98.0,,40.0,,,9.0,,9.0,,30.0,12.0,14.0,,10.0,14.0,,25023.0,236.0,219.0
250235105012,54,507,2,4,6,286,4,31,46,8,948,979,,,,3.0,,1.0,194.0,8.0,,22.0,5.0,21.0,,11.0,,194.0,,131.0,12.0,,25023.0,602.0,346.0
250235105021,4,35,6,2,0,8,6,3,7,3,74,348,,,,4.0,8.0,,,,,,,,,,,17.0,,,,,25023.0,29.0,45.0
250235105022,10,130,4,0,12,11,1,8,11,5,192,653,,,,,,2.0,,,,,,,40.0,,,81.0,,,4.0,,25023.0,127.0,65.0
250235105023,7,129,27,28,3,17,0,8,23,39,281,588,,,,1.0,,,5.0,,,1.0,4.0,4.0,,2.0,2.0,113.0,,8.0,2.0,1.0,25023.0,143.0,138.0
250235105024,45,446,19,8,12,1309,88,21,131,18,2097,276,,,,,30.0,402.0,1205.0,4.0,23.0,,6.0,35.0,55.0,23.0,43.0,122.0,118.0,451.0,68.0,,25023.0,2585.0,-488.0
250235105025,6,40,19,1,0,27,0,13,1,0,107,810,,,,,,,,,,,46.0,,,,,26.0,27.0,2.0,6.0,,25023.0,107.0,0.0
250235105031,0,22,20,0,0,45,0,0,1,0,88,871,,,,,,,,,,11.0,49.0,,,1.0,,30.0,,91.0,,,25023.0,182.0,-94.0
250235105032,12,502,41,15,1,24,6,9,19,124,753,425,,,,,,,9.0,16.0,,6.0,8.0,10.0,136.0,,,822.0,,18.0,,,25023.0,1025.0,-272.0
250235105033,111,2373,40,3,8,109,6,36,122,53,2861,711,,,,5.0,,7.0,214.0,,,,,7.0,247.0,15.0,,1897.0,,250.0,34.0,,25023.0,2676.0,185.0
250235106001,22,122,8,1,6,523,5,31,33,124,875,322,,,,1.0,,4.0,525.0,,1.0,34.0,3.0,8.0,,2.0,,2.0,,118.0,24.0,,25023.0,722.0,153.0
250235106002,7,135,10,4,0,23,2,21,13,3,218,348,,,,,,,3.0,2.0,,23.0,,,,,,196.0,63.0,,4.0,,25023.0,291.0,-73.0
250235106003,19,205,5,3,0,36,1,30,28,5,332,369,,,,3.0,,,14.0,,,,,,,14.0,,120.0,,4.0,6.0,,25023.0,161.0,171.0
250235107001,5,154,2,0,1,32,0,8,24,8,234,496,,,,,,,15.0,24.0,,,6.0,10.0,,,,32.0,,7.0,1.0,,25023.0,95.0,139.0
250235107002,8,22,7,0,0,13,2,5,11,2,70,248,,,,,,,2.0,,,2.0,5.0,,,,,25.0,,5.0,,,25023.0,39.0,31.0
250235107003,18,35,42,3,4,45,2,6,22,5,182,272,,,,,,,11.0,,,50.0,7.0,1.0,,4.0,,27.0,,80.0,,,25023.0,180.0,2.0
250235107004,12,48,1,0,1,15,0,6,6,3,92,401,,,,,,,,,,,,2.0,,2.0,,20.0,,,,,25023.0,24.0,68.0
250235107005,11,103,9,0,2,38,0,5,22,7,197,297,,,,,,5.0,29.0,,,3.0,4.0,10.0,,,,32.0,,13.0,,,25023.0,96.0,101.0
250235107006,20,330,11,127,11,63,3,23,53,9,650,477,,,,,,,32.0,,,,6.0,27.0,,195.0,11.0,249.0,,58.0,12.0,28.0,25023.0,618.0,32.0
250235108001,2,35,0,0,1,5,12,3,7,1,66,280,,,,,64.0,,6.0,,,,,,,1.0,,82.0,,,3.0,,25023.0,156.0,-90.0
250235108002,31,112,1,2,2,16,1,7,5,13,190,304,,,,3.0,,,98.0,,,,,,,3.0,,28.0,,,,,25023.0,132.0,58.0
250235108003,10,178,66,3,0,9,0,104,5,4,379,417,,,,,,,,,,26.0,,,,,,64.0,,,21.0,161.0,25023.0,272.0,107.0
250235108004,2,56,2,0,1,3,0,6,2,6,78,479,,,,,,,,,,,,4.0,,,,18.0,,,,,25023.0,22.0,56.0
250235108005,6,52,0,1,1,9,3,1,5,6,84,277,,,,2.0,,,,,,,,,,,,11.0,,,,,25023.0,13.0,71.0
250235108006,1,66,5,0,1,7,0,6,35,3,124,549,,,,12.0,,,7.0,,,,,7.0,,,,120.0,,,11.0,,25023.0,157.0,-33.0
250235109001,67,763,38,153,14,347,6,28,79,28,1523,614,,,,3.0,,,50.0,,,31.0,11.0,17.0,415.0,83.0,2880.0,873.0,,81.0,51.0,386.0,25023.0,4881.0,-3358.0
250235109002,65,1536,16,136,32,82,7,51,79,29,2033,422,,,,12.0,3.0,1.0,2.0,,75.0,11.0,10.0,37.0,,178.0,3.0,286.0,,9.0,594.0,271.0,25023.0,1492.0,541.0
250235109003,27,489,18,0,4,85,141,23,3,31,821,493,,,,9.0,107.0,3.0,31.0,,10.0,,5.0,1.0,28.0,96.0,2.0,182.0,,1.0,5.0,,25023.0,480.0,341.0
250235110001,5,19,0,4,1,99,22,2,6,110,268,219,,,,,17.0,12.0,,,,,,,,21.0,,4.0,,,17.0,,25023.0,71.0,197.0
250235110002,91,493,34,60,19,54,53,44,75,117,1040,968,,,,19.0,74.0,33.0,41.0,17.0,9.0,11.0,,42.0,,65.0,,140.0,,,19.0,278.0,25023.0,748.0,292.0
250235111001,9,68,0,0,3,21,0,10,3,9,123,371,,,,,,,2.0,,,,,,,,,3.0,,,9.0,,25023.0,14.0,109.0
250235111002,17,1249,17,75,3,35,0,9,14,8,1427,226,,,,4.0,7.0,,140.0,,,,4.0,3.0,,,,2114.0,,28.0,18.0,11.0,25023.0,2329.0,-902.0
250235111003,27,215,4,4,15,58,3,27,41,16,410,680,,,,7.0,,,,,1.0,,,,,,,17.0,,8.0,,,25023.0,33.0,377.0
250235111004,10,43,0,2,2,21,1,6,8,1,94,240,,,,,,2.0,,,,,,,,,,6.0,,20.0,1.0,,25023.0,29.0,65.0
250235111005,4,27,3,1,3,5,0,5,5,1,54,226,,,,3.0,,,,,,,,,,,,2.0,,,,,25023.0,5.0,49.0
250235111006,5,79,0,0,4,8,0,3,6,2,107,266,,,,,,,6.0,,,,,,,3.0,,18.0,,9.0,,,25023.0,36.0,71.0
250235112001,12,1041,2,0,1,262,0,3,14,13,1348,520,,,,2.0,,10.0,330.0,,,5.0,,,,1.0,782.0,56.0,18.0,37.0,13.0,,25023.0,1254.0,94.0
250235112002,9,94,2,1,2,51,1,3,15,4,182,478,,,,19.0,29.0,,9.0,,,,,,,,,17.0,,74.0,2.0,,25023.0,150.0,32.0
250235112003,5,67,0,1,4,14,1,7,5,3,107,471,,,,,,,4.0,8.0,,,1.0,,,,8.0,28.0,,6.0,,,25023.0,55.0,52.0
250235112004,36,59,21,1,8,295,5,23,46,17,511,167,,,,30.0,,,161.0,,11.0,17.0,6.0,47.0,,23.0,,156.0,,90.0,20.0,,25023.0,561.0,-50.0
250235112005,7,41,6,0,1,37,4,25,19,42,182,237,,,,15.0,,,2.0,,4.0,3.0,1.0,18.0,,28.0,,9.0,5.0,28.0,41.0,,25023.0,154.0,28.0
250235113011,39,285,2,1,1,30,43,13,4,23,441,458,,,,,39.0,1.0,14.0,,,,,,,7.0,,93.0,,37.0,10.0,,25023.0,201.0,240.0
250235113012,0,26,0,0,4,6,0,11,8,3,58,219,,,,5.0,,,,,,,,,,1.0,,7.0,,,3.0,,25023.0,16.0,42.0
250235113013,13,64,2,1,2,10,1,4,20,7,124,375,,,,,,,,11.0,,,,,,2.0,,9.0,,,,,25023.0,22.0,102.0
250235113014,50,230,4,5,4,27,26,82,22,12,462,566,,,,12.0,33.0,1.0,28.0,27.0,,,4.0,,,34.0,,30.0,,,161.0,,25023.0,330.0,132.0
250235113015,5,180,1,3,2,12,0,22,7,11,243,260,,,,,2.0,,,,,,,,,38.0,,156.0,,,,,25023.0,196.0,47.0
250235113021,3,33,2,0,2,6,2,34,13,1,96,235,,,,,,,93.0,,,,,,,,,16.0,,,,,25023.0,109.0,-13.0
250235113022,8,91,1,1,7,12,2,4,8,2,136,297,,,,,,,,,,,,,,,,7.0,2.0,,,,25023.0,9.0,127.0
250235113023,10,27,0,2,8,17,3,6,9,7,89,469,,,,2.0,,,,,,,,3.0,,,,16.0,,,,,25023.0,21.0,68.0
250235113024,6,93,1,0,3,8,0,1,6,7,125,311,,,,,,,,,,,2.0,,,,231.0,21.0,,,,,25023.0,254.0,-129.0
250235114001,32,166,10,0,3,41,1,26,8,27,314,313,,,,,4.0,4.0,63.0,,,,4.0,2.0,,,4.0,8.0,,18.0,448.0,,25023.0,555.0,-241.0
250235114002,1,7,3,81,2,11,0,0,4,0,109,302,,,,,,,28.0,,,,,,,,,16.0,,,,,25023.0,44.0,65.0
250235114003,15,23,2,3,5,38,0,4,9,0,99,310,,,,1.0,5.0,,,,,,,1.0,,,,16.0,23.0,46.0,5.0,,25023.0,97.0,2.0
250235114004,9,16,1,1,0,3,0,0,5,3,38,400,,,,,,,,4.0,,,,,,7.0,,17.0,,,,,25023.0,28.0,10.0
250235115001,9,42,6,1,0,95,0,14,10,17,194,360,,,,,,,105.0,,,4.0,,1.0,,,,5.0,10.0,7.0,32.0,,25023.0,164.0,30.0
250235115002,14,20,2,0,1,11,4,34,7,15,108,299,,,,,,,,,,,,,,,,14.0,,8.0,12.0,,25023.0,34.0,74.0
250235115003,3,23,1,0,1,2,4,5,4,2,45,522,,,,,,,3.0,7.0,,,,,,,,19.0,,,,,25023.0,29.0,16.0
250235115004,13,17,3,0,1,14,4,7,13,4,76,346,,,,14.0,,,,6.0,,3.0,,,,,,11.0,,,,,25023.0,34.0,42.0
250235116001,15,171,4,0,0,90,6,16,44,13,359,516,,,,,11.0,,62.0,,,,,,,148.0,,122.0,,90.0,16.0,,25023.0,449.0,-90.0
250235116002,34,140,13,0,2,24,1,29,21,18,282,260,,,,19.0,,5.0,10.0,51.0,,8.0,1.0,4.0,,358.0,,8.0,,2.0,11.0,,25023.0,477.0,-195.0
250235116003,121,192,14,40,6,89,4,9,12,77,564,656,,,,114.0,,11.0,3.0,160.0,,5.0,,,,14.0,,475.0,,17.0,21.0,,25023.0,820.0,-256.0
250235116004,8,40,32,14,1,58,1,12,6,2,174,257,,,,3.0,,,26.0,,,55.0,8.0,3.0,,,,12.0,,19.0,15.0,,25023.0,141.0,33.0
250235116005,8,68,1,2,5,13,1,1,12,7,118,354,,,,,,,,6.0,,,,,,,,18.0,,,,,25023.0,24.0,94.0
250235116006,26,220,5,2,7,19,0,4,9,15,307,687,,,,4.0,,,,22.0,,,,,,,,196.0,,,3.0,,25023.0,225.0,82.0
250235116007,47,77,47,19,14,231,1,38,74,224,772,287,,,4.0,181.0,129.0,87.0,221.0,560.0,,27.0,,8.0,46.0,,45.0,5.0,17.0,80.0,94.0,,25023.0,1504.0,-732.0
250235117011,7,12,0,0,5,14,0,2,10,5,55,282,,,,,,,,,,,,,4.0,,,1.0,,,,,25023.0,5.0,50.0
250235117012,25,437,90,83,15,285,6,18,96,23,1078,590,,,,12.0,,,68.0,8.0,,26.0,3.0,8.0,11.0,2.0,2.0,16.0,22.0,48.0,12.0,264.0,25023.0,502.0,576.0
250235117013,9,74,0,1,11,9,0,6,23,3,136,300,,,,7.0,,4.0,,14.0,,,,,,5.0,,25.0,,,,,25023.0,55.0,81.0
250235117014,6,20,0,3,3,8,1,2,19,2,64,314,,,,1.0,,,,,,,,,,,,10.0,,,,,25023.0,11.0,53.0
250235117015,8,8,3,2,5,17,3,4,20,6,76,278,,,,4.0,,3.0,,1.0,,,2.0,,,,,1.0,,,,,25023.0,11.0,65.0
250235117021,83,327,46,473,12,392,422,67,1235,381,3438,616,,,352.0,22.0,706.0,193.0,382.0,133.0,,5.0,33.0,78.0,48.0,13.0,29.0,2483.0,,78.0,24.0,,25023.0,4579.0,-1141.0
250235117022,110,481,125,2,160,366,390,95,329,264,2322,485,6.0,,,135.0,268.0,225.0,365.0,56.0,180.0,236.0,13.0,237.0,20.0,114.0,8.0,538.0,,340.0,209.0,7.0,25023.0,2957.0,-635.0
250235201001,99,329,16,20,5,167,5,69,79,21,810,807,,,,70.0,,19.0,37.0,18.0,,,22.0,4.0,,32.0,313.0,51.0,1.0,107.0,6.0,67.0,25023.0,747.0,63.0
250235201002,69,191,27,3,1,336,6,22,24,25,704,528,,,16.0,25.0,,,481.0,2.0,21.0,26.0,,3.0,40.0,28.0,5.0,15.0,,89.0,9.0,,25023.0,760.0,-56.0
250235201003,92,313,23,2,1,121,11,46,62,10,681,889,,,,21.0,,,38.0,,,,13.0,2.0,,35.0,,166.0,6.0,53.0,7.0,,25023.0,341.0,340.0
250235201004,49,73,2,2,3,290,1,23,21,13,477,556,,,,78.0,,2.0,277.0,,,3.0,,21.0,,7.0,,7.0,2.0,50.0,16.0,,25023.0,463.0,14.0
250235202011,105,72,3,2,2,37,15,14,33,6,289,320,,,,166.0,1.0,,45.0,,,,,10.0,,8.0,,7.0,,21.0,7.0,,25023.0,265.0,24.0
250235202012,55,195,15,1,4,246,188,50,41,94,889,782,,,,16.0,51.0,25.0,126.0,96.0,,35.0,,2.0,,59.0,2.0,4.0,24.0,209.0,47.0,,25023.0,696.0,193.0
250235202013,21,72,11,19,7,49,12,29,45,12,277,634,,,,22.0,1.0,2.0,20.0,2.0,,,,42.0,,5.0,,17.0,,54.0,36.0,44.0,25023.0,245.0,32.0
250235202021,14,53,5,0,2,2,6,28,34,21,165,535,,,,11.0,23.0,,10.0,1.0,,,,,,30.0,,32.0,,,,,25023.0,107.0,58.0
250235202022,97,19,18,14,3,255,1,11,20,41,479,1006,,,1.0,9.0,,2.0,105.0,,,,,1.0,,21.0,,5.0,8.0,,3.0,,25023.0,155.0,324.0
250235202023,80,241,76,25,7,229,7,27,29,14,735,1026,,,,9.0,,,320.0,10.0,27.0,34.0,8.0,38.0,,1.0,2.0,11.0,28.0,,18.0,64.0,25023.0,570.0,165.0
250235211011,12,84,4,0,1,143,22,8,4,85,363,468,,,,5.0,81.0,,65.0,88.0,,20.0,2.0,,,1.0,12.0,140.0,,65.0,3.0,,25023.0,482.0,-119.0
250235211012,6,37,2,1,1,62,6,15,14,11,155,325,,,,12.0,16.0,10.0,28.0,7.0,,7.0,,2.0,,17.0,,4.0,,71.0,25.0,,25023.0,199.0,-44.0
250235211013,12,95,6,5,5,57,57,15,19,13,284,665,,,,29.0,23.0,,55.0,7.0,,,5.0,3.0,,,,2.0,,,27.0,,25023.0,151.0,133.0
250235211014,11,51,0,0,2,6,0,11,7,21,109,346,,,,14.0,,51.0,9.0,,,,,,,8.0,,5.0,6.0,,3.0,,25023.0,96.0,13.0
250235211021,8,55,4,1,0,41,3,23,25,15,175,599,,,,1.0,10.0,,7.0,,,,,23.0,,6.0,,23.0,,104.0,24.0,,25023.0,198.0,-23.0
250235211022,48,63,26,15,5,217,2,35,46,20,477,725,,,,8.0,5.0,,191.0,,18.0,57.0,,15.0,,1.0,1.0,14.0,,137.0,35.0,31.0,25023.0,513.0,-36.0
250235212011,34,78,3,18,4,9,14,29,6,21,216,344,,,,50.0,,92.0,,,,1.0,,,,6.0,4.0,12.0,2.0,,15.0,24.0,25023.0,206.0,10.0
250235212012,23,138,9,27,1,73,12,33,31,23,370,575,,,,8.0,16.0,4.0,63.0,,6.0,7.0,,3.0,,2.0,,26.0,22.0,106.0,45.0,56.0,25023.0,364.0,6.0
250235212013,241,320,7,3,0,34,63,21,23,13,725,387,,,,104.0,45.0,2.0,5.0,,,6.0,,,,28.0,,4.0,,7.0,11.0,,25023.0,212.0,513.0
250235212021,39,120,2,1,4,12,2,16,16,3,215,483,,,,8.0,,3.0,,,,,,,,3.0,624.0,11.0,,,23.0,,25023.0,672.0,-457.0
250235212022,6,3,4,0,0,5,19,4,4,0,45,271,,,,,,4.0,2.0,,,,,3.0,,,,4.0,,8.0,1.0,,25023.0,22.0,23.0
250235212023,13,53,2,1,0,17,8,10,51,4,159,344,,,,,8.0,,,,10.0,,,,,34.0,,93.0,,,2.0,,25023.0,147.0,12.0
250235212024,22,73,4,3,1,22,54,13,35,21,248,332,,,,11.0,46.0,,20.0,,,18.0,,,,,,1.0,,6.0,4.0,,25023.0,106.0,142.0
250235221011,7,8,0,0,1,26,2,7,3,5,59,294,,,,12.0,,4.0,,,,,,18.0,,,,,,,,,25023.0,34.0,25.0
250235221012,20,146,9,8,0,248,15,40,24,3,513,632,,,,9.0,32.0,,26.0,1.0,,3.0,4.0,14.0,,22.0,18.0,1.0,,121.0,8.0,,25023.0,259.0,254.0
250235221013,34,150,4,5,5,101,6,26,21,5,357,741,,,,12.0,,2.0,7.0,,5.0,,,2.0,,8.0,24.0,15.0,23.0,,10.0,2.0,25023.0,110.0,247.0
250235221021,27,174,6,0,3,40,14,15,22,7,308,414,,,,13.0,1.0,5.0,20.0,,,,4.0,3.0,,2.0,,,,29.0,,,25023.0,77.0,231.0
250235221022,10,25,5,2,1,53,2,23,6,9,136,452,,,,18.0,,2.0,,,,,,4.0,,,,1.0,,18.0,,,25023.0,43.0,93.0
250235221023,14,85,14,8,2,213,1,45,19,5,406,594,,,,25.0,,,190.0,,,35.0,,6.0,,,2.0,23.0,,82.0,5.0,31.0,25023.0,399.0,7.0
250235221024,56,66,5,27,1,70,83,33,152,95,588,551,,,3.0,65.0,81.0,53.0,19.0,9.0,5.0,,,20.0,,28.0,1.0,30.0,,78.0,17.0,26.0,25023.0,435.0,153.0
250235221025,10,41,2,1,3,70,161,29,33,14,364,418,,,,9.0,22.0,47.0,30.0,3.0,,,,32.0,,13.0,,2.0,,,26.0,38.0,25023.0,222.0,142.0
250235231001,94,238,24,17,7,268,117,70,177,134,1146,843,,,,72.0,96.0,34.0,111.0,9.0,12.0,4.0,4.0,1.0,2.0,9.0,387.0,63.0,,92.0,38.0,150.0,25023.0,1084.0,62.0
250235231002,10,136,2,2,4,14,1,8,13,1,191,334,7.0,,,23.0,44.0,1.0,,,,,,,,2.0,,6.0,,,313.0,,25023.0,396.0,-205.0
250235232011,40,143,17,16,7,55,11,30,32,17,368,521,,,,33.0,,,21.0,5.0,9.0,34.0,,9.0,,18.0,,154.0,3.0,40.0,6.0,5.0,25023.0,337.0,31.0
250235232012,8,11,0,0,0,34,1,12,6,6,78,257,,2.0,,,,1.0,26.0,,,,,,,,,1.0,,,,,25023.0,30.0,48.0
250235232013,29,257,4,0,3,41,33,25,155,6,553,267,,,,6.0,27.0,,,,,,20.0,108.0,,6.0,,61.0,,46.0,20.0,,25023.0,294.0,259.0
250235232021,27,121,14,3,4,30,2,22,25,29,277,760,2.0,,,57.0,,1.0,5.0,7.0,,1.0,,17.0,,32.0,8.0,,19.0,20.0,4.0,,25023.0,173.0,104.0
250235232022,36,47,6,2,4,189,2,47,25,20,378,572,,,,59.0,3.0,2.0,31.0,17.0,,,2.0,,,16.0,,10.0,62.0,66.0,12.0,,25023.0,280.0,98.0
250235232023,15,23,2,1,4,39,4,11,12,9,120,570,2.0,,,11.0,42.0,,9.0,17.0,,,,2.0,,4.0,,7.0,48.0,,39.0,,25023.0,181.0,-61.0
250235232024,21,36,10,4,14,61,9,14,20,47,236,1029,,,,7.0,,1.0,6.0,3.0,,,,9.0,,,1.0,1.0,,37.0,2.0,,25023.0,67.0,169.0
250235241011,367,362,141,1,14,473,397,36,354,777,2922,297,,,,736.0,705.0,341.0,483.0,261.0,4.0,14.0,63.0,212.0,329.0,384.0,12.0,503.0,15.0,91.0,84.0,,25023.0,4237.0,-1315.0
250235241012,98,60,10,4,6,83,19,26,28,36,370,663,,,,110.0,9.0,2.0,6.0,,,2.0,,25.0,,3.0,,12.0,,7.0,,,25023.0,176.0,194.0
250235241013,34,149,14,2,2,391,8,64,21,20,705,360,1.0,,,5.0,,,241.0,,1.0,1.0,,,,8.0,,71.0,,20.0,14.0,,25023.0,362.0,343.0
250235241021,21,39,9,2,2,98,21,40,34,27,293,685,,,,6.0,,30.0,54.0,,,,,,,6.0,,30.0,,97.0,13.0,3.0,25023.0,239.0,54.0
250235241022,63,82,62,4,3,217,6,55,44,142,678,545,4.0,,,61.0,9.0,17.0,157.0,44.0,8.0,,24.0,34.0,,53.0,,50.0,12.0,95.0,48.0,,25023.0,616.0,62.0
250235241023,53,325,21,56,8,276,27,61,923,152,1902,412,,,11.0,39.0,4.0,92.0,41.0,,8.0,14.0,1.0,26.0,,5.0,246.0,138.0,7.0,173.0,35.0,110.0,25023.0,950.0,952.0
250235251011,8,24,3,1,10,69,7,12,11,12,157,641,3.0,,,28.0,,,8.0,10.0,,,1.0,14.0,,1.0,,3.0,10.0,58.0,65.0,,25023.0,201.0,-44.0
250235251012,262,109,35,7,8,236,64,47,123,199,1090,643,,,,316.0,130.0,81.0,235.0,52.0,,149.0,29.0,86.0,,25.0,11.0,61.0,,176.0,25.0,,25023.0,1376.0,-286.0
250235251013,11,87,5,0,1,13,2,14,3,72,208,408,,,,29.0,,1.0,,,,,,,,5.0,,5.0,,94.0,1.0,,25023.0,135.0,73.0
250235251014,34,189,36,8,19,178,31,46,71,26,638,1164,,,,80.0,7.0,2.0,233.0,156.0,7.0,89.0,,49.0,1.0,23.0,594.0,87.0,,172.0,33.0,2.0,25023.0,1535.0,-897.0
250235251041,72,30,17,1,15,54,8,35,42,75,349,730,,,,185.0,11.0,13.0,21.0,212.0,,10.0,11.0,22.0,,59.0,,12.0,7.0,21.0,24.0,,25023.0,608.0,-259.0
250235251042,20,170,16,2,5,59,4,29,38,6,349,437,,,,4.0,,1.0,20.0,3.0,7.0,21.0,3.0,25.0,22.0,32.0,3.0,121.0,44.0,140.0,16.0,,25023.0,462.0,-113.0
250235251043,50,2379,3,1,0,7,5,7,48,10,2510,342,,,,5.0,,72.0,7.0,,,,,,,,510.0,9.0,20.0,,8.0,,25023.0,631.0,1879.0
250235251044,13,24,4,21,7,24,5,11,15,6,130,741,,,,11.0,,,,8.0,,,2.0,4.0,,,,16.0,,2.0,,52.0,25023.0,95.0,35.0
250235252031,11,63,2,2,10,19,2,11,13,8,141,570,,,,3.0,,,9.0,,,,2.0,2.0,,,,4.0,,17.0,,,25023.0,37.0,104.0
250235252032,11,73,7,2,3,15,6,8,17,20,162,1039,,,,20.0,,4.0,40.0,,,2.0,6.0,2.0,,,,7.0,,,7.0,,25023.0,88.0,74.0
250235252033,14,116,16,3,4,289,9,32,21,6,510,999,,,,8.0,11.0,,55.0,9.0,3.0,10.0,15.0,1.0,,,,15.0,,168.0,65.0,,25023.0,360.0,150.0
250235252041,31,47,6,4,6,25,19,21,19,2,180,859,,,,16.0,,28.0,13.0,2.0,,,,1.0,,1.0,,1.0,,,,,25023.0,62.0,118.0
250235252042,12,12,0,4,2,20,3,4,3,13,73,347,,16.0,,12.0,21.0,17.0,47.0,,1.0,,,1.0,,15.0,,1.0,,7.0,,,25023.0,138.0,-65.0
250235253001,3,13,6,200,15,11,15,18,252,16,549,29,,,,,36.0,,,,,,,,,,,237.0,,,2.0,856.0,25023.0,1131.0,-582.0
250235261001,68,147,7,9,0,174,6,23,12,14,460,559,,,,128.0,4.0,,3.0,1.0,,1.0,47.0,,,44.0,17.0,2.0,,,11.0,87.0,25023.0,345.0,115.0
250235261002,6,144,6,1,1,156,0,19,13,2,348,323,,,,6.0,,,7.0,,,7.0,,16.0,,10.0,,,,67.0,3.0,,25023.0,116.0,232.0
250235261003,48,580,7,5,3,83,2,20,10,7,765,794,2.0,,,18.0,,1.0,5.0,,,,,1.0,,12.0,,11.0,2.0,,,,25023.0,52.0,713.0
250235261004,21,276,10,15,4,679,16,29,6,27,1083,686,,,,7.0,,5.0,315.0,1.0,,37.0,2.0,,,,63.0,24.0,50.0,100.0,7.0,60.0,25023.0,671.0,412.0
250235261005,52,173,6,10,0,231,3,25,23,17,540,647,9.0,,,45.0,,1.0,22.0,3.0,11.0,,2.0,3.0,,34.0,,30.0,,,8.0,,25023.0,168.0,372.0
250235301001,16,118,12,4,7,67,4,28,31,23,310,707,,,,19.0,,,11.0,,,17.0,,7.0,,,,2.0,13.0,21.0,3.0,,25023.0,93.0,217.0
250235301002,458,861,103,85,35,871,693,71,273,499,3949,1302,,,224.0,437.0,918.0,229.0,1939.0,120.0,367.0,275.0,53.0,151.0,,79.0,125.0,668.0,118.0,625.0,53.0,174.0,25023.0,6555.0,-2606.0
250235302001,27,395,29,4,6,81,19,25,84,18,688,615,,,,7.0,46.0,19.0,42.0,,,48.0,17.0,71.0,5.0,10.0,,324.0,13.0,61.0,24.0,12.0,25023.0,699.0,-11.0
250235302002,12,127,11,1,3,93,0,14,6,20,287,520,,,,2.0,,,44.0,,,,,1.0,,4.0,,277.0,6.0,4.0,11.0,,25023.0,349.0,-62.0
250235302003,37,6,1,0,26,60,0,10,21,8,169,693,,,,24.0,,2.0,40.0,,41.0,29.0,,4.0,,6.0,,23.0,,15.0,,,25023.0,184.0,-15.0
250235303001,34,379,115,16,16,679,13,42,254,63,1611,551,,,,31.0,9.0,,63.0,6.0,11.0,44.0,12.0,101.0,,122.0,143.0,180.0,34.0,602.0,62.0,22.0,25023.0,1442.0,169.0
250235303002,15,190,96,2,5,462,16,58,105,160,1109,605,,,,26.0,7.0,,90.0,22.0,4.0,54.0,10.0,55.0,,27.0,,276.0,11.0,538.0,132.0,28.0,25023.0,1280.0,-171.0
250235303003,5,20,4,1,0,10,0,8,24,1,73,461,,,,,,,18.0,1.0,,2.0,7.0,14.0,,,,,,,3.0,,25023.0,45.0,28.0
250235303004,12,49,88,0,1,12,0,10,37,4,213,408,,,,6.0,,,7.0,1.0,,7.0,4.0,125.0,,2.0,,29.0,,2.0,54.0,,25023.0,237.0,-24.0
250235304001,45,155,22,7,5,105,19,29,50,60,497,799,,,,60.0,,31.0,1.0,,,,16.0,32.0,5.0,63.0,,15.0,7.0,18.0,12.0,,25023.0,260.0,237.0
250235304002,18,24,4,0,4,14,5,12,16,3,100,438,,,,7.0,,,,,,,,2.0,,3.0,,6.0,,,,,25023.0,18.0,82.0
250235304003,71,121,17,9,7,202,19,57,94,69,666,701,2.0,3.0,,69.0,14.0,47.0,,9.0,,,,12.0,,45.0,16.0,136.0,5.0,14.0,74.0,,25023.0,446.0,220.0
250235304004,32,105,10,3,3,78,4,45,24,26,330,437,5.0,,,10.0,13.0,1.0,,,,2.0,4.0,,,,,1.0,,,14.0,,25023.0,50.0,280.0
250235305001,9,102,13,97,2,170,1,19,36,20,469,508,,,,25.0,4.0,,22.0,1.0,1.0,13.0,,46.0,,,1166.0,50.0,124.0,146.0,57.0,92.0,25023.0,1747.0,-1278.0
250235305002,10,9,2,3,1,22,1,11,10,5,74,383,,,,9.0,2.0,,,,,,,3.0,,3.0,,81.0,,,,,25023.0,98.0,-24.0
250235305003,7,294,4,0,0,28,0,4,5,2,344,543,,,,17.0,,,,,,,5.0,,,11.0,,381.0,,,,,25023.0,414.0,-70.0
250235305004,10,119,5,24,17,14,1,10,11,3,214,293,2.0,,,,,,,3.0,69.0,4.0,1.0,5.0,3.0,7.0,,63.0,,,2.0,122.0,25023.0,281.0,-67.0
250235305005,122,1589,64,86,4,199,8,82,177,173,2504,848,1.0,,,20.0,,7.0,47.0,,2.0,,9.0,33.0,5.0,16.0,,2632.0,145.0,109.0,2.0,722.0,25023.0,3750.0,-1246.0
250235306001,282,508,70,499,44,1247,25,130,429,294,3528,322,,,8.0,323.0,39.0,36.0,544.0,150.0,1.0,58.0,37.0,50.0,,267.0,3.0,257.0,49.0,348.0,202.0,256.0,25023.0,2628.0,900.0
250235306002,17,99,4,6,9,95,1,21,18,27,297,310,,,,5.0,,,,,,,,1.0,,,,28.0,34.0,,,,25023.0,68.0,229.0
250235306003,66,421,14,17,20,119,4,72,69,28,830,669,,,,51.0,,,,,1.0,,2.0,6.0,,1.0,1.0,4.0,20.0,,,,25023.0,86.0,744.0
250235306004,109,801,42,14,24,265,13,122,97,135,1622,856,,,,15.0,,,126.0,,,,,1.0,,8.0,5.0,34.0,,30.0,13.0,99.0,25023.0,331.0,1291.0
250235306005,13,75,18,1,2,76,6,18,10,31,250,627,,,,10.0,3.0,,,1.0,,1.0,,3.0,,10.0,,2.0,,,,39.0,25023.0,69.0,181.0
250235307001,7,25,20,8,7,63,51,21,16,556,774,659,,,552.0,16.0,,22.0,1.0,,,1.0,,49.0,,1.0,,14.0,2.0,39.0,8.0,,25023.0,705.0,69.0
250235307002,150,351,96,28,25,397,66,156,117,198,1584,5303,,,,54.0,,7.0,150.0,2.0,4.0,18.0,5.0,27.0,,3.0,,115.0,149.0,295.0,10.0,,25023.0,839.0,745.0
250235308011,50,92,28,10,19,78,10,53,37,57,434,1420,5.0,,,12.0,1.0,3.0,7.0,,,13.0,7.0,6.0,,4.0,1.0,5.0,4.0,,13.0,,25023.0,81.0,353.0
250235308012,31,70,14,21,21,68,44,155,34,122,580,1122,,,,28.0,,4.0,110.0,4.0,,4.0,1.0,8.0,5.0,8.0,,118.0,,124.0,19.0,,25023.0,433.0,147.0
250235308021,7,0,0,0,0,2,0,0,0,0,9,313,,,,4.0,,,3.0,,,,,,,19.0,,2.0,,5.0,,,25023.0,33.0,-24.0
250235308022,4,7,6,2,3,17,1,13,5,26,84,287,3.0,,,4.0,,,12.0,,,,,1.0,,,,,,,24.0,,25023.0,44.0,40.0
250235308023,12,6,4,3,1,21,0,3,6,115,171,528,,,,9.0,,,8.0,,,,,,,5.0,,17.0,,,3.0,,25023.0,42.0,129.0
250235308024,3,7,2,2,0,18,4,38,1,6,81,570,,,,7.0,,,10.0,,,,,6.0,,,,3.0,,18.0,39.0,,25023.0,83.0,-2.0
250235308025,20,41,6,1,0,37,0,6,11,7,129,519,,,,12.0,,1.0,11.0,,,12.0,,4.0,4.0,,9.0,3.0,,54.0,,,25023.0,110.0,19.0
250235309011,81,319,25,19,9,642,5,81,28,61,1270,1169,,,,26.0,,3.0,14.0,2.0,,,,1.0,,17.0,,6.0,35.0,8.0,34.0,,25023.0,146.0,1124.0
250235309012,26,128,10,6,3,175,7,31,29,15,430,648,,,,9.0,,,1.0,12.0,,1.0,3.0,2.0,,1.0,,4.0,4.0,,1.0,,25023.0,38.0,392.0
250235309013,112,313,7,6,1,268,4,30,55,16,812,1492,,,,84.0,,4.0,8.0,17.0,1.0,,2.0,10.0,,16.0,,40.0,42.0,21.0,8.0,,25023.0,253.0,559.0
250235309014,16,128,6,4,1,81,2,32,22,4,296,404,,,,16.0,1.0,,1.0,,,,,2.0,,,,,1.0,17.0,,,25023.0,38.0,258.0
250235309021,69,229,20,16,2,403,4,53,49,18,863,1291,,,,29.0,,7.0,152.0,2.0,,12.0,2.0,54.0,,5.0,3.0,7.0,81.0,115.0,7.0,,25023.0,476.0,387.0
250235309022,40,157,5,6,6,47,0,23,18,7,309,746,,,,12.0,,,,,,,,6.0,,11.0,,71.0,3.0,,5.0,,25023.0,108.0,201.0
250235401011,40,121,13,3,17,154,131,20,56,485,1040,498,,,,156.0,224.0,117.0,98.0,413.0,5.0,9.0,18.0,46.0,,82.0,9.0,118.0,66.0,4.0,22.0,,25023.0,1387.0,-347.0
250235401012,42,81,21,26,18,85,23,47,32,59,434,556,,,,45.0,4.0,29.0,45.0,1.0,5.0,9.0,3.0,22.0,,9.0,,47.0,32.0,43.0,23.0,42.0,25023.0,359.0,75.0
250235401013,29,53,23,176,6,12,6,18,27,28,378,506,,,,3.0,17.0,32.0,35.0,7.0,13.0,8.0,4.0,42.0,,,20.0,80.0,,65.0,30.0,94.0,25023.0,450.0,-72.0
250235401021,27,150,7,7,17,57,5,43,41,21,375,984,12.0,,,91.0,1.0,1.0,7.0,3.0,,4.0,3.0,10.0,,11.0,,135.0,,,14.0,,25023.0,292.0,83.0
250235401031,86,60,6,91,17,63,14,34,77,30,478,891,8.0,,,88.0,,,48.0,1.0,6.0,7.0,,39.0,,15.0,,31.0,40.0,9.0,15.0,69.0,25023.0,376.0,102.0
250235401032,17,255,10,7,16,37,26,20,50,18,456,713,,,,37.0,,2.0,4.0,1.0,,,4.0,4.0,,40.0,462.0,4.0,14.0,13.0,1.0,,25023.0,586.0,-130.0
250235411001,48,35,26,34,9,42,26,60,58,30,368,857,,,,23.0,35.0,6.0,36.0,1.0,2.0,6.0,5.0,14.0,,67.0,,45.0,,22.0,,48.0,25023.0,310.0,58.0
250235411002,28,190,1,27,14,50,10,45,38,55,458,937,40.0,,,31.0,1.0,,18.0,2.0,4.0,,,11.0,,18.0,177.0,8.0,5.0,,,27.0,25023.0,342.0,116.0
250235411003,36,35,20,17,30,90,229,89,44,381,971,578,,11.0,,69.0,9.0,11.0,,4.0,,,,2.0,,248.0,,9.0,,6.0,9.0,,25023.0,378.0,593.0
250235421011,28,47,1,7,11,53,7,28,33,13,228,728,,,,8.0,,,3.0,3.0,,,1.0,,,10.0,3.0,10.0,,,1.0,,25023.0,39.0,189.0
250235421012,128,40,10,6,18,91,54,36,53,220,656,991,8.0,,,111.0,97.0,46.0,52.0,133.0,,,2.0,29.0,,25.0,,21.0,,18.0,53.0,,25023.0,595.0,61.0
250235421013,21,65,2,2,4,64,4,22,29,10,223,723,17.0,4.0,2.0,50.0,,7.0,,4.0,,,,11.0,,4.0,,5.0,,,2.0,,25023.0,106.0,117.0
250235421014,17,67,5,2,6,22,26,41,12,43,241,357,6.0,,,22.0,32.0,8.0,5.0,33.0,,,,2.0,,3.0,,161.0,,19.0,8.0,,25023.0,299.0,-58.0
250235421021,95,620,10,8,8,180,48,45,70,335,1419,1145,,,,94.0,248.0,17.0,38.0,65.0,22.0,2.0,,70.0,,6.0,101.0,156.0,,,186.0,,25023.0,1005.0,414.0
250235422001,47,232,16,8,30,317,250,56,133,571,1660,1011,3.0,,,38.0,524.0,395.0,251.0,54.0,,302.0,2.0,104.0,192.0,402.0,153.0,55.0,,243.0,49.0,47.0,25023.0,2814.0,-1154.0
250235422002,16,60,15,18,12,24,7,20,21,15,208,1041,,,,17.0,3.0,3.0,13.0,,,,,,,2.0,8.0,20.0,,11.0,8.0,,25023.0,85.0,123.0
250235422003,37,121,23,2,9,88,11,19,19,80,409,644,,32.0,,49.0,8.0,,63.0,1.0,,22.0,,14.0,,88.0,,42.0,,116.0,15.0,59.0,25023.0,509.0,-100.0
250235423001,42,83,34,41,6,100,11,5,41,9,372,537,,,,3.0,10.0,,9.0,34.0,14.0,5.0,4.0,32.0,1.0,2.0,28.0,170.0,56.0,27.0,35.0,72.0,25023.0,502.0,-130.0
250235423002,16,566,6,3,2,38,1,25,12,3,672,490,,,,5.0,,1.0,15.0,,,,,28.0,,22.0,,371.0,,43.0,,,25023.0,485.0,187.0
250235423003,26,82,2,4,4,52,5,4,6,36,221,262,,,,9.0,,3.0,15.0,,,,,2.0,,1.0,,56.0,,121.0,15.0,,25023.0,222.0,-1.0
250235423004,43,70,50,51,14,305,158,39,73,81,884,645,,,,19.0,170.0,19.0,184.0,32.0,28.0,48.0,15.0,27.0,411.0,34.0,,26.0,,246.0,128.0,95.0,25023.0,1482.0,-598.0
250235423005,22,374,102,50,11,297,12,49,34,90,1041,698,,,,,24.0,6.0,194.0,,,17.0,,11.0,30.0,1.0,,107.0,,182.0,48.0,99.0,25023.0,719.0,322.0
250235423006,14,28,39,1,0,4,0,12,7,12,117,312,,,,2.0,5.0,,24.0,,,2.0,,6.0,,29.0,374.0,2.0,,,,,25023.0,444.0,-327.0
250235431001,1,14,3,0,0,9,1,9,0,2,39,432,,,,18.0,,1.0,,2.0,4.0,1.0,4.0,10.0,,,27.0,2.0,,,34.0,,25023.0,103.0,-64.0
250235431002,21,55,4,22,31,155,26,80,38,474,906,694,4.0,,,42.0,187.0,771.0,35.0,4.0,,4.0,,18.0,,,1.0,29.0,,4.0,14.0,55.0,25023.0,1168.0,-262.0
250235441001,10,32,6,4,0,29,82,18,10,2,193,409,7.0,,,55.0,,3.0,,,,,,1.0,,,,4.0,,,,,25023.0,70.0,123.0
250235441002,34,75,10,49,4,62,6,38,28,2,308,558,5.0,,,31.0,,1.0,37.0,3.0,,11.0,,3.0,,,,6.0,,50.0,10.0,,25023.0,157.0,151.0
250235441003,70,87,6,4,9,298,12,64,54,8,612,563,,,,165.0,57.0,12.0,193.0,9.0,6.0,5.0,,7.0,,,13.0,65.0,9.0,84.0,37.0,,25023.0,662.0,-50.0
250235441004,15,132,0,2,8,46,1,13,10,11,238,375,18.0,,,21.0,1.0,,9.0,,,,,,,,,63.0,,28.0,7.0,,25023.0,147.0,91.0
250235442001,48,219,12,17,17,61,318,59,80,140,971,1317,10.0,,,34.0,118.0,6.0,6.0,,,,2.0,,,5.0,,11.0,,16.0,1.0,59.0,25023.0,268.0,703.0
250235442002,34,181,12,8,10,248,19,46,18,55,631,762,26.0,,,46.0,,3.0,10.0,33.0,,7.0,8.0,,,2.0,,7.0,126.0,21.0,,,25023.0,289.0,342.0
250235442003,17,65,11,13,2,39,11,29,10,58,255,563,14.0,,,25.0,1.0,2.0,2.0,21.0,,,1.0,5.0,,2.0,164.0,24.0,,,24.0,,25023.0,285.0,-30.0
250235442004,14,152,17,101,16,33,14,26,18,46,437,748,8.0,,,52.0,,13.0,16.0,,17.0,12.0,,16.0,,22.0,,25.0,,4.0,11.0,103.0,25023.0,299.0,138.0
250235451001,7,94,24,20,7,123,188,26,32,122,643,856,,,,10.0,585.0,74.0,141.0,17.0,58.0,15.0,12.0,69.0,,39.0,12.0,35.0,1.0,84.0,7.0,23.0,25023.0,1182.0,-539.0
250235451002,28,347,32,31,255,446,132,461,62,323,2117,357,23.0,,10.0,246.0,103.0,51.0,775.0,294.0,19.0,32.0,23.0,85.0,,2.0,,181.0,38.0,342.0,90.0,87.0,25023.0,2401.0,-284.0
250235451003,31,218,7,8,16,67,2,35,81,30,495,1243,,,,31.0,,3.0,10.0,3.0,1.0,,1.0,201.0,,19.0,,32.0,1.0,28.0,10.0,,25023.0,340.0,155.0
250235451004,6,56,3,1,0,34,6,11,2,11,130,751,,,,13.0,29.0,,26.0,,11.0,,,3.0,,,11.0,13.0,,80.0,1.0,,25023.0,187.0,-57.0
250235452001,5,173,2,6,4,14,0,22,6,14,246,317,5.0,,,14.0,,,6.0,,,,,2.0,,,,46.0,,8.0,,6.0,25023.0,87.0,159.0
250235452002,10,81,7,4,10,27,1,28,10,46,224,845,,,,6.0,1.0,,,,,,,2.0,,,,3.0,,,,,25023.0,12.0,212.0
250235452003,50,491,12,8,7,625,5,57,40,55,1350,831,,,,31.0,1.0,1.0,577.0,,,7.0,3.0,21.0,,3.0,,59.0,16.0,242.0,40.0,,25023.0,1001.0,349.0
250235452004,68,1017,17,42,17,225,57,99,109,267,1918,1811,138.0,,,81.0,19.0,2.0,139.0,,,,8.0,,,,,60.0,,16.0,148.0,,25023.0,611.0,1307.0
250235453001,7,61,12,18,2,42,0,22,6,4,174,884,,,,3.0,,,3.0,,,2.0,8.0,,,,,36.0,,67.0,9.0,,25023.0,128.0,46.0
250235453002,13,43,0,1,0,32,0,15,4,2,110,386,1.0,,,4.0,,,,6.0,,,2.0,,,9.0,,,28.0,,,,25023.0,50.0,60.0
250235453003,9,37,0,1,0,13,1,4,4,3,72,532,,,,6.0,,,,,,,9.0,,,,,,27.0,9.0,,15.0,25023.0,66.0,6.0
250235453004,9,66,193,0,0,99,2,11,13,14,407,534,,,1.0,32.0,,,111.0,19.0,,,10.0,29.0,,1.0,,34.0,12.0,166.0,25.0,,25023.0,440.0,-33.0
250235454001,10,175,26,21,7,132,0,16,2213,20,2620,352,,,,17.0,,,147.0,,19.0,35.0,,31.0,,,,263.0,,96.0,17.0,8.0,25023.0,633.0,1987.0
250235454002,104,287,12,9,0,29,2,4,6,4,457,431,,,,6.0,2.0,,21.0,,,4.0,,,,,355.0,473.0,,6.0,1.0,131.0,25023.0,999.0,-542.0
250235454003,5,18,0,0,0,15,0,1,6,2,47,361,3.0,,,29.0,,2.0,,,,,,12.0,,,,,6.0,,,,25023.0,52.0,-5.0
250235454004,2,164,4,0,0,4,8,3,3,0,188,664,8.0,,19.0,7.0,14.0,6.0,3.0,5.0,,,,,,17.0,,147.0,,31.0,,,25023.0,257.0,-69.0
250235454005,2,49,4,1,1,3,0,11,7,6,84,685,,,,,,,1.0,,,,7.0,,,,,7.0,,5.0,,,25023.0,20.0,64.0
250235601001,12,4,4,0,1,15,2,2,5,4,49,377,,,,7.0,3.0,2.0,10.0,,,5.0,18.0,4.0,2.0,1.0,,,,1.0,,,25023.0,53.0,-4.0
250235601002,2,6,1,20,1,48,2,6,12,5,103,407,,,,8.0,5.0,5.0,4.0,,,,,16.0,6.0,14.0,,14.0,15.0,5.0,26.0,40.0,25023.0,158.0,-55.0
250235601003,1,9,1,0,0,3,0,2,7,11,34,543,,,,3.0,,,1.0,6.0,,,,1.0,2.0,3.0,,14.0,,,,,25023.0,30.0,4.0
250235601004,12,135,42,41,4,64,0,12,18,18,346,318,,,,1.0,,4.0,16.0,,21.0,35.0,,6.0,,18.0,171.0,57.0,9.0,70.0,53.0,59.0,25023.0,520.0,-174.0
250235601005,18,3,1,1,2,8,4,8,10,9,64,538,,,,20.0,12.0,11.0,,,,,,12.0,,6.0,,7.0,,,,,25023.0,68.0,-4.0
250235601006,54,252,28,12,6,286,14,13,94,36,795,681,,,,84.0,105.0,145.0,98.0,10.0,15.0,19.0,44.0,68.0,,13.0,204.0,178.0,63.0,175.0,41.0,,25023.0,1262.0,-467.0
250235611001,22,92,8,8,3,53,1,23,56,12,278,743,,,,37.0,19.0,,,,,4.0,7.0,54.0,,10.0,,35.0,21.0,,25.0,,25023.0,212.0,66.0
250235611002,19,463,73,45,6,59,1,37,45,36,784,422,,,,34.0,,5.0,47.0,3.0,,29.0,8.0,15.0,,12.0,317.0,24.0,73.0,74.0,29.0,106.0,25023.0,776.0,8.0
250235611003,7,30,6,2,0,15,7,10,7,5,89,404,,,,7.0,9.0,1.0,,,,,,1.0,,,1.0,8.0,4.0,,10.0,,25023.0,41.0,48.0
250235611004,39,224,15,15,5,79,258,14,69,14,732,362,,,,29.0,323.0,9.0,30.0,10.0,,,,99.0,,5.0,,207.0,,94.0,6.0,,25023.0,812.0,-80.0
250235611005,20,105,18,2,3,98,5,9,28,6,294,296,,,,17.0,,,14.0,,,22.0,4.0,40.0,,10.0,,207.0,,27.0,22.0,,25023.0,363.0,-69.0
250235612001,86,962,4,19,2,112,0,101,203,16,1505,219,,,,15.0,,1.0,80.0,,,,7.0,,,4.0,70.0,10.0,,11.0,26.0,86.0,25023.0,310.0,1195.0
250250001001,805,3925,1006,130,1726,2549,169,399,4552,1020,16281,3022,,,,401.0,36.0,94.0,959.0,256.0,2106.0,237.0,251.0,204.0,924.0,103.0,13.0,382.0,221.0,401.0,159.0,42.0,25025.0,6789.0,9492.0
250250001002,11,189,43,1,19,33,0,53,65,18,432,455,,,,9.0,5.0,3.0,20.0,,27.0,5.0,20.0,,,,7.0,5.0,5.0,49.0,1.0,,25025.0,156.0,276.0
250250001003,16,152,26,0,13,17,1,24,50,4,303,310,,,,3.0,,6.0,3.0,,,,,4.0,,,66.0,3.0,,,2.0,,25025.0,87.0,216.0
250250001004,1,113,45,0,9,61,13,8,73,17,340,407,,,,11.0,3.0,,,,38.0,,2.0,16.0,,1280.0,,17.0,102.0,80.0,4.0,,25025.0,1553.0,-1213.0
250250002011,27,130,59,0,13,13,0,19,339,41,641,384,,,,106.0,,6.0,,,,,8.0,2.0,,132.0,,15.0,,,3.0,,25025.0,272.0,369.0
250250002012,23,44,7,0,5,9,0,18,22,3,131,302,,,,,,1.0,,,,,,,,3.0,,,,2.0,,,25025.0,6.0,125.0
250250002013,6,335,16,0,7,43,1,16,43,1,468,537,,,,8.0,,2.0,5.0,,9.0,6.0,,4.0,,2.0,,81.0,3.0,12.0,170.0,,25025.0,302.0,166.0
250250002014,7,209,8,0,2,25,0,15,32,8,306,379,,,,3.0,,,33.0,,,,,,,,,1.0,,23.0,,,25025.0,60.0,246.0
250250002021,30,113,75,0,28,76,23,59,67,10,481,659,,,,4.0,13.0,,21.0,3.0,40.0,29.0,3.0,12.0,,,,20.0,,34.0,75.0,,25025.0,254.0,227.0
250250002022,12,37,22,0,12,39,1,8,486,2,619,417,,,,,,1.0,55.0,,,6.0,5.0,,,,2.0,12.0,,4.0,5.0,,25025.0,90.0,529.0
250250002023,10,53,8,1,9,17,0,9,40,5,152,301,,,,,,,,,,,,3.0,,6.0,,1.0,,,,,25025.0,10.0,142.0
250250002024,7,29,14,4,3,45,4,10,4,2,122,309,,,,3.0,,,34.0,,,,28.0,,,,,9.0,,,10.0,,25025.0,84.0,38.0
250250003011,14,88,7,0,7,7,26,8,40,21,218,252,,,,9.0,,,1.0,,,,,26.0,,,,3.0,,,3.0,,25025.0,42.0,176.0
250250003012,9,153,10,0,3,3,0,3,33,2,216,308,,,,13.0,,,,,,,,,,32.0,,168.0,,,1.0,,25025.0,214.0,2.0
250250003013,7,67,24,0,13,26,0,21,42,5,205,271,,,,3.0,,,,2.0,2.0,,,1.0,,,,,,15.0,,,25025.0,23.0,182.0
250250003014,14,127,95,23,29,64,0,17,71,25,465,445,,,,,3.0,6.0,4.0,4.0,,,,9.0,,6.0,,53.0,,31.0,2.0,11.0,25025.0,129.0,336.0
250250003021,18,103,12,0,3,47,165,16,61,28,453,621,,,,6.0,,,22.0,,,1.0,,2.0,,2.0,119.0,1.0,,64.0,9.0,,25025.0,226.0,227.0
250250003022,10,139,27,1,11,53,0,18,65,12,336,747,,,,2.0,,,,,3.0,,,3.0,,2.0,,4.0,1.0,34.0,26.0,,25025.0,75.0,261.0
250250004011,12,176,50,0,1,1,0,2,39,22,303,848,,,,,,,,8.0,,,23.0,,,,,22.0,,,,,25025.0,53.0,250.0
250250004012,26,114,12,0,2,6,1,6,59,3,229,502,,,,7.0,,,,,,2.0,,,,,,16.0,2.0,,,,25025.0,27.0,202.0
250250004013,6,101,26,4,10,141,0,21,75,4,388,417,,,,1.0,,,,,,,,3.0,,,,,,,,,25025.0,4.0,384.0
250250004014,13,149,107,36,2,37,1,29,43,2,419,1324,,,,,,5.0,5.0,,,,88.0,1.0,,7.0,,64.0,,48.0,1.0,,25025.0,219.0,200.0
250250004021,2,87,44,2,7,8,0,10,73,7,240,642,,,,,,,,,,,,8.0,,4.0,,3.0,,,1.0,,25025.0,16.0,224.0
250250004022,6,317,37,7,21,35,0,30,121,27,601,392,,,,,,,,,,,,,,5.0,,,,,,,25025.0,5.0,596.0
250250004023,2,174,68,0,17,74,0,30,90,97,552,538,,,,4.0,,,14.0,,26.0,27.0,8.0,19.0,,137.0,,26.0,,91.0,45.0,,25025.0,397.0,155.0
250250005021,114,199,151,1,32,258,0,43,510,30,1338,606,,,,1.0,,2.0,87.0,,,6.0,5.0,30.0,,,,131.0,10.0,246.0,113.0,,25025.0,631.0,707.0
250250005022,1,72,52,0,6,22,0,10,48,22,233,455,,,,,,,6.0,,,,7.0,2.0,,,,3.0,1.0,,,,25025.0,19.0,214.0
250250005023,0,300,31,0,5,15,0,23,63,4,441,946,,,,15.0,,1.0,4.0,1.0,,3.0,8.0,4.0,,5.0,,30.0,,,,,25025.0,71.0,370.0
250250005024,81,92,9,0,16,28,0,17,254,15,512,10,,,,,,,14.0,,,,,,,,,,,,,,25025.0,14.0,498.0
250250005031,1,104,23,1,2,3,0,5,10,1,150,408,,,,,,,,,,,1.0,1.0,,,1.0,,1.0,,,,25025.0,4.0,146.0
250250005032,3,317,64,1,11,22,0,8,26,7,459,984,,,,,,1.0,10.0,,,,,4.0,,,,127.0,,,4.0,,25025.0,146.0,313.0
250250005041,67,499,63,0,19,153,0,19,64,22,906,998,,,,,,,348.0,,,5.0,1.0,,,61.0,11.0,168.0,,,,,25025.0,594.0,312.0
250250005042,3,191,93,0,13,101,0,8,49,5,463,1015,,,,,,,21.0,,,,12.0,,,,12.0,29.0,,63.0,,,25025.0,137.0,326.0
250250005043,5,150,7,5,4,7,0,14,32,6,230,748,,,,,,,,,3.0,,,,,,,32.0,,,3.0,,25025.0,38.0,192.0
250250005044,0,222,43,0,5,9,0,7,41,5,332,433,,,,,,,,,,,5.0,,,,,19.0,,,3.0,,25025.0,27.0,305.0
250250006011,2,193,19,0,8,70,0,29,228,18,567,307,,,,,,,100.0,,,,24.0,,,228.0,3.0,124.0,,37.0,,,25025.0,516.0,51.0
250250006012,45,367,103,115,76,203,21,34,6854,67,7885,525,,,,35.0,,2.0,12.0,4.0,23.0,1.0,5.0,25.0,4.0,5.0,,113.0,6.0,128.0,19.0,19.0,25025.0,401.0,7484.0
250250006013,4,226,42,1,9,13,1,23,66,14,399,290,,,,1.0,,,,,,,,6.0,,13.0,,11.0,,,5.0,,25025.0,36.0,363.0
250250006014,13,145,28,1,8,107,0,8,42,14,366,517,,,,1.0,,3.0,11.0,,,,,2.0,,,,3.0,,62.0,,,25025.0,82.0,284.0
250250006021,7,442,71,1,8,34,0,35,70,11,679,724,,,,,,,14.0,,,,1.0,5.0,,,,117.0,,54.0,11.0,,25025.0,202.0,477.0
250250006022,1,931,32,16,4,12,1,7,19,2,1025,644,,,,,,1.0,7.0,,,,9.0,1.0,,,,739.0,,15.0,3.0,,25025.0,775.0,250.0
250250006023,31,1121,78,6,20,35,7,8,113,29,1448,2183,,,,,,6.0,32.0,,,,31.0,7.0,,13.0,,3869.0,,44.0,46.0,,25025.0,4048.0,-2600.0
250250007011,1,109,65,0,3,16,0,1,14,8,217,498,,,,,,,9.0,,,,4.0,19.0,,,,,,,,,25025.0,32.0,185.0
250250007012,1,49,6,11,5,15,18,1,12,1,119,254,,,,,,2.0,15.0,,,,,,,,,1.0,,,5.0,,25025.0,23.0,96.0
250250007013,0,171,13,0,4,2,0,7,25,5,227,355,,,,,,,,,,,,,,14.0,,,,,,,25025.0,14.0,213.0
250250007014,3,104,49,0,13,10,155,3,30,2,369,529,,,,,,,,,,,1.0,,,,,3.0,,,2.0,,25025.0,6.0,363.0
250250007015,17,185,54,0,6,64,0,5,43,5,379,763,,,,8.0,,,1.0,,,4.0,3.0,,,,,,1.0,61.0,5.0,,25025.0,83.0,296.0
250250007031,2,618,292,1,3,449,5,23,22,7,1422,690,,,,,,,390.0,,,,26.0,1.0,,,57.0,,,72.0,37.0,,25025.0,583.0,839.0
250250007032,6,408,148,0,8,317,5,58,42,5,997,678,,,,9.0,,3.0,187.0,,2.0,12.0,27.0,2.0,,1.0,47.0,47.0,,417.0,29.0,,25025.0,783.0,214.0
250250007041,4,151,35,0,4,124,11,7,32,6,374,775,,,,,5.0,,33.0,,,,,,,,59.0,453.0,,234.0,5.0,,25025.0,789.0,-415.0
250250007042,6,162,109,0,4,44,87,10,48,5,475,716,,,,,,,,,2.0,,,,,,,,,18.0,2.0,,25025.0,22.0,453.0
250250007043,2,169,207,1,4,97,0,13,35,2,530,848,,,,,,,50.0,,,6.0,4.0,1.0,,,,3.0,77.0,7.0,,,25025.0,148.0,382.0
250250007044,5,130,55,0,3,28,0,2,17,7,247,551,,,,,24.0,,,,,9.0,29.0,5.0,,,,10.0,,82.0,9.0,,25025.0,168.0,79.0
250250008021,2,240,80,2,17,47,41,8,41,12,490,928,,,,,37.0,13.0,2.0,,,,,15.0,,,,205.0,,12.0,13.0,,25025.0,297.0,193.0
250250008022,48,375,172,1,76,533,133,142,379,302,2161,1966,,,1.0,9.0,5.0,64.0,168.0,55.0,87.0,11.0,46.0,161.0,,134.0,1.0,62.0,56.0,541.0,153.0,,25025.0,1554.0,607.0
250250008023,128,494,30,0,54,51,33,18,145,27,980,264,,,,99.0,8.0,44.0,8.0,39.0,18.0,,21.0,48.0,,11.0,,239.0,25.0,3.0,26.0,77.0,25025.0,666.0,314.0
250250008024,106,799,304,78,116,385,104,108,673,187,2860,1519,,,,17.0,12.0,5.0,86.0,,14.0,,22.0,32.0,,22.0,,27.0,5.0,89.0,162.0,,25025.0,493.0,2367.0
250250008025,59,388,115,0,30,231,9,11,174,16,1033,1244,,,,21.0,,,265.0,,17.0,9.0,142.0,4.0,,20.0,,203.0,59.0,137.0,20.0,,25025.0,897.0,136.0
250250008031,460,4684,821,315,1393,1970,479,424,2736,739,14021,4298,,,,,14.0,33.0,5.0,5.0,13.0,,,45.0,,3.0,5.0,56.0,,308.0,2.0,,25025.0,489.0,13532.0
250250008032,2,330,26,85,16,171,1,18,52,29,730,193,,,,,,,7.0,,,,2.0,14.0,,53.0,12147.0,53.0,51.0,313.0,,,25025.0,12640.0,-11910.0
250250101031,21,284,35,0,38,183,4,15,145,9,734,336,,,,,6.0,1.0,,,,8.0,,48.0,,9.0,,,,194.0,18.0,,25025.0,284.0,450.0
250250101032,7,295,3,0,21,35,0,4,37,6,408,114,,,,9.0,,,,,,,,,,,,,,153.0,,,25025.0,162.0,246.0
250250101033,36,586,54,1,598,244,4,131,242,31,1927,247,,,,,,,22.0,,4.0,6.0,,46.0,,7.0,,,,266.0,75.0,,25025.0,426.0,1501.0
250250101041,34,425,128,3,17,165,0,12,189,7,980,894,,,,,45.0,3.0,64.0,,,1.0,5.0,65.0,,11.0,29.0,93.0,3.0,229.0,205.0,,25025.0,753.0,227.0
250250101042,2,11688,48,0,40,206,9,5,101,9,12108,546,,,,,,,95.0,,50.0,,1.0,19.0,,2.0,114.0,79.0,,67.0,33.0,,25025.0,460.0,11648.0
250250101043,62,577,162,0,46,512,0,24,233,23,1639,773,,,,,,,30.0,42.0,,13.0,28.0,13.0,,72.0,129.0,47.0,,742.0,3.0,,25025.0,1119.0,520.0
250250102031,2,356,48,0,85,25,1,24,172,12,725,1071,,,,1.0,,,9.0,,1.0,7.0,6.0,6.0,,13.0,,,5.0,,,,25025.0,48.0,677.0
250250102032,208,1679,441,199,75,591,17,72,511,46,3839,2578,,,,,,2.0,475.0,2.0,39.0,1.0,92.0,41.0,,4.0,9.0,459.0,2.0,875.0,20.0,,25025.0,2021.0,1818.0
250250102033,1,493,116,1,6,74,1,26,47,121,886,1481,,,,,3.0,,16.0,32.0,,,21.0,3.0,,10.0,,26.0,,109.0,1.0,,25025.0,221.0,665.0
250250102034,8,245,98,1,43,2100,11,99,179,34,2818,932,,,,,,,98.0,,18.0,,95.0,41.0,,4.0,4.0,2.0,1289.0,1754.0,13.0,,25025.0,3318.0,-500.0
250250102041,3,134,42,1,8,13,0,11,33,2,247,305,,,,,1.0,,,,,,4.0,,,,,,,26.0,39.0,,25025.0,70.0,177.0
250250102042,9,228,146,1,13,34,0,8,61,7,507,534,,,,,,,,,,,57.0,1.0,,,,,,53.0,5.0,,25025.0,116.0,391.0
250250102043,56,1062,777,0,91,378,42,662,624,57,3749,1119,,,,,27.0,17.0,258.0,,351.0,1076.0,17.0,74.0,370.0,10.0,,1821.0,81.0,114.0,24.0,,25025.0,4240.0,-491.0
250250103001,36,668,87,7,22,853,0,24,130,22,1849,456,,,,,,2.0,29.0,,,,13.0,,,2.0,864.0,7.0,732.0,182.0,17.0,,25025.0,1848.0,1.0
250250103002,44,3321,52,2,76,192,0,73,294,14,4068,531,,,,,5.0,,23.0,,6.0,10.0,62.0,884.0,,47.0,2403.0,13546.0,16.0,563.0,56.0,,25025.0,17621.0,-13553.0
250250104031,2,305,194,1,7,7,0,11,21,165,713,1015,,,,,,,3.0,,,,5.0,11.0,,,,49.0,10.0,23.0,7.0,,25025.0,108.0,605.0
250250104032,5,606,234,1,21,125,0,9,80,8,1089,773,,,,,,,34.0,,30.0,5.0,25.0,6.0,,,,,,222.0,12.0,,25025.0,334.0,755.0
250250104033,1,202,18,0,9,197,0,7,29,9,472,529,,,,,,,385.0,,12.0,17.0,45.0,14.0,,,,4.0,,162.0,89.0,,25025.0,728.0,-256.0
250250104041,5,567,321,0,4,359,0,12,73,13,1354,1189,,,,,21.0,,9.0,,,8.0,17.0,1.0,,5.0,7.0,124.0,550.0,176.0,1.0,,25025.0,919.0,435.0
250250104042,4,183,58,0,60,400,0,12,29,7,753,245,,,,,,,87.0,,68.0,,16.0,30.0,,9.0,10.0,28.0,,261.0,3.0,,25025.0,512.0,241.0
250250104043,1,60,70,0,11,2,0,8,11,1,164,445,,,,,,,,,,,,2.0,,1.0,,2.0,,438.0,,,25025.0,443.0,-279.0
250250104051,73,3620,84,14,184,263,3,92,527,41,4901,9,,,,,,1.0,89.0,,2.0,9.0,,,,,636.0,,,87.0,245.0,,25025.0,1069.0,3832.0
250250104052,7,406,39,1,76,42,28,13,87,4,703,784,,,,,,,,,,,8.0,,,10.0,,16.0,,,12.0,3.0,25025.0,49.0,654.0
250250104053,34,509,103,2,10,80,1,20,157,2,918,584,,,,,,,,,,,9.0,,,14.0,,53.0,131.0,66.0,16.0,,25025.0,289.0,629.0
250250104081,4,519,135,0,4,4,1,11,34,6,718,1002,,,,,,,,,,,9.0,7.0,,5.0,,2.0,,2.0,,,25025.0,25.0,693.0
250250105001,20,270,137,0,1547,1224,1,39,257,81,3576,581,,,,2.0,,5.0,23.0,,64.0,33.0,32.0,102.0,,,,,77.0,395.0,1.0,,25025.0,734.0,2842.0
250250105002,6,616,229,1,29,36,2,23,77,6,1025,1028,,,,20.0,,,11.0,,,,14.0,5.0,,11.0,,17.0,118.0,81.0,2.0,,25025.0,279.0,746.0
250250105003,2,356,143,0,2,15,0,16,56,7,597,662,,,,,,3.0,,,,4.0,6.0,8.0,,,11.0,35.0,,,4.0,,25025.0,71.0,526.0
250250106001,93,1633,598,7,632,1882,17,400,7568,438,13268,2039,,,457.0,,22.0,35.0,1859.0,160.0,968.0,6105.0,664.0,5743.0,1674.0,1064.0,4.0,572.0,254.0,4213.0,1783.0,3765.0,25025.0,29342.0,-16074.0
250250106002,16,682,324,69,164,1162,3,30,332,79,2861,991,,,,1050.0,,129.0,3931.0,,446.0,73.0,51.0,269.0,,22.0,,539.0,56.0,1001.0,99.0,,25025.0,7666.0,-4805.0
250250107011,34,248,359,14,36,913,166,20,539,39,2368,558,,,,3.0,19.0,13.0,707.0,1.0,18.0,73.0,148.0,415.0,8.0,73.0,5.0,61.0,8.0,871.0,231.0,,25025.0,2654.0,-286.0
250250107012,2,224,71,0,7,92,15,46,90,3,550,387,,,,,,3.0,180.0,,1.0,,11.0,14.0,,3.0,87.0,2.0,3.0,28.0,125.0,,25025.0,457.0,93.0
250250107013,25,311,262,66,100,972,23,17,396,89,2261,649,,,,9.0,,44.0,704.0,39.0,17.0,1.0,57.0,77.0,91.0,21.0,276.0,27.0,174.0,443.0,178.0,,25025.0,2158.0,103.0
250250107021,79,1287,2337,16,3618,2608,93,61,2957,103,13159,459,,,32.0,24.0,61.0,137.0,1303.0,229.0,1047.0,2838.0,268.0,5382.0,201.0,1013.0,484.0,267.0,304.0,1029.0,730.0,223.0,25025.0,15572.0,-2413.0
250250107022,16,151,43,0,2,11,0,5,45,9,282,354,,,,,,2.0,,,,,2.0,,,,62.0,,10.0,1.0,13.0,,25025.0,90.0,192.0
250250107023,39,434,343,12,23,534,50,33,446,18,1932,581,,,,,40.0,31.0,150.0,,20.0,65.0,41.0,141.0,,58.0,,221.0,19.0,297.0,382.0,,25025.0,1465.0,467.0
250250108011,3,797,51,0,9,10,0,7,31,2,910,307,,,,,,,,,,,3.0,8.0,,,320.0,,4.0,36.0,24.0,,25025.0,395.0,515.0
250250108012,9,307,164,0,7,6,0,9,42,2,546,611,,,,,,,,,,,,5.0,,,36.0,39.0,9.0,,25.0,,25025.0,114.0,432.0
250250108013,0,355,226,0,16,22,38,6,79,0,742,816,,,,,,3.0,,11.0,,11.0,,28.0,,9.0,64.0,54.0,,13.0,10.0,,25025.0,203.0,539.0
250250108021,5,373,99,0,8,17,1,6,45,2,556,636,,,,,,,,,,,9.0,,3.0,,309.0,,,,19.0,,25025.0,340.0,216.0
250250108022,2,248,223,0,4,34,0,6,63,4,584,924,,,,,,2.0,3.0,,,1.0,1.0,18.0,,2.0,,7.0,,4.0,15.0,,25025.0,53.0,531.0
250250108023,9,135,103,0,3,10,0,2,74,3,339,412,,,,,,,,,,3.0,2.0,31.0,,,42.0,,,,19.0,,25025.0,97.0,242.0
250250201011,4,230,176,0,18,448,1,23,57,14,971,436,,,,6.0,,,61.0,,,50.0,35.0,3.0,,5.0,,48.0,37.0,278.0,37.0,1.0,25025.0,561.0,410.0
250250201012,1,387,213,9,114,47,9,59,154,20,1013,632,,,,,57.0,19.0,14.0,,,21.0,26.0,13.0,1.0,2.0,132.0,6.0,30.0,18.0,44.0,,25025.0,383.0,630.0
250250201013,24,223,167,0,7,12,0,11,148,103,695,752,,,,,,16.0,24.0,,3.0,4.0,2.0,19.0,,9.0,,1.0,6.0,89.0,219.0,,25025.0,392.0,303.0
250250201014,44,361,193,0,8,107,10,24,74,4,825,784,,,,7.0,,4.0,49.0,2.0,,,,10.0,,1.0,1.0,1.0,,58.0,29.0,,25025.0,162.0,663.0
250250202001,6,458,242,30,8,56,0,7,47,2,856,861,,,,,,3.0,2.0,,,4.0,9.0,33.0,,5.0,,46.0,,91.0,21.0,,25025.0,214.0,642.0
250250202002,4,467,206,0,15,27,0,10,85,8,822,830,,,,,,7.0,2.0,,2.0,3.0,3.0,2.0,,3.0,,,7.0,68.0,19.0,,25025.0,116.0,706.0
250250202003,16,345,146,0,22,160,3,5,82,29,808,705,,,,,,2.0,45.0,,,1.0,10.0,25.0,,31.0,,1.0,,67.0,26.0,,25025.0,208.0,600.0
250250203011,413,4612,588,2,254,1657,38,89,1184,229,9066,323,,,,,,5.0,509.0,,3.0,8.0,11.0,182.0,,71.0,,25235.0,701.0,1139.0,92.0,45.0,25025.0,28001.0,-18935.0
250250203012,83,388,78,0,13,1,0,0,26,2,591,1106,,,,219.0,,2.0,21.0,,,,,2.0,,,,67.0,,,6.0,,25025.0,317.0,274.0
250250203021,16,418,122,962,50,92,1,25,111,9,1806,794,,,,,,,7.0,,18.0,39.0,1.0,95.0,,5.0,,,59.0,107.0,118.0,1628.0,25025.0,2077.0,-271.0
250250203031,0,431,1018,0,1,0,9,4,100,2,1565,597,,,,,7.0,22.0,16.0,,,13.0,69.0,23.0,,32.0,,395.0,,34.0,72.0,194.0,25025.0,877.0,688.0
250250203032,302,2429,705,3505,601,2304,514,1156,4062,183,15761,2115,,,,93.0,157.0,10.0,65.0,,137.0,202.0,69.0,1872.0,686.0,433.0,434.0,3607.0,1131.0,1509.0,282.0,3422.0,25025.0,14109.0,1652.0
250250203033,3,146,116,0,4,14,0,14,282,0,579,942,,,,,,,,,,,17.0,18.0,20.0,1.0,2.0,32.0,,33.0,6.0,,25025.0,129.0,450.0
250250301001,8,385,74,0,9,11,0,35,77,10,609,774,,,,,,4.0,3.0,,,,,6.0,,,,23.0,,2.0,65.0,,25025.0,103.0,506.0
250250301002,1,401,80,1,11,47,0,38,32,5,616,593,,,,3.0,,,,,,,,4.0,,,,,,70.0,1.0,,25025.0,78.0,538.0
250250302001,48,623,184,1,53,187,12,51,538,92,1789,1188,,,,,15.0,18.0,27.0,,70.0,1.0,81.0,470.0,,141.0,,8.0,6.0,133.0,20.0,,25025.0,990.0,799.0
250250303001,58,566,464,76,52,830,42,65,2324,263,4740,1263,,,,12.0,,22.0,78.0,403.0,9.0,1130.0,96.0,1020.0,80.0,71.0,,56.0,435.0,1470.0,69.0,354.0,25025.0,5305.0,-565.0
250250303002,98,800,4230,23,304,1664,224,211,7857,247,15658,874,,,32.0,200.0,140.0,156.0,693.0,88.0,872.0,1957.0,1288.0,7061.0,1191.0,3620.0,65.0,306.0,40.0,1591.0,411.0,61.0,25025.0,19772.0,-4114.0
250250303003,735,5196,6058,10153,1331,2184,175,453,10263,528,37076,1053,,,,552.0,27.0,354.0,235.0,18.0,1260.0,5998.0,714.0,5786.0,321.0,2055.0,1612.0,1306.0,202.0,1872.0,1274.0,11441.0,25025.0,35027.0,2049.0
250250303004,33,801,1344,266,232,1039,9,20,1154,235,5133,454,,,,,,113.0,122.0,28.0,340.0,3917.0,462.0,1398.0,55.0,1121.0,139.0,92.0,69.0,483.0,351.0,1077.0,25025.0,9767.0,-4634.0
250250304001,42,755,148,0,23,171,1,55,161,72,1428,973,,,,135.0,,9.0,39.0,,1.0,,,30.0,,9.0,5.0,30.0,,222.0,6.0,,25025.0,486.0,942.0
250250304002,6,253,150,4,14,500,60,13,67,35,1102,664,,,,,123.0,,152.0,,5.0,30.0,,6.0,,,70.0,16.0,79.0,875.0,36.0,,25025.0,1392.0,-290.0
250250305001,15,169,112,187,10,134,1,30,254,17,929,464,,,2.0,,,,,,,,3.0,107.0,,8.0,1.0,3.0,,107.0,89.0,,25025.0,320.0,609.0
250250305002,8,307,283,1,25,69,0,26,100,19,838,654,,,,1.0,,3.0,16.0,,1.0,,8.0,42.0,,,,5.0,,189.0,12.0,,25025.0,277.0,561.0
250250305003,2,347,125,1,7,42,0,15,28,10,577,513,,,,1.0,,,11.0,1.0,8.0,13.0,,10.0,,,,6.0,9.0,10.0,6.0,,25025.0,75.0,502.0
250250401001,14,219,490,2,14,60,1,25,819,25,1669,594,,,,,,,,,,94.0,,110.0,2.0,1.0,,3.0,26.0,35.0,10.0,,25025.0,281.0,1388.0
250250401002,10,454,136,2054,341,234,3,46,315,102,3695,753,,,,,,18.0,2.0,,1.0,84.0,8.0,1362.0,31.0,90.0,4.0,17.0,,195.0,39.0,15.0,25025.0,1866.0,1829.0
250250402001,5,149,20,0,19,23,0,28,67,14,325,332,,,,,,,,,,,,,,,,53.0,,,2.0,,25025.0,55.0,270.0
250250402002,7,277,42,8,24,23,0,23,187,18,609,438,,,,,,4.0,17.0,,,,3.0,5.0,,6.0,,28.0,,38.0,8.0,,25025.0,109.0,500.0
250250403001,0,376,9,0,6,3,0,8,36,3,441,345,,,,,,,,,,,,,,,,6.0,,,1.0,,25025.0,7.0,434.0
250250403002,14,259,163,1,41,45,0,19,158,26,726,668,,,,,,7.0,10.0,,,1.0,,388.0,,,51.0,85.0,,,7.0,,25025.0,549.0,177.0
250250403003,0,133,16,0,7,12,0,16,59,13,256,365,,,,5.0,,1.0,,,,,2.0,2.0,,,,2.0,1.0,13.0,15.0,9.0,25025.0,50.0,206.0
250250403004,4,73,16,1,2,6,0,13,29,5,149,314,,,,46.0,,,,,37.0,,,3.0,5.0,,,,,5.0,12.0,,25025.0,108.0,41.0
250250403005,2,191,26,0,21,2,1,13,99,16,371,345,,,,,,,,,,1.0,,2.0,5.0,,10.0,,,,5.0,,25025.0,23.0,348.0
250250404011,5,247,88,4,13,41,7,74,135,30,644,882,,,,,,,1.0,,,,6.0,12.0,,2.0,4.0,63.0,,107.0,17.0,,25025.0,212.0,432.0
250250404012,8,1168,162,2,55,325,0,61,240,56,2077,997,,,,,,,185.0,,8.0,26.0,10.0,42.0,,14.0,,28.0,,163.0,75.0,,25025.0,551.0,1526.0
250250406001,165,1997,838,492,311,789,216,178,1455,962,7403,2480,,,,136.0,212.0,266.0,161.0,132.0,51.0,605.0,157.0,1289.0,11.0,683.0,1810.0,489.0,35.0,40.0,127.0,67.0,25025.0,6271.0,1132.0
250250406002,9,175,109,1,13,13,1,41,105,22,489,910,,,,,,2.0,3.0,,2.0,13.0,2.0,3.0,,1.0,,5.0,38.0,,12.0,,25025.0,81.0,408.0
250250408011,2,470,64,9,10,13,10,13,42,12,645,2074,,,,,,,,,,,,,,,,22.0,,,,,25025.0,22.0,623.0
250250408012,45,151,34,7,23,66,14,59,159,185,743,286,,,,20.0,105.0,14.0,27.0,363.0,,,,,,77.0,7.0,1.0,1.0,,54.0,,25025.0,669.0,74.0
250250408013,254,1131,293,689,112,1243,3,30,1350,47,5152,1711,,,,77.0,,124.0,160.0,,15.0,20.0,10.0,158.0,,139.0,35.0,5520.0,24.0,63.0,135.0,1044.0,25025.0,7524.0,-2372.0
250250501011,14,263,10,0,6,19,0,33,30,9,384,597,,,,2.0,,,5.0,1.0,,,,,,4.0,,29.0,,13.0,1.0,,25025.0,55.0,329.0
250250501012,11,101,76,0,6,19,9,10,39,166,437,645,,,,20.0,14.0,5.0,5.0,55.0,,,,1.0,,,,78.0,1.0,24.0,7.0,,25025.0,210.0,227.0
250250501013,2,116,7,0,6,11,0,11,39,7,199,656,,,,,,1.0,8.0,1.0,,,2.0,1.0,,,,26.0,,,,,25025.0,39.0,160.0
250250502001,4,274,11,1,9,32,0,31,37,22,421,824,,,,,,,2.0,,,,,4.0,,7.0,,63.0,,26.0,6.0,,25025.0,108.0,313.0
250250502002,6,156,55,3,9,79,1,31,82,23,445,517,,,,9.0,,6.0,37.0,1.0,2.0,34.0,,17.0,,78.0,,84.0,2.0,73.0,1.0,,25025.0,344.0,101.0
250250502003,1,51,2,0,2,5,0,1,11,9,82,273,,,,,,,,,,,,,,,,2.0,,21.0,,,25025.0,23.0,59.0
250250502004,11,87,7,0,1,13,4,7,15,2,147,342,,,,,10.0,,5.0,,9.0,,,,,,,2.0,,11.0,4.0,,25025.0,41.0,106.0
250250503001,11,495,20,2,45,292,10,171,164,25,1235,1135,,,,5.0,,,315.0,2.0,7.0,,,21.0,,14.0,,90.0,,93.0,10.0,,25025.0,557.0,678.0
250250503002,9,212,92,0,17,47,2,37,83,9,508,959,,,,,,,2.0,11.0,,3.0,9.0,,,,,44.0,,,,,25025.0,69.0,439.0
250250504001,37,209,3,1,6,77,2,32,140,56,563,314,,,,,7.0,,32.0,21.0,,3.0,,13.0,,,,18.0,,79.0,10.0,,25025.0,183.0,380.0
250250504002,8,181,35,1,8,41,18,35,58,47,432,1034,,,,11.0,10.0,6.0,8.0,,,,44.0,8.0,,2.0,2.0,12.0,,6.0,20.0,,25025.0,129.0,303.0
250250505001,42,334,22,6,10,60,0,20,58,14,566,888,,,,99.0,,,,32.0,,,,,,,,3.0,,111.0,20.0,,25025.0,265.0,301.0
250250506001,9,423,12,13,5,128,2,45,76,18,731,489,,,,,,,89.0,,,12.0,,6.0,,10.0,1.0,1279.0,,79.0,47.0,161.0,25025.0,1684.0,-953.0
250250506002,12,171,190,131,14,89,6,20,97,13,743,525,,,,8.0,,,20.0,,,27.0,7.0,18.0,,2.0,,98.0,,13.0,9.0,31.0,25025.0,233.0,510.0
250250507001,5,284,17,2,16,40,5,30,678,7,1084,659,,,,25.0,,3.0,43.0,2.0,,15.0,5.0,5.0,,,3.0,59.0,,6.0,19.0,,25025.0,185.0,899.0
250250507002,12,201,5,0,2,39,1,24,32,6,322,471,,,,21.0,5.0,,2.0,,,,,,,3.0,,7.0,,21.0,,,25025.0,59.0,263.0
250250507003,2,202,19,1,11,12,1,31,53,11,343,652,,,,,,,2.0,,,,,,,13.0,,7.0,,5.0,110.0,,25025.0,137.0,206.0
250250509011,56,470,60,0,43,205,24,55,307,170,1390,605,,,,13.0,,17.0,20.0,19.0,,3.0,,4.0,4.0,289.0,,7.0,,628.0,37.0,,25025.0,1041.0,349.0
250250509012,1,136,6,0,7,13,1,17,35,7,223,703,,,,3.0,,,3.0,1.0,,,,,,,,4.0,,,,,25025.0,11.0,212.0
250250509013,34,130,34,1,3,80,9,52,82,168,593,302,,,,,68.0,29.0,2.0,62.0,,,,,,6.0,,36.0,,,12.0,,25025.0,215.0,378.0
250250510001,28,283,38,4,13,39,6,40,135,21,607,831,,,,,,,10.0,8.0,,33.0,5.0,,,27.0,153.0,9.0,7.0,13.0,,,25025.0,265.0,342.0
250250510002,78,285,122,29,44,303,194,46,329,1042,2472,570,,,,,233.0,4.0,7.0,1165.0,1.0,2.0,596.0,4.0,4.0,23.0,,5.0,41.0,232.0,91.0,,25025.0,2408.0,64.0
250250510003,25,183,3,2,11,24,1,21,69,15,354,524,,,,15.0,,3.0,26.0,29.0,,,,,,3.0,,7.0,,,10.0,,25025.0,93.0,261.0
250250511011,7,236,33,0,10,131,1,38,566,8,1030,654,,,,,,,27.0,225.0,,27.0,7.0,8.0,,11.0,,5.0,,122.0,24.0,,25025.0,456.0,574.0
250250511012,10,80,13,11,4,24,0,5,58,10,215,816,,,,2.0,,,3.0,8.0,1.0,,,,,,,45.0,,,5.0,,25025.0,64.0,151.0
250250511013,3,205,21,0,23,60,79,23,116,33,563,784,,,,,103.0,4.0,34.0,14.0,,,1.0,3.0,,1.0,,6.0,1.0,5.0,5.0,,25025.0,177.0,386.0
250250511014,66,168,2,1,20,25,3,34,218,8,545,460,,,,108.0,,,,,2.0,,,8.0,,117.0,3.0,30.0,,21.0,1.0,,25025.0,290.0,255.0
250250512001,22,173,17,5,13,37,0,10,153,6,436,358,,,,,,3.0,,15.0,,,,41.0,,,,2.0,,,6.0,,25025.0,67.0,369.0
250250512002,14,127,15,0,5,14,6,16,46,5,248,725,,,,12.0,,,,46.0,,,,2.0,,,,22.0,2.0,4.0,,,25025.0,88.0,160.0
250250512003,8,144,4,0,12,15,99,21,49,49,401,448,,,,34.0,107.0,,3.0,33.0,,,1.0,8.0,,,,3.0,23.0,,19.0,,25025.0,231.0,170.0
250250601011,12,113,10,0,6,8,0,15,35,5,204,547,,,,10.0,,7.0,,3.0,,,1.0,,,,,49.0,,2.0,,1.0,25025.0,73.0,131.0
250250601012,8,49,6,1,5,17,0,13,18,3,120,364,,,,5.0,,,5.0,,,,,2.0,,,,3.0,,,,,25025.0,15.0,105.0
250250601013,0,59,9,0,3,6,2,8,34,3,124,499,,,,1.0,,,,,,,2.0,6.0,,,,,,,3.0,,25025.0,12.0,112.0
250250601014,2,243,19,22,9,32,0,13,55,6,401,419,,,,,,2.0,,,82.0,,,,,3.0,,74.0,19.0,55.0,,,25025.0,235.0,166.0
250250602001,0,62,23,0,3,5,0,30,27,4,154,406,,,,,,,1.0,,,5.0,,,,,,1.0,,,12.0,,25025.0,19.0,135.0
250250602002,4,134,39,0,13,11,1,18,61,10,291,555,,,,,,1.0,,,,,,1.0,,1.0,,4.0,,2.0,,,25025.0,9.0,282.0
250250603011,12,74,9,0,7,6,1,62,27,6,204,757,,,,5.0,,,,,,,5.0,4.0,,,,39.0,,,14.0,,25025.0,67.0,137.0
250250603012,13,82,6,0,5,14,0,8,42,8,178,346,,,,2.0,,,6.0,,,,1.0,,,1.0,1.0,3.0,,16.0,,,25025.0,30.0,148.0
250250603013,26,223,83,0,13,115,10,18,105,13,606,625,,,,2.0,,,207.0,,,14.0,2.0,4.0,,7.0,5.0,181.0,,99.0,28.0,,25025.0,549.0,57.0
250250604001,3,78,16,33,7,21,12,16,41,29,256,527,,,,13.0,,,9.0,,,5.0,1.0,4.0,,,,,3.0,15.0,10.0,26.0,25025.0,86.0,170.0
250250604002,2,70,38,0,3,8,1,10,37,4,173,517,,,,,,8.0,,,2.0,,,1.0,,,1.0,7.0,,,3.0,,25025.0,22.0,151.0
250250604003,13,99,31,0,10,20,0,8,40,23,244,468,,,,,,7.0,,,,,2.0,2.0,,,,14.0,1.0,13.0,12.0,,25025.0,51.0,193.0
250250604004,6,201,60,0,12,6,3,21,34,6,349,658,,,,,,,,,,,12.0,26.0,,,,63.0,,75.0,10.0,,25025.0,186.0,163.0
250250604005,1,718,84,2,6,42,0,14,34,4,905,321,,,,,,,4.0,,,,,3.0,,,,352.0,32.0,80.0,1.0,,25025.0,472.0,433.0
250250605011,1,58,63,0,4,42,1,11,64,4,248,446,,,,,,18.0,44.0,2.0,3.0,14.0,,27.0,,,,1.0,,27.0,16.0,,25025.0,152.0,96.0
250250605012,4,120,31,1,13,82,19,30,56,4,360,539,,,,5.0,,,7.0,,,5.0,,15.0,,,17.0,6.0,,101.0,12.0,,25025.0,168.0,192.0
250250605013,64,142,67,10,14,36,20,36,180,81,650,858,,,,15.0,3.0,14.0,,5.0,,1.0,6.0,44.0,,13.0,,18.0,,,18.0,,25025.0,137.0,513.0
250250605014,24,141,25,0,11,14,0,9,135,21,380,429,,,,3.0,,7.0,,2.0,,,1.0,5.0,,,,90.0,,,3.0,,25025.0,111.0,269.0
250250605015,23,136,79,0,20,41,0,18,71,8,396,621,,,,,,,4.0,,,69.0,3.0,9.0,,1.0,,23.0,,50.0,,,25025.0,159.0,237.0
250250606001,2035,8111,4245,1076,1428,5798,577,1560,15984,1891,42705,5917,,,,823.0,515.0,1203.0,229.0,421.0,2271.0,3904.0,1313.0,10541.0,468.0,1652.0,322.0,1417.0,250.0,4427.0,324.0,96.0,25025.0,30176.0,12529.0
250250607001,3,301,12,51,20,13,0,132,66,8,606,354,,,,7.0,,,,,,,,,,,,74.0,,,,,25025.0,81.0,525.0
250250607002,3,213,64,8,4,5,0,23,23,4,347,410,,,,,,,,,,,,,,,2.0,35.0,,,2.0,,25025.0,39.0,308.0
250250608001,3,147,111,0,10,68,24,25,86,5,479,364,,,,,,5.0,59.0,,,73.0,,22.0,,,,16.0,,301.0,70.0,,25025.0,546.0,-67.0
250250608002,9,283,11,0,6,8,0,18,51,21,407,487,,,,,,2.0,,,,,,,,27.0,,4.0,,,10.0,,25025.0,43.0,364.0
250250608003,4,273,42,0,49,57,2,6,88,9,530,581,,,,1.0,5.0,1.0,34.0,,7.0,,,2.0,,6.0,15.0,159.0,4.0,17.0,18.0,,25025.0,269.0,261.0
250250608004,36,488,75,17,29,86,157,55,161,162,1266,1115,,,,14.0,6.0,1.0,5.0,23.0,,,,62.0,,15.0,,3.0,41.0,120.0,12.0,,25025.0,302.0,964.0
250250610001,12,143,26,0,7,7,0,11,42,24,272,561,,,,,,,3.0,,,,,,,,,11.0,,,5.0,,25025.0,19.0,253.0
250250610002,3,200,16,36,19,26,2,18,35,10,365,767,,,,,,,16.0,,,,,,,,,19.0,,,2.0,,25025.0,37.0,328.0
250250610003,0,200,9,0,6,8,0,16,38,10,287,550,,,,,,,,,,,,,,,,62.0,,,,,25025.0,62.0,225.0
250250611011,1,71,18,0,9,239,0,6,24,47,415,335,,,,,,,3.0,,,,,6.0,,1.0,,6.0,,4.0,2.0,,25025.0,22.0,393.0
250250611012,1,163,8,16,7,44,0,11,32,7,289,886,,,,,,,,,,,,,,4.0,,15.0,,,,,25025.0,19.0,270.0
250250612001,727,3326,897,1015,404,1819,373,364,3793,3056,15774,2985,,,,226.0,1819.0,832.0,391.0,63.0,979.0,2957.0,195.0,1677.0,31.0,417.0,168.0,44.0,98.0,663.0,133.0,160.0,25025.0,10853.0,4921.0
250250612002,362,372,178,2,81,249,296,230,319,255,2344,1581,,,,1097.0,67.0,164.0,56.0,383.0,4.0,,129.0,126.0,44.0,74.0,,127.0,50.0,114.0,105.0,,25025.0,2540.0,-196.0
250250612003,4,243,30,0,15,58,9,22,120,99,600,629,,,,2.0,13.0,,9.0,5.0,,12.0,,33.0,,212.0,,9.0,,30.0,11.0,,25025.0,336.0,264.0
250250701011,675,2837,3192,157,904,1414,47,344,6192,3227,18989,2195,5.0,,38.0,213.0,38.0,200.0,144.0,212.0,816.0,8313.0,309.0,6990.0,30.0,1161.0,193.0,665.0,202.0,1256.0,277.0,399.0,25025.0,21461.0,-2472.0
250250701012,320,1239,1515,2189,248,718,220,88,3163,113,9813,1157,,,,33.0,8.0,89.0,1893.0,,220.0,438.0,835.0,2505.0,51.0,1801.0,110.0,204.0,106.0,600.0,353.0,2317.0,25025.0,11563.0,-1750.0
250250701013,105,1518,335,484,312,1139,102,49,1816,143,6003,598,,,,8.0,41.0,123.0,852.0,114.0,328.0,234.0,38.0,1337.0,96.0,645.0,136.0,511.0,88.0,1418.0,1220.0,1346.0,25025.0,8535.0,-2532.0
250250701014,21,693,303,154,3,113,0,97,128,6,1518,868,,,,1.0,,,2.0,,,11.0,22.0,123.0,,1.0,13.0,40.0,50.0,169.0,151.0,,25025.0,583.0,935.0
250250701015,70,405,51,4,128,521,0,85,816,16,2096,392,,,,,,,79.0,,78.0,8.0,14.0,,,,,97.0,242.0,368.0,135.0,,25025.0,1021.0,1075.0
250250701016,14,1460,162,245,2,20,21,202,95,12,2233,950,,,,,,,9.0,,11.0,15.0,,13.0,,,69.0,66.0,,100.0,21.0,,25025.0,304.0,1929.0
250250701017,44,1102,227,0,15,237,68,36,377,46,2152,1295,,,,,70.0,85.0,22.0,2.0,20.0,46.0,16.0,265.0,,52.0,59.0,23.0,1.0,521.0,104.0,,25025.0,1286.0,866.0
250250701018,346,2937,12784,1154,1103,3025,303,845,27965,751,51213,1221,,,15.0,1322.0,163.0,844.0,179.0,415.0,1928.0,19526.0,1701.0,12912.0,1061.0,7489.0,606.0,667.0,409.0,2120.0,1107.0,1403.0,25025.0,53867.0,-2654.0
250250702001,26,7688,278,0,73,331,31,76,288,29,8820,804,,,,11.0,84.0,5.0,119.0,2.0,8.0,70.0,7.0,149.0,3.0,153.0,2478.0,5938.0,1.0,694.0,85.0,381.0,25025.0,10188.0,-1368.0
250250702002,0,304,122,13,12,19,5,30,40,6,551,556,,,,1.0,11.0,13.0,33.0,,,6.0,,,,,,50.0,,14.0,6.0,,25025.0,134.0,417.0
250250702003,10,2053,120,14,29,1851,28,76,187,14,4382,1622,,,,,,,43.0,8.0,,9.0,12.0,12.0,,32.0,1479.0,197.0,640.0,1667.0,191.0,,25025.0,4290.0,92.0
250250703001,195,1082,901,999,888,1055,91,74,2221,6428,13934,1065,,,1.0,11.0,,19.0,189.0,6259.0,312.0,4233.0,283.0,2025.0,19.0,906.0,50.0,54.0,93.0,2492.0,336.0,1380.0,25025.0,18662.0,-4728.0
250250703002,28,479,75,10,22,310,0,25,363,42,1354,631,,,,43.0,,4.0,,,1.0,1.0,8.0,143.0,,1.0,31.0,1.0,,68.0,5.0,,25025.0,306.0,1048.0
250250703003,11,363,268,0,16,33,1,105,51,17,865,682,,,,1.0,,1.0,9.0,,8.0,2.0,27.0,10.0,,14.0,,42.0,6.0,21.0,153.0,,25025.0,294.0,571.0
250250703004,11,577,120,0,18,291,1,92,190,6,1306,788,,,,,,2.0,22.0,,,16.0,18.0,34.0,74.0,24.0,211.0,64.0,381.0,420.0,16.0,,25025.0,1282.0,24.0
250250704021,122,1011,255,157,104,298,123,184,645,157,3056,2571,,,,2.0,68.0,1.0,323.0,,2.0,163.0,,265.0,,61.0,,121.0,26.0,210.0,99.0,219.0,25025.0,1560.0,1496.0
250250705001,17,257,208,0,12,96,1,51,117,13,772,1016,,,,1.0,,1.0,65.0,2.0,,24.0,5.0,12.0,,6.0,,52.0,1.0,173.0,97.0,,25025.0,439.0,333.0
250250705002,0,203,106,6,11,81,0,44,37,15,503,546,,,,3.0,,,,,,,22.0,2.0,,,,63.0,,56.0,7.0,,25025.0,153.0,350.0
250250705003,18,337,195,6,9,234,6,21,390,9,1225,841,,,,,,,66.0,,28.0,16.0,30.0,191.0,3.0,5.0,,40.0,,336.0,26.0,,25025.0,741.0,484.0
250250705004,1,576,114,11,71,48,24,45,104,20,1014,757,,,,,,,54.0,4.0,,2.0,,28.0,,,1.0,175.0,,34.0,8.0,,25025.0,306.0,708.0
250250706001,1,375,111,0,15,69,0,8,126,4,709,651,,,,1.0,,,33.0,,,26.0,14.0,26.0,,,10.0,66.0,4.0,106.0,16.0,,25025.0,302.0,407.0
250250706002,11,126,220,1,24,115,1,5,114,18,635,645,,,,11.0,1.0,,24.0,,,19.0,16.0,7.0,,,2.0,13.0,3.0,110.0,40.0,9.0,25025.0,255.0,380.0
250250707001,35,396,145,1,67,250,3,35,2361,96,3389,864,,,,6.0,,34.0,127.0,,585.0,10.0,36.0,857.0,608.0,10.0,1.0,270.0,167.0,579.0,343.0,,25025.0,3633.0,-244.0
250250707002,9,291,148,0,17,54,4,26,93,25,667,698,,,,,,2.0,12.0,,,4.0,8.0,2.0,,175.0,,17.0,3.0,44.0,36.0,,25025.0,303.0,364.0
250250708001,3,462,66,4,18,37,1,21,90,8,710,1053,,,,1.0,,,,,,197.0,39.0,26.0,,19.0,19.0,18.0,1.0,22.0,9.0,,25025.0,351.0,359.0
250250708002,1,119,75,1,10,234,1,13,56,1,511,751,,,,,,1.0,22.0,,3.0,1.0,5.0,2.0,1.0,4.0,,1.0,,91.0,21.0,,25025.0,152.0,359.0
250250708003,1,222,80,1,28,87,5,13,113,4,554,558,,,,3.0,,12.0,13.0,1.0,6.0,,64.0,40.0,,2.0,5.0,32.0,12.0,140.0,8.0,,25025.0,338.0,216.0
250250709001,7,568,206,2,43,65,0,55,150,22,1118,1213,,,,40.0,,4.0,17.0,1.0,1.0,5.0,10.0,3.0,,,,101.0,,72.0,39.0,,25025.0,293.0,825.0
250250709002,5,161,48,10,3,47,0,12,59,7,352,554,,,,17.0,,,34.0,,,,,,,3.0,,33.0,,4.0,13.0,,25025.0,104.0,248.0
250250711011,20,1818,110,48,47,73,1,28,127,26,2298,1258,,,,2.0,,,,,8.0,1.0,4.0,8.0,,10.0,,387.0,,43.0,8.0,17.0,25025.0,488.0,1810.0
250250711012,127,10566,283,211,47,265,9,58,455,68,12089,767,,,,2.0,,5.0,6.0,,3.0,9.0,,43.0,,18.0,3.0,6632.0,,143.0,23.0,119.0,25025.0,7006.0,5083.0
250250711013,31,293,34,17,3,31,0,20,76,11,516,785,,,,,,,111.0,,,,,,,,,18.0,,8.0,,,25025.0,137.0,379.0
250250712011,421,586,186,138,189,281,57,338,691,262,3149,1154,11.0,,,657.0,30.0,133.0,153.0,1141.0,79.0,34.0,88.0,660.0,53.0,219.0,15.0,768.0,100.0,236.0,55.0,200.0,25025.0,4632.0,-1483.0
250250712012,89,438,86,121,74,85,181,46,281,39,1440,1053,,,,102.0,205.0,25.0,66.0,,1.0,6.0,,277.0,,38.0,,256.0,,36.0,30.0,,25025.0,1042.0,398.0
250250801001,835,1043,316,3197,114,970,339,210,724,964,8712,556,,,,1167.0,288.0,756.0,289.0,66.0,20.0,8.0,248.0,1241.0,103.0,97.0,30.0,406.0,246.0,440.0,222.0,3261.0,25025.0,8888.0,-176.0
250250801002,0,147,10,33,4,23,2,8,35,4,266,351,,,,,,,1.0,,,4.0,,,,,6.0,7.0,,3.0,3.0,,25025.0,24.0,242.0
250250803001,28,651,155,16,32,63,1,63,110,38,1157,1013,,,,9.0,2.0,24.0,1.0,,,,29.0,17.0,,43.0,36.0,200.0,,6.0,,,25025.0,367.0,790.0
250250804011,97,910,171,43,48,105,5,129,311,866,2685,1183,24.0,,560.0,1.0,,,27.0,42.0,22.0,12.0,40.0,77.0,293.0,,5.0,144.0,1.0,21.0,68.0,,25025.0,1337.0,1348.0
250250804012,35,332,94,20,26,144,2,91,247,100,1091,1262,,,,,,,154.0,,,,28.0,12.0,,,65.0,50.0,,4.0,7.0,120.0,25025.0,440.0,651.0
250250805001,23,177,47,5,44,28,2,18,170,19,533,659,,,,,,,,,,,,,,,,8.0,,6.0,,,25025.0,14.0,519.0
250250805002,4,260,59,9,18,29,0,40,60,8,487,914,,,,,,,13.0,1.0,,,19.0,,,,,70.0,,38.0,5.0,,25025.0,146.0,341.0
250250806011,82,795,160,2509,42,226,12,88,474,44,4432,1208,,,,,,,12.0,,,4.0,68.0,12.0,,29.0,6108.0,54.0,,68.0,73.0,,25025.0,6428.0,-1996.0
250250806012,5,655,15,8,5,32,0,19,70,209,1018,629,,,,,,,11.0,,4.0,,,,,,,320.0,,,,,25025.0,335.0,683.0
250250806013,53,969,172,35,17,67,0,53,138,14,1518,697,,,,46.0,,,12.0,,,28.0,,6.0,28.0,9.0,10430.0,305.0,,50.0,243.0,78.0,25025.0,11235.0,-9717.0
250250808011,16,728,44,9,30,49,0,25,109,10,1020,540,,,,,,,2.0,,1.0,1.0,18.0,1.0,,,753.0,51.0,,75.0,4.0,,25025.0,906.0,114.0
250250808012,25,412,87,67,36,37,0,29,116,13,822,1110,,,,,,,11.0,,,,4.0,131.0,,,,74.0,,43.0,3.0,,25025.0,266.0,556.0
250250809001,15,441,119,4,7,11,3,5,68,12,685,950,,,,,,,,,,,27.0,5.0,,4.0,,57.0,,10.0,4.0,,25025.0,107.0,578.0
250250809002,12,173,44,0,15,25,0,16,65,7,357,787,,,,,12.0,,2.0,,,,5.0,,,,,74.0,,3.0,1.0,,25025.0,97.0,260.0
250250809003,6,188,98,2,7,234,6,32,45,6,624,683,,,,,,,261.0,,,11.0,9.0,2.0,1.0,2.0,,107.0,,136.0,14.0,,25025.0,543.0,81.0
250250810011,655,3881,291,79,422,806,3,64,1546,195,7942,548,,,69.0,,,32.0,123.0,,5.0,19.0,11.0,4183.0,224.0,45.0,4727.0,27985.0,,613.0,1116.0,,25025.0,39152.0,-31210.0
250250810012,95,760,127,15,68,150,5,35,633,58,1946,1414,,,1.0,,,,,,,,8.0,2.0,,14.0,,147.0,,,,11.0,25025.0,183.0,1763.0
250250810013,2,54,18,0,3,6,0,7,40,7,137,313,,,,,,,2.0,,,,2.0,,,,,,,,1.0,,25025.0,5.0,132.0
250250810014,6,219,90,0,7,60,1,38,49,10,480,657,,,,,,,12.0,,,,13.0,,,,,12.0,,88.0,,,25025.0,125.0,355.0
250250811001,2,364,27,1,5,29,1,213,47,59,748,711,,,,,,84.0,,6.0,,,,7.0,,2.0,172.0,1640.0,,13.0,14.0,,25025.0,1938.0,-1190.0
250250811002,2,405,42,0,14,32,0,22,66,16,599,831,,,,,,,,,,,2.0,,,,204.0,32.0,,8.0,,,25025.0,246.0,353.0
250250811003,2,197,15,0,12,36,0,410,65,6,743,756,,,,,,,3.0,,,,2.0,,,,,526.0,,30.0,25.0,,25025.0,586.0,157.0
250250812001,5,384,88,9,14,98,0,13,48,15,674,954,,,,,,,162.0,,,,,,,8.0,,96.0,,,,,25025.0,266.0,408.0
250250812002,3,161,28,1,15,30,1,33,70,12,354,523,,,,,6.0,,226.0,,,10.0,14.0,2.0,,,6.0,53.0,,38.0,70.0,,25025.0,425.0,-71.0
250250813001,15,320,85,11,36,59,1,36,78,50,691,1066,,,,,,,20.0,2.0,,13.0,7.0,9.0,,5.0,21.0,181.0,,36.0,37.0,,25025.0,331.0,360.0
250250813002,24,875,50,59,41,56,0,34,92,7,1238,813,,,,,,,68.0,,58.0,,38.0,,,,13.0,565.0,,,,,25025.0,742.0,496.0
250250813003,46,314,26,26,8,38,0,84,67,17,626,1087,,,,5.0,,5.0,15.0,,,,2.0,,,,,452.0,,,25.0,182.0,25025.0,686.0,-60.0
250250814001,16,302,61,2,21,51,3,23,114,17,610,771,,,,,,,,,,,2.0,3.0,,,,81.0,,,1.0,,25025.0,87.0,523.0
250250814002,10,260,29,1,3,35,2,18,54,15,427,398,,,,15.0,,,,,,,1.0,5.0,,,29.0,53.0,,,4.0,,25025.0,107.0,320.0
250250814003,28,561,34,7,21,684,1,62,115,32,1545,784,,,,28.0,,1.0,30.0,,,,10.0,15.0,,,453.0,136.0,2.0,52.0,31.0,7.0,25025.0,765.0,780.0
250250815001,9,122,21,0,9,16,1,16,52,29,275,377,,,,4.0,,,6.0,,,,,,,3.0,,7.0,,6.0,4.0,,25025.0,30.0,245.0
250250815002,4,151,31,0,114,10,0,13,34,4,361,675,,,,,,,,1.0,,,,,,7.0,,30.0,,,1.0,,25025.0,39.0,322.0
250250817001,3,75,2,0,12,10,0,8,41,8,159,232,,,,,,,,,,,,,,,,8.0,,,,,25025.0,8.0,151.0
250250817002,5,160,95,0,11,162,0,29,37,3,502,471,,,,,,,179.0,,,9.0,27.0,,,,,17.0,,60.0,,,25025.0,292.0,210.0
250250817003,2,150,9,1,11,23,1,25,59,8,289,294,,,,,,,47.0,,,2.0,24.0,22.0,,,,10.0,,,,,25025.0,105.0,184.0
250250817004,13,159,41,1,9,17,0,36,51,40,367,364,,,,,,,,,,,,,,,69.0,33.0,,,16.0,,25025.0,118.0,249.0
250250817005,2,112,22,410,18,12,0,34,64,44,718,519,,,,3.0,,36.0,2.0,5.0,144.0,5.0,,,,,3.0,14.0,,,32.0,61.0,25025.0,305.0,413.0
250250818001,20,106,53,0,7,16,0,13,42,6,263,526,,,,1.0,2.0,,,,7.0,,,,,,,21.0,,,16.0,,25025.0,47.0,216.0
250250818002,1,114,10,0,11,48,0,20,69,21,294,499,,,,,,,4.0,,,,,1.0,,,,13.0,,,2.0,,25025.0,20.0,274.0
250250818003,2,242,35,95,8,26,0,35,41,4,488,404,,,,,,,67.0,,,1.0,,4.0,,,,65.0,,12.0,1.0,,25025.0,150.0,338.0
250250819001,12,192,17,0,17,18,1,21,60,13,351,462,,,,12.0,,,,,,,4.0,,,2.0,76.0,9.0,4.0,,101.0,,25025.0,208.0,143.0
250250819002,1,100,3,0,4,8,0,2,22,1,141,266,,,,,,,,,,,,,,,,7.0,,,,,25025.0,7.0,134.0
250250819003,2,182,9,0,7,19,0,25,40,6,290,273,,,,,,,11.0,,,,,,,,,66.0,1.0,,2.0,,25025.0,80.0,210.0
250250819004,9,97,27,5,5,6,2,13,47,11,222,435,,,,,,,,,,,,2.0,,,,15.0,,,,,25025.0,17.0,205.0
250250820001,6,211,132,0,26,42,6,83,57,6,569,557,,,,30.0,,,1.0,,8.0,6.0,66.0,3.0,,74.0,,137.0,,,,32.0,25025.0,357.0,212.0
250250820002,14,111,32,0,9,9,0,12,27,13,227,306,,,,5.0,,,,,,,,,,,9.0,68.0,,,,,25025.0,82.0,145.0
250250820003,15,317,7,5,3,11,2,29,99,4,492,401,,,,,,,5.0,,,,,,,,,15.0,,,2.0,,25025.0,22.0,470.0
250250821001,2,142,36,0,10,21,1,22,67,21,322,687,,,,,,,6.0,,,,2.0,,,,,13.0,,26.0,6.0,,25025.0,53.0,269.0
250250821002,3,125,63,0,7,5,0,14,29,4,250,715,,,,,,,,,,,,2.0,,3.0,29.0,33.0,,,,,25025.0,67.0,183.0
250250821003,7,82,56,10,8,11,2,17,42,8,243,1004,,,,,,,5.0,,,,,,,,,39.0,,2.0,,,25025.0,46.0,197.0
250250901001,13,224,40,0,16,27,0,27,95,8,450,749,,,,,,,10.0,,,,,,,,,21.0,,,2.0,,25025.0,33.0,417.0
250250901002,4,112,16,0,6,25,15,21,49,11,259,283,,,,,,,,,,,,,,,,11.0,,8.0,,,25025.0,19.0,240.0
250250901003,3,202,31,0,20,26,8,18,55,26,389,312,,,,,,,5.0,,,,,,,,,94.0,,15.0,,,25025.0,114.0,275.0
250250901004,3,55,5,0,5,4,1,15,27,3,118,407,,,,2.0,,,,,,,,,,,,10.0,,,,,25025.0,12.0,106.0
250250901005,4,77,1,0,14,8,0,7,36,5,152,360,,,,,,,,,,,,,,,,11.0,,,,,25025.0,11.0,141.0
250250902001,1,154,14,1,11,22,0,6,27,6,242,316,,,,,,,10.0,,,,,,,,,89.0,,,6.0,,25025.0,105.0,137.0
250250902002,3,186,30,80,4,48,0,10,35,6,402,294,,,,,,,36.0,,,,,,,,,9.0,,57.0,25.0,,25025.0,127.0,275.0
250250902003,1,110,14,0,9,165,1,11,34,8,353,479,,,,,,,232.0,,,1.0,,,11.0,,,21.0,,47.0,7.0,,25025.0,319.0,34.0
250250903001,7,203,13,1,6,14,2,18,167,7,438,622,,,,,,,1.0,,,,,,,,,16.0,,,2.0,,25025.0,19.0,419.0
250250903002,5,248,8,2,8,36,19,26,66,9,427,516,,,,,,,,,,,,,,,,26.0,,,,,25025.0,26.0,401.0
250250903003,4,59,26,8,4,12,3,39,38,20,213,440,,,,,,,1.0,11.0,,,,,,,,18.0,,,21.0,,25025.0,51.0,162.0
250250904001,2,114,9,0,4,8,0,13,37,6,193,313,,,,1.0,,,,,,,,,,,,17.0,,,,,25025.0,18.0,175.0
250250904002,9,135,38,1,12,24,0,31,60,6,316,477,,,,,1.0,29.0,9.0,,,,,,,1.0,,34.0,,34.0,1.0,,25025.0,109.0,207.0
250250904003,1,91,4,1,8,28,1,13,43,7,197,258,,,,,,,2.0,,,,,,,,,12.0,,41.0,2.0,,25025.0,57.0,140.0
250250904004,9,58,13,0,3,7,0,25,28,27,170,281,,,,6.0,,,8.0,,,2.0,,,,,,8.0,,,6.0,,25025.0,30.0,140.0
250250906001,7,185,37,2,9,20,2,57,68,23,410,344,,,,1.0,,,11.0,,,,,,,,,22.0,,5.0,5.0,,25025.0,44.0,366.0
250250906002,49,515,18,1,12,70,142,130,221,20,1178,460,,,,137.0,14.0,,7.0,,,,,27.0,,21.0,10.0,216.0,2.0,71.0,37.0,,25025.0,542.0,636.0
250250907001,48,192,119,0,10,73,46,46,129,34,697,523,,,,109.0,54.0,8.0,52.0,210.0,9.0,,47.0,3.0,,14.0,160.0,20.0,,35.0,139.0,55.0,25025.0,915.0,-218.0
250250907002,2,123,31,2,8,28,1,7,44,74,320,632,,,,1.0,50.0,10.0,25.0,,,4.0,,4.0,,,,14.0,,9.0,1.0,,25025.0,118.0,202.0
250250907003,2,265,50,0,8,26,0,14,55,8,428,516,,,,,,,3.0,2.0,,,,,,,,21.0,,52.0,2.0,,25025.0,80.0,348.0
250250907004,189,520,97,9,116,1106,21,141,611,66,2876,1863,,,501.0,35.0,38.0,13.0,1420.0,7.0,178.0,23.0,,1.0,,45.0,14.0,,,358.0,138.0,,25025.0,2771.0,105.0
250250909011,5,916,197,237,41,104,3,18,126,23,1670,2800,,,,,,,4.0,202.0,,26.0,1.0,,,,,87.0,4.0,36.0,29.0,5.0,25025.0,394.0,1276.0
250250909012,99,766,259,69,130,175,0,34,385,48,1965,1200,,,,,,1.0,17.0,12.0,14.0,1047.0,67.0,148.0,,59.0,5856.0,41.0,11.0,113.0,17.0,,25025.0,7403.0,-5438.0
250250910011,5,246,46,1,10,83,5,74,62,5,537,616,,,,7.0,,,9.0,,,1.0,10.0,3.0,,,,115.0,,36.0,63.0,,25025.0,244.0,293.0
250250910012,23,230,230,1,15,174,71,66,360,121,1291,479,,,,87.0,97.0,5.0,89.0,181.0,,17.0,18.0,,,59.0,55.0,21.0,,179.0,69.0,,25025.0,877.0,414.0
250250910013,9,120,4,0,11,12,1,20,68,9,254,334,,,,,,,,,,,,1.0,,,,,12.0,,,,25025.0,13.0,241.0
250250910014,90,493,75,29,2449,111,14,43,731,90,4125,1025,,,,3.0,,,167.0,,1600.0,,6.0,,,,,,,14.0,,,25025.0,1790.0,2335.0
250250911001,19,167,26,2,6,15,0,24,84,6,349,609,,,,29.0,,,92.0,,1.0,,,6.0,,,,7.0,,,4.0,,25025.0,139.0,210.0
250250911002,13,151,15,0,7,18,2,10,66,8,290,489,,,,,,,4.0,,,1.0,,,,,,9.0,,33.0,,,25025.0,47.0,243.0
250250911003,4,104,23,1,9,35,0,13,57,6,252,337,,,,10.0,,3.0,50.0,7.0,1.0,,,2.0,,3.0,1.0,12.0,,,10.0,,25025.0,99.0,153.0
250250911004,0,86,8,0,4,21,2,19,131,3,274,275,,,,1.0,,,45.0,,,,,2.0,,26.0,,32.0,,18.0,,,25025.0,124.0,150.0
250250911005,6,77,7,0,4,10,1,3,30,2,140,336,,,,,,,4.0,,,,,4.0,,4.0,,13.0,,4.0,2.0,,25025.0,31.0,109.0
250250912001,1,177,9,3,6,27,4,14,52,11,304,442,,,,,,,11.0,,,4.0,2.0,,,,,52.0,,22.0,,,25025.0,91.0,213.0
250250912002,14,256,12,0,6,25,0,24,56,5,398,488,,,,,,,,,,,,33.0,,,,128.0,,10.0,3.0,,25025.0,174.0,224.0
250250912003,9,167,32,0,10,58,2,43,64,49,434,306,,,,,,5.0,17.0,,,13.0,7.0,5.0,,32.0,,30.0,,24.0,2.0,,25025.0,135.0,299.0
250250913001,9,170,66,0,17,65,0,20,106,13,466,466,,,,,9.0,2.0,55.0,,,,12.0,8.0,,1.0,,21.0,,6.0,35.0,,25025.0,149.0,317.0
250250913002,21,163,32,1,67,56,7,69,102,14,532,552,,,,,45.0,,10.0,,,,8.0,,,,,172.0,,1.0,61.0,,25025.0,297.0,235.0
250250914001,19,275,58,9,16,64,1,44,96,23,605,821,,,,,,,26.0,2.0,,1.0,24.0,89.0,,1.0,,558.0,,30.0,45.0,,25025.0,776.0,-171.0
250250914002,5,217,9,0,4,15,0,17,46,8,321,358,,,,,,,35.0,,,,2.0,,,2.0,,1236.0,,61.0,,8.0,25025.0,1344.0,-1023.0
250250915001,18,131,24,92,5,14,0,15,54,6,359,744,,,,7.0,,,2.0,,,,,,,,,23.0,,3.0,,,25025.0,35.0,324.0
250250915002,68,229,12,0,13,49,1,15,66,87,540,527,,,,20.0,,,8.0,1.0,,,,1.0,,,,19.0,,,6.0,,25025.0,55.0,485.0
250250915003,8,110,42,4,8,15,1,19,48,3,258,350,,,,7.0,,,11.0,,,,,1.0,,1.0,,42.0,,,15.0,,25025.0,77.0,181.0
250250916001,4,107,24,0,25,4,2,15,47,8,236,434,,,,,,,,,,,,,,,,19.0,,,,,25025.0,19.0,217.0
250250916002,12,167,4,1,7,18,1,12,34,11,267,406,,,,4.0,,2.0,19.0,,,,2.0,5.0,,,,15.0,,4.0,14.0,,25025.0,65.0,202.0
250250916003,14,520,31,1,19,77,422,20,89,71,1264,314,,,,10.0,,25.0,28.0,3.0,,1.0,7.0,12.0,,21.0,11.0,286.0,,84.0,42.0,,25025.0,530.0,734.0
250250917001,0,70,5,0,8,6,0,5,26,4,124,444,,,,,,,,,,,,,,3.0,,17.0,,,,,25025.0,20.0,104.0
250250917002,2,82,13,0,2,32,0,22,32,5,190,338,,,,,,,33.0,,,,,,,,,15.0,,6.0,4.0,,25025.0,58.0,132.0
250250917003,1,61,4,1,17,7,1,15,21,1,129,237,,,,,,,,,,,,,,,,7.0,,6.0,1.0,,25025.0,14.0,115.0
250250918001,4,101,8,0,10,38,0,23,78,6,268,540,,,,68.0,,,7.0,,,,,,,15.0,136.0,25.0,,15.0,4.0,,25025.0,270.0,-2.0
250250918002,7,219,5,0,3,5,0,12,46,10,307,546,,,,,,,2.0,,26.0,,,,,,,32.0,,,,,25025.0,60.0,247.0
250250918003,96,323,10,1,6,35,0,23,50,7,551,388,,,,67.0,,,31.0,,,,,,,4.0,,128.0,,,1.0,,25025.0,231.0,320.0
250250919001,5,78,10,2,6,8,0,19,30,6,164,395,,,,4.0,,,1.0,,,,3.0,,,,1.0,8.0,,,,,25025.0,17.0,147.0
250250919002,15,92,12,0,24,51,0,26,86,8,314,343,,,,7.0,3.0,,1.0,,,,,,,,5.0,16.0,,,,,25025.0,32.0,282.0
250250919003,4,115,8,0,7,61,0,30,62,26,313,558,,,,6.0,,,,,,,,1.0,,,,12.0,,,8.0,,25025.0,27.0,286.0
250250919004,1,108,3,0,16,8,0,31,26,13,206,232,,,,,,,,,,,,,,8.0,,20.0,,,4.0,,25025.0,32.0,174.0
250250920001,25,186,38,1,57,79,1,14,79,29,509,502,,,,3.0,,,5.0,,5.0,16.0,13.0,8.0,,,4.0,24.0,,50.0,2.0,,25025.0,130.0,379.0
250250920002,7,201,27,0,12,22,0,33,72,15,389,639,,,,2.0,,,3.0,,,2.0,,,,,,31.0,,,44.0,,25025.0,82.0,307.0
250250920003,2,135,6,0,17,48,0,12,36,12,268,287,,,,,,,59.0,,,,,,,,,43.0,,,7.0,,25025.0,109.0,159.0
250250920004,8,77,4,0,12,9,0,12,35,5,162,304,,,,2.0,,,1.0,1.0,,,,,,,,13.0,,,,,25025.0,17.0,145.0
250250921011,2,310,16,0,5,14,0,49,45,9,450,459,,,,2.0,,15.0,16.0,,1.0,1038.0,,592.0,,2.0,,18.0,,,12.0,,25025.0,1696.0,-1246.0
250250921012,171,327,62,39,47,97,22,16,169,80,1030,422,,,,707.0,17.0,3.0,65.0,,,26.0,12.0,1.0,,51.0,101.0,90.0,,30.0,23.0,,25025.0,1126.0,-96.0
250250921013,26,263,32,1,23,238,8,69,128,37,825,453,,,77.0,30.0,,45.0,337.0,,,21.0,1.0,13.0,,141.0,,572.0,5.0,55.0,42.0,,25025.0,1339.0,-514.0
250250921014,97,215,62,477,8,83,19,32,100,256,1349,406,,,,83.0,108.0,,28.0,8.0,20.0,9.0,4.0,2.0,,1.0,,132.0,1.0,35.0,46.0,,25025.0,477.0,872.0
250250921015,15,413,42,0,13,32,0,17,50,9,591,899,,,,15.0,,8.0,11.0,1.0,,5.0,5.0,4.0,,60.0,,179.0,,,11.0,,25025.0,299.0,292.0
250250922001,4,161,35,2,19,674,2,32,107,18,1054,318,,,,,,,221.0,,3.0,,,36.0,,,2.0,14.0,3.0,93.0,9.0,,25025.0,381.0,673.0
250250922002,2,225,14,0,3,22,1,13,43,17,340,276,,,,,,6.0,5.0,,,,,,,,,12.0,,6.0,,,25025.0,29.0,311.0
250250922003,5,126,12,1,11,25,0,28,38,12,258,358,,,,,,,61.0,,,7.0,,1.0,,,,5.0,,9.0,11.0,,25025.0,94.0,164.0
250250922004,1,129,14,112,5,24,1,18,37,6,347,369,,,,3.0,,9.0,3.0,,,2.0,,4.0,,6.0,,26.0,10.0,7.0,3.0,79.0,25025.0,152.0,195.0
250250923001,2,169,26,17,12,52,1,37,50,9,375,278,,,,,,,,,,,,,,9.0,,117.0,,37.0,,,25025.0,163.0,212.0
250250923002,1,65,8,0,3,55,0,12,47,10,201,393,,,,,,,55.0,,4.0,4.0,,14.0,,,16.0,32.0,,19.0,5.0,,25025.0,149.0,52.0
250250923003,3,95,10,0,4,12,0,15,52,9,200,394,,,,,,,,,,,,,,,,13.0,,,,,25025.0,13.0,187.0
250250923004,8,114,6,0,5,4,0,4,39,6,186,205,,,,,,,,,,,,,,,,7.0,,,,,25025.0,7.0,179.0
250250924001,4,93,5,0,11,20,4,12,35,6,190,266,,,,,,,5.0,,,,,,,,,10.0,,,,,25025.0,15.0,175.0
250250924002,4,122,2,0,10,8,0,38,19,14,217,518,,,,,,,,4.0,,,,,,,,47.0,,,16.0,,25025.0,67.0,150.0
250250924003,4,202,22,1,14,22,1,29,57,10,362,740,,,,,,,9.0,,,3.0,,,,,,50.0,,5.0,20.0,,25025.0,87.0,275.0
250250924004,37,111,50,6,8,21,3,16,49,5,306,438,,,,,,,5.0,,,,,,,,61.0,130.0,,,,,25025.0,196.0,110.0
250250924005,0,43,18,0,16,25,0,27,12,14,155,338,,,,,,,3.0,,,9.0,,,,,,11.0,,10.0,1.0,,25025.0,34.0,121.0
250251001001,1,26,0,203,6,3,0,7,22,7,275,224,,,,,,,,,,,,,,,20.0,128.0,,,2.0,179.0,25025.0,329.0,-54.0
250251001002,6,77,2,1,8,18,1,5,34,24,176,252,,,,2.0,,,,,,,,,,16.0,,5.0,,,,,25025.0,23.0,153.0
250251001003,6,217,24,0,11,44,0,74,78,31,485,367,,,,,,,7.0,,,,,,,,,44.0,40.0,4.0,253.0,,25025.0,348.0,137.0
250251001004,1,111,12,0,10,22,0,41,23,6,226,314,,,,14.0,,,15.0,,,,,,,,,77.0,,2.0,,,25025.0,108.0,118.0
250251001005,9,73,18,267,4,20,0,16,26,1,434,222,,,,2.0,,,13.0,,,,,,,,,6.0,1.0,10.0,10.0,,25025.0,42.0,392.0
250251001006,5,207,19,10,7,26,0,16,57,9,356,502,,,,,,,,,,,,,,,,43.0,,,39.0,,25025.0,82.0,274.0
250251001007,3,322,18,7,5,14,0,19,25,10,423,399,,,,,,,2.0,,,,,,,,,23.0,,,,,25025.0,25.0,398.0
250251002001,3,80,5,3,8,12,0,16,40,7,174,368,,,,2.0,,,,,,,,,,,,16.0,,,2.0,,25025.0,20.0,154.0
250251002002,6,169,8,3,6,17,0,29,63,10,311,257,,,,2.0,,,,,4.0,,,,,,,6.0,,,,,25025.0,12.0,299.0
250251002003,5,187,22,1,14,24,1,38,65,7,364,509,,,,1.0,,,11.0,,,,,,,,2.0,16.0,,,4.0,,25025.0,34.0,330.0
250251003001,8,143,14,0,11,13,0,51,41,30,311,503,,,,7.0,,,,,,,,,,,,59.0,,18.0,,,25025.0,84.0,227.0
250251003002,1,52,4,0,0,9,0,10,24,6,106,322,,,,6.0,,,,,,,,,,,,9.0,,,,,25025.0,15.0,91.0
250251003003,2,132,9,1,7,8,0,5,29,4,197,392,,,,,,,,,,,,,,,,26.0,,,6.0,,25025.0,32.0,165.0
250251003004,28,107,16,0,11,32,0,29,49,23,295,314,,,,5.0,,,21.0,,,,,,,,,10.0,,7.0,10.0,,25025.0,53.0,242.0
250251004001,1,225,17,2,15,20,5,15,32,6,338,609,,,,1.0,,,12.0,1.0,3.0,,,3.0,,,5.0,47.0,,28.0,128.0,,25025.0,228.0,110.0
250251004002,5,294,8,0,9,13,1,11,39,5,385,483,,,,10.0,,,4.0,,,,2.0,,,3.0,,264.0,,30.0,,,25025.0,313.0,72.0
250251004003,9,80,23,0,4,16,1,21,58,7,219,300,,,,,,,,,,,,,,,,18.0,,,5.0,,25025.0,23.0,196.0
250251004004,2,81,10,0,7,12,1,17,44,31,205,635,,,,5.0,,,6.0,,,,2.0,,,20.0,,13.0,,,7.0,,25025.0,53.0,152.0
250251005001,19,698,28,2,15,15,5,65,83,5,935,602,,,,21.0,7.0,,12.0,,,,,9.0,,,19.0,33.0,,5.0,4.0,,25025.0,110.0,825.0
250251005002,5,137,38,0,19,97,0,30,51,18,395,408,,,,12.0,,,6.0,,,4.0,,2.0,,7.0,,18.0,,43.0,,,25025.0,92.0,303.0
250251005003,2,226,58,0,7,19,1,38,95,89,535,536,,,,5.0,,,6.0,,,,,,,,,16.0,,,13.0,,25025.0,40.0,495.0
250251005004,4,279,47,14,9,19,0,33,46,24,475,569,,,,,,,4.0,,,,2.0,,,,,19.0,,11.0,9.0,,25025.0,45.0,430.0
250251005005,64,314,33,5,11,27,2,45,345,58,904,585,,,,4.0,9.0,,4.0,6.0,,11.0,1.0,1.0,,37.0,83.0,293.0,,,,,25025.0,449.0,455.0
250251006011,14,173,7,0,7,7,1,16,59,12,296,473,,,,30.0,,,,,,,,,,,115.0,101.0,,,3.0,,25025.0,249.0,47.0
250251006012,8,85,9,1,7,9,1,14,51,10,195,381,,,,7.0,,,5.0,,,,1.0,2.0,,,,11.0,,,,,25025.0,26.0,169.0
250251006013,1,81,4,0,8,8,0,4,46,6,158,529,,,,3.0,,,,,,,,76.0,,2.0,10.0,11.0,,,4.0,,25025.0,106.0,52.0
250251006014,15,342,34,0,12,38,0,35,38,62,576,774,,,,14.0,,,23.0,1.0,,24.0,2.0,1.0,,5.0,,20.0,,35.0,12.0,,25025.0,137.0,439.0
250251006031,51,707,86,0,25,336,16,56,247,25,1549,1023,,,,121.0,33.0,12.0,237.0,1.0,10.0,7.0,53.0,39.0,,53.0,,424.0,68.0,252.0,52.0,,25025.0,1362.0,187.0
250251006032,93,533,38,0,48,56,5,38,218,32,1061,485,,,,507.0,11.0,14.0,38.0,,,1.0,20.0,46.0,,,,411.0,21.0,57.0,3.0,,25025.0,1129.0,-68.0
250251007001,16,73,20,0,8,22,4,12,40,8,203,489,,,,,,2.0,,,,2.0,3.0,3.0,,,,7.0,4.0,12.0,,,25025.0,33.0,170.0
250251007002,42,234,87,2,33,144,0,63,147,53,805,536,,,,13.0,,19.0,154.0,36.0,,28.0,48.0,15.0,,57.0,,78.0,,35.0,43.0,,25025.0,526.0,279.0
250251007003,22,137,37,1,14,126,26,147,56,17,583,293,,,,14.0,,,59.0,2.0,10.0,39.0,,4.0,,12.0,4.0,,,38.0,70.0,,25025.0,252.0,331.0
250251007004,22,188,91,1,19,109,5,44,176,10,665,375,,,,23.0,15.0,,43.0,,,15.0,4.0,14.0,,1.0,2.0,16.0,10.0,117.0,46.0,,25025.0,306.0,359.0
250251007005,2,68,6,0,5,47,7,15,40,4,194,300,,,,3.0,,,18.0,,,18.0,,,,,,5.0,,53.0,,,25025.0,97.0,97.0
250251008001,6,84,5,0,8,18,0,19,36,1,177,276,,,,,,,10.0,,,,,1.0,,,,17.0,,21.0,3.0,,25025.0,52.0,125.0
250251008002,7,127,10,9,9,11,0,10,45,20,248,391,,,,2.0,,1.0,,,,,,1.0,,1.0,,2.0,,,,,25025.0,7.0,241.0
250251008003,2,98,28,0,8,20,2,21,74,8,261,413,,,,1.0,,,18.0,,,5.0,,7.0,,,,4.0,,34.0,26.0,,25025.0,95.0,166.0
250251008004,33,205,25,0,5,20,4,32,76,12,412,669,,,,40.0,,,,,,,,33.0,,,,133.0,,,13.0,,25025.0,219.0,193.0
250251008005,43,1748,78,0,7,31,0,4,82,7,2000,658,,,,6.0,,,,,,34.0,14.0,,,,136.0,1234.0,,112.0,69.0,,25025.0,1605.0,395.0
250251008006,12,192,55,1,13,36,0,22,62,14,407,567,,,4.0,,,,2.0,,29.0,1.0,2.0,2.0,,1.0,5.0,69.0,,2.0,,,25025.0,117.0,290.0
250251009001,4,104,13,1,6,11,1,9,38,5,192,303,,,,,,,1.0,,,,,,,,,2.0,,,,,25025.0,3.0,189.0
250251009002,21,167,49,1,25,39,4,40,41,7,394,306,,,,8.0,27.0,,33.0,,,25.0,,,,,,30.0,,101.0,68.0,,25025.0,292.0,102.0
250251009003,13,141,14,0,11,176,0,21,53,6,435,638,,,,19.0,,,160.0,,9.0,,9.0,5.0,,,10.0,15.0,,17.0,10.0,,25025.0,254.0,181.0
250251009004,2,71,10,1,4,76,0,5,33,7,209,332,,,,,,,58.0,,,,,,,,,49.0,19.0,,2.0,,25025.0,128.0,81.0
250251009005,4,246,9,0,9,8,1,8,56,10,351,345,,,,,,,,,,,,,,,,207.0,,,2.0,,25025.0,209.0,142.0
250251010011,6,125,37,1,10,27,0,34,87,21,348,258,,,,,,,,,2.0,,,,,,,4.0,,,,,25025.0,6.0,342.0
250251010012,10,201,19,0,13,19,1,29,76,17,385,378,,,,4.0,,,,,,,,,,,,1.0,,,,,25025.0,5.0,380.0
250251010013,6,169,23,0,17,27,2,391,48,7,690,303,,,,14.0,,,3.0,,17.0,17.0,2.0,,,1.0,,72.0,,12.0,9.0,,25025.0,147.0,543.0
250251010014,33,262,117,0,58,32,0,17,140,7,666,549,,,,93.0,,,102.0,,36.0,23.0,5.0,49.0,,,6.0,151.0,,20.0,36.0,,25025.0,521.0,145.0
250251010015,1,63,49,0,3,5,0,14,33,21,189,488,,,,,,,,,,,17.0,,,,,15.0,,,,,25025.0,32.0,157.0
250251010016,9,142,16,0,7,9,0,20,57,13,273,601,,,,,,1.0,,,,,,,,,,10.0,,,,,25025.0,11.0,262.0
250251010021,4,104,6,15,11,36,0,11,39,6,232,360,,,,,,,,,,,,,,,,19.0,,,,,25025.0,19.0,213.0
250251010022,15,244,18,5,20,41,2,24,134,9,512,1150,,,,9.0,,,,,,,7.0,,,,,39.0,,1.0,,,25025.0,56.0,456.0
250251010023,9,468,58,0,38,64,19,27,119,59,861,1143,,,,1.0,9.0,,29.0,,,4.0,11.0,4.0,,31.0,,130.0,,34.0,38.0,,25025.0,291.0,570.0
250251011011,1,78,3,0,4,18,0,34,50,6,194,288,,,,1.0,,,,,,,,,,,,15.0,,18.0,,,25025.0,34.0,160.0
250251011012,1,355,3,0,10,21,2,24,23,9,448,361,,,,,,,20.0,,,,,,,,1.0,29.0,,,19.0,,25025.0,69.0,379.0
250251011013,7,117,20,1,8,13,0,27,44,5,242,538,,,,2.0,,,,,,,,,,,,17.0,,10.0,92.0,,25025.0,121.0,121.0
250251011021,0,99,5,0,6,55,10,28,34,5,242,349,,,,,,,60.0,,,,,7.0,,,,3.0,,42.0,,,25025.0,112.0,130.0
250251011022,9,172,14,1,21,31,0,44,70,17,379,590,,,,6.0,,,6.0,,,,,1.0,,,,34.0,,12.0,10.0,,25025.0,69.0,310.0
250251011023,8,281,14,0,11,18,0,29,43,11,415,415,,,,,,27.0,24.0,3.0,,,12.0,,,,,25.0,,24.0,7.0,,25025.0,122.0,293.0
250251011024,3,107,53,1,7,10,0,10,51,20,262,523,,,,,,,,,,,,,,,,12.0,,,4.0,,25025.0,16.0,246.0
250251101031,11,177,13,120,13,73,4,17,65,61,554,499,,,,,,,,,,,,,,3.0,,69.0,,,41.0,,25025.0,113.0,441.0
250251101032,15,49,19,6,4,22,0,35,61,14,225,279,,,,5.0,,15.0,6.0,1.0,,5.0,9.0,2.0,,,14.0,3.0,,4.0,45.0,,25025.0,109.0,116.0
250251101033,71,788,25,55,30,189,7,28,129,36,1358,447,,,,,50.0,,18.0,,,,,3.0,2.0,,,6.0,,182.0,27.0,465.0,25025.0,753.0,605.0
250251101034,1,55,2,0,2,28,1,6,26,1,122,294,,,,,,,11.0,,,,,,,,,762.0,,,11.0,,25025.0,784.0,-662.0
250251101035,3,291,14,4,11,44,1,37,97,10,512,800,,,,,,,12.0,,12.0,6.0,,14.0,,,,,8.0,89.0,6.0,,25025.0,147.0,365.0
250251101036,5,98,2,1,13,8,0,5,45,18,195,270,,,,,,,,,,,,,,,,2.0,,,1.0,,25025.0,3.0,192.0
250251101037,2,49,6,12,9,17,0,13,33,6,147,324,,,,,,,,,,,,,,,,5.0,,21.0,,,25025.0,26.0,121.0
250251102011,8,511,54,2,21,49,3,58,110,60,876,1004,,,,1.0,1.0,2.0,14.0,1.0,,4.0,18.0,,,12.0,,63.0,,2.0,31.0,,25025.0,149.0,727.0
250251103011,21,184,17,0,14,247,0,32,61,9,585,525,,,,,,,218.0,1.0,9.0,,5.0,,,3.0,,18.0,,147.0,46.0,,25025.0,447.0,138.0
250251103012,8,139,18,0,20,38,3,55,129,15,425,549,,,,,,,12.0,,,,7.0,4.0,,,1.0,7.0,,,9.0,,25025.0,40.0,385.0
250251104011,10,120,26,0,5,4,0,15,44,11,235,766,,,,3.0,,,,,,,5.0,1.0,,,,13.0,,,1.0,,25025.0,23.0,212.0
250251104012,6,464,15,1,20,46,8,136,148,89,933,687,,,,,11.0,,1.0,,11.0,1.0,4.0,8.0,,,124.0,17.0,2.0,12.0,8.0,12.0,25025.0,211.0,722.0
250251104031,6,93,17,0,9,10,0,8,31,9,183,415,,,,2.0,,3.0,,,,,,,,,,12.0,,,1.0,,25025.0,18.0,165.0
250251104032,0,237,8,0,7,12,1,14,48,4,331,308,,,,,,2.0,,,,,,1.0,,,9.0,6.0,,,,,25025.0,18.0,313.0
250251104033,2,74,10,0,1,6,1,3,18,5,120,260,,,,24.0,3.0,,,1.0,,,,,,,,4.0,,,,,25025.0,32.0,88.0
250251104034,8,68,8,1,8,14,0,6,48,6,167,371,,,,1.0,,,,,1.0,,,,,,,7.0,,,1.0,,25025.0,10.0,157.0
250251104035,7,41,0,0,3,14,0,3,32,4,104,396,,,,5.0,,,,,,,,,,4.0,,2.0,,,,,25025.0,11.0,93.0
250251105011,11,123,3,0,9,6,0,11,64,7,234,366,,,,2.0,,,,,,,,1.0,,11.0,4.0,72.0,,3.0,15.0,,25025.0,108.0,126.0
250251105012,10,230,26,4,27,31,0,37,119,17,501,631,,,,2.0,,,41.0,,,2.0,,4.0,,2.0,,12.0,,2.0,2.0,,25025.0,67.0,434.0
250251105013,4,130,12,0,9,25,0,17,57,7,261,373,,,,2.0,,,,,,4.0,,1.0,,,4.0,5.0,,,9.0,,25025.0,25.0,236.0
250251105021,22,277,93,0,38,175,3,96,181,28,913,587,,,,10.0,29.0,2.0,157.0,,,62.0,1.0,13.0,2.0,8.0,10.0,28.0,,93.0,39.0,,25025.0,454.0,459.0
250251105022,47,5903,94,0,30,56,1,42,132,13,6318,889,,,,33.0,,1.0,33.0,,,10.0,6.0,62.0,,2.0,1.0,167.0,,34.0,3.0,,25025.0,352.0,5966.0
250251105023,16,118,11,0,21,48,7,41,49,9,320,291,,,,14.0,,,27.0,,1.0,,,,,,,6.0,,35.0,6.0,,25025.0,89.0,231.0
250251106011,17,618,41,4,30,51,4,28,200,34,1027,1032,,,,6.0,3.0,2.0,,,,,2.0,2.0,,24.0,,354.0,,,15.0,,25025.0,408.0,619.0
250251106012,18,141,24,0,17,22,0,12,69,14,317,440,,,,1.0,,,,,,,1.0,7.0,,2.0,,,,8.0,8.0,,25025.0,27.0,290.0
250251106071,120,75,11,0,2,2,2,3,45,1,261,503,,,,,,,,,,,1.0,2.0,,8.0,,19.0,,,,,25025.0,30.0,231.0
250251106072,22,236,12,3,17,44,6,25,153,26,544,720,,,,26.0,,1.0,3.0,,3.0,,2.0,7.0,,35.0,,62.0,,,13.0,,25025.0,152.0,392.0
250251106073,40,289,50,2,24,117,0,41,185,19,767,831,,,,,,,18.0,,,15.0,7.0,11.0,,,10.0,59.0,,113.0,1.0,,25025.0,234.0,533.0
250251106074,28,1454,15,3,11,34,1,13,82,18,1659,287,,,,18.0,,,8.0,25.0,,,,,51.0,315.0,,1739.0,1.0,25.0,16.0,,25025.0,2198.0,-539.0
250251201031,7,314,141,1,62,159,3,18,158,118,981,702,,,,2.0,46.0,2.0,64.0,,2.0,13.0,13.0,10.0,9.0,8.0,68.0,171.0,,154.0,45.0,,25025.0,607.0,374.0
250251201041,0,90,1,0,16,8,0,11,55,8,189,251,,,,,,,,,,,,3.0,,,,,,,9.0,,25025.0,12.0,177.0
250251201042,4,68,11,10,5,31,1,22,79,3,234,349,,,,,,,,,,,,2.0,,7.0,,8.0,,,4.0,,25025.0,21.0,213.0
250251201043,4,168,16,0,8,9,10,16,53,8,292,435,,,,,,,,,,,,2.0,,,,167.0,2.0,,2.0,,25025.0,173.0,119.0
250251201051,21,2476,39,1,41,99,31,72,186,25,2991,255,,,,,,,6.0,,,,3.0,2.0,,3.0,149.0,1655.0,,65.0,6.0,,25025.0,1889.0,1102.0
250251201052,5,370,19,1,31,32,2,34,114,17,625,430,,,,6.0,,1.0,1.0,6.0,,1.0,1.0,3.0,,,7.0,137.0,,,7.0,,25025.0,170.0,455.0
250251201053,3,129,21,2,10,57,0,9,82,12,325,312,,,,20.0,,,,,,,,,,,,3.0,,,4.0,,25025.0,27.0,298.0
250251202011,7,113,49,1,7,37,0,43,125,11,393,611,,,,,,,32.0,,,,4.0,6.0,,4.0,,113.0,14.0,7.0,8.0,,25025.0,188.0,205.0
250251202012,25,889,71,1,43,148,15,39,154,51,1436,1268,,,,42.0,,,14.0,14.0,1.0,4.0,30.0,31.0,,,92.0,353.0,3.0,83.0,64.0,4.0,25025.0,735.0,701.0
250251202013,95,138,41,31,21,62,4,65,357,42,856,612,,,,22.0,,,2.0,14.0,,,,37.0,,,10.0,2.0,,30.0,26.0,40.0,25025.0,183.0,673.0
250251203011,3,202,89,14,12,47,0,35,102,25,529,442,,,,,,,9.0,,1.0,,,10.0,,,,77.0,,,8.0,,25025.0,105.0,424.0
250251203012,9,110,18,3,6,14,0,17,50,27,254,418,,,,,,,2.0,,,,,,,,,10.0,,,2.0,,25025.0,14.0,240.0
250251203013,0,345,35,0,11,20,0,33,71,9,524,556,,,,,,,2.0,,1.0,,1.0,39.0,,135.0,19.0,283.0,15.0,,10.0,,25025.0,505.0,19.0
250251203014,173,506,50,162,34,187,116,30,256,131,1645,699,,,,395.0,20.0,2.0,7.0,,15.0,,67.0,31.0,,29.0,102.0,78.0,8.0,88.0,55.0,,25025.0,897.0,748.0
250251204001,2,170,37,0,31,26,13,22,70,5,376,429,,,,6.0,6.0,,12.0,,6.0,,,11.0,,9.0,14.0,37.0,,,7.0,,25025.0,108.0,268.0
250251204002,7,141,42,0,9,11,2,17,59,8,296,381,,,,,,,,,,,2.0,2.0,,1.0,,4.0,,,7.0,,25025.0,16.0,280.0
250251204003,5,225,50,6,55,108,13,72,85,22,641,475,,,,15.0,4.0,,100.0,1.0,1.0,23.0,3.0,9.0,1.0,4.0,2.0,243.0,16.0,143.0,29.0,,25025.0,594.0,47.0
250251204004,7,478,45,0,11,32,12,33,128,37,783,847,,,,,,1.0,1.0,,1.0,,11.0,15.0,,3.0,,454.0,1.0,7.0,17.0,,25025.0,511.0,272.0
250251204005,2,464,34,1,25,60,8,34,94,9,731,714,,,,3.0,,,231.0,,12.0,22.0,,1.0,,83.0,5.0,94.0,2.0,129.0,30.0,,25025.0,612.0,119.0
250251205001,2,213,47,2,9,38,2,31,62,25,431,374,,,,,,,6.0,,,,5.0,2.0,,,,41.0,,29.0,8.0,,25025.0,91.0,340.0
250251205002,1,95,16,0,2,21,0,3,49,6,193,272,,,,,,,1.0,,,1.0,,7.0,,22.0,1.0,2.0,,9.0,8.0,,25025.0,51.0,142.0
250251205003,22,83,11,1,5,34,0,9,27,4,196,307,,,,8.0,,,3.0,,,7.0,2.0,1.0,,,,10.0,,11.0,,,25025.0,42.0,154.0
250251206001,16,87,8,0,12,29,4,40,39,10,245,395,,,,,,,,,,,,2.0,,2.0,1.0,1.0,,41.0,10.0,,25025.0,57.0,188.0
250251206002,4,127,73,0,13,8,1,18,51,9,304,351,,,,1.0,,,,,,,4.0,1.0,,,,16.0,,,15.0,,25025.0,37.0,267.0
250251206003,3,100,39,0,5,30,5,68,41,18,309,347,,,,,,,3.0,,,,4.0,5.0,,5.0,,1.0,,35.0,10.0,,25025.0,63.0,246.0
250251207001,21,366,21,2,18,27,1,362,835,17,1670,433,,,,,,,8.0,986.0,,1.0,1.0,258.0,,,,3227.0,,25.0,325.0,,25025.0,4831.0,-3161.0
250251207002,2,101,57,1,1,13,0,4,63,7,249,596,,,,3.0,,,,3.0,,1.0,,1.0,,,,55.0,,,8.0,,25025.0,71.0,178.0
250251301001,5,193,11,0,17,17,0,11,123,15,392,439,,,,1.0,,,3.0,,,,4.0,,,2.0,,48.0,,,19.0,,25025.0,77.0,315.0
250251301002,13,238,70,1,20,187,0,16,178,13,736,956,,,,4.0,,5.0,70.0,2.0,,26.0,139.0,3.0,,64.0,2.0,235.0,,115.0,19.0,,25025.0,684.0,52.0
250251301003,12,207,56,2,22,56,3,44,176,21,599,292,,,,,6.0,,,,,,,,,5.0,21.0,4.0,,,17.0,,25025.0,53.0,546.0
250251301004,16,137,11,2,29,29,1,20,83,8,336,343,,,,8.0,,,,,,,,,,,1.0,,,,7.0,,25025.0,16.0,320.0
250251301005,7,163,9,1,17,34,1,14,99,17,362,317,,,,2.0,,,,4.0,,,,4.0,,,,1.0,,,1.0,,25025.0,12.0,350.0
250251301006,4,439,16,17,24,52,27,101,82,22,784,193,,,,,,31.0,,,,,,,,36.0,,143.0,,,16.0,,25025.0,226.0,558.0
250251301007,14,147,5,0,8,10,0,9,67,8,268,356,,,,,,,4.0,,,,,9.0,,,,1.0,,,1.0,,25025.0,15.0,253.0
250251302001,11,255,8,1,18,25,2,27,60,6,413,243,,,,10.0,,,,,,1.0,,8.0,,,,12.0,,,,,25025.0,31.0,382.0
250251302002,4,190,3,1,5,57,5,12,56,9,342,356,,,,6.0,12.0,1.0,16.0,,,,,,1.0,,2.0,128.0,,99.0,17.0,,25025.0,282.0,60.0
250251302003,65,779,145,3,41,383,42,41,200,110,1809,651,,,,4.0,19.0,,476.0,,1.0,37.0,4.0,35.0,,,27.0,42.0,,125.0,110.0,,25025.0,880.0,929.0
250251302004,31,170,107,10,22,61,0,9,69,6,485,316,,,,6.0,,8.0,51.0,,,20.0,2.0,1.0,,9.0,10.0,14.0,,2.0,4.0,,25025.0,127.0,358.0
250251302005,5,132,3,1,10,15,3,26,86,9,290,403,,,,3.0,,,,,,,,1.0,,,,4.0,,,30.0,,25025.0,38.0,252.0
250251303001,10,119,14,0,5,12,0,8,85,10,263,345,,,,3.0,,1.0,15.0,,,,,,6.0,12.0,,,,,9.0,,25025.0,46.0,217.0
250251303002,26,187,17,58,24,49,4,16,139,17,537,499,,,,1.0,,2.0,6.0,,16.0,1.0,,16.0,,5.0,,30.0,,69.0,11.0,,25025.0,157.0,380.0
250251303003,10,451,11,1,12,46,0,21,133,25,710,338,,,,6.0,,,37.0,,,12.0,,10.0,,4.0,,60.0,,10.0,214.0,2.0,25025.0,355.0,355.0
250251303004,20,121,19,0,15,16,3,21,88,9,312,417,,,,5.0,,,,,,,,1.0,,,,8.0,,,,,25025.0,14.0,298.0
250251303005,4,152,39,10,10,85,11,80,75,14,480,288,,,,,,2.0,25.0,16.0,,3.0,2.0,1.0,,,,22.0,3.0,14.0,38.0,,25025.0,126.0,354.0
250251304021,20,307,79,1,9,110,11,44,143,76,800,609,,,,11.0,12.0,,172.0,,,23.0,8.0,23.0,,15.0,5.0,24.0,,66.0,33.0,,25025.0,392.0,408.0
250251304022,65,3711,84,1247,33,919,206,68,198,106,6637,1071,,,147.0,5.0,225.0,3.0,667.0,3.0,9.0,1.0,11.0,15.0,,68.0,7.0,187.0,40.0,48.0,74.0,,25025.0,1510.0,5127.0
250251304023,23,159,26,0,21,188,4,61,132,24,638,488,,,,43.0,1.0,,130.0,,,,3.0,11.0,,4.0,,46.0,7.0,115.0,43.0,,25025.0,403.0,235.0
250251304024,11,79,1,0,17,12,1,15,65,11,212,351,,,,,,2.0,,,4.0,,,2.0,,,,3.0,,,,,25025.0,11.0,201.0
250251304025,18,123,2,1,7,11,3,16,59,22,262,353,,,,28.0,,9.0,5.0,,,,,2.0,,,,3.0,3.0,,,,25025.0,50.0,212.0
250251304041,30,709,23,0,19,33,0,36,136,10,996,953,,12.0,,3.0,1.0,,10.0,,,,,,,67.0,72.0,229.0,,4.0,4.0,,25025.0,402.0,594.0
250251304042,9,97,6,0,11,20,1,33,79,13,269,339,,,,7.0,,,4.0,,,,,,,,,,,3.0,11.0,,25025.0,25.0,244.0
250251304043,0,48,9,0,8,14,0,16,38,4,137,147,,,,2.0,,,24.0,,,4.0,,,,,,,,10.0,,,25025.0,40.0,97.0
250251304061,1,76,58,0,12,12,1,5,53,7,225,920,,,,,,,,,,,78.0,,,,,25.0,,,,,25025.0,103.0,122.0
250251304062,16,439,64,1,24,52,8,35,126,29,794,1251,,,,3.0,,,7.0,,,,9.0,,,16.0,,114.0,,,8.0,,25025.0,157.0,637.0
250251304063,28,76,30,2,8,61,1,18,73,56,353,272,,,,46.0,,,19.0,,,,,,,2.0,,29.0,,22.0,30.0,,25025.0,148.0,205.0
250251401021,15,141,13,0,11,32,0,15,55,11,293,392,,,,9.0,,,,,,,,,,6.0,,4.0,,,3.0,,25025.0,22.0,271.0
250251401022,72,286,35,0,33,101,49,67,180,73,896,555,,,,80.0,34.0,30.0,48.0,4.0,,3.0,49.0,28.0,,16.0,100.0,23.0,7.0,21.0,31.0,184.0,25025.0,658.0,238.0
250251401023,22,184,32,49,12,60,262,29,147,184,981,337,,1.0,,5.0,225.0,30.0,2.0,210.0,,,5.0,9.0,,,52.0,133.0,38.0,,1.0,,25025.0,711.0,270.0
250251401024,8,107,2,5,18,34,1,26,78,15,294,478,,,,4.0,,,3.0,16.0,4.0,,,5.0,,2.0,,6.0,,,8.0,,25025.0,48.0,246.0
250251401051,11,199,12,1,25,31,0,38,126,28,471,891,,,,22.0,,,,,,,,,,14.0,,32.0,,,10.0,,25025.0,78.0,393.0
250251401052,15,113,14,4,12,64,20,74,67,30,413,458,,,,20.0,18.0,7.0,137.0,,,,10.0,,,8.0,2.0,82.0,,10.0,53.0,,25025.0,347.0,66.0
250251401061,5,77,36,0,23,76,0,28,48,10,303,674,,,,,,,2.0,,30.0,1.0,26.0,,,,,27.0,,54.0,,,25025.0,140.0,163.0
250251401062,0,16,16,0,9,2,0,0,5,1,49,187,,,,,,1.0,,,,,,,,,,16.0,,21.0,,,25025.0,38.0,11.0
250251401071,18,310,28,1,86,80,0,26,315,29,893,774,,,,7.0,,,1.0,,,,,,,,57.0,18.0,,,5.0,,25025.0,88.0,805.0
250251401072,7,57,1,0,3,5,41,9,29,6,158,288,,,,,,,,,,,,,,,,7.0,,,4.0,,25025.0,11.0,147.0
250251402011,108,219,59,1,22,159,34,46,154,68,870,697,,,,45.0,58.0,58.0,205.0,4.0,,17.0,39.0,2.0,,3.0,,5.0,,43.0,8.0,,25025.0,487.0,383.0
250251402012,83,222,27,38,24,39,3,22,173,221,852,539,,,,120.0,24.0,79.0,12.0,386.0,,,12.0,,,164.0,,15.0,,,,,25025.0,812.0,40.0
250251402021,0,82,3,1,7,12,0,12,39,6,162,347,,,,,,,4.0,,,,,,,,,16.0,,,,1.0,25025.0,21.0,141.0
250251402022,10,140,6,5,11,19,1,8,122,9,331,522,,,,2.0,,,,,,,,,,39.0,,36.0,,,1.0,,25025.0,78.0,253.0
250251402023,2,251,15,2,21,30,0,21,112,17,471,356,,,,,,,,,,,4.0,,,1.0,,16.0,,6.0,,,25025.0,27.0,444.0
250251402024,8,402,11,39,19,38,5,17,116,18,673,613,,,,4.0,,,37.0,10.0,,,,2.0,,22.0,,93.0,,18.0,9.0,,25025.0,195.0,478.0
250251402025,10,153,6,0,17,12,1,10,86,10,305,276,,,,4.0,,,,,,,,,,,,6.0,,,,,25025.0,10.0,295.0
250251403001,28,255,49,37,11,54,1,29,81,24,569,377,,,,6.0,,,,4.0,,25.0,6.0,,,12.0,,21.0,,2.0,165.0,,25025.0,241.0,328.0
250251403002,21,310,52,127,44,97,12,65,202,40,970,376,,,,6.0,,7.0,29.0,2.0,2.0,7.0,10.0,26.0,,,4.0,102.0,2.0,31.0,45.0,,25025.0,273.0,697.0
250251403003,21,559,198,1,15,228,6,53,156,283,1520,873,,,,32.0,19.0,14.0,198.0,1.0,,49.0,21.0,12.0,,44.0,259.0,70.0,,113.0,25.0,,25025.0,857.0,663.0
250251403004,8,85,7,0,9,14,0,14,83,16,236,248,,,,,,,,,,,,,,45.0,,4.0,,,,,25025.0,49.0,187.0
250251403005,14,371,19,0,20,130,0,28,55,5,642,558,,,,9.0,,,62.0,2.0,,,,1.0,,,,57.0,,4.0,6.0,,25025.0,141.0,501.0
250251403006,20,94,11,0,12,17,0,15,95,7,271,491,,,,,,,1.0,,,,,,,,,15.0,,,3.0,,25025.0,19.0,252.0
250251404001,2,75,4,5,5,9,4,5,10,7,126,352,,,,,9.0,,,,,,,,,,,35.0,,7.0,5.0,,25025.0,56.0,70.0
250251404002,1,118,5,0,6,17,15,16,69,15,262,460,,,,,,,,,,,,,,43.0,,10.0,,,,,25025.0,53.0,209.0
250251404003,7,138,34,0,9,16,1,40,112,26,383,508,,,,7.0,,,,,,,,,,2.0,97.0,6.0,,,1.0,,25025.0,113.0,270.0
250251404004,3,42,5,1,12,13,0,12,41,4,133,253,,,,,,,2.0,55.0,,,,1.0,,,,2.0,,3.0,,,25025.0,63.0,70.0
250251404005,11,128,18,2,13,28,1,22,77,11,311,518,,,,29.0,,,17.0,,,,,,,19.0,,20.0,,,,,25025.0,85.0,226.0
250251404006,12,139,22,1,19,284,15,22,70,19,603,742,,,,24.0,,,300.0,,,16.0,6.0,,,5.0,,31.0,41.0,10.0,13.0,,25025.0,446.0,157.0
250251404007,9,76,8,2,5,22,0,22,46,15,205,514,,,,,,,8.0,,,,,2.0,,,,6.0,,2.0,11.0,,25025.0,29.0,176.0
250251601011,12,69,8,0,10,7,3,7,46,43,205,349,,,,,,,7.0,,,,,,,1.0,,,,,,,25025.0,8.0,197.0
250251601012,2,131,1,0,4,6,1,14,53,45,257,509,,,,7.0,,81.0,2.0,,,,,,,,,12.0,,,,,25025.0,102.0,155.0
250251601013,10,421,42,0,12,57,33,13,65,97,750,737,,,,6.0,86.0,,,6.0,,,106.0,22.0,,22.0,,271.0,,85.0,37.0,,25025.0,641.0,109.0
250251601014,12,94,27,0,10,17,0,14,42,5,221,651,,,,1.0,,,22.0,,13.0,,6.0,,,,,61.0,,13.0,6.0,,25025.0,122.0,99.0
250251601015,2,87,3,0,7,8,1,2,41,44,195,270,,,,2.0,,45.0,6.0,,,,,1.0,,3.0,,7.0,,,,,25025.0,64.0,131.0
250251602001,9,242,91,1,9,64,0,18,45,35,514,359,,,,3.0,,,77.0,,,18.0,2.0,,,31.0,2.0,51.0,,14.0,,,25025.0,198.0,316.0
250251602002,4,549,7,31,12,40,5,17,66,24,755,394,,,,4.0,25.0,,16.0,,,,6.0,,86.0,,,396.0,,15.0,4.0,,25025.0,552.0,203.0
250251602003,2,281,25,1,8,27,1,23,72,12,452,510,,,,,,5.0,9.0,,,7.0,,,,3.0,5.0,48.0,,22.0,108.0,,25025.0,207.0,245.0
250251603001,11,407,43,0,18,31,0,26,164,75,775,956,,,,9.0,,8.0,18.0,115.0,,2.0,29.0,120.0,,13.0,,224.0,12.0,44.0,4.0,,25025.0,598.0,177.0
250251603002,23,122,30,135,23,60,141,28,58,177,797,400,,,,4.0,13.0,27.0,50.0,,,,3.0,27.0,,9.0,,,,37.0,11.0,159.0,25025.0,340.0,457.0
250251604001,1441,1325,248,502,113,666,367,226,1404,694,6986,659,,,,52.0,906.0,1306.0,952.0,124.0,6.0,34.0,68.0,95.0,24.0,1298.0,52.0,200.0,,442.0,127.0,1612.0,25025.0,7298.0,-312.0
250251604002,13,642,78,428,32,189,11,56,148,36,1633,720,,,,33.0,6.0,,143.0,,5.0,44.0,,17.0,,320.0,1007.0,75.0,16.0,112.0,16.0,272.0,25025.0,2066.0,-433.0
250251605011,3,158,13,1,8,8,0,20,53,12,276,866,,,,,,,5.0,,,,,,,13.0,,11.0,,,,,25025.0,29.0,247.0
250251605012,6,177,12,0,9,14,0,15,70,5,308,403,,,,,1.0,,,,,,,,,4.0,,14.0,,1.0,14.0,,25025.0,34.0,274.0
250251605013,6,69,5,0,4,12,18,12,41,11,178,239,,,,,13.0,,3.0,,,,,,,,,9.0,,5.0,,,25025.0,30.0,148.0
250251605014,1,164,10,0,1,3,0,7,21,6,213,386,,,,,,,,,,,10.0,,,,,19.0,,,,,25025.0,29.0,184.0
250251605015,23,77,8,0,38,19,1,9,22,129,326,303,,,,,23.0,,18.0,,,,,,,,,5.0,,5.0,,,25025.0,51.0,275.0
250251605021,63,306,40,883,14,89,109,97,229,581,2411,869,,,,49.0,294.0,267.0,14.0,1023.0,1.0,1.0,,47.0,16.0,24.0,,185.0,,47.0,22.0,1.0,25025.0,1991.0,420.0
250251605022,57,93,18,0,8,26,13,34,61,66,376,539,,,,1.0,5.0,47.0,120.0,8.0,,,16.0,11.0,,,,9.0,,3.0,114.0,,25025.0,334.0,42.0
250251605023,33,132,9,0,17,20,0,6,44,18,279,507,,,,18.0,,,8.0,,,,5.0,4.0,,,,18.0,,,1.0,,25025.0,54.0,225.0
250251606011,34,507,58,8,21,228,2,19,138,15,1030,1027,,,,2.0,,4.0,307.0,,,,,,,3.0,,512.0,32.0,15.0,,39.0,25025.0,914.0,116.0
250251606012,6,108,21,0,12,12,3,101,52,18,333,575,,,,,,,,,,,,,,,,551.0,,,,,25025.0,551.0,-218.0
250251606021,7,225,139,0,14,58,1,16,83,8,551,472,,,,3.0,2.0,,10.0,10.0,3.0,,1.0,,206.0,4.0,275.0,3.0,,79.0,6.0,,25025.0,602.0,-51.0
250251606022,10,90,22,0,17,13,0,14,70,19,255,310,,,,5.0,,,,,,,,4.0,,,,4.0,,,,,25025.0,13.0,242.0
250251606023,4,99,20,2,13,19,0,23,84,7,271,345,,,,,,,10.0,,,,,,,,,3.0,,27.0,,,25025.0,40.0,231.0
250251606024,20,87,35,0,10,14,0,13,54,6,239,278,,,,23.0,,,92.0,2.0,,,18.0,,,,,38.0,8.0,126.0,,,25025.0,307.0,-68.0
250251606025,3,20,7,0,4,8,1,2,15,5,65,401,,,,5.0,,,11.0,,,,2.0,,,,,,,,,,25025.0,18.0,47.0
250251701001,10,114,3,0,6,19,0,14,60,9,235,777,,,,7.0,,,7.0,6.0,,,,17.0,,1.0,,80.0,,6.0,1.0,,25025.0,125.0,110.0
250251701002,4,51,9,1,8,14,0,8,38,18,151,373,,,,46.0,20.0,,,3.0,,,,1.0,,3.0,,3.0,,,,,25025.0,76.0,75.0
250251701003,7,118,8,2,20,23,0,19,65,9,271,342,,,,,,,10.0,4.0,,,,,,1.0,2.0,21.0,,23.0,3.0,,25025.0,64.0,207.0
250251701004,5,78,8,1,11,15,2,10,47,6,183,275,,,,1.0,,1.0,,,,,,,,,,12.0,,,,,25025.0,14.0,169.0
250251701005,5,90,22,0,8,18,11,12,78,37,281,494,,,,,7.0,,,,,,,,,2.0,3.0,5.0,,,,,25025.0,17.0,264.0
250251701006,5,92,11,0,14,26,0,9,41,6,204,312,,,,7.0,,,,,,,,,,1.0,,2.0,,6.0,,,25025.0,16.0,188.0
250251701007,32,157,37,71,23,88,0,15,128,42,593,509,,,,10.0,,,60.0,4.0,,26.0,,,,1.0,,36.0,,31.0,7.0,108.0,25025.0,283.0,310.0
250251702001,3,155,5,23,11,18,0,11,55,14,295,547,,,,1.0,,,2.0,,,,,,,,,31.0,,28.0,1.0,45.0,25025.0,108.0,187.0
250251702002,6,194,7,0,3,30,1,27,39,17,324,495,,,,13.0,,,7.0,7.0,,,,23.0,,,,170.0,,5.0,4.0,,25025.0,229.0,95.0
250251702003,6,55,10,1,9,13,0,7,34,3,138,269,,,,7.0,,,,,,,,,,,,,,,3.0,,25025.0,10.0,128.0
250251702004,14,112,7,0,12,18,1,19,86,15,284,532,,,,11.0,3.0,17.0,,2.0,,,1.0,,,,1.0,36.0,,,,,25025.0,71.0,213.0
250251703001,14,140,19,0,13,28,1,17,75,21,328,1019,,,,8.0,,,41.0,,,,3.0,2.0,,2.0,,11.0,,26.0,8.0,,25025.0,101.0,227.0
250251703002,104,379,72,37,67,519,15,53,338,156,1740,1059,,,,11.0,,3.0,622.0,,161.0,,27.0,1.0,,37.0,,120.0,29.0,190.0,27.0,,25025.0,1228.0,512.0
250251703003,17,211,12,2,112,165,7,36,147,38,747,626,,,,7.0,,,171.0,,15.0,4.0,,,,22.0,,1.0,,23.0,9.0,,25025.0,252.0,495.0
250251703004,10,219,15,2,24,39,2,27,126,14,478,672,10.0,,,13.0,,2.0,,5.0,,,,,,,,39.0,,1.0,,,25025.0,70.0,408.0
250251703005,9,194,17,1,27,51,5,29,118,26,477,705,,,,109.0,,,16.0,1.0,5.0,,,,,215.0,,19.0,,75.0,1.0,,25025.0,441.0,36.0
250251703006,6,151,18,1,21,38,0,34,109,26,404,561,,,,4.0,,,,10.0,,9.0,2.0,,,1.0,,365.0,,,14.0,,25025.0,405.0,-1.0
250251703007,2,75,7,0,8,10,1,6,45,7,161,293,,,,,,,1.0,,,,,,,,,3.0,,,2.0,,25025.0,6.0,155.0
250251704001,18,142,23,0,18,40,0,40,98,26,405,512,,,,28.0,,,11.0,4.0,,,,6.0,,2.0,,5.0,,,50.0,,25025.0,106.0,299.0
250251704002,7,187,24,2,40,28,290,29,88,37,732,543,,,,3.0,272.0,,21.0,4.0,43.0,5.0,13.0,1.0,,13.0,,30.0,5.0,127.0,28.0,39.0,25025.0,604.0,128.0
250251704003,5,112,16,0,18,47,0,29,75,18,320,460,,,,,,,25.0,2.0,,3.0,,,,6.0,9.0,17.0,,37.0,18.0,,25025.0,117.0,203.0
250251704004,32,274,68,0,43,185,6,53,219,73,953,1097,,,,15.0,11.0,10.0,157.0,27.0,,19.0,7.0,,10.0,15.0,,34.0,,172.0,60.0,,25025.0,537.0,416.0
250251705011,11,503,54,83,59,54,1,82,188,44,1079,1687,,,,,,2.0,35.0,32.0,8.0,4.0,17.0,3.0,,,,51.0,,47.0,29.0,50.0,25025.0,278.0,801.0
250251705012,17,168,18,110,20,63,2,23,94,35,550,1080,,,,46.0,,,6.0,1.0,,3.0,,,,6.0,,4.0,,31.0,3.0,,25025.0,100.0,450.0
250251705021,2,107,10,0,18,18,1,9,64,8,237,519,,,,21.0,,,,58.0,,1.0,,8.0,,9.0,,1.0,,8.0,,,25025.0,106.0,131.0
250251705022,29,197,71,0,25,81,2,38,137,177,757,1277,,,,35.0,,4.0,,7.0,,,5.0,1.0,,45.0,,88.0,,160.0,9.0,,25025.0,354.0,403.0
250251706011,18,193,36,1,10,28,1,36,79,15,417,557,,,,34.0,,6.0,18.0,,,17.0,1.0,18.0,,,1070.0,75.0,,42.0,7.0,,25025.0,1288.0,-871.0
250251706012,11,205,23,0,34,60,6,30,146,54,569,646,,,,15.0,16.0,,11.0,31.0,,,3.0,6.0,,100.0,,52.0,26.0,27.0,20.0,,25025.0,307.0,262.0
250251706013,31,127,84,80,44,45,1,21,132,57,622,505,,,,29.0,,20.0,61.0,3.0,25.0,35.0,,50.0,,6.0,13.0,8.0,218.0,13.0,29.0,213.0,25025.0,723.0,-101.0
250251706014,7,229,30,1,53,38,2,34,145,23,562,381,,,,,,,12.0,13.0,16.0,6.0,,3.0,,,,62.0,,18.0,10.0,,25025.0,140.0,422.0
250251707011,7,188,32,1,20,128,4,34,90,79,583,906,,,,,,,11.0,50.0,,2.0,,2.0,,31.0,,1.0,,42.0,10.0,142.0,25025.0,291.0,292.0
250251707012,21,400,52,2,48,169,5,30,129,28,884,969,,,,,,2.0,,,,,,,,,21.0,12.0,,15.0,,90.0,25025.0,140.0,744.0
250251707021,14,106,11,0,6,7,0,10,41,4,199,386,,,,3.0,,,2.0,,,,,8.0,,,,,,,,,25025.0,13.0,186.0
250251707022,2,122,10,0,14,12,3,58,64,16,301,510,,,,,,,,,,,,,,,4.0,1.0,,,2.0,,25025.0,7.0,294.0
250251707023,13,138,6,2,7,8,2,10,49,11,246,571,,,,43.0,,,1.0,1.0,,,5.0,,,63.0,,116.0,,,7.0,,25025.0,236.0,10.0
250251707024,8,109,40,0,4,17,3,20,47,6,254,485,,,,14.0,,,131.0,,,,,,,,,19.0,,64.0,15.0,,25025.0,243.0,11.0
250251707025,17,231,23,0,9,47,7,17,87,16,454,855,,,,,,6.0,16.0,,,4.0,7.0,,,8.0,,14.0,,18.0,32.0,,25025.0,105.0,349.0
250251708001,11,274,36,0,25,31,1,20,96,25,519,787,,,,,,,,3.0,,,,1.0,,7.0,,15.0,,,,,25025.0,26.0,493.0
250251708002,8,170,5,0,16,16,0,18,99,16,348,576,,,,24.0,,,14.0,,,,,,,13.0,,4.0,,16.0,,,25025.0,71.0,277.0
250251708003,1,127,7,0,6,17,1,18,55,9,241,418,,,,,,,12.0,,,1.0,,2.0,,16.0,,9.0,,4.0,4.0,,25025.0,48.0,193.0
250251708004,4,125,7,0,10,10,0,18,41,13,228,453,,,,8.0,,,,,,,,,,2.0,,5.0,,24.0,3.0,,25025.0,42.0,186.0
250251801011,17,77,36,0,10,37,5,24,38,12,256,604,,,,3.0,6.0,,1.0,,,,1.0,,,,,20.0,,23.0,10.0,,25025.0,64.0,192.0
250251801012,14,12,28,0,3,11,1,3,20,7,99,710,,,,6.0,,,3.0,,,3.0,15.0,5.0,,,,3.0,,42.0,,,25025.0,77.0,22.0
250251801013,38,240,51,88,19,118,21,13,65,107,760,1190,,,,75.0,,,74.0,,,,,2.0,,4.0,,16.0,,15.0,3.0,13.0,25025.0,202.0,558.0
250251802001,11,57,8,2,10,40,18,41,60,23,270,611,,,,35.0,,,9.0,3.0,1.0,7.0,,,,,,39.0,11.0,26.0,6.0,,25025.0,137.0,133.0
250251802002,2,16,76,76,10,25,0,5,30,1,241,293,,,,5.0,,1.0,,,,,,,,2.0,281.0,48.0,6.0,,15.0,104.0,25025.0,462.0,-221.0
250251802003,11,278,60,66,29,89,2,86,80,88,789,361,,,,8.0,,7.0,7.0,11.0,13.0,55.0,1.0,14.0,17.0,,26.0,48.0,15.0,84.0,51.0,34.0,25025.0,391.0,398.0
250251802004,58,82,8,2,8,35,8,11,51,22,285,624,,,,37.0,,,24.0,,,,,1.0,,10.0,,5.0,10.0,17.0,2.0,,25025.0,106.0,179.0
250251803011,8,69,36,0,4,44,0,13,24,10,208,283,,,,5.0,,1.0,27.0,,,25.0,,3.0,,4.0,5.0,32.0,,96.0,7.0,,25025.0,205.0,3.0
250251803012,5,10,1,0,23,9,0,0,5,1,54,319,,,,,,,,,,,,2.0,,1.0,,5.0,,,,,25025.0,8.0,46.0
250251803013,31,25,4,1,0,56,1,3,27,0,148,361,,,,14.0,,,,,,,,1.0,,,,10.0,12.0,,1.0,,25025.0,38.0,110.0
250251803014,4,7,2,0,0,13,0,1,0,2,29,290,,,,,,,,,,3.0,,13.0,,,,1.0,,,2.0,,25025.0,19.0,10.0
250251804001,34,75,19,1,17,36,2,56,61,26,327,451,,,,20.0,3.0,,2.0,,,,2.0,1.0,,,8.0,16.0,,4.0,34.0,,25025.0,90.0,237.0
250251804002,5,18,8,0,2,130,0,8,17,8,196,339,,,,,,,,,,,,3.0,,,,9.0,,,,,25025.0,12.0,184.0
250251805001,14,66,1,0,10,24,0,6,76,9,206,590,,,,4.0,,4.0,,,,,3.0,,,,2.0,11.0,,19.0,,,25025.0,43.0,163.0
250251805002,1,0,0,0,0,0,0,0,12,0,13,268,,,,1.0,,,,,,,,,,,,7.0,,13.0,2.0,,25025.0,23.0,-10.0
250251805003,20,78,27,13,12,60,0,7,67,4,288,736,,,,87.0,,1.0,39.0,3.0,,,8.0,32.0,,8.0,,3.0,25.0,19.0,,,25025.0,225.0,63.0
250251805004,20,21,0,190,6,9,1,13,61,0,321,428,,,,8.0,,,,,,,,,,,,2.0,,,,,25025.0,10.0,311.0
250259801011,0,0,0,0,0,0,0,0,0,0,0,10,,,,,,,,,,,,,,,,,,,,,,0.0,0.0
250259803001,1,997,11,0,4,227,0,25,69,7,1341,2,,,,,,,,,,,,,,,,,171.0,,,140.0,25025.0,311.0,1030.0
250259807001,3,56,4,0,7,28,0,10,33,6,147,6,,,,,,,,,,,,,,,,,,,,1.0,25025.0,1.0,146.0
250259810001,8,136,9,2,16,45,0,71,35,10,332,22,,,,,,,,,,,,,,,,,,,6.0,,25025.0,6.0,326.0
250259811001,3,41,3,0,7,7,0,19,31,6,117,0,,,,,,,,,,,,,,,,,,,,,,0.0,117.0
250259811002,2,16,2,0,3,5,1,4,11,4,48,32,,,,,,,,,,,,,,,,,,,,,,0.0,48.0
250259811003,4,31,0,0,2,5,0,33,22,4,101,3,,,,,,,,,,,,,,,,,,,7.0,,25025.0,7.0,94.0
250259811004,52,228,37,194,49,67,0,25,398,22,1072,759,,,,,,,1.0,,,,,,,,18.0,68.0,,37.0,,182.0,25025.0,306.0,766.0
250259812011,21,87,4,0,4,14,0,14,26,4,174,4,,,,,,,,,,,,,,,,,8.0,,,29.0,25025.0,37.0,137.0
250259812021,1179,1460,708,303,463,1350,736,97,3089,1244,10629,19,,,10.0,317.0,745.0,1136.0,256.0,1129.0,429.0,122.0,105.0,2036.0,240.0,1667.0,96.0,56.0,105.0,46.0,124.0,,25025.0,8619.0,2010.0
250259813001,0,4,0,0,1,5,0,0,3,1,14,0,,,,,,,,,,,,,,,,,,,,,,0.0,14.0
250259813002,182,953,360,179,150,498,43,101,1010,2369,5845,382,,,,21.0,,81.0,438.0,8409.0,2.0,30.0,372.0,84.0,,529.0,,,,2338.0,84.0,1820.0,25025.0,14208.0,-8363.0
250259815011,21,236,61,111,35,107,25,41,174,50,861,0,,,,,,,,,,,,,,,39.0,6.0,,7.0,4.0,,25025.0,56.0,805.0
250259815021,6,211,126,1,30,512,24,38,105,191,1244,6964,,,,,9.0,110.0,461.0,199.0,,10.0,13.0,,,,,,62.0,107.0,25.0,,25025.0,996.0,248.0
250259816001,0,109,12,0,3,26,0,21,15,46,232,57,,,,2.0,,,52.0,,,,,2.0,,,39.0,,,25.0,,,25025.0,120.0,112.0
250259817001,0,21,4,0,4,57,0,6,77,0,169,8,,,,,,,,,,,,,,,,,,,,,,0.0,169.0
250259818001,1,147,20,7,45,20,2,99,99,9,449,75,,,,,,1.0,6.0,,,,,,,28.0,1456.0,,78.0,,6.0,,25025.0,1575.0,-1126.0
250277001001,8,32,2,0,0,43,5,13,8,4,115,347,,,4.0,16.0,,7.0,,,,,,,,,,19.0,,,,,25027.0,46.0,69.0
250277001002,24,16,3,3,0,17,2,2,13,20,100,478,,,,66.0,18.0,14.0,,,,,,8.0,,4.0,,23.0,,,,45.0,25027.0,178.0,-78.0
250277001003,9,231,7,48,5,116,5,12,3,0,436,317,,,1.0,21.0,,2.0,18.0,,11.0,2.0,,,,,156.0,23.0,,83.0,1.0,14.0,25027.0,332.0,104.0
250277001004,10,200,7,8,2,25,15,4,6,37,314,336,,,9.0,3.0,2.0,12.0,63.0,2.0,6.0,6.0,,2.0,,,277.0,1.0,,,11.0,,25027.0,394.0,-80.0
250277001005,10,57,2,5,6,93,21,5,10,0,209,807,,,,11.0,,,6.0,,,,,2.0,,5.0,1.0,4.0,,,1.0,,25027.0,30.0,179.0
250277011001,24,316,12,4,3,98,84,6,22,29,598,888,,,,20.0,71.0,,62.0,,1.0,2.0,3.0,3.0,,6.0,160.0,255.0,,52.0,8.0,,25027.0,643.0,-45.0
250277011002,4,23,4,21,1,27,16,2,14,0,112,504,,,,9.0,24.0,9.0,22.0,,,,,1.0,,1.0,6.0,10.0,,10.0,3.0,65.0,25027.0,160.0,-48.0
250277011003,1,154,6,1,1,83,2,10,10,3,271,321,,,,29.0,6.0,,40.0,,,8.0,,4.0,,,124.0,14.0,,136.0,48.0,,25027.0,409.0,-138.0
250277011004,16,69,4,4,19,42,22,4,15,37,232,902,5.0,,,3.0,,,33.0,27.0,,,,7.0,,14.0,,168.0,,21.0,3.0,,25027.0,281.0,-49.0
250277011005,7,12,8,1,0,1,3,5,5,4,46,249,,,,10.0,2.0,,,,,9.0,,3.0,,,,7.0,,,2.0,,25027.0,33.0,13.0
250277011006,1,93,1,38,5,36,33,13,3,12,235,349,,,1.0,8.0,8.0,4.0,24.0,5.0,11.0,25.0,,7.0,,42.0,,11.0,,28.0,12.0,132.0,25027.0,318.0,-83.0
250277022001,19,161,1,11,19,34,44,4,9,21,323,794,,,,1.0,31.0,3.0,27.0,,,,,,,2.0,2.0,22.0,,,1.0,,25027.0,89.0,234.0
250277022002,7,42,0,17,0,18,3,0,5,10,102,595,,,,11.0,,,,,2.0,,,,,3.0,30.0,8.0,,,,28.0,25027.0,82.0,20.0
250277031001,16,151,50,70,33,75,13,35,25,68,536,516,,,11.0,27.0,43.0,1.0,100.0,5.0,46.0,102.0,4.0,9.0,,,2.0,168.0,64.0,102.0,14.0,193.0,25027.0,891.0,-355.0
250277031002,7,100,1,1,0,10,40,8,5,21,193,504,,,,4.0,67.0,26.0,4.0,17.0,,,,,3.0,14.0,,18.0,,,,,25027.0,153.0,40.0
250277031003,10,234,1,3,2,29,149,3,11,2,444,789,,,,2.0,126.0,,4.0,34.0,,,2.0,,,5.0,,192.0,,,4.0,,25027.0,369.0,75.0
250277032001,12,93,0,6,5,17,378,7,10,3,531,525,,,,,,,4.0,11.0,,,,,,,,16.0,,,3.0,,25027.0,34.0,497.0
250277032002,14,34,0,3,1,9,5,7,13,15,101,567,,,,5.0,605.0,,,48.0,,,,1.0,,,,7.0,2.0,,17.0,,25027.0,685.0,-584.0
250277032003,11,154,4,3,6,118,6,21,14,4,341,405,,,,7.0,,,129.0,,5.0,,1.0,14.0,,,,55.0,,52.0,34.0,4.0,25027.0,301.0,40.0
250277033001,12,457,18,31,3,128,35,31,68,27,810,900,,,,,53.0,7.0,68.0,,3.0,24.0,,,,51.0,56.0,368.0,,28.0,,36.0,25027.0,694.0,116.0
250277033002,110,468,23,5,12,141,185,6,144,9,1103,678,,,,27.0,,,21.0,,,,2.0,8.0,,11.0,236.0,20.0,2.0,,,,25027.0,327.0,776.0
250277042001,23,158,0,57,10,51,11,14,2,14,340,665,45.0,,,13.0,4.0,23.0,5.0,,,,2.0,,,,1.0,14.0,,45.0,2.0,68.0,25027.0,222.0,118.0
250277042002,5,26,0,14,1,27,6,9,9,4,101,558,,,,13.0,,,10.0,,7.0,,2.0,3.0,,1.0,20.0,31.0,,5.0,1.0,35.0,25027.0,128.0,-27.0
250277051001,7,21,2,36,1,32,3,2,3,1,108,253,,,,8.0,,,,,,4.0,,,,,,,,,,,25027.0,12.0,96.0
250277051002,23,426,10,44,2,47,10,16,4,6,588,605,,,17.0,13.0,,,21.0,,,,,3.0,,,1.0,197.0,,40.0,6.0,32.0,25027.0,330.0,258.0
250277051003,17,188,2,220,13,42,76,12,43,10,623,777,,,,33.0,171.0,,49.0,37.0,,,,22.0,,,229.0,30.0,,2.0,4.0,,25027.0,577.0,46.0
250277051004,2,55,3,8,8,25,32,6,2,35,176,419,1.0,,,12.0,22.0,62.0,13.0,3.0,2.0,,1.0,13.0,,45.0,,4.0,,4.0,1.0,21.0,25027.0,204.0,-28.0
250277051005,30,136,0,22,3,75,14,10,3,12,305,837,,,6.0,36.0,,5.0,62.0,8.0,,,,2.0,,3.0,,16.0,,17.0,20.0,27.0,25027.0,202.0,103.0
250277061001,37,96,6,67,4,62,14,5,43,35,369,1019,44.0,,,32.0,15.0,1.0,17.0,,5.0,8.0,,12.0,,2.0,30.0,59.0,,2.0,2.0,23.0,25027.0,252.0,117.0
250277061002,12,53,9,12,1,86,17,3,27,1,221,587,,,,5.0,41.0,,,,,,,4.0,,2.0,3.0,15.0,,,6.0,,25027.0,76.0,145.0
250277071001,12,84,54,3,7,226,36,32,17,16,487,681,,,,2.0,116.0,1.0,49.0,,,25.0,4.0,,17.0,15.0,,98.0,10.0,152.0,6.0,4.0,25027.0,499.0,-12.0
250277071002,17,98,11,4,6,375,46,9,9,5,580,700,,,,58.0,29.0,11.0,429.0,1.0,50.0,4.0,3.0,12.0,,,,41.0,,104.0,4.0,,25027.0,746.0,-166.0
250277071003,4,9,1,2,0,8,30,7,10,5,76,253,,,,,43.0,,,,,,,,,,,22.0,,,8.0,,25027.0,73.0,3.0
250277072001,90,386,21,1,1,154,108,46,50,31,888,904,,,,57.0,211.0,11.0,172.0,57.0,,2.0,5.0,87.0,,6.0,,214.0,,66.0,55.0,,25027.0,943.0,-55.0
250277073001,11,69,25,20,2,47,3,10,4,6,197,599,,,,,,,26.0,15.0,40.0,50.0,,6.0,,,53.0,62.0,,94.0,22.0,,25027.0,368.0,-171.0
250277073002,17,224,4,12,1,88,359,10,11,131,857,839,,,,5.0,565.0,17.0,30.0,13.0,,,,1.0,,117.0,11.0,90.0,42.0,23.0,25.0,10.0,25027.0,949.0,-92.0
250277073003,16,123,21,89,36,133,12,27,18,33,508,535,,,,,21.0,3.0,214.0,,38.0,49.0,12.0,18.0,,4.0,,132.0,38.0,55.0,12.0,244.0,25027.0,840.0,-332.0
250277074001,13,68,3,8,1,20,52,9,26,5,205,1012,,,,6.0,20.0,2.0,2.0,,,,,,,4.0,,33.0,,1.0,19.0,,25027.0,87.0,118.0
250277074002,13,64,37,1,10,26,7,8,7,0,173,492,,,,7.0,,,38.0,,,33.0,,9.0,,,,184.0,6.0,18.0,15.0,10.0,25027.0,320.0,-147.0
250277074003,18,61,0,5,1,35,15,24,5,4,168,456,,,,5.0,,,19.0,,,,,,,3.0,,3.0,,17.0,13.0,,25027.0,60.0,108.0
250277075001,11,1462,3,46,10,22,27,24,26,10,1641,760,,,,5.0,,,5.0,,,5.0,,44.0,,5.0,308.0,1256.0,17.0,44.0,22.0,18.0,25027.0,1729.0,-88.0
250277075002,32,81,9,6,2,177,154,10,310,48,829,525,,,,19.0,228.0,19.0,111.0,32.0,,,,,,50.0,,76.0,,119.0,1.0,383.0,25027.0,1038.0,-209.0
250277075003,30,432,8,0,3,177,10,4,23,3,690,680,,,,1.0,,,48.0,,,,10.0,20.0,,,360.0,308.0,,146.0,2.0,,25027.0,895.0,-205.0
250277081001,11,199,5,58,10,170,598,13,14,19,1097,673,5.0,,,29.0,190.0,40.0,43.0,7.0,11.0,7.0,3.0,2.0,736.0,6.0,229.0,18.0,,37.0,17.0,84.0,25027.0,1464.0,-367.0
250277081002,8,25,0,0,0,419,1,1,2,1,457,351,,,,4.0,,2.0,,,,,2.0,1.0,,,,2.0,,,2.0,,25027.0,13.0,444.0
250277081003,27,26,3,3,7,27,165,1,47,14,320,771,,12.0,,54.0,274.0,10.0,9.0,82.0,12.0,4.0,3.0,59.0,,2.0,29.0,36.0,2.0,32.0,,,25027.0,620.0,-300.0
250277081004,6,40,3,3,1,16,4,1,12,2,88,644,,,,7.0,1.0,3.0,9.0,,,,5.0,,,23.0,,7.0,,7.0,1.0,,25027.0,63.0,25.0
250277081005,17,109,1,5,6,142,50,13,45,14,402,550,,,20.0,15.0,101.0,,20.0,3.0,,7.0,1.0,8.0,,16.0,,102.0,,125.0,22.0,,25027.0,440.0,-38.0
250277091001,16,304,3,3,1,56,15,9,49,2,458,637,,,,17.0,,1.0,9.0,7.0,,1.0,,3.0,,1.0,,31.0,2.0,,7.0,,25027.0,79.0,379.0
250277091002,8,23,4,0,0,9,3,0,2,3,52,404,,,,2.0,,,5.0,,,,,,,,,8.0,,,,,25027.0,15.0,37.0
250277091003,36,234,19,0,1,17,60,4,25,6,402,382,,,,98.0,10.0,8.0,1.0,,,110.0,,17.0,,,,4.0,,,,,25027.0,248.0,154.0
250277092011,11,33,0,2,0,23,13,4,4,0,90,670,2.0,,,17.0,2.0,,,5.0,,3.0,,3.0,,,,9.0,,14.0,,,25027.0,55.0,35.0
250277092012,11,11,3,2,0,1,5,6,11,3,53,476,,,,12.0,6.0,,,,,,,1.0,,,,2.0,,,,,25027.0,21.0,32.0
250277092013,52,123,70,0,15,153,22,37,43,20,535,878,,,,23.0,11.0,4.0,81.0,4.0,,37.0,27.0,5.0,,451.0,7.0,79.0,9.0,242.0,27.0,,25027.0,1007.0,-472.0
250277092014,36,282,5,0,1,64,202,12,103,106,811,558,,,,21.0,381.0,83.0,157.0,1.0,,,,44.0,,51.0,,18.0,6.0,,1.0,,25027.0,763.0,48.0
250277092021,100,534,34,5,14,577,431,21,149,105,1970,1255,6.0,18.0,,123.0,881.0,64.0,468.0,31.0,10.0,18.0,9.0,37.0,,197.0,5.0,1382.0,14.0,224.0,31.0,,25027.0,3518.0,-1548.0
250277092022,59,123,11,3,0,66,119,21,14,31,447,1345,,,,12.0,134.0,4.0,111.0,69.0,,6.0,85.0,3.0,1.0,,10.0,90.0,3.0,21.0,24.0,,25027.0,573.0,-126.0
250277092023,18,135,5,70,0,156,37,24,5,47,497,433,,,,132.0,51.0,1.0,156.0,11.0,,,3.0,,,57.0,,5.0,,20.0,23.0,,25027.0,459.0,38.0
250277094001,34,286,83,5,4,175,120,15,99,52,873,1118,,,12.0,80.0,310.0,22.0,241.0,1.0,2.0,145.0,20.0,20.0,,36.0,1.0,328.0,142.0,18.0,25.0,203.0,25027.0,1606.0,-733.0
250277094002,10,154,13,3,5,38,63,18,40,166,510,918,,,24.0,3.0,42.0,,23.0,4.0,,6.0,17.0,13.0,,13.0,,29.0,2.0,7.0,2.0,,25027.0,185.0,325.0
250277095011,47,154,8,2,8,268,241,10,78,100,916,764,,,,72.0,590.0,34.0,459.0,173.0,1.0,4.0,11.0,5.0,21.0,13.0,,18.0,,263.0,5.0,,25027.0,1669.0,-753.0
250277095021,15,193,5,0,0,83,80,10,16,40,442,512,,,,28.0,152.0,269.0,33.0,,,,15.0,,10.0,27.0,,72.0,,13.0,,,25027.0,619.0,-177.0
250277095022,22,171,5,1,1,106,10,6,8,1,331,927,,,,32.0,3.0,,22.0,,,,4.0,79.0,,9.0,,30.0,6.0,34.0,,,25027.0,219.0,112.0
250277095023,3,126,20,1,0,78,8,8,2,2,248,896,,,,,15.0,,,2.0,,8.0,,,,,,77.0,,12.0,2.0,,25027.0,116.0,132.0
250277096001,53,470,22,73,1,302,372,8,56,38,1395,274,,,,96.0,447.0,26.0,93.0,58.0,,11.0,19.0,25.0,2.0,16.0,,21.0,62.0,64.0,20.0,,25027.0,960.0,435.0
250277096002,41,161,8,25,1,249,151,5,10,20,671,373,,,35.0,33.0,103.0,10.0,27.0,,7.0,4.0,,,,3.0,,1.0,4.0,3.0,3.0,26.0,25027.0,259.0,412.0
250277096003,33,490,155,141,44,921,31,23,273,69,2180,521,,,,24.0,48.0,15.0,1208.0,18.0,89.0,63.0,65.0,69.0,7.0,226.0,837.0,488.0,10.0,594.0,128.0,410.0,25027.0,4299.0,-2119.0
250277097011,33,53,12,0,1,99,11,12,7,2,230,529,,,,11.0,3.0,8.0,81.0,,,,8.0,,,81.0,,21.0,,69.0,25.0,,25027.0,307.0,-77.0
250277097012,24,146,13,2,0,249,11,18,13,18,494,445,,,,12.0,17.0,31.0,208.0,,,34.0,19.0,18.0,,22.0,25.0,217.0,7.0,82.0,25.0,33.0,25027.0,750.0,-256.0
250277097013,10,36,1,12,0,0,2,47,16,14,138,386,,,,6.0,,,,,,,,,,6.0,,1.0,,,3.0,,25027.0,16.0,122.0
250277097014,6,104,20,3,5,373,27,72,15,7,632,520,,,,,,,222.0,,48.0,24.0,11.0,8.0,,,,11.0,18.0,163.0,66.0,17.0,25027.0,588.0,44.0
250277097015,11,216,0,4,1,21,4,9,9,10,285,601,,,,,6.0,,,,,,,3.0,,,,227.0,,7.0,17.0,,25027.0,260.0,25.0
250277097021,14,539,21,17,0,309,12,16,14,1,943,552,,,,,,2.0,463.0,,,43.0,1.0,44.0,,7.0,1.0,521.0,,196.0,49.0,,25027.0,1327.0,-384.0
250277097022,16,228,23,75,0,44,3,5,78,8,480,557,,,,5.0,5.0,4.0,19.0,3.0,1.0,6.0,4.0,86.0,,,4.0,63.0,,,5.0,135.0,25027.0,340.0,140.0
250277101001,65,391,26,8,24,385,130,40,34,44,1147,557,,,83.0,89.0,125.0,21.0,562.0,5.0,15.0,48.0,14.0,31.0,,141.0,30.0,182.0,,229.0,88.0,11.0,25027.0,1674.0,-527.0
250277101002,50,289,9,3,1,55,174,9,11,144,745,279,,,,47.0,80.0,95.0,166.0,424.0,,5.0,15.0,,,32.0,19.0,86.0,,78.0,37.0,,25027.0,1084.0,-339.0
250277101003,13,86,69,0,5,68,68,24,4,0,337,303,,,,21.0,9.0,4.0,29.0,,,88.0,,,,10.0,,209.0,,50.0,10.0,,25027.0,430.0,-93.0
250277101004,45,58,17,3,0,42,24,14,51,23,277,346,,,,8.0,,,30.0,,,,,,,50.0,,19.0,,28.0,56.0,,25027.0,191.0,86.0
250277102001,2,198,2,5,0,40,48,0,0,0,295,355,,,,,92.0,,,,,,,,,,,6.0,,5.0,,3.0,25027.0,106.0,189.0
250277102002,1,111,9,0,0,185,6,5,20,4,341,280,,,,5.0,,,89.0,,,20.0,6.0,3.0,,,,91.0,,176.0,9.0,,25027.0,399.0,-58.0
250277102003,9,123,34,3,1,104,13,15,35,8,345,368,,,,1.0,3.0,2.0,30.0,4.0,,19.0,6.0,10.0,,2.0,,96.0,6.0,18.0,5.0,,25027.0,202.0,143.0
250277102004,5,9,12,0,0,3,2,17,2,0,50,418,,,,8.0,,,,,,,3.0,,,7.0,,21.0,,,19.0,,25027.0,58.0,-8.0
250277102005,15,122,17,3,10,88,16,12,12,4,299,783,,,,5.0,,,,,,14.0,,3.0,,8.0,,138.0,5.0,,,,25027.0,173.0,126.0
250277102006,9,100,2,1,3,68,7,1,7,30,228,487,,,,2.0,,,,,,,,,,8.0,,26.0,52.0,4.0,,,25027.0,92.0,136.0
250277103001,16,40,0,2,0,29,44,0,3,31,165,530,,,,18.0,23.0,,76.0,2.0,,,2.0,,,2.0,,12.0,,2.0,9.0,,25027.0,146.0,19.0
250277103002,32,349,0,4,4,213,591,19,38,76,1326,760,,,,88.0,778.0,42.0,13.0,18.0,2.0,,,17.0,,16.0,244.0,339.0,,566.0,8.0,,25027.0,2131.0,-805.0
250277104001,15,234,1,3,7,176,37,10,10,6,499,532,,,,2.0,,,41.0,,,9.0,,,,6.0,3.0,77.0,41.0,45.0,17.0,,25027.0,241.0,258.0
250277104002,3,120,2,3,10,20,2,1,2,1,164,454,,,,,,,4.0,,,,,1.0,,,,4.0,,,,,25027.0,9.0,155.0
250277105001,3,23,0,0,0,12,4,1,8,5,56,405,,,,,,,,,,,,,,7.0,,2.0,,,6.0,,25027.0,15.0,41.0
250277105002,8,56,13,8,1,10,84,9,6,0,195,575,,,,16.0,4.0,,5.0,,,2.0,,1.0,,,,59.0,,5.0,15.0,,25027.0,107.0,88.0
250277105003,5,18,0,5,0,4,4,0,0,5,41,387,,,,25.0,,,,,,,,,,,,14.0,,,,,25027.0,39.0,2.0
250277106001,33,24,11,1,2,38,11,30,35,4,189,438,,,,62.0,,,17.0,,10.0,,4.0,,,4.0,3.0,20.0,,13.0,1.0,,25027.0,134.0,55.0
250277106002,1,206,3,0,0,29,4,2,1,0,246,566,,,,,,4.0,7.0,,,,,1.0,,,663.0,19.0,,,2.0,,25027.0,696.0,-450.0
250277106003,11,80,3,44,5,10,32,11,10,1,207,499,,,,,36.0,,4.0,,9.0,,,39.0,,7.0,,15.0,,13.0,20.0,,25027.0,143.0,64.0
250277106004,18,143,8,2,1,6,10,2,4,0,194,629,,,,,,,,7.0,,19.0,,1.0,,,,25.0,,,,,25027.0,52.0,142.0
250277106005,22,82,4,1,2,68,20,10,20,7,236,553,,,,33.0,41.0,19.0,38.0,,,,14.0,,,39.0,,38.0,3.0,49.0,6.0,,25027.0,280.0,-44.0
250277107001,7,91,33,175,0,227,38,20,38,11,640,377,,,,,128.0,4.0,319.0,,,7.0,5.0,3.0,,25.0,,56.0,,35.0,14.0,114.0,25027.0,710.0,-70.0
250277107002,31,387,119,303,33,59,29,18,223,7,1209,570,,,,12.0,,2.0,22.0,,53.0,164.0,1.0,158.0,79.0,56.0,11.0,360.0,2.0,46.0,29.0,320.0,25027.0,1315.0,-106.0
250277108001,4,33,1,1,0,5,6,0,2,1,53,364,,,,,,2.0,2.0,,2.0,,,,,,82.0,2.0,,9.0,,,25027.0,99.0,-46.0
250277108002,3,122,3,0,0,5,0,2,25,0,160,535,,,,,,3.0,4.0,,,,,18.0,,,,42.0,,,5.0,,25027.0,72.0,88.0
250277108003,13,115,2,4,2,58,27,16,20,57,314,852,,,,4.0,2.0,,12.0,,,,1.0,12.0,,,3.0,339.0,23.0,2.0,7.0,,25027.0,405.0,-91.0
250277110001,2,105,6,2,0,87,34,10,9,24,279,451,,,,8.0,43.0,,98.0,,,,7.0,3.0,,,5.0,12.0,,4.0,22.0,,25027.0,202.0,77.0
250277110002,20,437,4,3,0,55,3,6,11,6,545,325,,,,22.0,,,,,,,,,,32.0,,18.0,,52.0,7.0,,25027.0,131.0,414.0
250277110003,1,72,0,3,0,7,6,4,0,7,100,404,,,,,,,,11.0,,,,,,,,8.0,,6.0,,,25027.0,25.0,75.0
250277111001,17,362,1,3,0,101,23,34,18,3,562,753,20.0,,,11.0,21.0,,29.0,,,,,2.0,,15.0,670.0,217.0,9.0,57.0,16.0,,25027.0,1067.0,-505.0
250277111002,31,814,15,3,0,35,11,5,11,11,936,787,,,52.0,27.0,2.0,,8.0,,,,1.0,27.0,,3.0,70.0,287.0,4.0,11.0,2.0,,25027.0,494.0,442.0
250277121011,6,28,3,1,0,33,8,3,12,2,96,506,,,,6.0,,,,2.0,,,2.0,5.0,,3.0,57.0,7.0,9.0,,3.0,,25027.0,94.0,2.0
250277121012,18,234,15,32,4,73,16,16,59,6,473,788,,,,29.0,,,28.0,,9.0,16.0,,,,3.0,249.0,51.0,3.0,96.0,17.0,73.0,25027.0,574.0,-101.0
250277121013,37,84,14,6,1,330,3,26,59,10,570,678,,,,46.0,2.0,,175.0,,49.0,2.0,,34.0,,40.0,8.0,51.0,,163.0,21.0,6.0,25027.0,597.0,-27.0
250277121014,11,46,4,30,3,238,12,13,21,10,388,435,6.0,,,31.0,1.0,15.0,390.0,,,51.0,,7.0,,3.0,,37.0,1.0,,20.0,20.0,25027.0,582.0,-194.0
250277121021,29,111,16,3,11,62,125,12,18,69,456,937,28.0,62.0,,152.0,153.0,,62.0,2.0,,,5.0,2.0,,18.0,,5.0,,15.0,2.0,,25027.0,506.0,-50.0
250277121022,5,7,2,0,0,8,14,5,12,4,57,586,5.0,,,37.0,,,,,,,4.0,2.0,,5.0,,4.0,,,6.0,,25027.0,63.0,-6.0
250277131001,33,543,5,70,5,24,21,36,35,25,797,802,25.0,,3.0,56.0,14.0,4.0,12.0,15.0,2.0,1.0,,33.0,,5.0,496.0,214.0,,,31.0,,25027.0,911.0,-114.0
250277131002,23,93,37,2,4,20,10,6,29,4,228,791,,,,24.0,,,6.0,2.0,13.0,6.0,,20.0,,,98.0,23.0,2.0,29.0,11.0,51.0,25027.0,285.0,-57.0
250277131003,11,24,0,3,1,6,116,10,31,11,213,445,,,,10.0,258.0,1.0,,,2.0,,,7.0,,14.0,,11.0,,,,,25027.0,303.0,-90.0
250277131004,25,402,13,18,5,190,52,4,36,79,824,988,5.0,,,18.0,35.0,103.0,140.0,1.0,,,,5.0,,23.0,12.0,330.0,122.0,32.0,63.0,746.0,25027.0,1635.0,-811.0
250277151001,41,97,12,23,252,574,16,23,120,29,1187,1000,5.0,,,68.0,3.0,249.0,43.0,,8.0,8.0,7.0,26.0,5.0,37.0,,31.0,,14.0,20.0,67.0,25027.0,591.0,596.0
250277151002,30,350,35,23,72,202,40,75,174,55,1056,1442,54.0,,,26.0,142.0,19.0,10.0,,5.0,7.0,1.0,108.0,,20.0,332.0,50.0,127.0,28.0,1.0,,25027.0,930.0,126.0
250277161001,17,34,2,3,1,20,23,1,9,5,115,813,,,,3.0,,4.0,,,,,3.0,2.0,,,,,,4.0,7.0,,25027.0,23.0,92.0
250277161002,8,15,0,4,0,10,9,1,0,2,49,482,,,,,,,1.0,,2.0,,,17.0,,6.0,,4.0,,5.0,,,25027.0,35.0,14.0
250277161003,10,50,10,17,0,23,87,4,5,1,207,476,,,,46.0,81.0,1.0,15.0,,,1.0,,,,14.0,,6.0,,7.0,1.0,12.0,25027.0,184.0,23.0
250277161004,15,228,0,1,2,17,6,3,3,11,286,397,,,,11.0,,,,,,,,,,,,7.0,,4.0,,39.0,25027.0,61.0,225.0
250277161005,15,48,7,18,1,46,158,15,10,12,330,1256,,,41.0,13.0,219.0,1.0,15.0,,1.0,,,1.0,1.0,,1.0,8.0,,2.0,,23.0,25027.0,326.0,4.0
250277162001,29,72,5,9,1,145,64,23,30,15,393,790,,,,24.0,3.0,3.0,179.0,14.0,,23.0,2.0,13.0,,16.0,9.0,31.0,,15.0,45.0,1.0,25027.0,378.0,15.0
250277162002,33,307,1,1,2,234,195,17,18,92,900,541,,,,135.0,154.0,146.0,158.0,2.0,,,5.0,22.0,,3.0,2.0,308.0,,110.0,11.0,,25027.0,1056.0,-156.0
250277163001,1,17,0,0,0,8,11,3,0,25,65,363,,,,12.0,,3.0,,,10.0,,8.0,,,,,3.0,,2.0,24.0,,25027.0,62.0,3.0
250277163002,5,11,1,1,10,8,80,19,6,9,150,795,,,,9.0,37.0,,3.0,,28.0,,,,,4.0,,12.0,,5.0,53.0,,25027.0,151.0,-1.0
250277163003,10,279,33,90,27,273,893,26,125,11,1767,517,,,,3.0,965.0,2.0,60.0,,131.0,43.0,11.0,75.0,53.0,8.0,318.0,74.0,39.0,134.0,21.0,125.0,25027.0,2062.0,-295.0
250277171001,21,18,3,3,1,15,0,15,7,25,108,317,6.0,,,6.0,14.0,2.0,16.0,,,,,2.0,,11.0,,3.0,1.0,14.0,2.0,,25027.0,77.0,31.0
250277171002,141,199,17,66,34,91,6,158,188,122,1022,1198,19.0,,,49.0,21.0,17.0,35.0,,14.0,10.0,4.0,3.0,,11.0,52.0,46.0,,33.0,4.0,36.0,25027.0,354.0,668.0
250277181001,68,79,8,5,10,241,2,9,58,54,534,1043,,,,41.0,26.0,33.0,8.0,16.0,,13.0,2.0,19.0,,155.0,90.0,1.0,145.0,28.0,16.0,,25027.0,593.0,-59.0
250277181002,31,167,6,58,2,1,0,7,51,179,502,292,,,13.0,41.0,,136.0,,,5.0,,3.0,10.0,,102.0,63.0,21.0,5.0,,,50.0,25027.0,449.0,53.0
250277181003,34,29,1,7,0,4,0,6,40,42,163,296,,,,37.0,18.0,,3.0,4.0,,,2.0,17.0,,69.0,,,,,1.0,,25027.0,151.0,12.0
250277181004,6,9,18,0,22,72,39,26,26,54,272,423,,,,33.0,23.0,5.0,11.0,1.0,66.0,1.0,5.0,15.0,,7.0,,3.0,15.0,68.0,32.0,,25027.0,285.0,-13.0
250277191001,77,207,36,53,6,153,462,32,103,226,1355,1319,21.0,,4.0,172.0,509.0,122.0,26.0,63.0,12.0,9.0,2.0,43.0,,84.0,33.0,29.0,96.0,106.0,55.0,64.0,25027.0,1450.0,-95.0
250277191002,53,407,10,2,4,19,47,15,25,32,614,677,,,,34.0,8.0,26.0,43.0,23.0,,8.0,,9.0,,12.0,96.0,148.0,,11.0,3.0,,25027.0,421.0,193.0
250277191003,24,26,2,5,12,12,16,2,13,1,113,527,,,,3.0,3.0,5.0,,,,,,13.0,,,,92.0,1.0,,5.0,,25027.0,122.0,-9.0
250277191004,10,61,12,18,7,32,34,8,14,5,201,478,,,13.0,11.0,70.0,11.0,13.0,15.0,8.0,15.0,,15.0,,3.0,33.0,33.0,,65.0,16.0,,25027.0,321.0,-120.0
250277201001,25,250,22,69,5,52,0,18,23,22,486,902,,,14.0,25.0,1.0,2.0,18.0,,3.0,7.0,7.0,6.0,,5.0,39.0,28.0,1.0,49.0,34.0,72.0,25027.0,311.0,175.0
250277201002,31,2,5,1,0,52,2,14,16,1,124,746,,,,20.0,5.0,6.0,3.0,4.0,1.0,1.0,,4.0,,,,38.0,445.0,47.0,15.0,,25027.0,589.0,-465.0
250277211011,11,39,1,20,2,55,0,5,9,19,161,1054,,,,47.0,,7.0,1.0,1.0,2.0,,,9.0,,,14.0,11.0,,14.0,,39.0,25027.0,145.0,16.0
250277211021,44,614,10,68,26,183,4,30,43,90,1112,1862,16.0,,,52.0,5.0,16.0,21.0,1.0,,7.0,4.0,16.0,8.0,22.0,,15.0,17.0,3.0,29.0,73.0,25027.0,305.0,807.0
250277211022,33,223,24,27,2,94,3,23,19,38,486,916,,,,48.0,,11.0,73.0,10.0,5.0,1.0,,14.0,,,159.0,440.0,1.0,72.0,19.0,13.0,25027.0,866.0,-380.0
250277211023,47,218,10,15,8,99,6,10,80,50,543,939,,,,20.0,,,32.0,,,,,14.0,,53.0,1.0,16.0,3.0,31.0,1.0,,25027.0,171.0,372.0
250277221001,52,193,28,17,2,114,15,20,20,56,517,931,4.0,,,33.0,31.0,,,4.0,,,,3.0,,3.0,,13.0,,8.0,21.0,,25027.0,120.0,397.0
250277221002,12,134,8,63,7,93,0,6,21,19,363,522,,,7.0,4.0,,1.0,62.0,12.0,5.0,24.0,,15.0,,,89.0,11.0,4.0,58.0,1.0,51.0,25027.0,344.0,19.0
250277221003,48,782,19,18,15,182,6,43,63,158,1334,1016,1.0,1.0,1.0,33.0,7.0,27.0,76.0,8.0,,,,3.0,,7.0,539.0,10.0,,3.0,7.0,,25027.0,723.0,611.0
250277221004,6,45,3,1,1,15,2,8,3,32,116,386,,,,7.0,,,,,,,,,,,,11.0,,22.0,2.0,,25027.0,42.0,74.0
250277231001,61,313,12,26,13,135,20,14,32,102,728,1121,17.0,,,20.0,14.0,,18.0,,3.0,,,48.0,,7.0,177.0,11.0,,,6.0,,25027.0,321.0,407.0
250277231002,4,86,0,20,2,13,8,4,11,12,160,418,,,3.0,12.0,36.0,,22.0,4.0,2.0,,,15.0,,8.0,15.0,12.0,,2.0,6.0,41.0,25027.0,178.0,-18.0
250277231003,8,36,0,69,2,22,6,8,10,9,170,623,7.0,,,18.0,11.0,,,7.0,,,,4.0,,4.0,7.0,2.0,,2.0,1.0,166.0,25027.0,229.0,-59.0
250277241001,42,208,12,7,1,72,2,12,10,38,404,741,,,,19.0,,,1.0,18.0,,,,,,1.0,6.0,17.0,,7.0,1.0,,25027.0,70.0,334.0
250277241002,10,99,3,28,5,43,3,12,10,28,241,637,,,,,4.0,4.0,3.0,,6.0,,2.0,5.0,,,,51.0,,10.0,1.0,16.0,25027.0,102.0,139.0
250277241003,11,389,45,12,1,107,118,31,62,72,848,666,,,,14.0,153.0,4.0,42.0,19.0,,16.0,,46.0,,28.0,47.0,239.0,,142.0,21.0,44.0,25027.0,815.0,33.0
250277251001,19,143,9,5,3,54,5,18,15,46,317,493,9.0,,,4.0,,,,5.0,,,,,,1.0,,6.0,,,1.0,,25027.0,26.0,291.0
250277251002,2,168,4,29,0,6,0,1,9,7,226,412,,,,,,1.0,10.0,,,,,4.0,,,90.0,16.0,,1.0,2.0,,25027.0,124.0,102.0
250277251003,12,37,6,8,2,17,1,9,7,21,120,362,,,5.0,28.0,3.0,,13.0,5.0,,4.0,1.0,2.0,,,2.0,8.0,,10.0,7.0,28.0,25027.0,116.0,4.0
250277251004,85,40,8,20,0,57,142,4,13,5,374,305,,,,,224.0,,88.0,,7.0,60.0,,6.0,,,,21.0,,8.0,7.0,15.0,25027.0,436.0,-62.0
250277251005,27,206,6,12,1,61,12,31,24,52,432,855,,,,7.0,15.0,8.0,5.0,1.0,,,,1.0,,3.0,35.0,5.0,,,19.0,,25027.0,99.0,333.0
250277261001,33,134,31,11,4,86,77,9,63,61,509,883,,,,40.0,129.0,,9.0,,,3.0,11.0,28.0,,13.0,,60.0,17.0,79.0,11.0,,25027.0,400.0,109.0
250277261002,28,128,8,38,3,289,629,14,79,36,1252,530,,,14.0,141.0,45.0,1.0,206.0,,1.0,9.0,5.0,8.0,,,,39.0,12.0,164.0,36.0,,25027.0,681.0,571.0
250277261003,34,19,0,3,11,15,0,5,4,35,126,492,5.0,,,10.0,2.0,5.0,,,,,,2.0,,,,1.0,,,2.0,,25027.0,27.0,99.0
250277261004,25,48,13,13,6,40,1,7,32,111,296,564,7.0,,,19.0,558.0,,77.0,60.0,,14.0,17.0,2.0,,,,34.0,,,1.0,,25027.0,789.0,-493.0
250277261005,20,35,4,4,0,23,19,52,24,42,223,424,,16.0,,12.0,12.0,1.0,,1.0,,,1.0,6.0,,10.0,,12.0,11.0,,7.0,,25027.0,89.0,134.0
250277262001,6,99,0,4,0,13,0,7,4,5,138,311,,,,6.0,,,,,,,,,9.0,,,30.0,,40.0,,,25027.0,85.0,53.0
250277262002,16,71,3,17,5,23,1,16,13,22,187,769,,,,14.0,,2.0,173.0,,,5.0,1.0,10.0,,28.0,,33.0,,20.0,15.0,52.0,25027.0,353.0,-166.0
250277262003,7,20,2,2,0,7,0,3,8,7,56,448,,,,,,,2.0,,,68.0,,9.0,,,,8.0,1.0,2.0,11.0,7.0,25027.0,108.0,-52.0
250277262004,21,72,7,3,1,3,0,4,11,6,128,329,,,,3.0,,,,,11.0,,,,,,15.0,4.0,,,2.0,,25027.0,35.0,93.0
250277262005,2,110,3,3,2,43,8,11,16,70,268,906,,,,9.0,3.0,,65.0,85.0,,4.0,,4.0,,2.0,,44.0,,17.0,10.0,,25027.0,243.0,25.0
250277271001,38,119,19,40,89,105,4,22,41,22,499,816,,,9.0,10.0,2.0,5.0,12.0,,54.0,,,10.0,,,348.0,52.0,,45.0,18.0,11.0,25027.0,576.0,-77.0
250277271002,12,35,4,7,3,20,0,14,13,6,114,271,,,,8.0,,,,,,,,7.0,,4.0,,16.0,,,2.0,,25027.0,37.0,77.0
250277271003,46,131,19,35,25,75,10,9,34,69,453,666,3.0,,,21.0,,18.0,11.0,,,19.0,4.0,5.0,,10.0,61.0,3.0,26.0,26.0,11.0,40.0,25027.0,258.0,195.0
250277281001,19,98,6,2,6,172,2,12,16,24,357,744,,,,23.0,,23.0,205.0,,,7.0,,9.0,,22.0,,16.0,,42.0,12.0,75.0,25027.0,434.0,-77.0
250277281002,10,22,6,6,5,17,212,8,27,46,359,462,,,,112.0,190.0,128.0,10.0,,,2.0,7.0,11.0,,23.0,4.0,14.0,,,2.0,,25027.0,503.0,-144.0
250277281003,25,296,2,13,7,60,6,8,13,15,445,529,,,,21.0,,1.0,3.0,,,,,6.0,,7.0,115.0,11.0,,53.0,4.0,,25027.0,221.0,224.0
250277282001,9,45,6,0,3,14,2,4,12,9,104,371,,,,5.0,,,,,,,,,,,,,,,,,25027.0,5.0,99.0
250277282002,3,21,0,1,1,6,1,3,10,6,52,290,,,,,2.0,,,,,,,6.0,,,,,,,,,25027.0,8.0,44.0
250277282003,3,18,1,4,3,10,0,1,18,4,62,369,,,,2.0,,,,,,,,6.0,,,,7.0,,,,,25027.0,15.0,47.0
250277282004,32,48,5,16,8,47,9,17,5,27,214,522,,,21.0,28.0,,30.0,5.0,,15.0,3.0,,7.0,1.0,2.0,4.0,76.0,,28.0,32.0,,25027.0,252.0,-38.0
250277283001,11,146,9,3,2,18,3,3,6,14,215,625,,,,13.0,,7.0,,,,7.0,,4.0,,5.0,,15.0,56.0,,3.0,,25027.0,110.0,105.0
250277283002,45,477,41,34,18,258,11,79,130,60,1153,920,,,,69.0,14.0,5.0,246.0,,47.0,51.0,2.0,143.0,6.0,45.0,267.0,385.0,2.0,250.0,90.0,116.0,25027.0,1738.0,-585.0
250277283003,23,55,2,8,8,29,3,10,11,6,155,400,,,,26.0,,4.0,,,23.0,,1.0,6.0,,1.0,350.0,25.0,,8.0,,65.0,25027.0,509.0,-354.0
250277284001,16,186,4,3,0,14,2,11,22,15,273,759,,,,17.0,,2.0,5.0,,,,1.0,2.0,,13.0,,14.0,,,2.0,,25027.0,56.0,217.0
250277284002,38,42,1,50,20,60,4,10,30,11,266,490,,,,2.0,4.0,,11.0,,,,1.0,1.0,,,,13.0,,40.0,12.0,92.0,25027.0,176.0,90.0
250277284003,47,97,5,4,13,59,3,17,30,40,315,974,,,,2.0,4.0,9.0,8.0,9.0,,3.0,3.0,3.0,,13.0,,6.0,3.0,,,,25027.0,63.0,252.0
250277291001,57,402,14,591,8,180,181,71,252,175,1931,918,,,,26.0,127.0,164.0,4.0,98.0,,,1.0,38.0,,79.0,157.0,153.0,,,15.0,849.0,25027.0,1711.0,220.0
250277291002,14,83,1,3,3,49,3,12,17,22,207,401,,,,14.0,,4.0,,1.0,,,,2.0,,9.0,,19.0,,,1.0,,25027.0,50.0,157.0
250277291003,22,312,18,37,6,63,4,26,22,44,554,643,,,44.0,11.0,,10.0,18.0,,,7.0,2.0,20.0,,19.0,110.0,110.0,,47.0,1.0,17.0,25027.0,416.0,138.0
250277292001,26,211,12,9,5,130,12,29,21,23,478,368,,,,7.0,49.0,7.0,103.0,,,19.0,,6.0,,6.0,11.0,86.0,,88.0,17.0,,25027.0,399.0,79.0
250277292002,54,145,19,42,7,241,29,33,39,158,767,556,,,17.0,139.0,40.0,36.0,228.0,59.0,39.0,19.0,10.0,12.0,4.0,10.0,27.0,59.0,,126.0,113.0,71.0,25027.0,1009.0,-242.0
250277292003,24,89,2,4,2,167,0,8,9,13,318,313,,,,9.0,,,95.0,,,3.0,,4.0,,,54.0,5.0,79.0,88.0,6.0,,25027.0,343.0,-25.0
250277301001,11,48,1,2,1,13,0,4,5,17,102,449,,,,16.0,,13.0,30.0,,,,,,,3.0,6.0,171.0,,4.0,18.0,,25027.0,261.0,-159.0
250277301002,8,147,18,1,0,104,12,7,69,120,486,429,,,,6.0,37.0,60.0,327.0,9.0,64.0,44.0,,11.0,,23.0,10.0,12.0,16.0,8.0,75.0,,25027.0,702.0,-216.0
250277301003,13,434,22,2,144,6,1344,10,30,232,2237,352,,,,9.0,207.0,9.0,16.0,,330.0,62.0,14.0,16.0,,4.0,336.0,77.0,,,,124.0,25027.0,1204.0,1033.0
250277301004,6,96,3,1,3,14,6,2,17,27,175,594,,,,,,,,12.0,,2.0,,4.0,,1.0,23.0,15.0,,,,,25027.0,57.0,118.0
250277301005,20,58,10,2,72,18,46,30,17,62,335,971,,,,11.0,62.0,38.0,7.0,,53.0,,1.0,,1.0,,,26.0,,,12.0,,25027.0,211.0,124.0
250277302001,11,94,31,1,2,297,2,9,53,24,524,543,,,,5.0,1.0,,162.0,,,14.0,,42.0,,382.0,,41.0,65.0,150.0,30.0,,25027.0,892.0,-368.0
250277302002,11,236,25,1,2,9,0,11,7,13,315,703,,,,1.0,29.0,,,,,,13.0,5.0,,,21.0,180.0,,,,,25027.0,249.0,66.0
250277302003,2,39,0,0,0,6,0,1,5,2,55,334,,,,,,,,2.0,,1.0,,,,,,16.0,,,,,25027.0,19.0,36.0
250277302004,6,99,6,3,2,17,3,3,7,3,149,336,,,,,,,3.0,2.0,,,,2.0,,3.0,,2.0,,,,,25027.0,12.0,137.0
250277302005,4,225,0,1,0,17,0,0,3,10,260,335,,,,3.0,,3.0,,,,,,,,,,28.0,,,10.0,,25027.0,44.0,216.0
250277302006,18,44,1,2,2,7,28,16,37,4,159,546,,,,15.0,,,6.0,,,,7.0,2.0,,3.0,,,,,,,25027.0,33.0,126.0
250277303001,4,135,16,18,4,122,8,19,15,10,351,511,,,,,864.0,4.0,34.0,,1.0,22.0,2.0,72.0,151.0,,,13.0,,42.0,5.0,,25027.0,1210.0,-859.0
250277303002,40,479,33,3,4,198,3,25,33,41,859,729,,,,56.0,4.0,36.0,70.0,,4.0,31.0,,2.0,,6.0,1033.0,144.0,,183.0,37.0,1.0,25027.0,1607.0,-748.0
250277303003,3,32,1,0,1,0,0,1,5,6,49,498,,,,,,,,,,,,,,,,5.0,,,,,25027.0,5.0,44.0
250277303004,15,35,1,0,0,1,0,0,3,3,58,379,,,,5.0,,,,4.0,,,,1.0,,,,7.0,,,,,25027.0,17.0,41.0
250277303005,4,66,1,2,2,39,1,73,6,12,206,307,,,,9.0,,,,4.0,,,4.0,48.0,,9.0,,141.0,,,,,25027.0,215.0,-9.0
250277304011,0,150,3,6,0,32,2,4,6,7,210,523,,,,,,,29.0,,,,,,,,,1.0,,,,,25027.0,30.0,180.0
250277304012,56,1038,1204,3,15,36,24,27,97,41,2541,524,,,,46.0,4.0,23.0,86.0,5.0,296.0,1898.0,1.0,9.0,,85.0,,301.0,34.0,47.0,1.0,,25027.0,2836.0,-295.0
250277304013,4,33,15,0,5,2,0,1,8,2,70,796,,,,,,,142.0,,6.0,5.0,10.0,9.0,,,,55.0,,46.0,5.0,,25027.0,278.0,-208.0
250277304014,8,54,5,2,5,211,0,9,10,12,316,621,,,,,,,67.0,,,,,,,,,66.0,,61.0,7.0,,25027.0,201.0,115.0
250277304021,1,248,7,1,3,21,81,18,69,128,577,492,,,,,86.0,1.0,,270.0,1.0,9.0,34.0,34.0,,36.0,40.0,71.0,,,7.0,,25027.0,589.0,-12.0
250277304022,2,381,0,0,0,30,0,2,4,12,431,331,,,,5.0,,4.0,56.0,7.0,,,,2.0,,3.0,8.0,59.0,,10.0,,,25027.0,154.0,277.0
250277305001,3,343,24,2,0,42,138,16,23,12,603,454,,,,,23.0,,40.0,,,8.0,3.0,,,106.0,,208.0,,7.0,11.0,,25027.0,406.0,197.0
250277305002,272,693,246,126,2,892,186,348,171,537,3473,531,,,,342.0,502.0,91.0,726.0,24.0,59.0,30.0,4.0,128.0,86.0,128.0,28.0,490.0,29.0,127.0,49.0,79.0,25027.0,2922.0,551.0
250277305003,41,1878,83,408,4,706,111,148,374,94,3847,1166,,,,59.0,244.0,173.0,301.0,,6.0,135.0,10.0,116.0,60.0,271.0,45.0,864.0,81.0,274.0,158.0,131.0,25027.0,2928.0,919.0
250277306001,34,233,8,5,5,73,10,2,22,24,416,1267,,,,8.0,,2.0,,11.0,,,6.0,5.0,,23.0,,151.0,,,4.0,,25027.0,210.0,206.0
250277306002,5,71,5,2,1,8,0,13,59,7,171,473,,,,1.0,,,8.0,,,,,8.0,,44.0,,8.0,,6.0,257.0,,25027.0,332.0,-161.0
250277306003,10,135,2,1,1,14,2,0,8,6,179,422,,,,2.0,,,,,,4.0,,1.0,,1.0,,11.0,,,3.0,,25027.0,22.0,157.0
250277306004,4,742,6,3,15,58,1,4,9,8,850,414,,,,1.0,,,1.0,,,,,4.0,1.0,,537.0,118.0,2.0,230.0,,,25027.0,894.0,-44.0
250277306005,7,402,147,8,1,81,1,16,37,132,832,633,,,,6.0,,,16.0,,,117.0,13.0,20.0,2.0,2.0,42.0,254.0,12.0,28.0,4.0,3.0,25027.0,519.0,313.0
250277307001,40,544,3,5,7,23,3,83,8,11,727,638,,,,42.0,,1.0,,2.0,,,1.0,3.0,,,,557.0,,14.0,187.0,,25027.0,807.0,-80.0
250277307002,16,50,4,4,0,29,3,2,7,14,129,357,,,,,,,,,,7.0,,,,1.0,,1.0,,,,,25027.0,9.0,120.0
250277307003,6,61,0,1,1,22,5,0,1,6,103,348,,,,,,,,,,,,,,,,3.0,3.0,,,,25027.0,6.0,97.0
250277307004,6,80,36,28,5,165,3,20,98,44,485,432,,,,3.0,9.0,2.0,70.0,1028.0,,12.0,11.0,7.0,20.0,20.0,26.0,16.0,43.0,154.0,28.0,,25027.0,1449.0,-964.0
250277307005,7,69,2,2,2,11,0,0,11,5,109,322,,,,,,,,,,,,2.0,,9.0,,12.0,,1.0,,,25027.0,24.0,85.0
250277307006,6,114,11,3,2,33,0,13,10,9,201,862,,,,4.0,,5.0,22.0,1.0,,7.0,3.0,11.0,,,,9.0,,,12.0,,25027.0,74.0,127.0
250277308011,0,56,3,2,6,11,0,8,16,5,107,457,,,,,,9.0,,,,,,3.0,,3.0,,18.0,,,5.0,,25027.0,38.0,69.0
250277308012,10,105,7,2,2,31,4,40,34,14,249,828,,,,7.0,,,,,77.0,,4.0,10.0,,2.0,,22.0,,,3.0,,25027.0,125.0,124.0
250277308013,6,101,4,2,5,26,5,11,7,4,171,358,,,,,,4.0,,,,,2.0,,,,26.0,24.0,,,8.0,,25027.0,64.0,107.0
250277308021,11,27,1,1,1,2,0,5,14,12,74,358,,,,,,1.0,1.0,,,4.0,,,,,,22.0,,24.0,3.0,,25027.0,55.0,19.0
250277308022,24,322,77,1,0,63,1,44,41,38,611,550,,,,,,5.0,46.0,,,38.0,1.0,5.0,6.0,6.0,,36.0,,89.0,41.0,,25027.0,273.0,338.0
250277309011,2,80,1,0,0,9,0,3,2,3,100,350,,,,1.0,,,,32.0,,,,1.0,,2.0,,31.0,,20.0,,,25027.0,87.0,13.0
250277309012,6,123,0,1,0,22,0,20,13,9,194,594,,,,,,,8.0,,,,2.0,2.0,,5.0,,32.0,,9.0,4.0,,25027.0,62.0,132.0
250277309013,2,153,3,2,1,7,1,5,5,5,184,603,,,,,,,,,,2.0,,2.0,,,,136.0,,,1.0,,25027.0,141.0,43.0
250277309021,0,620,213,0,8,8,1,4,8,0,862,336,,,,,,,4.0,,,,,2.0,,3.0,884.0,10.0,,122.0,,,25027.0,1025.0,-163.0
250277309022,1,37,1,3,1,19,1,0,9,13,85,373,,,,1.0,,,21.0,,,,,,,,,27.0,,13.0,6.0,,25027.0,68.0,17.0
250277309023,1,203,4,1,4,12,0,25,52,7,309,470,,,,2.0,,4.0,,,,4.0,3.0,3.0,,,,17.0,,,6.0,,25027.0,39.0,270.0
250277310011,10,462,7,10,6,88,463,2,75,754,1877,921,,,,,384.0,29.0,,28.0,,,,2.0,,98.0,,114.0,,13.0,3.0,,25027.0,671.0,1206.0
250277310021,11,70,13,0,0,89,0,5,14,4,206,380,,,,12.0,,,9.0,,,1.0,10.0,2.0,,31.0,,9.0,6.0,89.0,7.0,,25027.0,176.0,30.0
250277310022,5,283,6,2,0,53,5,5,39,29,427,957,,,,4.0,,,25.0,,,4.0,,48.0,,16.0,4.0,45.0,3.0,27.0,12.0,,25027.0,188.0,239.0
250277310023,22,268,11,4,1,88,2,6,6,32,440,1001,,,,4.0,,21.0,39.0,,,,,1.0,,30.0,,261.0,,2.0,6.0,,25027.0,364.0,76.0
250277310024,2,129,0,1,1,6,5,11,18,5,178,349,,,,2.0,,,24.0,,,,,,,,,49.0,,,15.0,2.0,25027.0,92.0,86.0
250277311011,17,94,3,1,1,59,3,9,11,3,201,325,,,,5.0,,,57.0,,1.0,3.0,1.0,,,,,57.0,,83.0,12.0,,25027.0,219.0,-18.0
250277311012,5,99,5,0,0,8,0,12,8,5,142,354,,,,,,,,10.0,,13.0,,1.0,,3.0,,51.0,,20.0,1.0,,25027.0,99.0,43.0
250277311013,10,516,13,2,1,11,1,7,6,3,570,427,,,,8.0,,,,,,,8.0,,2.0,,,487.0,,7.0,4.0,,25027.0,516.0,54.0
250277311014,4,178,2,13,2,5,1,0,7,7,219,610,,,,,,,,,,,,,,,,27.0,,2.0,3.0,,25027.0,32.0,187.0
250277311021,1,57,6,1,17,29,10,0,8,15,144,376,,,,3.0,,,5.0,2.0,12.0,3.0,,4.0,,1.0,,30.0,,,61.0,,25027.0,121.0,23.0
250277311022,45,192,3,0,6,158,0,4,7,13,428,420,,,,83.0,,,142.0,,,,7.0,2.0,74.0,3.0,,69.0,2.0,55.0,40.0,,25027.0,477.0,-49.0
250277311023,46,255,13,0,7,25,2,10,11,39,408,356,,,,40.0,3.0,,38.0,,1.0,,,4.0,,,,50.0,,61.0,14.0,,25027.0,211.0,197.0
250277312021,0,583,0,0,11,95,0,0,96,4,789,8,,,,,,,10.0,,1.0,,,,,,1454.0,,,97.0,,,25027.0,1562.0,-773.0
250277312031,12,283,18,0,0,132,0,24,22,14,505,812,,,,,,6.0,122.0,,,16.0,4.0,8.0,,,15.0,251.0,,66.0,41.0,,25027.0,529.0,-24.0
250277312032,3,75,0,0,9,47,0,0,10,3,147,454,,,,7.0,32.0,,10.0,,11.0,,,6.0,,,,12.0,,76.0,2.0,,25027.0,156.0,-9.0
250277312033,1,84,8,0,6,27,0,13,5,5,149,481,,,,,,,27.0,,,6.0,,,,,,40.0,,12.0,5.0,,25027.0,90.0,59.0
250277312034,0,266,5,0,1,23,0,19,3,2,319,415,,,,3.0,,7.0,24.0,,2.0,1.0,5.0,1.0,,130.0,,15.0,,22.0,8.0,,25027.0,218.0,101.0
250277312041,7,244,6,1,0,159,24,6,62,3,512,508,,,,43.0,4.0,,41.0,,,,3.0,2.0,,8.0,,41.0,4.0,63.0,2.0,,25027.0,211.0,301.0
250277312042,0,195,0,0,0,52,0,3,1,6,257,383,,,,,,,15.0,,,,,,,1.0,,16.0,,80.0,10.0,,25027.0,122.0,135.0
250277313001,2,96,2,0,0,6,0,1,2,7,116,463,,,,,,,,,,,12.0,,,3.0,,25.0,,8.0,,,25027.0,48.0,68.0
250277313002,54,213,3,45,3,43,15,16,11,11,414,416,,,,,3.0,18.0,24.0,17.0,,,,2.0,12.0,20.0,,207.0,,19.0,56.0,,25027.0,378.0,36.0
250277313003,8,137,6,2,1,38,87,31,46,76,432,717,,,,16.0,82.0,8.0,13.0,,6.0,,,9.0,,11.0,,35.0,,15.0,17.0,,25027.0,212.0,220.0
250277314001,2,439,7,2,3,4,0,11,8,6,482,491,,,,,2.0,,6.0,,,11.0,5.0,,,5.0,,57.0,,,110.0,,25027.0,196.0,286.0
250277314002,0,120,4,0,0,59,0,2,6,14,205,316,,,,,,8.0,1.0,,,,4.0,,,,,27.0,,10.0,8.0,,25027.0,58.0,147.0
250277314003,0,226,2,0,2,30,1,11,2,34,308,344,,,,1.0,,,1.0,4.0,2.0,,2.0,,,6.0,,166.0,,,25.0,,25027.0,207.0,101.0
250277314004,28,1309,15,0,1,9,1,20,6,33,1422,401,,,,39.0,20.0,6.0,3.0,9.0,,,,1.0,,,,1673.0,,2.0,11.0,,25027.0,1764.0,-342.0
250277314005,10,125,8,0,3,151,7,12,54,8,378,245,,,,13.0,,2.0,106.0,,,7.0,,11.0,,41.0,,13.0,,134.0,4.0,,25027.0,331.0,47.0
250277315001,0,278,4,1,0,24,0,11,3,6,327,321,,,,,,,10.0,,,,11.0,3.0,4.0,2.0,3603.0,81.0,,26.0,8.0,,25027.0,3748.0,-3421.0
250277315002,3,55,10,0,0,14,0,0,0,2,84,503,,,,,,,,,,,,1.0,,,,69.0,,6.0,1.0,,25027.0,77.0,7.0
250277315003,2,240,2,0,1,48,5,7,17,5,327,457,,,,9.0,,,29.0,,,,,,,,,95.0,,9.0,2.0,,25027.0,144.0,183.0
250277315004,3,73,3,0,0,29,0,16,3,15,142,278,,,,,,,32.0,7.0,,3.0,,,,1.0,,20.0,,,2.0,,25027.0,65.0,77.0
250277315005,163,464,62,26,0,146,8,0,152,23,1044,586,,,,117.0,4.0,42.0,82.0,1.0,2.0,42.0,33.0,85.0,,97.0,4.0,305.0,,156.0,69.0,,25027.0,1039.0,5.0
250277316001,12,177,62,55,6,51,0,14,31,9,417,398,,,,4.0,,1.0,35.0,13.0,,78.0,2.0,33.0,,16.0,,154.0,148.0,39.0,8.0,,25027.0,531.0,-114.0
250277316002,0,87,18,0,40,1,1,0,13,0,160,426,,,,,,,,,,17.0,4.0,,,39.0,7.0,53.0,,,1.0,,25027.0,121.0,39.0
250277316003,32,546,277,0,19,16,18,20,121,23,1072,637,,,,,,11.0,,,156.0,2.0,7.0,53.0,,471.0,,190.0,,,36.0,399.0,25027.0,1325.0,-253.0
250277316004,2,418,19,2,0,144,1,5,38,6,635,513,,,,,,,200.0,,,6.0,19.0,14.0,,,80.0,216.0,2.0,1.0,,,25027.0,538.0,97.0
250277316005,1,281,1,0,0,87,0,13,11,4,398,443,,,,,,,17.0,,,,,1.0,,,,11.0,,147.0,,,25027.0,176.0,222.0
250277316006,1,116,0,1,17,75,0,3,21,8,242,300,,,,,,,16.0,,,,4.0,,,7.0,1410.0,3.0,,264.0,11.0,,25027.0,1715.0,-1473.0
250277317001,211,11351,1706,1467,515,859,37,882,12891,365,30284,1885,,,,57.0,25.0,17.0,135.0,46.0,49.0,2285.0,113.0,1536.0,438.0,508.0,380.0,5887.0,460.0,652.0,161.0,1909.0,25027.0,14658.0,15626.0
250277317002,3,297,41,47,74,94,31,6,44,33,670,769,,,,11.0,26.0,21.0,112.0,38.0,134.0,39.0,11.0,5.0,,215.0,20.0,252.0,5.0,27.0,203.0,117.0,25027.0,1236.0,-566.0
250277318001,3,111,8,2,2,57,5,9,20,6,223,420,,,,6.0,,,7.0,,,1.0,,2.0,,65.0,,115.0,,27.0,29.0,,25027.0,252.0,-29.0
250277318002,4,306,27,16,3,175,4,8,14,25,582,482,,,,31.0,20.0,6.0,17.0,,19.0,4.0,9.0,4.0,,31.0,112.0,30.0,1.0,168.0,2.0,,25027.0,454.0,128.0
250277318003,4,85,30,0,0,8,0,0,2,2,131,609,,,,1.0,,,2.0,,,,,,,,,74.0,,36.0,,174.0,25027.0,287.0,-156.0
250277318004,2,308,1,1,2,26,4,1,15,15,375,426,,,,,2.0,1.0,18.0,,,,,5.0,,,,69.0,,4.0,1.0,,25027.0,100.0,275.0
250277318005,0,63,0,0,0,2,0,2,0,2,69,284,,,,,,,,,,,,,,,,14.0,,,,,25027.0,14.0,55.0
250277318006,88,430,54,29,7,342,108,63,387,206,1714,914,,,,361.0,79.0,74.0,98.0,6.0,21.0,61.0,13.0,143.0,19.0,225.0,19.0,307.0,14.0,668.0,96.0,,25027.0,2204.0,-490.0
250277319001,5,5447,3,0,1,26,6,5,31,210,5734,508,,,,391.0,219.0,75.0,89.0,,5.0,,,,,76.0,26.0,11954.0,,24.0,6.0,,25027.0,12865.0,-7131.0
250277319002,2,135,6,0,0,9,0,6,61,7,226,561,,,,,,,4.0,1.0,,,,22.0,,6.0,,136.0,,4.0,2.0,,25027.0,175.0,51.0
250277319003,1,554,1,1,0,9,0,13,11,5,595,323,,,,,,,,,,,,,,2.0,,457.0,,,,,25027.0,459.0,136.0
250277319004,3,122,8,0,7,10,1,3,8,11,173,1059,,,,1.0,,,1.0,1.0,,,,,,,,101.0,,,1.0,,25027.0,105.0,68.0
250277320011,8,338,11,1,3,10,831,31,23,13,1269,1267,,,,6.0,305.0,20.0,14.0,,,,10.0,,,,,137.0,,,4.0,,25027.0,496.0,773.0
250277320021,7,467,16,24,7,844,84,22,17,44,1532,687,,,,250.0,117.0,63.0,803.0,,11.0,5.0,19.0,25.0,73.0,91.0,,1318.0,4.0,257.0,13.0,,25027.0,3049.0,-1517.0
250277320022,8,764,4,1,0,106,3,20,26,46,978,1374,,,,,,,33.0,2.0,,2.0,,2.0,92.0,,,634.0,,23.0,,,25027.0,788.0,190.0
250277320023,250,2316,14,410,1,233,46,23,119,73,3485,181,,,,5.0,,69.0,10.0,,83.0,17.0,33.0,1080.0,,,5755.0,1781.0,122.0,202.0,62.0,196.0,25027.0,9415.0,-5930.0
250277322011,0,69,8,2,1,45,0,14,46,5,190,498,,,,6.0,,,154.0,,,2.0,11.0,10.0,,44.0,,39.0,,60.0,38.0,,25027.0,364.0,-174.0
250277322012,12,134,20,2,1,60,1,13,30,16,289,1058,,,,2.0,,,9.0,2.0,,7.0,7.0,4.0,,589.0,,114.0,23.0,25.0,13.0,4.0,25027.0,799.0,-510.0
250277322021,18,436,11,0,1,52,0,3,32,22,575,508,,,,,49.0,2.0,,,2.0,12.0,,6.0,,,,49.0,62.0,,,,25027.0,182.0,393.0
250277322022,4,79,2,2,0,10,0,1,5,4,107,453,,,,,,,,,2.0,,,,,,,17.0,,2.0,3.0,,25027.0,24.0,83.0
250277322023,5,102,2,0,1,15,0,5,7,7,144,552,,,,2.0,,,4.0,,,2.0,,,,,1.0,15.0,,3.0,6.0,,25027.0,33.0,111.0
250277322031,7,32,0,1,0,16,0,23,16,14,109,556,,,,31.0,,,,,,,8.0,,,,,,,7.0,12.0,,25027.0,58.0,51.0
250277322032,6,352,1,1,1,33,8,6,4,15,427,474,,,,5.0,,,,,,,,,,37.0,,249.0,,26.0,9.0,,25027.0,326.0,101.0
250277322033,1,585,39,0,9,116,385,35,19,30,1219,457,,,,5.0,263.0,15.0,58.0,57.0,,,,3.0,,,,144.0,,98.0,38.0,,25027.0,681.0,538.0
250277323011,19,134,27,2,15,236,0,38,49,71,591,1068,,,,12.0,,,368.0,11.0,9.0,39.0,3.0,14.0,,47.0,,21.0,15.0,135.0,17.0,,25027.0,691.0,-100.0
250277323012,22,231,20,3,3,264,15,32,12,16,618,618,,,,,,2.0,215.0,,,11.0,3.0,,,,,27.0,,131.0,23.0,,25027.0,412.0,206.0
250277323013,12,66,3,0,2,7,14,2,25,16,147,444,,,,2.0,,,,,,,,,,,,6.0,,,,,25027.0,8.0,139.0
250277323021,8,144,2,0,0,21,2,7,6,5,195,1089,,,,7.0,,,3.0,,,1.0,,1.0,,1.0,,23.0,,30.0,2.0,,25027.0,68.0,127.0
250277323022,9,114,7,0,0,58,0,10,10,13,221,745,,,,6.0,,,59.0,,,,,3.0,,,,17.0,,,,,25027.0,85.0,136.0
250277324001,2,176,7,0,0,19,3,2,6,5,220,466,,,,,,,,1.0,,,,,,,,19.0,,,2.0,,25027.0,22.0,198.0
250277324002,2,870,0,115,0,17,0,0,7,8,1019,485,,,,,,,6.0,,,,,,,44.0,,494.0,,,2.0,214.0,25027.0,760.0,259.0
250277324003,4,82,0,0,0,15,1,9,1,6,118,367,,,,,,,3.0,1.0,,,1.0,,,1.0,,94.0,,2.0,12.0,,25027.0,114.0,4.0
250277324004,1,143,0,0,0,2,0,1,7,3,157,354,,,,1.0,,,,,,,,,,,,17.0,,3.0,,,25027.0,21.0,136.0
250277324005,5,97,0,0,1,20,0,3,0,15,141,291,,,,,,,37.0,3.0,,,,,,4.0,,12.0,,,,,25027.0,56.0,85.0
250277324006,2,239,0,0,1,20,5,6,14,3,290,459,,,,,,,27.0,,,,,42.0,,,216.0,49.0,,66.0,14.0,,25027.0,414.0,-124.0
250277325001,213,1074,61,2,38,478,178,198,160,185,2587,638,,,,87.0,270.0,93.0,130.0,21.0,,14.0,27.0,13.0,,35.0,11.0,467.0,,430.0,290.0,,25027.0,1888.0,699.0
250277325002,38,144,0,53,0,50,48,18,5,42,398,477,,,99.0,32.0,,8.0,60.0,6.0,,,,1.0,,47.0,,23.0,,19.0,8.0,,25027.0,303.0,95.0
250277326001,11,114,4,0,0,12,1,4,15,4,165,521,,,,13.0,,,,1.0,,,,3.0,,,,33.0,,2.0,,,25027.0,52.0,113.0
250277326002,0,46,0,0,1,9,0,9,2,0,67,445,,,,,,,,,,,,,,2.0,,21.0,,,,,25027.0,23.0,44.0
250277326003,5,61,0,0,0,4,0,4,10,4,88,337,,,,4.0,,,6.0,,,,,4.0,,,,25.0,,,2.0,,25027.0,41.0,47.0
250277326004,1,63,0,0,0,1,0,0,0,6,71,306,,,,,,,,,,,,,,,,7.0,,,19.0,,25027.0,26.0,45.0
250277326005,1,108,1,1,0,9,0,0,7,13,140,330,,,,,,,10.0,,,,,1.0,,,,7.0,,4.0,,,25027.0,22.0,118.0
250277327001,4,118,2,0,0,1,0,3,0,1,129,534,,,,,,,2.0,,,,,,,,,152.0,,,,,25027.0,154.0,-25.0
250277327002,5,190,0,29,0,3,1,6,9,44,287,392,,,,,,,8.0,,,,,,,,,200.0,,7.0,,,25027.0,215.0,72.0
250277327003,4,128,3,0,0,14,0,1,107,6,263,570,,,,1.0,,3.0,16.0,,,,,,,,,34.0,,,,,25027.0,54.0,209.0
250277327004,1,100,3,0,0,24,19,17,27,4,195,425,,,,,16.0,66.0,1.0,,,,1.0,,,,,19.0,,,3.0,,25027.0,106.0,89.0
250277328011,180,171,36,2,7,278,53,23,129,297,1176,1060,,,,239.0,53.0,127.0,86.0,161.0,,18.0,30.0,68.0,,231.0,,44.0,,191.0,63.0,,25027.0,1311.0,-135.0
250277328012,12,111,12,2,0,25,3,1,28,20,214,1537,,,2.0,34.0,,,,,,14.0,8.0,2.0,,9.0,,24.0,,7.0,7.0,,25027.0,107.0,107.0
250277328021,49,284,14,1,1,103,60,55,29,96,692,1007,,,31.0,44.0,62.0,30.0,90.0,1.0,,3.0,33.0,5.0,,,,215.0,,,110.0,,25027.0,624.0,68.0
250277328022,18,217,11,2,1,41,30,18,9,36,383,572,,,,21.0,,,13.0,38.0,,4.0,11.0,1.0,,,,6.0,,24.0,11.0,,25027.0,129.0,254.0
250277328023,2,56,0,0,0,38,1,1,3,2,103,391,,,,,,,,,,,,1.0,,3.0,,19.0,,1.0,,,25027.0,24.0,79.0
250277329011,293,292,65,3,18,920,170,130,83,273,2247,550,,,,298.0,169.0,124.0,689.0,149.0,1.0,20.0,6.0,55.0,154.0,141.0,57.0,110.0,,65.0,162.0,,25027.0,2200.0,47.0
250277329012,15,83,2,0,0,17,0,18,34,12,181,1115,,,,,,7.0,2.0,,,2.0,4.0,,,22.0,,33.0,,,4.0,,25027.0,74.0,107.0
250277329013,7,120,2,0,0,22,0,4,7,1,163,473,,,,,,,13.0,,,,,,,4.0,,8.0,,4.0,,,25027.0,29.0,134.0
250277329014,19,192,7,3,3,159,406,4,16,122,931,629,,,291.0,,671.0,22.0,1.0,1.0,,,,4.0,15.0,10.0,,12.0,,7.0,1.0,,25027.0,1035.0,-104.0
250277329015,0,40,8,0,0,1,9,0,1,2,61,371,,,,,8.0,,,,,,,,,,,33.0,,,,,25027.0,41.0,20.0
250277329021,10,1227,0,1,3,53,1,0,29,24,1348,156,,,,,,,,,,,,,,,1060.0,,,54.0,,,25027.0,1114.0,234.0
250277330001,26,190,12,0,4,157,103,27,11,126,656,301,,,,31.0,92.0,141.0,293.0,173.0,,23.0,,,,18.0,6.0,7.0,,63.0,11.0,,25027.0,858.0,-202.0
250277330002,51,332,8,1,4,291,44,26,30,72,859,783,,,,29.0,45.0,29.0,164.0,27.0,,,,,,2.0,28.0,37.0,,23.0,6.0,,25027.0,390.0,469.0
250277330003,21,472,6,0,2,37,6,44,64,114,766,561,,,,97.0,4.0,91.0,43.0,33.0,,6.0,,19.0,,,,99.0,,8.0,51.0,,25027.0,451.0,315.0
250277331011,41,653,15,14,0,222,38,53,51,374,1461,1174,,,,19.0,50.0,118.0,10.0,,,,,6.0,,,5.0,1110.0,,26.0,8.0,,25027.0,1352.0,109.0
250277331012,31,166,14,4,5,83,74,7,127,58,569,552,,,,25.0,10.0,40.0,18.0,,7.0,1.0,22.0,7.0,,58.0,330.0,60.0,,30.0,3.0,,25027.0,611.0,-42.0
250277331021,55,178,29,13,17,373,44,27,98,10,844,367,,,,46.0,16.0,17.0,302.0,,3.0,23.0,18.0,50.0,,292.0,1.0,227.0,9.0,89.0,26.0,,25027.0,1119.0,-275.0
250277331022,15,116,10,2,2,91,49,25,29,54,393,664,,,,22.0,46.0,11.0,51.0,1.0,13.0,,,1.0,,2.0,,13.0,2.0,1.0,25.0,,25027.0,188.0,205.0
250277351001,28,143,4,28,0,36,3,6,22,16,286,343,,,,29.0,,,32.0,1.0,12.0,9.0,,15.0,,,822.0,73.0,33.0,44.0,4.0,65.0,25027.0,1139.0,-853.0
250277351002,35,57,1,1,4,8,5,9,16,32,168,514,,,,21.0,,91.0,,,,,,11.0,,2.0,,3.0,,,19.0,,25027.0,147.0,21.0
250277351003,47,175,11,9,9,256,12,25,26,35,605,1068,,,,30.0,10.0,3.0,369.0,,1.0,14.0,,10.0,,1.0,220.0,42.0,16.0,1.0,10.0,,25027.0,727.0,-122.0
250277351004,29,102,6,28,1,44,16,18,67,33,344,829,,,9.0,37.0,,,,35.0,,12.0,,2.0,,69.0,,25.0,,95.0,1.0,8.0,25027.0,293.0,51.0
250277352001,31,272,2,4,6,53,3,4,17,26,418,571,,,,,4.0,7.0,12.0,,,9.0,,8.0,,24.0,69.0,,6.0,63.0,14.0,,25027.0,216.0,202.0
250277352002,12,89,2,3,3,11,14,10,6,34,184,396,,,,1.0,32.0,3.0,8.0,,,,13.0,,,,47.0,50.0,,,5.0,,25027.0,159.0,25.0
250277352003,29,105,1,3,6,40,8,30,4,28,254,534,14.0,,,18.0,7.0,9.0,4.0,,,,,7.0,,8.0,,25.0,,10.0,25.0,,25027.0,127.0,127.0
250277352004,22,123,11,2,6,300,4,49,11,77,605,361,,,,9.0,,8.0,4.0,,,,,,,,3.0,287.0,,7.0,10.0,,25027.0,328.0,277.0
250277361001,24,223,25,8,4,390,1,23,158,110,966,431,,,,46.0,,74.0,192.0,47.0,2.0,147.0,,88.0,,152.0,,121.0,6.0,222.0,10.0,8.0,25027.0,1115.0,-149.0
250277361002,19,37,6,2,13,294,15,6,13,11,416,446,,,,20.0,,2.0,431.0,1.0,,,4.0,,,,,1.0,,,1.0,,25027.0,460.0,-44.0
250277361003,27,433,27,1,50,329,3,23,149,92,1134,295,,,,,,60.0,159.0,,,26.0,10.0,36.0,32.0,130.0,375.0,242.0,,317.0,62.0,,25027.0,1449.0,-315.0
250277362001,12,46,2,0,0,7,0,4,10,5,86,390,,,,14.0,,,,,,8.0,,,,,11.0,,,,,,25027.0,33.0,53.0
250277362002,14,62,3,26,0,9,8,14,6,8,150,644,,,,4.0,,,,,,,,1.0,,,,40.0,,,,68.0,25027.0,113.0,37.0
250277362003,15,33,4,7,1,18,1,16,8,25,128,619,,,,19.0,,,11.0,4.0,,,1.0,7.0,,3.0,,7.0,,4.0,3.0,,25027.0,59.0,69.0
250277363001,106,381,40,7,10,853,522,40,82,350,2391,544,,,,320.0,193.0,1120.0,388.0,4.0,,73.0,,8.0,3.0,153.0,,94.0,,343.0,49.0,,25027.0,2748.0,-357.0
250277363002,9,119,13,3,2,42,1,9,27,5,230,319,,,,1.0,,,3.0,,,4.0,1.0,14.0,,,13.0,4.0,21.0,,19.0,,25027.0,80.0,150.0
250277363003,12,58,0,4,0,7,0,8,55,10,154,330,,,,38.0,,,9.0,,,,,3.0,,,,20.0,,10.0,,,25027.0,80.0,74.0
250277364001,6,15,0,2,1,6,0,6,12,19,67,297,,,2.0,1.0,,,,,,,,,,5.0,,6.0,,,,,25027.0,14.0,53.0
250277364002,45,153,8,10,0,26,42,19,16,36,355,734,,,,34.0,25.0,39.0,5.0,1.0,,3.0,,17.0,,2.0,12.0,72.0,,,7.0,,25027.0,217.0,138.0
250277364003,138,121,1,5,1,61,1,4,12,57,401,350,,,,154.0,19.0,2.0,11.0,37.0,,9.0,,8.0,,9.0,,13.0,21.0,,27.0,,25027.0,310.0,91.0
250277365001,30,86,21,0,4,22,1,14,42,17,237,303,,,,61.0,,4.0,17.0,,8.0,20.0,,11.0,,12.0,,95.0,,7.0,4.0,,25027.0,239.0,-2.0
250277365002,20,175,35,12,5,146,229,48,32,72,774,305,,,,390.0,165.0,251.0,75.0,43.0,,,52.0,42.0,,,,292.0,40.0,34.0,49.0,,25027.0,1433.0,-659.0
250277365003,22,87,22,6,0,124,62,39,54,26,442,533,,,,16.0,,7.0,346.0,9.0,13.0,5.0,50.0,5.0,49.0,19.0,,173.0,,15.0,75.0,,25027.0,782.0,-340.0
250277365004,450,145,50,65,29,35,3,41,34,20,872,568,,,10.0,,,,679.0,,8.0,51.0,13.0,6.0,,9.0,13.0,20.0,20.0,99.0,53.0,100.0,25027.0,1081.0,-209.0
250277365005,39,226,22,13,2,96,177,32,31,206,844,571,,,,15.0,148.0,216.0,11.0,164.0,,,27.0,47.0,,54.0,16.0,24.0,,,32.0,,25027.0,754.0,90.0
250277371001,17,29,1,4,4,15,3,5,15,18,111,348,,,,17.0,,,8.0,,,,14.0,,,,,2.0,,,,,25027.0,41.0,70.0
250277371002,70,39,1,2,0,12,132,2,26,33,317,537,,,,,90.0,71.0,28.0,64.0,,6.0,3.0,,,,,8.0,,,9.0,,25027.0,279.0,38.0
250277371003,119,563,44,46,96,1135,20,36,85,115,2259,836,,,,96.0,54.0,36.0,1068.0,44.0,146.0,,2.0,45.0,,90.0,11.0,14.0,,588.0,61.0,,25027.0,2255.0,4.0
250277371004,11,43,6,5,5,9,25,19,7,41,171,718,,,,9.0,48.0,8.0,2.0,,,,,5.0,,,,20.0,,,4.0,,25027.0,96.0,75.0
250277372001,135,60,2,0,0,46,83,10,22,12,370,437,,,,63.0,97.0,4.0,65.0,15.0,,47.0,3.0,11.0,,19.0,,15.0,,27.0,12.0,,25027.0,378.0,-8.0
250277372002,22,124,36,102,12,159,38,29,23,34,579,538,,,9.0,46.0,6.0,6.0,239.0,,14.0,63.0,,,,25.0,14.0,65.0,,69.0,,243.0,25027.0,799.0,-220.0
250277373001,5,30,2,8,7,22,2,11,16,35,138,668,,,,10.0,,,7.0,,,,,,,6.0,,15.0,,5.0,8.0,69.0,25027.0,120.0,18.0
250277373002,16,40,0,2,3,11,32,11,51,69,235,593,,,,19.0,53.0,3.0,,54.0,,1.0,,29.0,,3.0,,7.0,,,7.0,,25027.0,176.0,59.0
250277373003,31,245,2,20,7,21,23,11,14,54,428,703,3.0,,,28.0,98.0,15.0,13.0,,,,,2.0,,10.0,1.0,262.0,,1.0,31.0,,25027.0,464.0,-36.0
250277373004,32,187,7,37,3,29,50,13,48,91,497,875,,,,94.0,4.0,67.0,96.0,,,,,1.0,,,394.0,75.0,,,40.0,42.0,25027.0,813.0,-316.0
250277381001,4,47,2,0,1,1,0,2,0,9,66,583,,,,7.0,,,,,,,,3.0,,,,5.0,,17.0,,,25027.0,32.0,34.0
250277381002,10,24,12,0,4,14,11,19,4,36,134,580,,,2.0,8.0,17.0,,17.0,2.0,,4.0,,6.0,,10.0,,36.0,,1.0,25.0,,25027.0,128.0,6.0
250277381003,6,24,7,6,1,19,63,3,41,28,198,871,,,,17.0,99.0,13.0,16.0,,,8.0,2.0,8.0,,10.0,15.0,11.0,,1.0,28.0,,25027.0,228.0,-30.0
250277382011,21,107,4,5,4,20,1,8,6,11,187,853,,,,,,3.0,,,4.0,40.0,3.0,17.0,,3.0,,2.0,,,,,25027.0,72.0,115.0
250277382012,34,248,5,65,6,43,5,13,5,29,453,936,7.0,,,27.0,,11.0,134.0,,7.0,7.0,,1.0,,,503.0,,76.0,18.0,20.0,159.0,25027.0,970.0,-517.0
250277382021,26,320,13,46,19,114,24,33,14,27,636,1638,19.0,,,13.0,6.0,1.0,15.0,,5.0,,3.0,22.0,,28.0,41.0,22.0,25.0,35.0,21.0,,25027.0,256.0,380.0
250277382022,34,121,9,16,10,171,11,28,86,38,524,1194,,1.0,,99.0,,13.0,63.0,,42.0,55.0,,3.0,4.0,45.0,21.0,80.0,,100.0,9.0,23.0,25027.0,558.0,-34.0
250277391001,38,55,7,18,9,86,5,41,90,60,409,710,,,,37.0,,57.0,49.0,1290.0,,,,55.0,10.0,9.0,3.0,7.0,,37.0,38.0,,25027.0,1592.0,-1183.0
250277391002,48,184,6,1,9,30,23,17,36,42,396,478,,,,69.0,,25.0,8.0,47.0,,,1.0,40.0,,10.0,28.0,13.0,,,9.0,,25027.0,250.0,146.0
250277391003,39,132,12,15,19,245,26,33,49,71,641,916,,,,19.0,49.0,20.0,252.0,5.0,,3.0,3.0,3.0,,24.0,10.0,76.0,,79.0,16.0,,25027.0,559.0,82.0
250277391004,73,65,95,4,35,81,87,9,63,155,667,902,,11.0,,16.0,31.0,50.0,12.0,196.0,17.0,,113.0,13.0,2.0,16.0,31.0,110.0,,41.0,29.0,,25027.0,688.0,-21.0
250277391005,151,534,50,12,15,340,924,6,423,599,3054,1044,,,,146.0,100.0,508.0,623.0,953.0,,17.0,43.0,121.0,6.0,130.0,10.0,47.0,16.0,18.0,49.0,,25027.0,2787.0,267.0
250277392001,44,120,6,31,2,193,11,16,147,10,580,653,,,,10.0,,,188.0,2.0,,,,,,,,1631.0,,88.0,5.0,,25027.0,1924.0,-1344.0
250277392002,22,239,37,15,6,54,16,34,57,23,503,860,,,,11.0,4.0,4.0,40.0,1.0,,16.0,18.0,159.0,2.0,11.0,2.0,122.0,,49.0,22.0,,25027.0,461.0,42.0
250277392003,16,137,51,5,14,603,2,16,32,22,898,687,,,,7.0,,28.0,128.0,,26.0,56.0,,17.0,,,55.0,37.0,11.0,294.0,87.0,,25027.0,746.0,152.0
250277392004,14,199,13,8,20,200,2,28,36,20,540,803,,,,,6.0,11.0,78.0,,31.0,,,13.0,,7.0,,90.0,,93.0,36.0,9.0,25027.0,374.0,166.0
250277393001,28,248,18,34,6,112,19,9,32,59,565,753,,,,3.0,,8.0,,19.0,,21.0,,4.0,,12.0,,44.0,,82.0,2.0,,25027.0,195.0,370.0
250277393002,117,451,41,10,27,231,2,87,60,121,1147,1064,,,,14.0,,,260.0,2.0,,26.0,11.0,13.0,6.0,94.0,15.0,353.0,32.0,27.0,32.0,,25027.0,885.0,262.0
250277394001,12,38,48,1,12,81,2,6,9,6,215,505,,,,8.0,,7.0,,,,,,2.0,,,,2.0,12.0,,,,25027.0,31.0,184.0
250277394002,20,140,7,0,19,42,8,48,26,15,325,727,,,,18.0,,3.0,3.0,,,,3.0,28.0,,,,31.0,,,2.0,,25027.0,88.0,237.0
250277394003,21,238,3,8,2,48,56,16,143,7,542,959,,,,2.0,5.0,33.0,43.0,,,108.0,,6.0,,40.0,,324.0,,39.0,18.0,,25027.0,618.0,-76.0
250277394004,12,187,42,7,3,26,2,12,26,6,323,761,,,,,,,,,2.0,,2.0,19.0,,1.0,17.0,4.0,,111.0,4.0,,25027.0,160.0,163.0
250277394005,4,18,10,6,0,25,1,0,6,26,96,603,,,,4.0,17.0,30.0,150.0,,,,8.0,7.0,,,11.0,259.0,27.0,16.0,,,25027.0,529.0,-433.0
250277395001,27,107,28,7,36,64,20,12,22,49,372,1131,,,,,,15.0,8.0,,4.0,,15.0,12.0,1.0,8.0,4.0,29.0,,,4.0,,25027.0,100.0,272.0
250277395002,5,13,0,2,2,6,0,3,10,14,55,292,,,,4.0,,8.0,3.0,,,1.0,,1.0,,,,1.0,,,1.0,,25027.0,19.0,36.0
250277395003,34,510,60,108,14,153,12,107,73,74,1145,1204,,,,6.0,3.0,12.0,36.0,10.0,1.0,12.0,8.0,14.0,,,1.0,136.0,,9.0,30.0,,25027.0,278.0,867.0
250277395004,34,188,6,7,11,47,567,11,17,18,906,622,,25.0,,153.0,320.0,,9.0,,,,2.0,3.0,,2.0,17.0,1.0,,5.0,,,25027.0,537.0,369.0
250277401011,57,135,8,1,11,85,3,7,109,34,450,600,,,,55.0,15.0,9.0,49.0,8.0,7.0,,,90.0,5.0,31.0,29.0,211.0,,183.0,38.0,,25027.0,730.0,-280.0
250277401012,285,911,67,37,21,934,34,36,95,87,2507,1101,,,26.0,165.0,26.0,94.0,1476.0,,288.0,76.0,34.0,105.0,50.0,93.0,17.0,376.0,75.0,199.0,93.0,,25027.0,3193.0,-686.0
250277401013,22,32,3,6,20,44,4,6,44,22,203,743,6.0,,,17.0,,26.0,1.0,1.0,,2.0,1.0,31.0,,,,3.0,,,47.0,,25027.0,135.0,68.0
250277401021,36,87,8,8,22,88,395,19,146,278,1087,1202,,,528.0,87.0,353.0,174.0,113.0,69.0,2.0,,84.0,420.0,,305.0,,28.0,29.0,23.0,81.0,60.0,25027.0,2356.0,-1269.0
250277401022,40,231,57,19,12,88,89,14,91,189,830,691,,,,81.0,144.0,282.0,70.0,848.0,2.0,16.0,5.0,42.0,,31.0,317.0,69.0,,130.0,47.0,24.0,25027.0,2108.0,-1278.0
250277401023,23,45,3,5,2,19,2,10,8,7,124,635,,,,21.0,,,,,,,,2.0,,1.0,,7.0,,,,,25027.0,31.0,93.0
250277402001,13,45,10,74,1,54,13,17,15,13,255,410,,,7.0,4.0,44.0,10.0,43.0,,,26.0,,9.0,,2.0,,77.0,37.0,83.0,10.0,72.0,25027.0,424.0,-169.0
250277402002,21,96,19,0,1,59,2,4,28,14,244,565,,7.0,,16.0,,3.0,8.0,,18.0,2.0,12.0,32.0,,36.0,,46.0,67.0,25.0,15.0,5.0,25027.0,292.0,-48.0
250277402003,12,153,46,4,0,33,1,8,18,9,284,446,,,,,1.0,4.0,27.0,,2.0,22.0,1.0,128.0,,,,83.0,8.0,23.0,14.0,,25027.0,313.0,-29.0
250277411011,36,656,57,9,35,126,34,38,258,83,1332,434,,,,27.0,7.0,135.0,46.0,121.0,19.0,224.0,2.0,461.0,142.0,54.0,979.0,108.0,6.0,123.0,57.0,4.0,25027.0,2515.0,-1183.0
250277411012,24,459,73,0,39,184,23,29,423,151,1405,755,,,,222.0,,26.0,61.0,,1.0,53.0,,195.0,,100.0,2.0,81.0,8.0,43.0,21.0,,25027.0,813.0,592.0
250277411013,26,614,102,71,64,369,4,19,198,29,1496,751,,9.0,,21.0,2.0,18.0,1.0,,32.0,22.0,23.0,20.0,220.0,,175.0,84.0,2.0,50.0,13.0,69.0,25027.0,761.0,735.0
250277411021,19,114,28,29,71,52,153,19,134,33,652,420,,,,47.0,132.0,101.0,9.0,39.0,12.0,,,27.0,,18.0,,19.0,2.0,,8.0,75.0,25027.0,489.0,163.0
250277411022,81,810,208,14,100,287,23,59,301,119,2002,827,,,,43.0,17.0,23.0,48.0,30.0,8.0,20.0,11.0,183.0,,42.0,791.0,253.0,,81.0,16.0,,25027.0,1566.0,436.0
250277411023,15,178,213,8,88,46,12,56,372,71,1059,529,,,369.0,108.0,678.0,324.0,66.0,,1.0,55.0,31.0,544.0,155.0,1.0,33.0,6.0,6.0,3.0,8.0,,25027.0,2388.0,-1329.0
250277411024,13,171,1,2,24,47,4,15,126,11,414,535,,,,5.0,,1.0,7.0,27.0,,,1.0,9.0,2.0,11.0,,31.0,1.0,,1.0,,25027.0,96.0,318.0
250277423001,6,315,65,2,12,279,0,19,212,21,931,439,,,,5.0,,101.0,220.0,,21.0,41.0,4.0,230.0,4.0,102.0,49.0,116.0,41.0,201.0,38.0,,25027.0,1173.0,-242.0
250277423002,4,208,5,1,9,117,4,16,5,4,373,341,,,,12.0,,1.0,,,,,,5.0,,2.0,16.0,33.0,,,3.0,,25027.0,72.0,301.0
250277423003,24,204,1,6,3,7,2,3,21,17,288,320,,,,104.0,7.0,,2.0,,,,,,,,14.0,2.0,,19.0,,,25027.0,148.0,140.0
250277423004,32,165,70,71,14,100,13,36,180,24,705,420,,,,3.0,,5.0,53.0,23.0,43.0,33.0,5.0,126.0,,17.0,613.0,30.0,54.0,65.0,22.0,158.0,25027.0,1250.0,-545.0
250277423005,7,31,4,1,1,84,0,24,14,17,183,369,,,,7.0,11.0,,48.0,,,55.0,,3.0,,,,1.0,2.0,98.0,57.0,,25027.0,282.0,-99.0
250277424011,53,124,21,10,49,51,0,14,20,15,357,1084,,,,20.0,,2.0,5.0,,11.0,3.0,3.0,20.0,2.0,,,17.0,,,8.0,,25027.0,91.0,266.0
250277424012,58,58,3,6,216,37,13,9,53,43,496,900,,,,46.0,,3.0,9.0,,,,3.0,12.0,,7.0,,18.0,1.0,37.0,3.0,,25027.0,139.0,357.0
250277424021,35,582,69,11,62,794,309,12,335,135,2344,924,,,17.0,30.0,352.0,327.0,878.0,108.0,10.0,30.0,4.0,84.0,,131.0,31.0,136.0,141.0,455.0,281.0,,25027.0,3015.0,-671.0
250277424022,19,141,1,5,8,34,19,4,45,14,290,468,,,,9.0,,,,,4.0,,7.0,14.0,,,3.0,4.0,,6.0,,,25027.0,47.0,243.0
250277431001,90,118,4,9,33,117,21,28,35,73,528,1090,,,,129.0,20.0,6.0,16.0,28.0,1.0,3.0,2.0,15.0,,25.0,,9.0,17.0,35.0,24.0,,25027.0,330.0,198.0
250277431002,36,127,8,37,17,50,1,24,25,56,381,1012,,,,29.0,2.0,4.0,40.0,8.0,4.0,7.0,,6.0,,8.0,77.0,12.0,20.0,65.0,8.0,39.0,25027.0,329.0,52.0
250277431003,13,25,2,5,2,30,1,14,15,20,127,451,,,,20.0,13.0,5.0,3.0,18.0,3.0,,4.0,,,5.0,,1.0,,70.0,7.0,9.0,25027.0,158.0,-31.0
250277431004,27,291,10,9,70,49,0,14,15,104,589,800,,,,22.0,,10.0,3.0,,,3.0,3.0,9.0,,2.0,286.0,19.0,,,,,25027.0,357.0,232.0
250277441011,21,79,29,0,21,30,62,9,100,17,368,681,,,,29.0,,39.0,7.0,,,6.0,,25.0,,6.0,,2.0,,,8.0,,25027.0,122.0,246.0
250277441012,5,78,16,1,22,92,1,14,185,12,426,752,,,24.0,2.0,,,14.0,,,5.0,,3.0,,,,17.0,,40.0,47.0,,25027.0,152.0,274.0
250277441013,4,1,10,0,3,0,9,0,0,0,27,564,,,,4.0,,3.0,,,1.0,,,4.0,,3.0,1.0,5.0,,,3.0,,25027.0,24.0,3.0
250277441014,6,24,11,0,0,3,32,7,6,11,100,622,,,,8.0,,2.0,,,,,,8.0,,,,27.0,,,,,25027.0,45.0,55.0
250277441015,6,27,6,0,7,13,8,0,19,1,87,661,,,,26.0,,,2.0,,,3.0,12.0,2.0,,3.0,55.0,5.0,,,,,25027.0,108.0,-21.0
250277441021,2,96,17,0,3,3,20,10,8,8,167,922,,,,10.0,,,,,,1.0,11.0,2.0,,7.0,,19.0,2.0,,,,25027.0,52.0,115.0
250277441022,102,715,20,57,115,96,142,93,156,15,1511,1122,,,,171.0,11.0,30.0,24.0,2.0,2.0,17.0,,104.0,,16.0,6.0,525.0,5.0,76.0,29.0,11.0,25027.0,1029.0,482.0
250277442001,20,137,45,0,32,76,4,61,111,18,504,542,,,,2.0,11.0,,84.0,49.0,,,6.0,,,14.0,,27.0,,38.0,65.0,,25027.0,296.0,208.0
250277442002,433,35,3,1,8,41,76,28,53,119,797,483,,,,708.0,174.0,50.0,11.0,,,,,21.0,64.0,7.0,,57.0,42.0,1.0,62.0,11.0,25027.0,1208.0,-411.0
250277442003,183,1397,290,110,164,1734,1571,478,874,1122,7923,1380,85.0,,,393.0,1966.0,349.0,1538.0,259.0,48.0,275.0,59.0,356.0,405.0,134.0,25.0,1492.0,53.0,868.0,157.0,669.0,25027.0,9131.0,-1208.0
250277442004,24,144,26,1,43,148,204,19,152,62,823,893,,,17.0,4.0,276.0,3.0,56.0,,10.0,17.0,,,,35.0,1.0,19.0,71.0,88.0,4.0,,25027.0,601.0,222.0
250277442005,3,79,11,1,19,98,5,20,31,7,274,287,,,,1.0,4.0,,114.0,,11.0,,,,,,,41.0,,128.0,20.0,1.0,25027.0,320.0,-46.0
250277443001,35,464,57,73,59,86,23,57,194,44,1092,459,,,,100.0,11.0,20.0,33.0,27.0,32.0,10.0,2.0,26.0,,4.0,572.0,196.0,27.0,56.0,28.0,313.0,25027.0,1457.0,-365.0
250277443002,138,251,37,24,31,83,4,39,100,30,737,497,,,,54.0,,21.0,34.0,50.0,17.0,,15.0,2.0,,76.0,5.0,171.0,21.0,31.0,43.0,,25027.0,540.0,197.0
250277443003,1,81,71,44,9,29,12,7,138,13,405,333,,,,4.0,,,6.0,4.0,18.0,53.0,2.0,68.0,11.0,1.0,,48.0,,6.0,6.0,,25027.0,227.0,178.0
250277443004,10,183,41,2,2,15,4,5,34,56,352,392,,,,16.0,,4.0,5.0,,4.0,34.0,,9.0,,5.0,,6.0,,,23.0,15.0,25027.0,121.0,231.0
250277444001,10,64,0,0,2,1,31,5,4,1,118,475,,,,9.0,,,,,,,,,,,,5.0,,,,,25027.0,14.0,104.0
250277444002,13,495,0,4,5,10,0,0,23,5,555,640,,,,25.0,,,4.0,18.0,,,,,,11.0,,10.0,,6.0,1.0,,25027.0,75.0,480.0
250277444003,39,2145,43,12,35,206,8,34,126,19,2667,495,,,,23.0,,4.0,183.0,,,22.0,3.0,6.0,,12.0,,2216.0,,65.0,16.0,2.0,25027.0,2552.0,115.0
250277451001,18,60,3,4,8,13,4,12,37,38,197,959,,,,,3.0,,2.0,13.0,,3.0,1.0,1.0,,8.0,,14.0,,7.0,7.0,,25027.0,59.0,138.0
250277451002,15,231,21,37,3,25,1,34,7,47,421,704,,,15.0,17.0,,1.0,33.0,,10.0,,,,,,204.0,212.0,2.0,1.0,60.0,101.0,25027.0,656.0,-235.0
250277451003,160,152,17,5,27,144,123,17,102,348,1095,738,,,117.0,369.0,159.0,75.0,18.0,43.0,5.0,,50.0,46.0,10.0,54.0,,104.0,20.0,41.0,36.0,,25027.0,1147.0,-52.0
250277461001,36,153,3,11,11,106,10,25,19,59,433,711,1.0,,,43.0,8.0,27.0,8.0,,,,19.0,36.0,,6.0,168.0,35.0,,89.0,8.0,,25027.0,448.0,-15.0
250277461002,35,113,48,28,13,190,31,12,26,66,562,520,,,,68.0,26.0,21.0,317.0,17.0,28.0,20.0,24.0,21.0,,33.0,56.0,46.0,20.0,187.0,18.0,37.0,25027.0,939.0,-377.0
250277461003,51,140,47,8,45,151,15,24,31,75,587,1086,,,,32.0,,30.0,9.0,,1.0,5.0,19.0,14.0,,1.0,3.0,3.0,219.0,39.0,7.0,,25027.0,382.0,205.0
250277471011,45,201,8,14,6,109,9,21,27,85,525,1193,,25.0,27.0,60.0,,2.0,38.0,20.0,,,3.0,1.0,,11.0,,31.0,4.0,2.0,13.0,,25027.0,237.0,288.0
250277471012,22,125,7,8,1,39,10,14,2,24,252,554,,,,17.0,2.0,28.0,13.0,,,7.0,,,,,,3.0,,24.0,6.0,,25027.0,100.0,152.0
250277471013,7,97,9,4,1,84,3,28,11,41,285,573,,,,8.0,,3.0,37.0,185.0,,9.0,,1.0,,1.0,,22.0,,69.0,,,25027.0,335.0,-50.0
250277471021,22,221,3,3,7,49,1,35,16,46,403,785,,,,62.0,1.0,,2.0,67.0,19.0,1.0,7.0,,,6.0,295.0,3.0,,,4.0,,25027.0,467.0,-64.0
250277471022,38,204,8,58,7,77,4,22,45,140,603,1016,,,9.0,12.0,,4.0,35.0,,,,,10.0,12.0,33.0,,31.0,,42.0,31.0,69.0,25027.0,288.0,315.0
250277481001,17,60,4,45,67,38,2,10,16,119,378,725,,,,8.0,4.0,10.0,6.0,,2.0,,,5.0,,14.0,,7.0,,6.0,,48.0,25027.0,110.0,268.0
250277481002,12,93,5,0,1,1,0,11,0,8,131,531,,,,,,,,,2.0,1.0,,14.0,,10.0,49.0,2.0,,,1.0,,25027.0,79.0,52.0
250277491001,60,90,5,17,26,119,256,45,49,215,882,870,,21.0,,19.0,371.0,50.0,7.0,21.0,,,,43.0,,15.0,,10.0,16.0,19.0,31.0,,25027.0,623.0,259.0
250277491002,41,77,8,8,7,52,8,25,16,89,331,1194,,,10.0,22.0,7.0,4.0,,,3.0,,2.0,7.0,,10.0,,13.0,,,27.0,,25027.0,105.0,226.0
250277491003,35,253,12,12,160,145,108,36,147,456,1364,955,2.0,30.0,,149.0,221.0,109.0,72.0,199.0,7.0,,10.0,1.0,,66.0,17.0,78.0,8.0,117.0,29.0,12.0,25027.0,1127.0,237.0
250277491004,40,60,7,3,209,81,44,14,26,533,1018,668,,,,60.0,,9.0,52.0,193.0,,,,50.0,,,,4.0,15.0,48.0,13.0,,25027.0,444.0,574.0
250277492001,35,130,21,66,8,275,20,67,48,43,713,1016,,,,12.0,28.0,10.0,241.0,5.0,16.0,31.0,7.0,12.0,,3.0,9.0,74.0,4.0,67.0,47.0,82.0,25027.0,648.0,65.0
250277492002,34,424,13,18,4,66,2,47,32,136,776,1542,,,,8.0,2.0,10.0,51.0,3.0,,5.0,,22.0,,54.0,278.0,46.0,,19.0,30.0,17.0,25027.0,545.0,231.0
250277501001,5,42,1,0,2,92,5,14,44,10,215,568,,,,6.0,1.0,,86.0,2.0,17.0,182.0,10.0,17.0,,2.0,8.0,30.0,,52.0,22.0,176.0,25027.0,611.0,-396.0
250277501002,8,122,2,33,0,9,1,27,5,66,273,1020,,,15.0,3.0,,7.0,2.0,,,,,11.0,,5.0,,185.0,,16.0,98.0,,25027.0,342.0,-69.0
250277501003,14,298,25,19,5,88,23,54,2535,156,3217,871,,,,59.0,249.0,273.0,45.0,8.0,,4.0,80.0,4.0,,25.0,429.0,693.0,18.0,52.0,19.0,70.0,25027.0,2028.0,1189.0
250277502001,2,24,1,3,1,161,1,12,7,12,224,323,,,58.0,23.0,18.0,4.0,312.0,,,3.0,2.0,4.0,,,,,,18.0,14.0,,25027.0,456.0,-232.0
250277502002,17,138,20,2,9,80,5,25,25,74,395,1016,,,,24.0,1.0,,79.0,,5.0,15.0,18.0,21.0,,30.0,11.0,101.0,4.0,96.0,23.0,,25027.0,428.0,-33.0
250277502003,39,103,8,28,0,231,8,20,32,217,686,548,,,,9.0,185.0,5.0,310.0,,,31.0,8.0,26.0,,3.0,,11.0,,122.0,29.0,53.0,25027.0,792.0,-106.0
250277502004,11,56,3,2,3,20,5,2,7,19,128,953,4.0,,,14.0,,,7.0,6.0,,,,1.0,,,,23.0,,,1.0,,25027.0,56.0,72.0
250277503001,14,231,14,4,1,52,101,8,13,19,457,1222,,,,14.0,147.0,1.0,34.0,,1.0,,2.0,2.0,,2.0,35.0,252.0,7.0,,8.0,,25027.0,505.0,-48.0
250277511011,61,133,28,14,49,162,23,109,77,191,847,1359,,,,42.0,115.0,91.0,160.0,118.0,61.0,8.0,9.0,64.0,,48.0,,15.0,39.0,10.0,15.0,9.0,25027.0,804.0,43.0
250277511012,123,64,12,10,112,47,6,26,53,161,614,933,,,5.0,3.0,414.0,11.0,6.0,,,8.0,,4.0,,,,14.0,,32.0,24.0,,25027.0,521.0,93.0
250277511013,53,21,13,8,1,43,149,16,13,38,355,459,,,,91.0,310.0,3.0,28.0,,,2.0,3.0,,,26.0,,14.0,,55.0,12.0,3.0,25027.0,547.0,-192.0
250277511021,31,466,12,10,79,56,7,33,20,68,782,667,23.0,,,14.0,,6.0,1.0,,,1.0,,13.0,,19.0,,,,4.0,13.0,,25027.0,94.0,688.0
250277511022,76,146,14,59,19,186,6,24,33,75,638,652,,,7.0,73.0,3.0,21.0,30.0,,14.0,6.0,,32.0,,21.0,281.0,67.0,20.0,87.0,61.0,181.0,25027.0,904.0,-266.0
250277521001,37,5,8,10,2,14,29,12,14,49,180,869,,,,75.0,16.0,13.0,4.0,9.0,,15.0,2.0,6.0,,15.0,2.0,24.0,,6.0,11.0,,25027.0,198.0,-18.0
250277521002,18,310,16,20,17,48,3,14,17,130,593,1139,,,6.0,34.0,69.0,11.0,16.0,2.0,13.0,17.0,7.0,4.0,,14.0,256.0,53.0,,21.0,1.0,101.0,25027.0,625.0,-32.0
250277521003,7,4,5,1,3,14,0,6,28,14,82,489,,,,12.0,,14.0,,,3.0,3.0,,,,1.0,2.0,4.0,3.0,38.0,11.0,,25027.0,91.0,-9.0
250277521004,17,12,4,1,14,13,0,7,8,17,93,1067,,,,38.0,,5.0,33.0,2.0,,1.0,,6.0,,,,18.0,,29.0,2.0,26.0,25027.0,160.0,-67.0
250277531001,13,24,3,1,2,6,14,18,8,7,96,380,,,,4.0,35.0,,2.0,,,,,3.0,,,,6.0,,6.0,6.0,,25027.0,62.0,34.0
250277531002,33,57,4,3,7,74,22,7,20,189,416,491,,,,69.0,18.0,124.0,107.0,48.0,,,17.0,,,,2.0,2.0,11.0,,11.0,,25027.0,409.0,7.0
250277531003,30,137,48,3,4,36,122,13,873,276,1542,814,,,,99.0,1752.0,167.0,28.0,28.0,124.0,,,7.0,,31.0,18.0,14.0,18.0,,25.0,,25027.0,2311.0,-769.0
250277531004,55,304,24,8,6,216,19,50,62,69,813,1135,22.0,,4.0,21.0,6.0,21.0,299.0,19.0,5.0,3.0,25.0,19.0,,1.0,43.0,29.0,1.0,83.0,19.0,,25027.0,620.0,193.0
250277531005,100,25,21,3,0,9,16,16,16,16,222,792,,,,96.0,100.0,,,6.0,,1.0,38.0,,,2.0,,31.0,,,27.0,,25027.0,301.0,-79.0
250277532001,22,206,37,56,7,87,8,23,26,12,484,875,,7.0,,79.0,62.0,21.0,51.0,,26.0,22.0,39.0,10.0,,,210.0,38.0,,141.0,17.0,149.0,25027.0,872.0,-388.0
250277532002,16,130,4,19,1,62,1,9,6,18,266,1129,,,,16.0,,23.0,24.0,,,,,1.0,,,2.0,67.0,,50.0,2.0,,25027.0,185.0,81.0
250277532003,25,195,46,12,1,232,2,20,89,15,637,584,,,,25.0,1.0,9.0,568.0,,2.0,71.0,,48.0,,16.0,6.0,93.0,,82.0,25.0,7.0,25027.0,953.0,-316.0
250277541001,10,270,20,6,4,282,45,9,13,117,776,773,,,,42.0,127.0,88.0,243.0,10.0,5.0,1743.0,15.0,7.0,,4.0,,175.0,,,32.0,,25027.0,2491.0,-1715.0
250277541002,9,55,1,0,2,42,3,1,2,68,183,754,,,,6.0,,122.0,6.0,,,,1.0,3.0,,,,5.0,3.0,,,,25027.0,146.0,37.0
250277541003,3,56,4,2,0,67,4,3,4,12,155,926,,,,8.0,,15.0,30.0,5.0,15.0,3.0,2.0,11.0,,,,,10.0,53.0,,,25027.0,152.0,3.0
250277541004,11,156,2,1,0,46,2,4,9,16,247,882,,,,16.0,3.0,3.0,20.0,9.0,,,3.0,17.0,87.0,,2.0,242.0,,73.0,14.0,,25027.0,489.0,-242.0
250277542001,3,105,7,1,1,71,4,6,14,13,225,985,,,,10.0,1.0,13.0,227.0,,,5.0,13.0,,38.0,213.0,,204.0,,234.0,14.0,8.0,25027.0,980.0,-755.0
250277542002,1,136,2,10,0,53,0,1,13,7,223,744,,,,12.0,,,76.0,,,5.0,1.0,18.0,1.0,,,67.0,39.0,155.0,11.0,84.0,25027.0,469.0,-246.0
250277543001,3,4839,9,1,3,8,5,3,21,51,4943,448,,,,43.0,14.0,,9.0,39.0,,13.0,,1.0,,160.0,,22.0,,12.0,4.0,,25027.0,317.0,4626.0
250277543002,43,83,224,12,0,29,6,9,10,28,444,1085,,,21.0,9.0,11.0,,86.0,,6.0,30.0,3.0,9.0,187.0,62.0,282.0,42.0,15.0,62.0,43.0,50.0,25027.0,918.0,-474.0
250277544001,4,87,0,1,0,12,0,1,2,4,111,401,,,,16.0,,2.0,,,,,,,,18.0,,309.0,,,1.0,,25027.0,346.0,-235.0
250277544002,7,102,2,3,0,20,0,5,6,8,153,479,,,,6.0,,2.0,,1.0,,,,,,3.0,,123.0,,,13.0,,25027.0,148.0,5.0
250277544003,2,25,1,0,0,0,0,2,8,0,38,934,,,,5.0,76.0,10.0,,,2.0,,,,,13.0,,24.0,,,17.0,,25027.0,147.0,-109.0
250277551001,14,204,9,3,0,38,41,3,17,20,349,784,,10.0,,28.0,,1.0,13.0,,8.0,10.0,8.0,,,4.0,47.0,182.0,,26.0,6.0,,25027.0,343.0,6.0
250277551002,19,65,22,77,6,94,6,9,11,5,314,760,,,,5.0,62.0,,52.0,,,14.0,,9.0,,,,23.0,,32.0,8.0,68.0,25027.0,273.0,41.0
250277552001,7,13,9,2,0,7,6,3,5,3,55,471,,,,,,,,,,,,1.0,,,74.0,4.0,,,,,25027.0,79.0,-24.0
250277552002,11,348,17,5,2,234,17,23,11,21,689,836,,,,24.0,47.0,1.0,134.0,3.0,,21.0,,,,8.0,195.0,6.0,,39.0,43.0,8.0,25027.0,529.0,160.0
250277552003,68,56,13,5,7,79,446,48,47,12,781,449,,1.0,,69.0,482.0,21.0,47.0,,,2.0,6.0,2.0,,12.0,1.0,30.0,7.0,36.0,236.0,3.0,25027.0,955.0,-174.0
250277552004,38,55,3,34,2,32,97,8,11,17,297,836,,,,12.0,106.0,3.0,3.0,6.0,,,,,,,509.0,5.0,,32.0,,,25027.0,676.0,-379.0
250277552005,55,112,7,5,1,19,63,6,23,21,312,518,,,,51.0,99.0,33.0,,,2.0,,,3.0,,20.0,93.0,5.0,,,,,25027.0,306.0,6.0
250277561011,13,147,4,15,27,129,9,12,12,90,458,874,,,,18.0,14.0,10.0,,,,,1.0,6.0,,3.0,,4.0,,141.0,,,25027.0,197.0,261.0
250277561012,51,2721,14,40,8,157,41,60,79,87,3258,1250,,,25.0,53.0,884.0,21.0,80.0,70.0,,34.0,3.0,51.0,,4.0,,554.0,27.0,82.0,23.0,117.0,25027.0,2028.0,1230.0
250277561021,74,168,75,14,74,199,9,20,24,113,770,1328,,,75.0,157.0,5.0,51.0,34.0,4.0,33.0,8.0,5.0,6.0,,,,30.0,,7.0,22.0,,25027.0,437.0,333.0
250277561022,37,302,9,36,12,145,6,15,27,41,630,1341,,5.0,,46.0,,2.0,57.0,7.0,86.0,1.0,,11.0,,25.0,389.0,9.0,,148.0,41.0,33.0,25027.0,860.0,-230.0
250277561023,19,104,1,15,33,125,12,3,8,60,380,857,,,,60.0,,77.0,39.0,,,,,14.0,19.0,2.0,89.0,19.0,,10.0,4.0,,25027.0,333.0,47.0
250277571001,16,156,1,0,0,12,0,2,37,15,239,518,,,,28.0,14.0,5.0,3.0,,1.0,32.0,,,,,,64.0,,9.0,1.0,,25027.0,157.0,82.0
250277571002,11,63,12,0,0,35,6,3,20,234,384,728,,,,18.0,121.0,,17.0,1.0,,,,16.0,,,,42.0,,,,,25027.0,215.0,169.0
250277571003,11,102,2,9,0,33,45,26,6,4,238,395,,,,8.0,85.0,35.0,104.0,,,,,,,34.0,3.0,30.0,,19.0,20.0,,25027.0,338.0,-100.0
250277571004,5,147,19,1,0,89,10,12,17,8,308,303,,,,3.0,29.0,,5.0,,,,,,,4.0,,33.0,,2.0,19.0,,25027.0,95.0,213.0
250277572001,0,44,1,0,0,10,130,1,7,1,194,363,,,,11.0,215.0,3.0,8.0,,,,,,,,,33.0,,1.0,,,25027.0,271.0,-77.0
250277572002,0,202,9,28,2,71,0,1,17,6,336,305,,,,,4.0,224.0,32.0,23.0,13.0,,2.0,2.0,,15.0,,323.0,,60.0,,139.0,25027.0,837.0,-501.0
250277572003,9,316,44,3,3,20,0,36,16,10,457,363,,,,,,,,,19.0,32.0,,,,,,89.0,,2.0,155.0,,25027.0,297.0,160.0
250277573001,6,1036,14,41,84,85,1,25,29,43,1364,560,,,,,,4.0,71.0,6.0,14.0,40.0,6.0,31.0,25.0,12.0,,1249.0,2.0,37.0,29.0,114.0,25027.0,1640.0,-276.0
250277573002,5,190,46,22,0,132,174,20,40,19,648,745,,,,4.0,175.0,5.0,69.0,,,10.0,13.0,5.0,73.0,,,291.0,,69.0,32.0,3.0,25027.0,749.0,-101.0
250277574001,3,36,4,1,1,1,3,1,6,2,58,331,,,,2.0,,,,,,,,,,,,48.0,,,3.0,,25027.0,53.0,5.0
250277574002,6,68,1,1,0,4,1,3,14,2,100,285,,,,7.0,,,,,1.0,,,,,,,42.0,,1.0,,,25027.0,51.0,49.0
250277574003,6,297,3,3,1,16,117,1,25,9,478,559,,,,2.0,157.0,,4.0,,,,,,8.0,13.0,,147.0,,8.0,,,25027.0,339.0,139.0
250277575001,49,225,8,9,0,225,159,11,152,78,916,702,8.0,,,26.0,317.0,58.0,201.0,9.0,,10.0,,,7.0,25.0,440.0,27.0,3.0,53.0,27.0,,25027.0,1211.0,-295.0
250277575002,0,25,1,3,1,5,0,2,4,1,42,434,,,,9.0,25.0,6.0,,,,,4.0,,,7.0,,41.0,,,1.0,9.0,25027.0,102.0,-60.0
250277575003,0,35,1,1,0,10,20,0,3,3,73,329,,,,6.0,6.0,,4.0,,,,,,,,,7.0,,,,,25027.0,23.0,50.0
250277575004,20,202,0,2,0,47,1,4,4,4,284,593,,,,,,,,,,,,,,8.0,,2.0,9.0,1.0,1.0,,25027.0,21.0,263.0
250277581011,19,82,12,13,0,177,2,21,13,18,357,1142,,,,2.0,,,92.0,3.0,,15.0,2.0,4.0,,37.0,,17.0,202.0,65.0,1.0,,25027.0,440.0,-83.0
250277581021,256,180,30,54,19,691,127,22,55,82,1516,830,,,,35.0,266.0,51.0,518.0,67.0,46.0,28.0,2.0,31.0,28.0,99.0,24.0,175.0,,611.0,13.0,160.0,25027.0,2154.0,-638.0
250277581022,23,350,5,3,2,33,1,5,14,17,453,930,,,,4.0,39.0,16.0,,,,,,10.0,,15.0,303.0,7.0,,1.0,,,25027.0,395.0,58.0
250277581023,19,232,27,6,2,96,94,17,22,39,554,574,,,6.0,7.0,91.0,3.0,33.0,,14.0,7.0,,35.0,,1.0,191.0,39.0,16.0,154.0,4.0,,25027.0,601.0,-47.0
250277581024,26,64,21,3,2,162,57,32,20,35,422,626,,,,17.0,130.0,3.0,53.0,10.0,6.0,50.0,,99.0,,1.0,11.0,13.0,,196.0,14.0,,25027.0,603.0,-181.0
250277581025,27,278,30,22,39,245,6,14,245,72,978,660,,,,21.0,2.0,55.0,266.0,17.0,1.0,48.0,5.0,58.0,,44.0,,127.0,2.0,253.0,21.0,10.0,25027.0,930.0,48.0
250277591001,22,116,11,31,2,83,3,19,15,60,362,615,,1.0,,6.0,,3.0,73.0,,10.0,10.0,,10.0,,,,3.0,6.0,99.0,19.0,66.0,25027.0,306.0,56.0
250277591002,26,110,6,2,6,57,2,14,12,50,285,435,,,,12.0,,1.0,51.0,37.0,,,,,,7.0,,5.0,,37.0,55.0,,25027.0,205.0,80.0
250277601001,3,50,2,11,0,20,0,11,3,15,115,515,,,,15.0,,2.0,,,,,3.0,3.0,,,,6.0,6.0,,1.0,,25027.0,36.0,79.0
250277601002,7,107,12,6,2,61,10,14,20,12,251,648,,,,14.0,,1.0,5.0,,,,1.0,9.0,,1.0,,14.0,,,2.0,,25027.0,47.0,204.0
250277601003,17,187,8,54,5,84,23,12,9,75,474,491,,,,8.0,4.0,,38.0,36.0,7.0,3.0,,,,,44.0,28.0,,8.0,2.0,64.0,25027.0,242.0,232.0
250277611001,4,105,3,22,1,16,82,8,3,9,253,656,1.0,,,,,,25.0,76.0,2.0,,1.0,,,,102.0,18.0,,18.0,3.0,5.0,25027.0,251.0,2.0
250277611002,15,38,9,3,3,10,1,12,7,13,111,561,,,2.0,9.0,102.0,16.0,7.0,,2.0,3.0,,,,,,7.0,,8.0,4.0,,25027.0,160.0,-49.0
250277611003,10,65,3,23,0,26,2,5,14,21,169,524,,,6.0,,7.0,,17.0,,,9.0,,1.0,,1.0,70.0,5.0,,,11.0,62.0,25027.0,189.0,-20.0
250277611004,8,66,0,6,4,1,0,7,11,0,103,904,5.0,,,19.0,,,,5.0,,,3.0,15.0,,,,7.0,,,1.0,,25027.0,55.0,48.0
250277612001,30,538,1663,43,70,791,1378,11,899,218,5641,953,,,118.0,8.0,36.0,221.0,72.0,,88.0,240.0,8.0,2718.0,,119.0,6.0,355.0,121.0,461.0,117.0,,25027.0,4688.0,953.0
250277612002,117,820,406,11,122,941,314,48,2020,437,5236,1240,,,625.0,240.0,1064.0,875.0,187.0,615.0,568.0,955.0,54.0,1152.0,999.0,1213.0,,565.0,6.0,54.0,63.0,4.0,25027.0,9239.0,-4003.0
250277612003,58,1360,178,153,24,871,230,170,342,277,3663,953,,,,63.0,61.0,170.0,504.0,32.0,71.0,332.0,27.0,395.0,15.0,367.0,59.0,1539.0,67.0,280.0,217.0,414.0,25027.0,4613.0,-950.0
250277613001,79,29,4,8,5,48,124,25,22,108,452,514,,,,48.0,695.0,30.0,13.0,6.0,,2.0,2.0,6.0,9.0,7.0,,26.0,,43.0,13.0,,25027.0,900.0,-448.0
250277613002,17,531,13,23,4,56,70,48,182,68,1012,608,,,,24.0,76.0,1.0,21.0,69.0,,,,6.0,,4.0,633.0,171.0,,4.0,2.0,1.0,25027.0,1012.0,0.0
250277613003,9,10,12,2,3,45,220,9,3,16,329,570,,,,,83.0,3.0,11.0,1.0,,,1.0,211.0,7.0,1.0,15.0,13.0,,58.0,16.0,,25027.0,420.0,-91.0
250277614001,8,101,2,3,4,12,16,0,24,5,175,404,,,,,6.0,,20.0,,9.0,2.0,,2.0,1.0,,,5.0,1.0,2.0,4.0,,25027.0,52.0,123.0
250277614002,13,25,2,3,4,24,10,7,28,0,116,486,4.0,,,11.0,,11.0,,,1.0,,,14.0,,,8.0,,,,7.0,,25027.0,56.0,60.0
250277614003,9,81,7,23,8,18,12,5,13,1,177,405,40.0,,,19.0,10.0,1.0,,,30.0,,7.0,3.0,,,158.0,7.0,5.0,3.0,11.0,,25027.0,294.0,-117.0
250277614004,6,31,5,63,5,44,6,1,9,4,174,302,,,,22.0,,,,,1.0,,,13.0,,5.0,1.0,15.0,24.0,,,154.0,25027.0,235.0,-61.0
250277614005,20,97,39,5,33,85,25,12,88,56,460,490,,,,35.0,46.0,22.0,9.0,,10.0,29.0,6.0,177.0,32.0,6.0,,74.0,28.0,3.0,14.0,,25027.0,491.0,-31.0
250277614006,554,1256,85,382,204,532,737,113,1340,875,6078,692,,,,,1166.0,126.0,36.0,277.0,12.0,5.0,22.0,250.0,32.0,182.0,4.0,139.0,18.0,211.0,3.0,215.0,25027.0,2698.0,3380.0
330059705001,1,1,0,0,0,0,1,0,0,0,3,6,,,,,,,,,,,,,,,,,,,,,,0.0,3.0
330059705002,1,2,0,0,0,1,1,0,0,0,6,11,,,,,,,,,,,,,,,,,,,,,,0.0,6.0
330059706001,91,173,21,19,11,83,113,30,29,32,600,1080,,,,,,,,,,,,,,,,,,,,,,0.0,600.0
330059706002,80,69,8,8,4,51,100,15,11,28,374,1460,,,,,,,,,,,,,,,,,,,,,,0.0,374.0
330059706003,63,121,14,13,8,59,79,21,20,22,419,1029,,,,,,,,,,,,,,,,,,,,,,0.0,419.0
330059707001,0,0,0,0,0,0,0,0,0,0,0,0,,,,,,,,,,,,,,,,,,,,,,0.0,0.0
330110001011,23,129,45,23,13,102,42,32,67,29,505,1218,,,,8.0,,1.0,37.0,,2.0,6.0,8.0,51.0,,10.0,124.0,33.0,,,18.0,,33011.0,298.0,207.0
330110001012,28,152,53,26,15,117,51,38,79,33,590,423,,,,2.0,,10.0,20.0,41.0,,,1.0,6.0,,7.0,8.0,66.0,,97.0,18.0,,33011.0,276.0,314.0
330110001021,57,315,111,55,32,242,104,79,162,69,1225,1228,,,,7.0,,8.0,,,,,6.0,,,1.0,135.0,7.0,,5.0,22.0,141.0,33011.0,332.0,893.0
330110001022,37,207,72,35,21,159,69,51,106,45,803,1216,,,,,,1.0,161.0,,1.0,1.0,1.0,1.0,8.0,8.0,,,,,18.0,,33011.0,200.0,603.0
330110002021,69,682,240,119,70,504,127,167,351,84,2414,865,,,13.0,6.0,130.0,142.0,23.0,5.0,194.0,,,73.0,,14.0,,141.0,,130.0,6.0,,33011.0,877.0,1537.0
330110002022,5,40,14,7,4,29,8,10,21,4,142,448,,,,5.0,,,,,,,,2.0,,11.0,,,,,,,33011.0,18.0,124.0
330110002031,9,64,22,11,7,55,16,16,33,10,242,705,,,,,,16.0,1.0,,,2.0,25.0,100.0,,,,15.0,49.0,76.0,11.0,,33011.0,295.0,-53.0
330110002032,2,10,3,2,1,13,5,2,5,3,46,1032,,,,2.0,,1.0,2.0,,,,,3.0,,,408.0,1.0,1.0,,3.0,,33011.0,421.0,-375.0
330110002041,1,8,2,1,1,11,4,2,3,2,35,951,,,,,17.0,,,,,,,,,1.0,,,,20.0,11.0,,33011.0,49.0,-14.0
330110002042,42,424,149,74,43,314,79,104,219,52,1501,452,,,,11.0,3.0,3.0,4.0,62.0,,34.0,5.0,,,1.0,,,,,21.0,,33011.0,144.0,1357.0
330110002043,21,80,28,14,8,118,38,20,41,25,392,1313,,,,139.0,55.0,5.0,17.0,102.0,,4.0,24.0,6.0,,36.0,116.0,273.0,,12.0,8.0,,33011.0,797.0,-405.0
330110003001,2,26,9,4,2,19,4,7,13,3,89,362,,,,,,,1.0,,,,,15.0,,,21.0,18.0,,6.0,9.0,,33011.0,70.0,19.0
330110003002,7,70,24,12,8,52,13,18,36,9,249,745,,,,8.0,126.0,1.0,9.0,,,3.0,,2.0,,12.0,,,,21.0,23.0,,33011.0,205.0,44.0
330110003003,3,32,11,6,3,23,7,8,17,4,114,529,,,,,,,,,,,5.0,,,,,88.0,,21.0,6.0,12.0,33011.0,132.0,-18.0
330110006001,38,276,96,48,29,355,70,68,142,45,1167,688,,,56.0,7.0,,116.0,44.0,,77.0,165.0,27.0,425.0,3.0,39.0,3.0,474.0,1.0,18.0,60.0,11.0,33011.0,1526.0,-359.0
330110006002,40,604,212,105,62,509,74,148,311,49,2114,526,,,,,,2.0,,,,,,5.0,,,,8.0,1.0,6.0,4.0,,33011.0,26.0,2088.0
330110007001,20,209,73,37,21,348,38,51,108,24,929,760,,,,,,8.0,52.0,,,19.0,9.0,29.0,,,11.0,25.0,,233.0,25.0,,33011.0,411.0,518.0
330110007002,10,84,30,15,9,122,19,21,43,12,365,425,,,,,,,1.0,,,,,,,2.0,,46.0,8.0,7.0,,,33011.0,64.0,301.0
330110007003,6,80,28,14,8,142,13,20,41,9,361,563,,,,42.0,,,,2.0,,,,10.0,,,,,,,,,33011.0,54.0,307.0
330110008001,13,194,68,33,20,196,25,48,100,17,714,546,,,,,,,,,,,,19.0,,,,,,2.0,,,33011.0,21.0,693.0
330110008002,16,224,79,39,23,226,30,56,115,20,828,344,,,,,,,,,,3.0,3.0,14.0,181.0,,34.0,163.0,,,3.0,,33011.0,401.0,427.0
330110008003,30,449,158,79,47,389,56,110,231,38,1587,331,,,,4.0,,,15.0,,,,2.0,78.0,,,,170.0,88.0,53.0,,,33011.0,410.0,1177.0
330110009011,7,92,32,16,10,180,11,22,48,8,426,384,,,,,,,68.0,,,65.0,11.0,,,29.0,,,,95.0,7.0,,33011.0,275.0,151.0
330110009012,17,246,87,43,25,482,31,60,126,21,1138,542,,,,,,10.0,1.0,,,,,4.0,,44.0,28.0,97.0,,,3.0,,33011.0,187.0,951.0
330110009013,8,105,36,18,11,203,13,25,53,9,480,367,,,,,,5.0,105.0,,,4.0,,,,1.0,,1376.0,,59.0,,6.0,33011.0,1556.0,-1076.0
330110009014,7,98,34,17,10,193,13,24,50,9,455,688,,,,,2.0,,,,,,5.0,21.0,,,1.0,,,,,,33011.0,29.0,426.0
330110009021,2,5,1,1,0,47,6,1,2,3,68,317,,,,8.0,,,17.0,3.0,,,,,,16.0,,,,12.0,,,33011.0,56.0,12.0
330110009022,5,8,2,1,1,78,8,2,3,4,112,1424,,,,,,,3.0,,,5.0,,5.0,,30.0,,6.0,,12.0,,,33011.0,61.0,51.0
330110009023,4,8,3,1,1,87,9,2,4,6,124,1295,,,,4.0,,6.0,,,,18.0,12.0,17.0,,18.0,,101.0,,,,,33011.0,176.0,-52.0
330110010001,193,22,8,3,2,103,362,11,11,239,953,546,,,,18.0,,39.0,32.0,,,4.0,1.0,3.0,,12.0,,,40.0,150.0,25.0,,33011.0,324.0,629.0
330110010002,167,18,7,3,2,90,312,9,9,205,822,606,,,,,,12.0,16.0,,,,,30.0,,,,234.0,30.0,,22.0,,33011.0,344.0,478.0
330110010003,1020,113,40,20,11,547,1904,56,58,1255,5025,606,,,,520.0,1180.0,664.0,209.0,130.0,1823.0,35.0,9.0,206.0,211.0,392.0,53.0,507.0,3.0,85.0,66.0,,33011.0,6093.0,-1068.0
330110010004,10,11,4,2,1,59,20,3,6,13,132,1552,,,,6.0,,15.0,10.0,,,3.0,3.0,18.0,1.0,64.0,,,,,,,33011.0,120.0,12.0
330110011001,4,276,98,48,29,297,9,68,142,5,976,750,,,,10.0,,,9.0,,,8.0,,5.0,,3.0,,51.0,,60.0,13.0,,33011.0,159.0,817.0
330110011002,16,48,17,9,4,156,29,12,24,19,334,497,,,,41.0,1.0,45.0,302.0,1.0,,29.0,3.0,19.0,,33.0,,48.0,1.0,159.0,13.0,,33011.0,695.0,-361.0
330110011003,5,18,7,3,2,61,11,4,9,8,128,343,,,,3.0,3.0,,,,,,,,,,,7.0,,,4.0,,33011.0,17.0,111.0
330110011004,11,32,11,5,3,109,20,8,17,13,229,399,,,,11.0,,1.0,,,,,2.0,,,,,100.0,,11.0,,,33011.0,125.0,104.0
330110011005,39,114,40,20,12,383,72,29,59,47,815,952,,,,4.0,,2.0,,8.0,,,,,,1.0,,1.0,,,2.0,,33011.0,18.0,797.0
330110012001,72,255,90,44,27,315,136,64,131,89,1223,508,,,,8.0,7.0,,,,,,1.0,,,9.0,,273.0,,9.0,,,33011.0,307.0,916.0
330110012002,36,127,44,22,13,156,67,32,64,43,604,530,,,,,,43.0,4.0,,,,,,,22.0,,12.0,,,,,33011.0,81.0,523.0
330110013001,51,772,272,134,80,652,95,189,397,63,2705,467,,,,2.0,,,,,,,5.0,10.0,,27.0,,11.0,,,82.0,16.0,33011.0,153.0,2552.0
330110013002,27,95,33,17,10,117,50,24,49,33,455,943,,,,35.0,2.0,,1.0,,,,1.0,1.0,,,,8.0,,,2.0,,33011.0,50.0,405.0
330110013003,21,73,25,13,8,90,39,19,38,25,351,384,,,,6.0,,,,,,,29.0,,,63.0,,9.0,,,,,33011.0,107.0,244.0
330110014001,73,1109,390,193,114,936,136,272,570,90,3883,525,,,,4.0,,,33.0,,11.0,22.0,35.0,199.0,,30.0,174.0,126.0,,105.0,52.0,197.0,33011.0,988.0,2895.0
330110014002,150,84,30,15,9,242,280,24,43,184,1061,651,,,,5.0,1.0,38.0,92.0,,,35.0,1.0,,,,,,1.0,11.0,18.0,,33011.0,202.0,859.0
330110015001,46,707,249,123,73,596,88,173,364,58,2477,631,,,,6.0,,,12.0,,,,11.0,,,,,13.0,,1.0,49.0,,33011.0,92.0,2385.0
330110015002,81,45,16,8,4,130,151,13,23,100,571,404,,,,,,,4.0,,,,,2.0,,,,14.0,,2.0,1.0,,33011.0,23.0,548.0
330110015003,64,36,12,7,3,102,120,11,19,79,453,637,,,,,,,,,,,,,,12.0,,8.0,,28.0,1.0,,33011.0,49.0,404.0
330110016001,14,51,18,9,5,61,27,12,25,17,239,392,,,,2.0,,,,,,,,,,,,9.0,,,,,33011.0,11.0,228.0
330110016002,42,148,52,25,16,183,79,37,75,51,708,623,,,,28.0,,1.0,117.0,,,,8.0,1.0,450.0,5.0,3.0,3.0,,72.0,50.0,,33011.0,738.0,-30.0
330110016003,12,44,16,8,4,54,23,11,23,16,211,432,,,,,,4.0,,,,,,,,,,10.0,,5.0,,,33011.0,19.0,192.0
330110016004,8,27,10,5,3,34,14,7,14,10,132,377,,,,6.0,,,,,,,,,,,,,,,,,33011.0,6.0,126.0
330110016005,14,53,19,9,6,65,28,13,28,18,253,458,,,,7.0,,,16.0,,,,,,,,,,7.0,1.0,7.0,,33011.0,38.0,215.0
330110017001,56,199,70,34,20,244,104,50,102,69,948,557,,,,2.0,,,29.0,,,,9.0,2.0,,4.0,,3226.0,,67.0,113.0,,33011.0,3452.0,-2504.0
330110017002,31,111,39,20,11,138,59,28,57,39,533,710,,,,3.0,15.0,73.0,3.0,,,,,,,29.0,,,,29.0,1.0,,33011.0,153.0,380.0
330110018001,18,53,19,9,5,97,32,13,28,21,295,520,,,,16.0,,1.0,25.0,4.0,,,7.0,1.0,,3.0,,11.0,,3.0,,,33011.0,71.0,224.0
330110018002,16,45,17,8,4,82,28,11,23,19,253,388,,,,8.0,,,,,,,,,,,,,,,,,33011.0,8.0,245.0
330110018003,11,34,12,6,3,64,21,9,18,15,193,654,,,,15.0,70.0,2.0,13.0,,,,,,,,,,,2.0,7.0,,33011.0,109.0,84.0
330110018004,29,49,17,9,5,98,53,12,25,35,332,602,,,,,37.0,,,1.0,,,,,5.0,1.0,,,,,9.0,,33011.0,53.0,279.0
330110018005,18,53,19,9,5,97,32,13,28,21,295,647,,,,14.0,,,11.0,,,,1.0,,,,,10.0,,,3.0,,33011.0,39.0,256.0
330110018006,11,34,12,6,3,62,21,9,18,14,190,449,,,,,,,,,,,,,,3.0,,,,,,,33011.0,3.0,187.0
330110019001,195,140,49,24,15,363,366,40,72,241,1505,1108,,,,85.0,81.0,146.0,50.0,28.0,,,,57.0,15.0,448.0,,134.0,32.0,14.0,174.0,21.0,33011.0,1285.0,220.0
330110019002,514,319,112,56,32,846,960,93,164,632,3729,477,,,76.0,211.0,525.0,57.0,144.0,208.0,169.0,31.0,1.0,38.0,137.0,94.0,25.0,488.0,,95.0,92.0,181.0,33011.0,2572.0,1157.0
330110020001,62,63,22,11,7,151,116,17,32,77,559,533,,,,20.0,,,10.0,,,,,7.0,,65.0,,3.0,,,59.0,,33011.0,164.0,395.0
330110020002,40,41,14,7,5,94,73,11,21,49,355,721,,,,,,,22.0,,,,,,,9.0,,,,2.0,11.0,,33011.0,44.0,311.0
330110021001,15,141,50,24,14,104,27,34,73,18,499,928,,,,4.0,6.0,10.0,59.0,31.0,26.0,90.0,1.0,68.0,17.0,136.0,2248.0,3082.0,10.0,103.0,15.0,96.0,33011.0,6002.0,-5503.0
330110021002,10,100,35,18,10,73,19,24,51,12,352,390,,,,,,,,,,,,,,,,,,,,,,0.0,352.0
330110021003,9,92,32,15,9,66,17,22,47,11,320,811,,,,11.0,,2.0,1.0,,,,,6.0,,4.0,,,,8.0,11.0,,33011.0,43.0,277.0
330110021004,5,57,20,10,5,41,11,13,29,8,199,587,,,,,,,9.0,,,,,,,,,,,,,,33011.0,9.0,190.0
330110022001,19,39,13,7,4,323,34,10,20,23,493,525,,,,4.0,,,,,,,,,,,2.0,,,,1.0,,33011.0,7.0,486.0
330110022002,10,21,8,3,2,175,18,5,11,12,264,325,,,,5.0,9.0,2.0,,,,,,,,4.0,7.0,3.0,,,,,33011.0,30.0,234.0
330110022003,10,20,8,3,2,176,19,5,11,12,264,476,,,,6.0,,,,5.0,,,,,,7.0,,4.0,,1.0,1.0,,33011.0,24.0,240.0
330110022004,10,21,8,3,2,175,18,6,11,12,266,495,,,,7.0,10.0,5.0,41.0,,,9.0,4.0,,,,,24.0,,,1.0,,33011.0,101.0,165.0
330110023001,22,47,16,9,4,388,40,11,23,27,587,804,,,,,,26.0,247.0,,,9.0,12.0,43.0,,4.0,4.0,129.0,,469.0,21.0,,33011.0,964.0,-377.0
330110023002,9,17,7,3,2,145,15,4,9,11,221,368,,,,,,11.0,3.0,,2.0,11.0,5.0,71.0,,23.0,,109.0,,,6.0,,33011.0,241.0,-20.0
330110023003,11,24,9,5,2,197,21,7,12,14,300,465,,,,2.0,,,,,1.0,,,1.0,,,,,,,1.0,,33011.0,5.0,295.0
330110023004,7,14,5,2,1,115,11,3,7,8,173,443,,,,10.0,,,6.0,4.0,,,,,9.0,4.0,,50.0,,52.0,3.0,,33011.0,138.0,35.0
330110024001,20,49,17,9,5,89,37,12,25,24,287,726,,,,6.0,24.0,4.0,4.0,,,1.0,,,,,,6.0,4.0,,5.0,,33011.0,54.0,233.0
330110024002,9,23,8,4,2,41,17,6,12,11,133,412,,,,3.0,,,,,,,,,,2.0,,,,,,,33011.0,5.0,128.0
330110024003,14,37,13,7,3,65,28,9,19,18,213,517,,,,,,1.0,,,,1.0,,,,7.0,26.0,,,,,,33011.0,35.0,178.0
330110024004,107,263,93,45,28,480,200,66,135,132,1549,1263,,,,24.0,,,10.0,1.0,,,,,,,,94.0,,2.0,10.0,,33011.0,141.0,1408.0
330110024005,15,37,13,7,3,66,29,9,19,19,217,736,,,,,,,,,,,5.0,,2.0,,,,,,,,33011.0,7.0,210.0
330110024006,23,57,20,10,6,102,41,14,29,27,328,409,,,,,10.0,131.0,,,,,,,,,,,,,236.0,,33011.0,377.0,-49.0
330110025001,84,256,90,45,27,464,158,64,132,104,1424,896,,,,2.0,,8.0,1.0,,,5.0,,11.0,,14.0,9.0,10.0,2.0,18.0,14.0,,33011.0,94.0,1330.0
330110025002,523,223,79,39,23,1336,976,70,115,643,4026,547,,,,18.0,80.0,192.0,2076.0,56.0,,83.0,71.0,265.0,8.0,55.0,5.0,106.0,19.0,470.0,289.0,14.0,33011.0,3807.0,219.0
330110025003,22,68,23,12,7,122,42,17,34,28,375,541,,,,,,,,,,,,,,,,3.0,,,,,33011.0,3.0,372.0
330110025004,52,156,55,28,17,284,97,40,81,64,874,978,,,,16.0,,25.0,176.0,,18.0,24.0,7.0,12.0,,16.0,,35.0,,505.0,29.0,,33011.0,863.0,11.0
330110026001,66,44,16,8,5,313,123,12,23,81,691,543,,,,159.0,735.0,128.0,49.0,58.0,25.0,9.0,26.0,159.0,2.0,691.0,27.0,234.0,,127.0,131.0,,33011.0,2560.0,-1869.0
330110026002,162,99,34,18,10,753,303,28,51,200,1657,764,,,,57.0,15.0,157.0,28.0,,2.0,25.0,8.0,30.0,3.0,15.0,,17.0,15.0,145.0,15.0,,33011.0,532.0,1125.0
330110026003,163,163,57,28,17,374,302,44,83,200,1432,704,,,,37.0,447.0,321.0,2169.0,452.0,43.0,401.0,133.0,248.0,,67.0,,10.0,17.0,857.0,181.0,,33011.0,5383.0,-3951.0
330110026004,89,89,31,16,9,205,167,25,46,110,786,1106,,,,5.0,,1.0,9.0,67.0,,,1.0,14.0,,2.0,5.0,37.0,,19.0,,,33011.0,160.0,626.0
330110027011,15,60,18,10,7,35,31,7,23,22,228,1510,9.0,,,37.0,,3.0,21.0,1.0,,,,16.0,,25.0,,10.0,,,5.0,,33011.0,127.0,101.0
330110027012,19,64,15,11,7,139,36,8,23,30,352,1012,2.0,,,50.0,51.0,2.0,116.0,,,27.0,1.0,25.0,,13.0,,38.0,21.0,48.0,4.0,,33011.0,398.0,-46.0
330110027021,18,61,14,10,5,129,33,7,22,28,328,836,,,,22.0,,8.0,,,,4.0,,,,4.0,,,,,,,33011.0,38.0,290.0
330110027022,28,96,22,16,10,208,56,12,34,44,526,2001,,,6.0,51.0,,8.0,,3.0,4.0,4.0,,7.0,,,,98.0,,,202.0,,33011.0,383.0,143.0
330110027023,10,33,8,6,3,71,19,4,12,16,182,1031,,,3.0,,,4.0,9.0,47.0,,10.0,,16.0,,23.0,664.0,19.0,,49.0,14.0,,33011.0,858.0,-676.0
330110028001,13,36,9,7,3,33,26,4,13,21,165,1275,,,,,2.0,,4.0,,,,4.0,18.0,,14.0,,1.0,,16.0,9.0,,33011.0,68.0,97.0
330110028002,43,120,29,20,12,117,85,16,43,69,555,880,,,,134.0,161.0,25.0,401.0,,,10.0,2.0,82.0,,31.0,6.0,53.0,40.0,145.0,69.0,187.0,33011.0,1346.0,-791.0
330110028003,168,466,111,80,48,438,329,60,168,269,2138,585,,,,31.0,,5.0,47.0,,,4.0,,5.0,3.0,84.0,,466.0,,16.0,5.0,,33011.0,666.0,1472.0
330110028004,9,24,6,4,2,23,17,3,9,14,111,367,,,,,,1.0,75.0,,14.0,10.0,1.0,,,,799.0,7.0,,87.0,15.0,,33011.0,1009.0,-898.0
330110028005,22,63,16,11,7,65,43,8,22,36,292,619,,,4.0,8.0,,5.0,54.0,3.0,,,,11.0,,8.0,,14.0,,,15.0,208.0,33011.0,330.0,-38.0
330110029011,50,127,73,12,14,158,123,22,71,70,720,848,,,1.0,140.0,365.0,355.0,40.0,9.0,93.0,188.0,176.0,239.0,188.0,583.0,93.0,444.0,41.0,144.0,19.0,41.0,33011.0,3159.0,-2439.0
330110029012,684,1749,1007,170,203,2157,1727,291,979,959,9926,955,,,,86.0,87.0,230.0,93.0,,31.0,678.0,55.0,623.0,132.0,838.0,123.0,325.0,103.0,25.0,58.0,132.0,33011.0,3619.0,6307.0
330110029013,92,276,159,27,32,338,235,46,154,130,1489,1205,,,,11.0,2.0,26.0,379.0,,1.0,3.0,,8.0,,22.0,331.0,,13.0,108.0,6.0,,33011.0,910.0,579.0
330110029014,9,75,43,8,9,99,22,11,42,12,329,845,,,,16.0,,7.0,44.0,5.0,,52.0,15.0,161.0,10.0,38.0,274.0,39.0,,57.0,10.0,,33011.0,728.0,-399.0
330110029021,71,80,45,8,9,207,180,14,44,100,759,688,1.0,,33.0,213.0,47.0,120.0,373.0,43.0,18.0,5.0,82.0,23.0,,1.0,,183.0,,45.0,7.0,,33011.0,1194.0,-435.0
330110029022,326,832,478,81,96,1034,823,139,465,457,4730,711,,1.0,,106.0,35.0,306.0,1205.0,6.0,86.0,463.0,21.0,540.0,37.0,478.0,23.0,1502.0,8.0,431.0,112.0,,33011.0,5360.0,-630.0
330110029023,179,313,178,31,37,624,453,55,173,252,2295,1820,,,,60.0,48.0,26.0,28.0,,10.0,89.0,7.0,166.0,,66.0,106.0,209.0,,288.0,18.0,192.0,33011.0,1313.0,982.0
330110029031,21,166,95,17,19,221,53,26,93,30,742,1279,,,,43.0,,10.0,,,,,4.0,26.0,,1.0,129.0,11.0,3.0,5.0,11.0,,33011.0,243.0,499.0
330110029032,20,164,94,16,19,215,51,25,92,29,724,1713,,,,17.0,13.0,36.0,40.0,7.0,2.0,10.0,5.0,18.0,,2.0,,,9.0,11.0,71.0,,33011.0,241.0,483.0
330110029033,6,44,25,4,6,59,14,7,25,8,198,484,,,,5.0,,5.0,192.0,,,9.0,67.0,7.0,10.0,4.0,23.0,,10.0,12.0,,,33011.0,344.0,-146.0
330110029034,10,81,47,8,9,105,26,12,45,14,357,845,,,,14.0,,45.0,31.0,,9.0,19.0,,26.0,,48.0,20.0,151.0,17.0,31.0,24.0,,33011.0,435.0,-78.0
330110101001,1,10,3,1,1,8,2,2,5,1,35,325,,,,8.0,,1.0,,,,,3.0,1.0,,8.0,,,,19.0,,,33011.0,40.0,-5.0
330110101002,0,6,1,1,1,3,0,1,3,0,16,431,,,,3.0,,4.0,1.0,,,,,12.0,,6.0,,,,,,,33011.0,26.0,-10.0
330110101003,8,25,8,3,3,40,23,6,15,10,142,553,,,36.0,1.0,,,3.0,,,,,1.0,,5.0,,,,3.0,2.0,,33011.0,51.0,91.0
330110101004,22,54,17,7,8,102,60,11,33,26,340,1108,,,,11.0,24.0,24.0,,2.0,,,3.0,31.0,,,,23.0,,96.0,26.0,,33011.0,240.0,100.0
330110101005,3,10,3,1,1,18,10,2,6,4,58,444,,,,1.0,,4.0,9.0,,,6.0,1.0,5.0,,6.0,,86.0,,,34.0,,33011.0,152.0,-94.0
330110102001,1193,976,300,110,130,3075,3254,234,593,1372,11236,1295,,,35.0,354.0,1081.0,1210.0,1538.0,288.0,29.0,50.0,91.0,585.0,34.0,402.0,394.0,267.0,160.0,575.0,255.0,14.0,33011.0,7362.0,3874.0
330110102002,152,126,39,14,17,393,415,30,76,174,1437,1010,,,,,3.0,6.0,128.0,,1.0,8.0,13.0,26.0,4.0,559.0,,10.0,19.0,261.0,73.0,,33011.0,1111.0,326.0
330110102003,298,243,74,28,32,767,812,59,149,342,2805,1340,,,,77.0,,444.0,989.0,10.0,35.0,93.0,44.0,349.0,12.0,370.0,7.0,125.0,,467.0,62.0,,33011.0,3084.0,-279.0
330110103011,6,53,17,6,7,266,14,10,32,5,416,1225,,,,2.0,,1.0,1.0,2.0,,2.0,,5.0,,,,14.0,,27.0,6.0,,33011.0,60.0,356.0
330110103012,6,69,21,8,9,341,18,13,41,8,533,1386,,,,1.0,,7.0,,,,1.0,,5.0,,5.0,,,,4.0,11.0,,33011.0,34.0,499.0
330110103021,40,22,7,2,3,22,108,6,13,45,268,1024,,,,8.0,,,,,,,,13.0,,12.0,,11.0,,,,,33011.0,44.0,224.0
330110103022,5,63,20,7,9,313,16,12,39,7,491,1284,,,,4.0,1.0,3.0,786.0,,116.0,26.0,9.0,20.0,12.0,173.0,,147.0,17.0,251.0,22.0,,33011.0,1587.0,-1096.0
330110104001,141,69,21,8,10,110,386,19,42,162,968,568,,,,7.0,,,,,,,1.0,6.0,6.0,,,,5.0,,4.0,,33011.0,29.0,939.0
330110104002,104,47,14,6,7,74,285,13,29,120,699,517,,,,26.0,,6.0,1.0,,,1.0,2.0,7.0,,6.0,,,2.0,,,,33011.0,51.0,648.0
330110104003,2,10,3,1,1,11,7,2,6,2,44,356,,,,2.0,6.0,7.0,21.0,,,,,1.0,,4.0,,,,,4.0,,33011.0,45.0,-1.0
330110104004,24,60,18,7,8,75,66,12,37,28,335,708,,,,3.0,,19.0,77.0,4.0,,8.0,,21.0,,6.0,5.0,1629.0,,37.0,32.0,12.0,33011.0,1853.0,-1518.0
330110104005,16,36,11,4,4,44,41,8,22,18,204,516,,,,3.0,2.0,54.0,33.0,,,5.0,,8.0,1.0,27.0,,105.0,,12.0,9.0,,33011.0,259.0,-55.0
330110105001,30,12,3,1,2,20,82,3,8,35,196,409,,,,12.0,,,,,,,,,,,,,,,3.0,,33011.0,15.0,181.0
330110105002,36,14,5,2,2,23,98,4,9,41,234,353,,,,,,13.0,5.0,,,6.0,,,,,,,,,10.0,,33011.0,34.0,200.0
330110105003,40,18,5,2,2,27,110,5,11,47,267,358,,,,,,1.0,,65.0,,60.0,13.0,21.0,,,1.0,29.0,4.0,,12.0,,33011.0,206.0,61.0
330110105004,73,31,10,3,5,50,201,9,19,84,485,391,,,,8.0,1427.0,8.0,452.0,13.0,8.0,,15.0,32.0,,25.0,,692.0,,49.0,29.0,,33011.0,2758.0,-2273.0
330110105005,79,33,10,3,5,54,214,10,20,90,518,600,,,,,23.0,42.0,24.0,5.0,2.0,94.0,1.0,97.0,,83.0,2.0,105.0,,154.0,23.0,,33011.0,655.0,-137.0
330110106001,128,215,67,24,29,331,346,45,132,147,1463,752,,,,4.0,79.0,47.0,89.0,,,9.0,15.0,41.0,,,,161.0,2.0,18.0,11.0,41.0,33011.0,517.0,946.0
330110106002,79,123,38,13,17,191,215,26,74,91,867,874,,,,33.0,,,30.0,,,,3.0,4.0,1.0,3.0,,97.0,16.0,56.0,11.0,,33011.0,254.0,613.0
330110106003,85,132,41,14,18,206,232,29,81,98,936,767,,,,1.0,,,,6.0,,,,2.0,,2.0,,19.0,,,,,33011.0,30.0,906.0
330110106004,167,258,79,29,34,402,454,54,157,191,1826,622,,,,34.0,202.0,91.0,2.0,165.0,,,10.0,1.0,,145.0,43.0,5.0,,84.0,4.0,,33011.0,786.0,1040.0
330110107001,121,498,153,57,66,901,331,98,303,139,2667,315,,,,86.0,41.0,37.0,277.0,10.0,91.0,159.0,24.0,190.0,85.0,27.0,1569.0,234.0,29.0,344.0,77.0,1180.0,33011.0,4460.0,-1793.0
330110107002,139,281,86,32,38,395,381,59,170,160,1740,460,,,,29.0,1.0,,451.0,,,12.0,17.0,34.0,178.0,13.0,12.0,916.0,31.0,139.0,66.0,,33011.0,1899.0,-159.0
330110108001,674,1354,416,153,180,1911,1839,282,825,773,8408,749,,,,64.0,687.0,253.0,71.0,339.0,3.0,14.0,38.0,140.0,40.0,196.0,12.0,327.0,,6.0,172.0,114.0,33011.0,2476.0,5932.0
330110108002,62,74,22,9,10,57,169,17,45,71,536,499,,,,,,,23.0,,,,,3.0,,12.0,,25.0,1.0,25.0,28.0,,33011.0,117.0,419.0
330110108003,51,244,75,28,32,473,140,47,149,59,1298,679,,,,,,1.0,9.0,7.0,,,,10.0,,,12.0,12.0,5.0,4.0,9.0,,33011.0,69.0,1229.0
330110108004,59,290,89,32,39,564,162,56,176,68,1535,845,,,,3.0,,37.0,,,,,,,,,,30.0,,3.0,12.0,,33011.0,85.0,1450.0
330110108005,51,83,25,9,11,97,141,18,50,59,544,679,,,,18.0,2.0,,14.0,9.0,,,1.0,,4.0,16.0,,,,22.0,6.0,,33011.0,92.0,452.0
330110108006,19,30,9,3,3,33,50,6,19,21,193,581,,,,69.0,54.0,27.0,32.0,,,,14.0,,,,12.0,109.0,,20.0,6.0,,33011.0,343.0,-150.0
330110109001,132,158,49,18,21,120,361,35,95,152,1140,403,,,,17.0,,2.0,2.0,5.0,,10.0,6.0,10.0,,14.0,,159.0,,4.0,,,33011.0,229.0,911.0
330110109002,122,145,44,17,19,111,332,32,89,140,1051,793,,,,,,,7.0,,,,,4.0,5.0,6.0,,1720.0,,12.0,7.0,,33011.0,1761.0,-710.0
330110109003,9,24,8,2,3,37,23,5,14,10,135,541,,,,1.0,1.0,,4.0,,,,,1.0,16.0,2.0,,148.0,1.0,,,,33011.0,174.0,-39.0
330110109004,24,69,21,8,9,105,68,14,42,29,390,1002,,,,6.0,,,77.0,,,,,51.0,,,,5.0,,,25.0,,33011.0,164.0,226.0
330110109005,22,60,19,7,8,90,60,12,36,25,338,555,,,,10.0,,2.0,,,,,,4.0,,12.0,,,,10.0,,,33011.0,38.0,300.0
330110110001,44,183,56,21,24,689,121,37,112,51,1337,843,,,,9.0,,4.0,67.0,1.0,,7.0,6.0,1.0,,9.0,,13.0,72.0,,,,33011.0,189.0,1148.0
330110110002,33,92,29,10,12,675,92,19,56,39,1057,621,,,,2.0,4.0,15.0,114.0,,,2.0,13.0,24.0,,57.0,3.0,,,23.0,20.0,,33011.0,277.0,780.0
330110110003,5,43,13,4,6,22,12,8,27,4,145,698,,,,3.0,8.0,9.0,61.0,,2.0,10.0,19.0,71.0,,3.0,351.0,6.0,,165.0,2.0,,33011.0,710.0,-565.0
330110110004,6,54,17,5,7,27,14,10,33,5,178,385,,,,2.0,,2.0,26.0,,,,,,,2.0,,,,,10.0,,33011.0,42.0,136.0
330110111011,50,109,33,12,14,75,137,23,67,57,576,983,,,,1.0,,,,,,27.0,18.0,1.0,,,,,,,,,33011.0,47.0,529.0
330110111012,68,148,45,17,20,103,185,30,91,79,786,722,,,,5.0,,,,2.0,,,,,,14.0,,,,12.0,,,33011.0,33.0,753.0
330110111021,332,153,48,18,20,2371,908,43,94,382,4368,1049,,,,13.0,,5.0,623.0,,,25.0,26.0,9.0,,36.0,,19.0,50.0,179.0,29.0,2.0,33011.0,1016.0,3352.0
330110111022,607,247,77,28,32,4131,1657,74,150,697,7701,753,,,,5.0,1760.0,119.0,4466.0,67.0,107.0,55.0,59.0,129.0,,311.0,,12.0,1.0,1038.0,230.0,,33011.0,8359.0,-658.0
330110112001,322,748,230,84,99,508,879,153,455,370,3848,1317,,,,12.0,940.0,88.0,12.0,,769.0,120.0,37.0,1097.0,19.0,329.0,3.0,257.0,23.0,155.0,14.0,,33011.0,3875.0,-27.0
330110112002,33,94,29,11,12,60,90,19,57,38,443,634,,,,3.0,,5.0,,,,,3.0,32.0,,23.0,,7.0,4.0,1.0,6.0,,33011.0,84.0,359.0
330110112003,99,277,85,31,37,179,269,55,169,113,1312,1498,,,,8.0,,6.0,11.0,2.0,,4.0,9.0,17.0,1.0,15.0,9.0,92.0,53.0,26.0,63.0,,33011.0,316.0,996.0
330110113001,22,64,20,8,9,41,61,13,39,26,303,197,,,,23.0,88.0,23.0,1.0,,71.0,7.0,18.0,84.0,50.0,51.0,,402.0,134.0,126.0,173.0,642.0,33011.0,1893.0,-1590.0
330110113002,29,83,25,9,11,53,80,17,50,33,390,795,,,,2.0,,22.0,29.0,,10.0,29.0,16.0,77.0,,31.0,7.0,94.0,,,,,33011.0,317.0,73.0
330110113003,29,12,3,1,2,19,78,3,8,32,187,905,,,,1.0,,5.0,,2.0,,,1.0,38.0,,5.0,,,,,,,33011.0,52.0,135.0
330110113004,13,6,2,1,1,11,37,2,3,16,92,401,,,,6.0,,,,,,,,,,4.0,,,,,,,33011.0,10.0,82.0
330110114011,233,94,29,10,12,142,635,28,57,266,1506,1131,,,,5.0,,1.0,,7.0,,14.0,,5.0,,1.0,,2.0,,,,,33011.0,35.0,1471.0
330110114012,28,30,9,3,4,62,74,7,18,31,266,811,,,,39.0,,1.0,,,,2.0,,22.0,,4.0,,47.0,8.0,,1.0,,33011.0,124.0,142.0
330110114013,65,25,8,3,3,40,178,8,16,74,420,880,,,,,,20.0,,,,,,,,7.0,,110.0,,,9.0,,33011.0,146.0,274.0
330110114021,32,14,5,1,2,23,87,4,9,37,214,380,,,,181.0,295.0,205.0,78.0,75.0,272.0,1.0,,96.0,21.0,11.0,7.0,100.0,7.0,154.0,27.0,,33011.0,1530.0,-1316.0
330110114022,38,17,6,2,2,28,103,4,10,43,253,1286,,,,17.0,46.0,20.0,,,3.0,9.0,17.0,36.0,,52.0,,2.0,,,8.0,,33011.0,210.0,43.0
330110114023,53,24,8,2,3,38,144,7,15,61,355,1088,,,,3.0,,35.0,4.0,11.0,,,2.0,23.0,,10.0,,53.0,,19.0,9.0,,33011.0,169.0,186.0
330110115001,38,210,64,23,28,121,106,40,127,43,801,900,,,,62.0,1.0,52.0,7.0,45.0,,2.0,21.0,3.0,176.0,2.0,22.0,187.0,32.0,2.0,161.0,2.0,33011.0,777.0,24.0
330110115002,23,60,18,7,9,41,63,12,37,27,296,371,,,,,,,8.0,,,,3.0,,,,,,,,,,33011.0,11.0,285.0
330110121001,34,19,6,3,2,43,77,5,11,38,237,714,,,,27.0,,,,,,,,5.0,,,,,,,,,33011.0,32.0,205.0
330110121002,99,53,13,10,4,417,220,16,31,106,970,1713,,,,40.0,50.0,31.0,21.0,6.0,,1.0,23.0,9.0,,12.0,223.0,5.0,1.0,18.0,10.0,,33011.0,450.0,520.0
330110121003,94,53,14,10,4,48,209,17,31,102,580,835,,43.0,,11.0,3.0,,,,,,3.0,4.0,,7.0,,11.0,,,22.0,,33011.0,104.0,476.0
330110121004,80,45,12,9,4,41,179,14,27,87,498,737,,,,263.0,110.0,17.0,119.0,12.0,,,46.0,7.0,,78.0,32.0,124.0,,110.0,49.0,,33011.0,967.0,-469.0
330110122001,32,18,4,3,1,95,72,6,10,34,275,682,,,,17.0,,2.0,209.0,,,,,14.0,6.0,19.0,118.0,32.0,6.0,93.0,19.0,,33011.0,535.0,-260.0
330110122002,15,9,2,1,1,63,35,2,5,18,152,628,,,,13.0,98.0,7.0,53.0,3.0,,21.0,3.0,4.0,,7.0,7.0,23.0,,33.0,16.0,,33011.0,288.0,-136.0
330110122003,42,45,12,9,4,71,94,12,26,47,362,513,,,,3.0,,1.0,5.0,,,7.0,,4.0,,,73.0,5.0,,52.0,,195.0,33011.0,345.0,17.0
330110122004,77,85,22,16,8,130,174,23,50,84,669,884,,,,16.0,42.0,,34.0,,,37.0,8.0,2.0,,1.0,94.0,28.0,7.0,35.0,34.0,,33011.0,338.0,331.0
330110122005,83,89,23,18,8,139,184,24,51,90,711,932,,,,4.0,55.0,3.0,37.0,,,13.0,1.0,43.0,24.0,2.0,94.0,15.0,,140.0,50.0,,33011.0,481.0,230.0
330110123001,481,195,52,38,18,260,1069,65,112,522,2810,808,,,,8.0,,9.0,2.0,,,,,10.0,,23.0,,,21.0,,4.0,,33011.0,77.0,2733.0
330110123002,123,70,18,13,7,62,273,21,41,133,762,1636,,,,67.0,516.0,214.0,6.0,35.0,6.0,1.0,7.0,11.0,20.0,94.0,4.0,21.0,6.0,53.0,18.0,,33011.0,1079.0,-317.0
330110123003,172,100,26,19,10,278,393,30,57,188,1274,809,,,,151.0,1224.0,40.0,289.0,30.0,,14.0,,96.0,17.0,11.0,1.0,8.0,38.0,44.0,7.0,,33011.0,1970.0,-696.0
330110123004,645,197,52,38,18,221,1432,72,113,701,3489,1088,,,,35.0,1260.0,356.0,1011.0,31.0,191.0,10.0,10.0,242.0,48.0,224.0,,187.0,37.0,63.0,80.0,,33011.0,3785.0,-296.0
330110131001,24,53,6,8,8,28,44,9,21,20,222,784,,,,20.0,,1.0,,,,,,3.0,,19.0,191.0,5.0,,,3.0,65.0,33011.0,307.0,-85.0
330110131002,50,116,16,18,16,76,89,20,47,41,489,1573,5.0,,,83.0,70.0,12.0,2.0,2.0,6.0,,,15.0,,72.0,68.0,,26.0,65.0,25.0,,33011.0,451.0,38.0
330110131003,11,13,2,2,2,32,20,2,6,9,98,840,,,,8.0,,7.0,12.0,,,,,3.0,3.0,,145.0,3.0,,,,,33011.0,181.0,-83.0
330110131004,16,17,2,2,2,38,29,3,8,13,130,906,,,,20.0,,3.0,16.0,,,,,3.0,,9.0,,14.0,,20.0,9.0,,33011.0,94.0,36.0
330110141001,75,22,9,5,3,30,216,7,13,141,522,776,,,,61.0,214.0,16.0,54.0,,,,3.0,21.0,,81.0,6.0,49.0,29.0,96.0,13.0,,33011.0,643.0,-121.0
330110141002,40,189,79,34,33,505,117,38,117,75,1229,943,,,,81.0,36.0,8.0,207.0,7.0,,28.0,13.0,26.0,,23.0,513.0,71.0,38.0,250.0,60.0,332.0,33011.0,1693.0,-464.0
330110141003,72,87,36,17,15,258,210,19,54,137,905,465,,,,95.0,83.0,76.0,60.0,63.0,5.0,51.0,1.0,78.0,18.0,91.0,,130.0,1.0,139.0,75.0,,33011.0,966.0,-61.0
330110141004,866,154,63,28,27,294,2512,56,95,1630,5725,633,,,,248.0,1787.0,136.0,165.0,151.0,28.0,78.0,19.0,148.0,302.0,314.0,108.0,196.0,,49.0,417.0,,33011.0,4146.0,1579.0
330110142011,10,9,3,1,1,6,29,2,5,19,86,1023,,,,20.0,,15.0,,12.0,,1.0,,18.0,,17.0,1.0,,,,,,33011.0,84.0,2.0
330110142012,11,10,4,2,2,6,32,2,6,21,96,699,,,,2.0,,2.0,,,,,,,,9.0,70.0,,,,,,33011.0,83.0,13.0
330110142013,6,4,2,1,1,1,16,1,3,10,45,1204,,,,8.0,,1.0,2.0,1.0,4.0,,,1.0,,5.0,10.0,,,,25.0,,33011.0,57.0,-12.0
330110142021,198,58,24,10,10,81,574,17,35,373,1380,1420,,,,8.0,,14.0,2.0,,,,,2.0,5.0,2.0,99.0,,,,4.0,,33011.0,136.0,1244.0
330110142022,52,243,101,44,42,650,151,49,151,98,1581,1185,,,,7.0,,2.0,,,,,6.0,,,12.0,3.0,1.0,,,24.0,,33011.0,55.0,1526.0
330110142023,63,18,8,3,3,23,182,6,11,119,436,525,,,,7.0,6.0,,3.0,,,,,2.0,,,,,,,,,33011.0,18.0,418.0
330110143001,316,66,28,12,11,185,914,22,42,592,2188,927,,,,3.0,,,768.0,,3.0,5.0,6.0,204.0,315.0,8.0,4.0,13.0,,110.0,21.0,,33011.0,1460.0,728.0
330110143002,525,109,45,20,19,297,1523,37,68,989,3631,581,5.0,,,3.0,,3.0,,,1.0,,,77.0,,,,1.0,,,,,33011.0,90.0,3541.0
330110143003,453,99,41,18,18,273,1314,32,61,849,3158,571,,,,3.0,,,1046.0,33.0,2.0,4487.0,61.0,1612.0,22.0,87.0,67.0,71.0,5.0,195.0,53.0,,33011.0,7744.0,-4586.0
330110143004,330,68,28,12,12,186,957,23,42,621,2279,453,,,17.0,104.0,217.0,41.0,163.0,,,36.0,3.0,81.0,,107.0,,30.0,,114.0,22.0,,33011.0,935.0,1344.0
330110143005,131,158,66,29,28,468,378,34,98,246,1636,1316,,,,29.0,,6.0,9.0,3.0,34.0,12.0,,11.0,,2.0,1.0,286.0,,11.0,1.0,15.0,33011.0,420.0,1216.0
330110151001,61,129,34,13,14,100,97,17,98,66,627,662,,,,14.0,,3.0,10.0,10.0,,15.0,7.0,27.0,,1.0,12.0,,,29.0,42.0,,33011.0,170.0,457.0
330110151002,24,50,12,6,5,38,38,7,38,26,244,833,,,,4.0,21.0,14.0,35.0,,16.0,12.0,,52.0,,9.0,167.0,45.0,,47.0,5.0,,33011.0,427.0,-183.0
330110151003,38,76,20,9,9,81,68,11,56,41,409,1170,,,,12.0,,9.0,,,,,,17.0,1.0,7.0,200.0,15.0,,,6.0,,33011.0,267.0,142.0
330110152001,13,18,5,2,2,46,22,2,13,14,136,497,,,,8.0,85.0,8.0,10.0,4.0,,,2.0,13.0,2.0,1.0,,,,1.0,,,33011.0,134.0,2.0
330110152002,16,20,6,2,2,50,24,3,15,17,155,626,,,,13.0,17.0,14.0,10.0,,,,,5.0,,5.0,3.0,,,1.0,5.0,,33011.0,73.0,82.0
330110152003,188,122,32,12,13,281,300,24,92,203,1267,922,,,,2.0,1.0,30.0,26.0,6.0,4.0,14.0,4.0,63.0,61.0,8.0,150.0,94.0,27.0,33.0,2.0,,33011.0,525.0,742.0
330110152004,507,305,81,32,32,699,810,63,230,543,3302,906,,,,171.0,767.0,96.0,523.0,245.0,,68.0,9.0,164.0,3.0,82.0,76.0,219.0,8.0,181.0,99.0,135.0,33011.0,2846.0,456.0
330110161001,25,44,14,9,5,156,74,8,27,26,387,612,,,,6.0,3.0,,14.0,,,,,,,16.0,,24.0,,,8.0,,33011.0,71.0,316.0
330110161002,214,82,28,17,10,242,638,32,50,222,1534,1067,,,,55.0,42.0,22.0,32.0,2.0,9.0,2.0,,3.0,,22.0,,5.0,,,55.0,4.0,33011.0,253.0,1281.0
330110162011,90,141,45,29,17,497,269,28,86,93,1295,1322,,,,7.0,1.0,2.0,36.0,,,,5.0,2.0,,35.0,258.0,74.0,,,14.0,,33011.0,434.0,861.0
330110162012,31,53,18,11,7,191,93,10,33,32,479,426,,,10.0,37.0,154.0,18.0,177.0,,,31.0,11.0,32.0,,18.0,58.0,101.0,31.0,188.0,47.0,10.0,33011.0,923.0,-444.0
330110162013,36,64,21,13,8,229,108,12,40,38,569,484,,,,12.0,4.0,,48.0,,,13.0,,,,4.0,8.0,17.0,31.0,81.0,20.0,,33011.0,238.0,331.0
330110162014,29,50,15,11,7,177,84,10,31,30,443,419,,,,,,,302.0,,,14.0,12.0,16.0,,30.0,,77.0,,166.0,33.0,213.0,33011.0,863.0,-420.0
330110162015,80,140,45,29,17,499,236,27,87,82,1242,1385,,,,20.0,190.0,14.0,232.0,54.0,,15.0,4.0,18.0,,8.0,,125.0,,138.0,22.0,,33011.0,840.0,402.0
330110162021,33,44,14,8,4,103,92,10,27,33,369,1434,,2.0,,17.0,218.0,128.0,5.0,1.0,1.0,,,23.0,,153.0,,7.0,167.0,36.0,35.0,,33011.0,793.0,-424.0
330110162022,287,139,45,29,17,390,854,47,85,296,2188,1577,7.0,,,47.0,1498.0,71.0,769.0,27.0,,18.0,,77.0,,75.0,97.0,50.0,,64.0,61.0,1.0,33011.0,2862.0,-674.0
330110171001,34,59,12,6,5,44,67,21,55,26,330,651,,,,47.0,298.0,15.0,24.0,,,1.0,26.0,105.0,,219.0,,,7.0,36.0,3.0,,33011.0,781.0,-451.0
330110171002,102,153,30,18,15,123,193,60,158,74,927,1203,1.0,,,11.0,81.0,32.0,73.0,2.0,,1.0,1.0,13.0,2.0,35.0,256.0,,,10.0,44.0,118.0,33011.0,680.0,247.0
330110171003,54,78,16,9,9,78,107,29,77,41,497,625,,,,4.0,3.0,9.0,12.0,,,2.0,,2.0,,14.0,,,,,1.0,,33011.0,47.0,450.0
330110171004,82,114,23,12,11,100,155,43,115,66,720,880,,,,14.0,71.0,4.0,4.0,,,,,12.0,,6.0,,5.0,,,2.0,,33011.0,118.0,602.0
330110171005,39,59,11,7,5,46,73,23,60,29,352,663,19.0,,,17.0,,28.0,8.0,49.0,3.0,12.0,3.0,55.0,,2.0,157.0,21.0,,24.0,2.0,,33011.0,400.0,-48.0
330110180001,27,52,12,10,9,68,76,12,52,32,350,1593,,,,122.0,7.0,19.0,38.0,9.0,9.0,,,20.0,,24.0,111.0,11.0,,17.0,8.0,44.0,33011.0,439.0,-89.0
330110180002,32,65,16,12,11,83,95,16,65,39,435,1051,,2.0,,50.0,7.0,8.0,51.0,,,4.0,2.0,11.0,,19.0,3.0,3.0,,24.0,18.0,,33011.0,202.0,233.0
330110185011,8,19,7,4,2,45,71,9,11,11,186,508,,2.0,,1.0,33.0,,56.0,,,,,3.0,,,,,,,7.0,,33011.0,102.0,84.0
330110185012,4,9,3,2,1,22,36,4,6,6,93,402,,,,1.0,52.0,6.0,,,,,,1.0,,,,11.0,,13.0,7.0,24.0,33011.0,115.0,-22.0
330110185021,14,13,3,3,2,8,31,3,11,9,98,694,6.0,,,29.0,1.0,,17.0,,,,,7.0,,19.0,22.0,,,90.0,13.0,18.0,33011.0,222.0,-124.0
330110190001,17,29,7,3,2,13,54,5,19,18,168,658,,,,1.0,229.0,10.0,9.0,32.0,20.0,7.0,5.0,25.0,,1.0,166.0,19.0,,3.0,12.0,56.0,33011.0,595.0,-427.0
330110190002,142,241,60,31,21,116,451,49,163,144,1417,1190,,,,61.0,222.0,,34.0,,36.0,1.0,3.0,34.0,,82.0,111.0,12.0,3.0,58.0,9.0,,33011.0,666.0,751.0
330110195011,4,23,9,3,8,6,11,9,21,4,98,807,,,,17.0,1.0,14.0,14.0,,,,,6.0,,1.0,,,,,24.0,26.0,33011.0,103.0,-5.0
330110195021,6,34,15,5,4,27,14,7,30,6,148,1268,,,,2.0,1.0,29.0,3.0,,14.0,,2.0,18.0,,13.0,2.0,,2.0,,6.0,19.0,33011.0,111.0,37.0
330110200001,85,51,14,7,9,50,127,25,24,101,493,1637,6.0,,,58.0,17.0,20.0,32.0,45.0,,6.0,3.0,29.0,,20.0,3.0,80.0,9.0,43.0,6.0,55.0,33011.0,432.0,61.0
330110200002,78,46,13,7,8,42,114,23,22,91,444,1243,,2.0,,35.0,6.0,2.0,16.0,,1.0,,,26.0,,80.0,2.0,80.0,4.0,19.0,19.0,,33011.0,292.0,152.0
330110210002,0,0,0,0,0,0,0,0,0,0,0,1,,,,49.0,7.0,32.0,36.0,31.0,,,1.0,29.0,,581.0,,,18.0,48.0,26.0,,33011.0,858.0,-858.0
330110210004,0,0,0,0,0,0,0,0,0,0,0,0,,,,188.0,,,7.0,,,,,10.0,,23.0,6.0,,,11.0,2.0,,33011.0,247.0,-247.0
330110215002,0,0,0,0,0,0,0,0,0,0,0,0,,,,23.0,3.0,8.0,,,,2.0,,4.0,,18.0,,4.0,30.0,,2.0,20.0,33011.0,114.0,-114.0
330110220001,0,0,0,0,0,0,0,0,0,0,2,14,,,,48.0,80.0,25.0,14.0,1.0,,,,,62.0,29.0,2.0,722.0,,19.0,3.0,41.0,33011.0,1046.0,-1044.0
330110225001,27,33,7,7,3,10,40,6,19,14,166,859,18.0,,,17.0,12.0,4.0,5.0,1.0,1.0,,4.0,4.0,,10.0,32.0,38.0,11.0,,10.0,9.0,33011.0,176.0,-10.0
330110225002,224,46,7,3,3,39,105,18,32,45,522,1253,6.0,,,418.0,129.0,2.0,15.0,19.0,5.0,8.0,19.0,23.0,,14.0,230.0,45.0,2.0,52.0,8.0,19.0,33011.0,1014.0,-492.0
330110225003,276,55,8,3,3,48,128,22,39,57,638,1233,,,,76.0,1.0,19.0,,,,,2.0,11.0,,,,1.0,,9.0,1.0,,33011.0,120.0,518.0
330110230002,0,0,0,0,0,0,0,0,0,0,1,3,,,,7.0,1.0,4.0,,2.0,18.0,6.0,,7.0,,,2.0,2.0,,3.0,1.0,,33011.0,53.0,-52.0
330110230003,0,0,0,0,0,0,0,0,0,0,0,1,5.0,,3.0,54.0,899.0,1.0,219.0,4.0,,17.0,11.0,39.0,,19.0,42.0,479.0,37.0,187.0,46.0,113.0,33011.0,2175.0,-2175.0
330112001001,71,137,41,22,17,154,124,34,87,54,742,1757,,,,75.0,199.0,99.0,26.0,57.0,,3.0,44.0,33.0,2.0,27.0,,12.0,,17.0,2.0,,33011.0,596.0,146.0
330112001002,29,52,15,9,7,57,52,13,33,22,290,598,,,,23.0,,20.0,,,,1.0,,7.0,,4.0,,20.0,,18.0,2.0,,33011.0,95.0,195.0
330112002001,30,24,8,4,3,397,51,8,16,22,562,406,,,,4.0,296.0,14.0,20.0,,,3.0,,5.0,,35.0,32.0,23.0,,,7.0,,33011.0,439.0,123.0
330112002002,45,70,21,11,9,130,79,19,44,34,463,1724,,,,26.0,6.0,16.0,60.0,,3.0,25.0,3.0,12.0,1.0,54.0,324.0,19.0,1.0,61.0,38.0,119.0,33011.0,768.0,-305.0
330112003001,21,2,1,0,0,65,37,2,1,16,145,1323,,,,14.0,,2.0,2.0,5.0,,,,1.0,,14.0,,7.0,2.0,18.0,13.0,,33011.0,78.0,67.0
330112003002,49,34,10,6,4,791,84,12,22,37,1049,905,,,,24.0,19.0,56.0,230.0,2.0,91.0,13.0,,21.0,,26.0,5.0,52.0,3.0,41.0,28.0,,33011.0,611.0,438.0
330112004001,1040,1323,465,231,136,1122,1941,352,680,1280,8570,777,,,,123.0,172.0,253.0,170.0,66.0,491.0,272.0,181.0,650.0,126.0,528.0,140.0,936.0,132.0,257.0,165.0,4.0,33011.0,4666.0,3904.0
330112004002,1981,2242,789,390,231,1766,3699,602,1154,2440,15293,798,,,,71.0,116.0,292.0,878.0,52.0,761.0,1167.0,216.0,2138.0,571.0,1439.0,389.0,720.0,359.0,1196.0,476.0,1352.0,33011.0,12193.0,3100.0
330119801011,171,102,35,18,10,793,320,30,52,211,1742,15,,,,121.0,1550.0,421.0,164.0,397.0,,,8.0,150.0,161.0,61.0,93.0,30.0,5.0,117.0,,58.0,33011.0,3336.0,-1594.0
330130030011,12,12,3,1,1,55,18,3,4,18,125,592,,17.0,6.0,16.0,29.0,,14.0,,,2.0,6.0,,,,,19.0,27.0,41.0,9.0,120.0,33013.0,306.0,-181.0
330130030012,110,306,91,22,31,329,152,68,106,159,1373,770,,,197.0,141.0,896.0,120.0,487.0,44.0,40.0,502.0,210.0,2.0,94.0,82.0,14.0,35.0,66.0,301.0,76.0,22.0,33013.0,3329.0,-1956.0
330130030013,77,80,23,5,8,335,107,22,29,110,797,843,,2.0,,49.0,68.0,288.0,1403.0,148.0,21.0,1153.0,2.0,289.0,38.0,175.0,1.0,92.0,20.0,139.0,14.0,,33013.0,3902.0,-3105.0
330130030061,10,139,42,11,14,72,15,26,50,14,394,893,,,,46.0,61.0,12.0,108.0,5.0,11.0,21.0,8.0,47.0,2.0,3.0,11.0,34.0,2.0,54.0,31.0,,33013.0,456.0,-62.0
330130030062,18,252,74,19,25,121,25,49,88,25,697,1060,26.0,,,89.0,8.0,74.0,233.0,126.0,,122.0,25.0,26.0,11.0,79.0,,29.0,47.0,65.0,135.0,,33013.0,1095.0,-398.0
330130031001,5,17,5,1,2,15,7,4,6,7,68,31,,,,20.0,,2.0,19.0,9.0,,,5.0,,,1.0,,46.0,,,10.0,15.0,33013.0,127.0,-59.0
330130031002,1,2,1,0,0,2,1,0,1,1,10,5,,,,3.0,56.0,2.0,41.0,,,,,2.0,,,55.0,,,6.0,25.0,,33013.0,190.0,-180.0
330130300001,0,0,0,0,0,0,0,0,0,0,0,1,,15.0,,40.0,21.0,,6.0,,10.0,,,3.0,2.0,5.0,,,,,2.0,,33013.0,104.0,-104.0
330130300002,0,0,0,0,0,1,0,0,0,0,2,4,,,,45.0,,6.0,,,,,,1.0,,,61.0,60.0,,,5.0,27.0,33013.0,205.0,-203.0
330130310011,1,1,0,0,0,2,1,0,0,1,6,19,,24.0,98.0,627.0,669.0,520.0,424.0,124.0,,16.0,30.0,80.0,60.0,186.0,36.0,114.0,27.0,7.0,170.0,,33013.0,3212.0,-3206.0
330130310012,0,0,0,0,0,1,0,0,0,0,3,3,,,,69.0,1.0,3.0,4.0,,,1.0,,2.0,,6.0,3.0,,,,4.0,,33013.0,93.0,-90.0
330130442001,82,1025,305,75,105,494,114,198,357,118,2873,912,,1.0,,244.0,19.0,32.0,58.0,,,15.0,,2.0,,14.0,,,,23.0,29.0,,33013.0,437.0,2436.0
330130442002,188,495,146,36,50,550,261,111,172,272,2282,1121,,2.0,6.0,40.0,,35.0,47.0,,20.0,10.0,7.0,17.0,20.0,6.0,3580.0,67.0,,172.0,5.0,,33013.0,4034.0,-1752.0
330130442003,31,420,125,31,42,196,42,81,147,43,1158,1155,,,,154.0,13.0,73.0,36.0,9.0,,72.0,,8.0,,129.0,390.0,50.0,,1.0,49.0,,33013.0,984.0,174.0
330150033011,69,186,63,30,22,148,114,28,105,77,842,1293,,,,12.0,,26.0,,9.0,,7.0,,,,6.0,,,,,5.0,,33015.0,65.0,777.0
330150033012,8,32,11,6,3,18,13,4,18,9,121,1123,,,,19.0,,8.0,1.0,2.0,,,,3.0,,11.0,4.0,7.0,3.0,,,,33015.0,58.0,63.0
330150033021,49,31,11,4,3,70,80,6,18,54,325,1405,,,,,106.0,54.0,570.0,23.0,,19.0,18.0,20.0,,2.0,13.0,683.0,39.0,228.0,50.0,,33015.0,1825.0,-1500.0
330150033022,27,16,6,2,2,35,45,3,9,30,176,546,,,,,,,,,,,12.0,14.0,,3.0,,,,6.0,6.0,,33015.0,41.0,135.0
330150033023,38,25,9,5,3,56,62,4,14,42,257,697,,,,6.0,,7.0,,,,,,5.0,,13.0,,,,,,,33015.0,31.0,226.0
330150034001,42,121,42,19,14,159,69,18,69,46,599,1045,,,,10.0,8.0,14.0,47.0,75.0,,,1.0,2.0,,35.0,635.0,64.0,13.0,14.0,12.0,,33015.0,930.0,-331.0
330150034002,33,84,29,13,10,153,56,13,48,38,478,478,,,,4.0,6.0,8.0,85.0,,,13.0,3.0,2.0,,,10.0,39.0,,10.0,4.0,342.0,33015.0,526.0,-48.0
330150034003,73,179,62,29,21,325,120,28,102,81,1019,769,,,,4.0,24.0,7.0,335.0,3.0,5.0,77.0,4.0,64.0,4.0,32.0,9.0,282.0,14.0,252.0,75.0,,33015.0,1191.0,-172.0
330150034004,87,214,74,33,26,386,142,32,121,97,1211,476,,,15.0,139.0,111.0,126.0,124.0,105.0,,19.0,,43.0,,,,74.0,16.0,156.0,66.0,,33015.0,994.0,217.0
330150035001,10,27,9,4,3,21,17,4,16,11,122,358,,,,,,7.0,23.0,,,,,,,1.0,740.0,22.0,,11.0,,,33015.0,804.0,-682.0
330150035002,142,348,121,54,41,630,234,53,198,159,1981,1435,,,,36.0,5.0,7.0,33.0,14.0,22.0,4.0,24.0,25.0,16.0,75.0,13.0,203.0,,122.0,63.0,,33015.0,662.0,1319.0
330150035003,126,315,109,50,38,569,210,48,178,141,1784,1316,,,,,1.0,,37.0,,,2.0,59.0,14.0,2.0,38.0,,812.0,7.0,63.0,17.0,,33015.0,1052.0,732.0
330150036011,7,5,2,1,1,29,11,1,3,8,68,494,,,,25.0,22.0,2.0,20.0,4.0,,,,7.0,,3.0,,13.0,,7.0,2.0,,33015.0,105.0,-37.0
330150036012,19,17,5,2,2,79,31,3,10,21,189,1477,,,,31.0,33.0,17.0,,,,3.0,1.0,15.0,,29.0,,,,,,,33015.0,129.0,60.0
330150036013,39,78,27,12,9,118,64,12,43,43,445,439,,,,17.0,,1.0,20.0,,12.0,,3.0,4.0,,,,,,55.0,17.0,3.0,33015.0,132.0,313.0
330150036014,57,53,19,9,6,239,95,10,31,63,581,1271,,,,21.0,,,28.0,,,3.0,,6.0,,64.0,1.0,17.0,2.0,30.0,22.0,,33015.0,194.0,387.0
330150036021,5,20,7,3,2,11,8,3,11,4,74,835,,,,15.0,,6.0,,,2.0,5.0,,12.0,2.0,1.0,32.0,3.0,,,2.0,,33015.0,80.0,-6.0
330150036022,4,7,2,1,1,10,8,1,3,6,42,812,,,,11.0,2.0,9.0,3.0,,3.0,3.0,,10.0,,4.0,21.0,43.0,,28.0,8.0,,33015.0,145.0,-103.0
330150036023,12,6,2,1,1,28,21,1,3,14,91,1289,3.0,,,26.0,3.0,15.0,51.0,,,,6.0,11.0,2.0,2.0,,,1.0,20.0,26.0,,33015.0,166.0,-75.0
330150037011,51,106,40,17,14,112,101,23,57,63,585,733,10.0,,,36.0,30.0,144.0,1306.0,10.0,,84.0,52.0,225.0,195.0,199.0,137.0,489.0,49.0,348.0,89.0,7.0,33015.0,3410.0,-2825.0
330150037012,13,109,40,17,14,44,26,19,58,17,357,911,,,,3.0,,13.0,,,,,,6.0,,8.0,67.0,9.0,,4.0,11.0,,33015.0,121.0,236.0
330150037031,1066,332,122,50,44,465,2082,189,175,1309,5833,772,,,7.0,327.0,1888.0,724.0,22.0,344.0,2.0,,43.0,120.0,25.0,335.0,86.0,20.0,,16.0,111.0,5.0,33015.0,4075.0,1758.0
330150037032,262,92,33,14,12,132,511,48,50,322,1476,945,,,,97.0,56.0,130.0,124.0,58.0,3.0,2.0,43.0,26.0,,204.0,11.0,92.0,,94.0,42.0,,33015.0,982.0,494.0
330150037033,300,92,34,14,12,128,584,53,49,368,1633,660,,,,19.0,169.0,193.0,28.0,154.0,,10.0,11.0,21.0,6.0,131.0,,28.0,,79.0,109.0,,33015.0,958.0,675.0
330150038011,7,50,19,8,6,21,12,9,26,8,166,806,,,,21.0,,17.0,,8.0,,,1.0,9.0,,3.0,,4.0,,,11.0,,33015.0,74.0,92.0
330150038012,36,66,24,10,9,50,69,14,34,43,355,563,17.0,,,9.0,,34.0,32.0,,,9.0,,49.0,9.0,12.0,632.0,23.0,5.0,,6.0,,33015.0,837.0,-482.0
330150038013,8,60,22,9,8,24,15,10,32,10,198,432,,,,21.0,,71.0,5.0,30.0,4.0,3.0,7.0,45.0,,82.0,20.0,,,2.0,3.0,,33015.0,293.0,-95.0
330150038021,28,213,78,32,29,89,55,35,113,35,707,1251,,,,4.0,,9.0,8.0,,,1.0,,2.0,,3.0,,,,,,,33015.0,27.0,680.0
330150038022,46,85,32,13,11,63,90,19,45,57,462,633,5.0,,,303.0,,12.0,,,3.0,,2.0,,,10.0,,,,,2.0,,33015.0,337.0,125.0
330150039011,58,116,42,18,16,117,113,25,62,70,639,1243,,,,46.0,,212.0,676.0,3.0,3.0,22.0,22.0,52.0,7.0,37.0,62.0,147.0,2.0,336.0,37.0,221.0,33015.0,1885.0,-1246.0
330150039012,23,45,17,7,7,46,44,10,24,28,251,575,,,,49.0,3.0,,,2.0,,,,5.0,,24.0,99.0,,,57.0,2.0,,33015.0,241.0,10.0
330150039021,43,80,30,12,11,61,87,18,42,53,438,1042,,,,15.0,14.0,2.0,,14.0,,14.0,2.0,31.0,,174.0,,,,26.0,1.0,,33015.0,293.0,145.0
330150039022,30,60,22,9,8,60,58,13,32,36,326,501,,,,15.0,,1.0,,1.0,,1.0,3.0,,2.0,8.0,,23.0,,,4.0,,33015.0,58.0,268.0
330150040001,35,172,119,34,28,142,46,44,92,42,754,1058,,,9.0,134.0,1.0,88.0,9.0,58.0,,10.0,14.0,290.0,,26.0,,7.0,,42.0,19.0,,33015.0,707.0,47.0
330150040002,36,174,122,36,29,143,44,45,93,41,763,1005,,,,34.0,15.0,2.0,7.0,,1.0,,,10.0,,18.0,111.0,158.0,,2.0,1.0,55.0,33015.0,414.0,349.0
330150040003,40,186,130,38,31,153,50,49,99,45,821,792,,89.0,,235.0,58.0,29.0,16.0,,,,5.0,27.0,,89.0,,3.0,,5.0,51.0,,33015.0,607.0,214.0
330150500001,9,59,15,2,7,37,21,12,34,14,210,553,,,,186.0,,15.0,21.0,43.0,,,,16.0,2.0,1.0,,40.0,,27.0,28.0,4.0,33015.0,383.0,-173.0
330150500002,18,133,35,6,15,82,45,28,76,30,468,1357,,,,79.0,37.0,65.0,44.0,5.0,4.0,5.0,3.0,31.0,,14.0,,19.0,43.0,9.0,35.0,20.0,33015.0,413.0,55.0
330150510001,9,41,18,5,7,30,18,8,21,6,164,1463,,,,30.0,30.0,24.0,5.0,,,,2.0,28.0,,6.0,126.0,2.0,,22.0,3.0,,33015.0,278.0,-114.0
330150510002,13,57,24,8,9,41,25,12,30,9,228,1094,6.0,,,27.0,,10.0,,14.0,1.0,,,5.0,,,9.0,12.0,,10.0,11.0,63.0,33015.0,168.0,60.0
330150520001,8,29,3,1,2,23,10,11,14,9,109,861,,,,11.0,3.0,14.0,,,3.0,,,12.0,,17.0,,,,,12.0,42.0,33015.0,114.0,-5.0
330150520002,13,50,5,2,4,42,18,20,26,14,194,1354,,,,28.0,3.0,3.0,5.0,,7.0,,,7.0,,4.0,1.0,45.0,,,9.0,,33015.0,112.0,82.0
330150520003,5,20,2,1,2,17,7,8,10,5,78,888,,,,12.0,21.0,2.0,1.0,2.0,,,,,,3.0,,,,17.0,2.0,,33015.0,60.0,18.0
330150530001,17,9,3,2,0,2,26,3,8,12,82,996,,,,23.0,6.0,5.0,7.0,,,,11.0,1.0,,3.0,2.0,,,,,,33015.0,58.0,24.0
330150530002,16,9,3,1,0,2,23,3,8,11,77,1094,2.0,,,18.0,23.0,2.0,,,1.0,,,7.0,,17.0,,12.0,,,,38.0,33015.0,120.0,-43.0
330150540001,33,44,13,3,6,26,77,6,17,50,276,1145,,,,39.0,59.0,36.0,,14.0,1.0,,,2.0,,13.0,112.0,103.0,,11.0,6.0,,33015.0,396.0,-120.0
330150540002,22,29,9,2,3,18,53,5,11,34,186,1131,,,,23.0,5.0,5.0,8.0,4.0,,,1.0,29.0,,8.0,18.0,9.0,,14.0,6.0,33.0,33015.0,163.0,23.0
330150550011,40,230,50,23,19,288,90,71,60,59,931,1430,,,10.0,41.0,,26.0,17.0,3.0,,25.0,9.0,1.0,,6.0,,20.0,,4.0,9.0,,33015.0,171.0,760.0
330150550012,32,188,41,19,15,235,73,58,49,48,757,1552,,5.0,,17.0,,14.0,23.0,,,6.0,,,6.0,22.0,,7.0,,,1.0,,33015.0,101.0,656.0
330150550021,9,50,11,6,4,63,20,16,13,12,204,657,,,,74.0,41.0,2.0,139.0,14.0,,9.0,,13.0,,3.0,,90.0,,159.0,17.0,102.0,33015.0,663.0,-459.0
330150550022,34,48,10,4,4,210,79,16,12,51,468,1447,,,,114.0,94.0,11.0,342.0,1111.0,,13.0,8.0,14.0,16.0,33.0,339.0,55.0,22.0,162.0,50.0,,33015.0,2384.0,-1916.0
330150560002,0,0,0,0,0,0,0,0,0,0,0,0,4.0,7.0,,90.0,4.0,27.0,2.0,,,3.0,1.0,38.0,4.0,10.0,13.0,83.0,6.0,19.0,16.0,66.0,33015.0,393.0,-393.0
330150580001,0,0,0,0,0,0,0,0,0,0,1,1,5.0,,,17.0,37.0,9.0,20.0,,,,,24.0,,21.0,116.0,26.0,,5.0,7.0,56.0,33015.0,343.0,-342.0
330150580002,0,0,0,0,0,0,0,0,0,0,1,1,,,,3.0,3.0,,,,,,,3.0,,,5.0,1.0,,,,16.0,33015.0,31.0,-30.0
330150590001,98,190,100,26,10,217,201,43,129,88,1104,745,,5.0,,64.0,4.0,11.0,1094.0,111.0,25.0,15.0,,8.0,1.0,50.0,60.0,22.0,31.0,479.0,74.0,,33015.0,2054.0,-950.0
330150590002,112,218,115,31,11,247,230,49,149,101,1263,1117,,,16.0,63.0,5.0,,70.0,,147.0,18.0,3.0,25.0,18.0,85.0,,27.0,,80.0,19.0,43.0,33015.0,619.0,644.0
330150590003,125,243,129,34,12,280,259,56,165,113,1415,1519,,,,44.0,8.0,46.0,,1.0,,,,9.0,,6.0,276.0,87.0,,9.0,17.0,85.0,33015.0,588.0,827.0
330150600001,57,508,79,54,50,172,90,54,196,77,1336,1049,3.0,,,101.0,290.0,228.0,72.0,236.0,,3.0,1.0,20.0,31.0,71.0,2.0,274.0,6.0,19.0,58.0,234.0,33015.0,1649.0,-313.0
330150600002,52,472,73,50,47,157,83,51,181,71,1236,1345,,,,19.0,,21.0,92.0,20.0,,2.0,4.0,33.0,,26.0,45.0,,,14.0,19.0,74.0,33015.0,369.0,867.0
330150610011,19,118,38,10,8,58,55,14,44,33,399,1170,,,,26.0,14.0,33.0,5.0,,,7.0,,28.0,1.0,33.0,,465.0,,,1.0,,33015.0,613.0,-214.0
330150610012,188,744,239,65,50,1012,554,95,276,334,3557,1395,,,,64.0,429.0,60.0,20.0,88.0,97.0,5.0,,43.0,,15.0,257.0,191.0,7.0,100.0,31.0,3.0,33015.0,1410.0,2147.0
330150610013,136,541,174,48,36,736,401,69,201,243,2584,1125,1.0,,,134.0,285.0,194.0,113.0,50.0,1.0,68.0,,405.0,,30.0,104.0,8.0,34.0,7.0,85.0,,33015.0,1519.0,1065.0
330150620001,45,47,10,8,4,40,38,11,31,39,272,1143,,,,12.0,46.0,15.0,2.0,7.0,,2.0,,22.0,,20.0,58.0,,6.0,13.0,11.0,34.0,33015.0,248.0,24.0
330150625001,31,10,2,3,1,4,63,12,6,31,166,443,,,,42.0,7.0,12.0,15.0,16.0,,6.0,,1.0,,5.0,1.0,,,,5.0,15.0,33015.0,125.0,41.0
330150625002,21,53,12,9,4,117,36,20,23,14,310,1005,2.0,,34.0,69.0,17.0,13.0,32.0,10.0,,4.0,,14.0,,20.0,33.0,2.0,6.0,9.0,4.0,22.0,33015.0,291.0,19.0
330150630011,323,403,78,73,7,838,680,63,140,251,2855,940,,,,176.0,506.0,214.0,60.0,327.0,,,42.0,136.0,,32.0,,,98.0,24.0,2.0,8.0,33015.0,1625.0,1230.0
330150630012,148,183,35,33,3,382,310,29,64,114,1301,769,,,,3.0,77.0,85.0,256.0,,,12.0,15.0,145.0,3.0,195.0,26.0,13.0,34.0,190.0,77.0,,33015.0,1131.0,170.0
330150630021,9,93,18,17,1,247,17,14,32,7,455,720,,,,,4.0,1.0,,,,,5.0,2.0,,,153.0,,,60.0,,,33015.0,225.0,230.0
330150630022,89,174,33,31,3,401,188,27,61,69,1077,354,,,589.0,445.0,55.0,18.0,274.0,,,17.0,5.0,5.0,,10.0,,4.0,17.0,208.0,25.0,,33015.0,1672.0,-595.0
330150630023,86,148,29,27,2,332,182,23,51,66,946,773,,,,17.0,15.0,62.0,1243.0,,10.0,6.0,,12.0,,1.0,,2.0,,116.0,44.0,201.0,33015.0,1729.0,-783.0
330150630024,11,116,22,21,2,308,22,18,40,8,569,432,,,,,,7.0,33.0,17.0,,,11.0,3.0,,,,,1.0,42.0,8.0,3.0,33015.0,125.0,444.0
330150640001,29,73,50,10,11,269,56,20,45,33,596,1157,25.0,,,20.0,12.0,12.0,86.0,19.0,,13.0,8.0,39.0,,54.0,22.0,71.0,97.0,38.0,22.0,39.0,33015.0,577.0,19.0
330150650011,132,139,60,26,25,183,250,32,62,122,1030,1316,,,,8.0,24.0,32.0,46.0,6.0,2.0,53.0,9.0,53.0,,55.0,279.0,234.0,2.0,94.0,84.0,,33015.0,981.0,49.0
330150650012,366,385,168,72,71,513,696,90,174,340,2874,1012,,,,24.0,67.0,40.0,10.0,,,28.0,36.0,4.0,33.0,426.0,,12.0,,61.0,3.0,,33015.0,744.0,2130.0
330150650013,39,41,18,8,8,53,73,10,19,35,304,465,,,,9.0,,5.0,37.0,89.0,,48.0,18.0,46.0,4.0,2.0,449.0,46.0,,160.0,6.0,226.0,33015.0,1145.0,-841.0
330150650014,129,135,59,25,24,179,244,31,61,119,1006,1531,,,5.0,72.0,129.0,77.0,265.0,16.0,36.0,88.0,15.0,258.0,,35.0,5.0,43.0,7.0,300.0,45.0,14.0,33015.0,1410.0,-404.0
330150650015,14,16,7,3,3,21,28,3,7,13,115,379,,,,6.0,3.0,2.0,,,,,2.0,1.0,,,,,,,,,33015.0,14.0,101.0
330150650051,6,6,2,1,1,9,10,1,2,5,43,1193,,,,14.0,,2.0,2.0,1.0,,,,1.0,,11.0,,,,3.0,,,33015.0,34.0,9.0
330150650052,11,27,11,4,4,111,20,6,12,10,216,304,,,,9.0,,,1.0,,,,,,,,,,,7.0,,,33015.0,17.0,199.0
330150650061,8,8,3,1,1,12,14,2,3,7,58,553,,,,7.0,,8.0,6.0,,,,,8.0,3.0,2.0,,,,4.0,15.0,,33015.0,53.0,5.0
330150650062,5,4,2,1,1,6,8,1,2,3,33,365,,,,,,5.0,13.0,,,,,9.0,,,,,,34.0,,,33015.0,61.0,-28.0
330150650071,40,98,42,18,18,415,75,20,44,36,806,842,,,,19.0,530.0,76.0,3.0,,,,8.0,7.0,,4.0,,,37.0,44.0,17.0,,33015.0,745.0,61.0
330150650081,67,167,72,31,30,705,128,34,76,61,1371,425,,,,5.0,,29.0,5.0,,,,5.0,47.0,,54.0,,,1.0,82.0,,,33015.0,228.0,1143.0
330150650082,9,24,10,4,4,98,18,4,10,9,191,233,,,,2.0,,,54.0,,,1.0,,1.0,,,,,,25.0,,,33015.0,83.0,108.0
330150650083,6,14,7,2,2,62,11,3,7,5,119,359,,,,,,,14.0,,,,11.0,4.0,,,,,52.0,108.0,6.0,18.0,33015.0,213.0,-94.0
330150660001,52,95,41,16,16,347,134,16,41,94,854,517,,,,10.0,,16.0,28.0,,,1.0,4.0,3.0,2.0,1.0,,,,,14.0,,33015.0,79.0,775.0
330150660002,65,121,52,19,20,435,168,20,52,120,1070,819,,,,128.0,77.0,46.0,274.0,,32.0,20.0,52.0,30.0,,48.0,7.0,78.0,89.0,164.0,70.0,53.0,33015.0,1168.0,-98.0
330150660003,82,151,66,24,24,543,211,24,65,150,1341,837,,,,52.0,13.0,79.0,480.0,118.0,4.0,52.0,3.0,33.0,10.0,114.0,9.0,65.0,15.0,29.0,55.0,,33015.0,1131.0,210.0
330150670001,28,40,17,5,0,49,54,7,24,50,274,734,,,,42.0,12.0,5.0,132.0,3.0,,14.0,14.0,93.0,,28.0,5.0,80.0,,,37.0,,33015.0,465.0,-191.0
330150670002,149,345,144,44,4,1207,300,46,211,273,2724,978,5.0,,26.0,18.0,608.0,66.0,192.0,,22.0,28.0,8.0,34.0,1.0,368.0,157.0,131.0,10.0,88.0,41.0,98.0,33015.0,1901.0,823.0
330150670003,27,38,15,4,0,46,53,7,23,49,262,738,3.0,,,42.0,,,3.0,,,7.0,,8.0,,30.0,191.0,,12.0,,2.0,,33015.0,298.0,-36.0
330150670004,86,170,72,22,2,485,173,24,104,158,1296,1215,9.0,,,19.0,,12.0,604.0,13.0,4.0,5.0,,85.0,1.0,47.0,,124.0,1.0,45.0,68.0,,33015.0,1037.0,259.0
330150675011,0,0,0,0,0,0,0,0,0,0,0,0,,,,13.0,66.0,7.0,37.0,,,17.0,59.0,14.0,,15.0,199.0,160.0,35.0,53.0,18.0,4.0,33015.0,697.0,-697.0
330150675012,113,44,7,5,8,32,248,10,27,243,738,842,,,6.0,38.0,377.0,65.0,11.0,,,1.0,,40.0,,46.0,54.0,18.0,,24.0,18.0,17.0,33015.0,715.0,23.0
330150675013,0,0,0,0,0,0,0,0,0,0,2,2,,2.0,,31.0,,6.0,,,,7.0,,4.0,,25.0,,4.0,4.0,34.0,18.0,,33015.0,135.0,-133.0
330150691001,345,1253,513,156,144,2599,864,327,867,551,7619,501,,,4.0,150.0,29.0,191.0,431.0,46.0,70.0,381.0,49.0,662.0,52.0,215.0,20.0,405.0,110.0,1961.0,106.0,74.0,33015.0,4956.0,2663.0
330150691002,13,133,54,17,16,190,34,30,92,22,601,944,,,,3.0,6.0,9.0,23.0,,,233.0,,58.0,,5.0,,16.0,1.0,,11.0,,33015.0,365.0,236.0
330150691003,44,296,121,37,35,486,112,69,205,71,1477,485,,,,,,10.0,14.0,,1.0,16.0,1.0,16.0,,10.0,5.0,79.0,75.0,30.0,8.0,463.0,33015.0,728.0,749.0
330150691004,22,142,59,18,17,234,53,33,97,34,709,634,,,,,,3.0,,,,53.0,,65.0,13.0,4.0,120.0,63.0,,14.0,3.0,56.0,33015.0,394.0,315.0
330150692001,355,468,192,58,54,1552,887,173,324,566,4629,1227,,,,28.0,4.0,28.0,50.0,,180.0,60.0,29.0,168.0,,45.0,,63.0,,92.0,27.0,7.0,33015.0,781.0,3848.0
330150692002,222,375,154,47,43,959,555,124,259,354,3092,550,,,,18.0,26.0,54.0,195.0,,24.0,11.0,3.0,193.0,13.0,182.0,72.0,131.0,67.0,97.0,97.0,,33015.0,1183.0,1909.0
330150693001,118,408,167,51,47,1148,294,108,282,187,2810,626,,,34.0,7.0,67.0,102.0,16.0,38.0,,41.0,3.0,107.0,,34.0,12.0,36.0,19.0,28.0,27.0,9.0,33015.0,580.0,2230.0
330150693002,158,325,132,41,38,836,395,101,224,252,2502,762,,,,12.0,15.0,55.0,191.0,17.0,,26.0,22.0,55.0,,49.0,81.0,30.0,4.0,95.0,8.0,1.0,33015.0,661.0,1841.0
330150697001,9,122,50,16,14,108,22,27,84,14,466,433,,,,5.0,,4.0,,,,18.0,,3.0,,,86.0,1.0,1.0,,2.0,2.0,33015.0,122.0,344.0
330150697002,25,194,80,24,22,187,61,44,134,39,811,1093,,,,16.0,4.0,2.0,109.0,,24.0,1.0,22.0,46.0,,54.0,257.0,515.0,28.0,182.0,62.0,,33015.0,1322.0,-511.0
330150697003,5,14,11,3,0,9,0,3,13,8,66,475,,,,,,4.0,68.0,,2.0,,17.0,62.0,,20.0,19.0,,5.0,239.0,32.0,28.0,33015.0,496.0,-430.0
330150710001,9,25,14,1,4,37,14,8,20,14,146,359,,,,6.0,,4.0,4.0,,,1.0,,11.0,,,103.0,7.0,2.0,10.0,6.0,,33015.0,154.0,-8.0
330150710002,3,21,12,1,4,87,4,6,17,7,162,443,,,,1.0,,1.0,,,,,,9.0,,5.0,,,,33.0,2.0,,33015.0,51.0,111.0
330150710003,14,86,51,2,18,344,21,23,64,27,651,903,,,,12.0,1.0,23.0,34.0,,,2.0,10.0,12.0,,121.0,34.0,262.0,19.0,39.0,4.0,67.0,33015.0,640.0,11.0
330150710004,3,20,11,1,5,82,4,6,14,6,152,204,,,,,,5.0,15.0,,,,1.0,3.0,,2.0,,,82.0,,,,33015.0,108.0,44.0
330150710005,21,74,43,2,15,99,29,20,55,38,396,767,,,3.0,4.0,,11.0,63.0,,,2.0,21.0,14.0,,21.0,8.0,6.0,96.0,55.0,1.0,3.0,33015.0,308.0,88.0
330151001001,92,70,21,19,13,132,155,19,44,72,638,1444,,,,43.0,40.0,28.0,18.0,1.0,,8.0,1.0,6.0,2.0,40.0,8.0,17.0,5.0,16.0,27.0,,33015.0,260.0,378.0
330151001002,27,40,12,11,8,49,45,10,25,21,248,1084,,,,12.0,,11.0,3.0,1.0,,,2.0,1.0,9.0,1.0,58.0,5.0,1.0,6.0,1.0,,33015.0,111.0,137.0
330151001003,72,18,5,4,3,79,121,7,11,57,377,831,6.0,,,65.0,,8.0,6.0,,,2.0,,10.0,,2.0,,,,,6.0,,33015.0,105.0,272.0
330151002001,174,308,93,84,58,938,296,76,192,136,2355,764,,,,12.0,47.0,63.0,1331.0,,13.0,136.0,13.0,83.0,3.0,32.0,11.0,35.0,4.0,209.0,63.0,,33015.0,2055.0,300.0
330151002002,33,6,1,1,1,35,57,2,3,26,165,710,,,,,,1.0,,,,,,5.0,,5.0,,,,,7.0,,33015.0,18.0,147.0
330151002003,40,7,2,2,1,43,67,2,4,31,199,676,,,,56.0,,12.0,62.0,1.0,3.0,2.0,,27.0,,7.0,1.0,80.0,,6.0,17.0,,33015.0,274.0,-75.0
330151002004,135,239,72,66,44,730,230,60,150,105,1830,690,,,,3.0,5.0,41.0,35.0,5.0,,19.0,17.0,36.0,1.0,44.0,56.0,28.0,,68.0,77.0,5.0,33015.0,440.0,1390.0
330151003011,274,484,147,132,90,1476,465,121,303,213,3705,1119,,,,,46.0,51.0,242.0,,,,38.0,24.0,11.0,17.0,,,157.0,281.0,4.0,,33015.0,871.0,2834.0
330151003012,216,334,101,91,62,951,367,84,210,169,2587,378,,,,62.0,95.0,187.0,1605.0,,,1.0,57.0,129.0,,599.0,59.0,34.0,48.0,97.0,63.0,,33015.0,3036.0,-449.0
330151003013,730,575,173,158,107,703,1236,155,361,568,4765,774,,,,294.0,1568.0,723.0,165.0,104.0,440.0,215.0,33.0,1169.0,99.0,1803.0,50.0,312.0,168.0,112.0,41.0,2.0,33015.0,7298.0,-2533.0
330151003021,61,92,28,25,17,556,103,23,58,48,1011,1012,,,,,,,387.0,1.0,,,7.0,1.0,1.0,,44.0,,,64.0,5.0,,33015.0,510.0,501.0
330151003022,78,88,27,23,17,1051,132,22,56,60,1553,379,,,,,2.0,18.0,49.0,27.0,,,,7.0,,16.0,,1.0,,5.0,,,33015.0,125.0,1428.0
330151003023,549,433,131,118,80,535,929,116,271,426,3588,754,,,,166.0,46.0,37.0,4.0,76.0,,,3.0,18.0,42.0,198.0,,21.0,21.0,30.0,3.0,,33015.0,665.0,2923.0
330151004001,46,65,20,18,12,903,80,17,41,37,1240,596,,,,12.0,10.0,59.0,2260.0,15.0,,20.0,17.0,36.0,6.0,52.0,28.0,47.0,,461.0,64.0,,33015.0,3087.0,-1847.0
330151004002,71,97,29,27,18,1355,121,24,61,55,1860,882,,,,7.0,83.0,8.0,173.0,,,14.0,5.0,,,3.0,,628.0,,29.0,10.0,,33015.0,960.0,900.0
330151004003,276,487,148,133,91,1489,468,122,305,214,3733,582,,,,,7.0,12.0,558.0,,,125.0,20.0,101.0,6.0,46.0,393.0,358.0,,350.0,79.0,286.0,33015.0,2341.0,1392.0
330151004004,20,99,30,27,18,46,34,23,62,15,375,1315,,,,20.0,4.0,,,4.0,,,2.0,1.0,,29.0,63.0,7.0,,,9.0,,33015.0,139.0,236.0
330151004005,12,59,18,17,11,25,20,14,36,9,221,485,,,,,,5.0,4.0,,,7.0,1.0,7.0,,275.0,,,,,,,33015.0,299.0,-78.0
330151011001,410,286,65,44,47,1363,385,45,252,139,3035,816,,10.0,,46.0,92.0,13.0,1316.0,6.0,1.0,38.0,27.0,37.0,10.0,59.0,1130.0,255.0,9.0,92.0,78.0,78.0,33015.0,3297.0,-262.0
330151011002,305,215,49,33,34,1068,288,34,189,103,2317,627,,,,4.0,3.0,4.0,421.0,133.0,15.0,64.0,8.0,13.0,10.0,,,43.0,,126.0,56.0,,33015.0,900.0,1417.0
330151011003,139,75,18,12,12,254,131,14,66,48,769,1027,12.0,,,120.0,77.0,54.0,111.0,25.0,,4.0,24.0,23.0,,51.0,2.0,1.0,,128.0,44.0,,33015.0,676.0,93.0
330151011004,133,88,20,13,14,155,125,14,77,46,686,1258,,,,157.0,118.0,20.0,14.0,8.0,,3.0,,32.0,,25.0,,,,19.0,7.0,,33015.0,403.0,283.0
330151021001,13,96,16,20,15,60,33,8,42,11,312,900,,,,16.0,3.0,20.0,11.0,,,7.0,,6.0,,4.0,,,,3.0,2.0,67.0,33015.0,139.0,173.0
330151021002,7,50,8,10,8,32,18,4,22,5,164,517,,,,4.0,80.0,1.0,,,,,1.0,2.0,,,,19.0,,10.0,4.0,,33015.0,121.0,43.0
330151021003,9,74,12,16,12,47,24,7,33,8,242,858,,,,13.0,13.0,45.0,12.0,2.0,,,,5.0,,24.0,72.0,,,3.0,1.0,,33015.0,190.0,52.0
330151031001,40,38,10,10,1,37,65,9,21,24,255,633,,,,103.0,20.0,10.0,1.0,,,,2.0,18.0,,4.0,,4.0,2.0,,12.0,,33015.0,176.0,79.0
330151031002,69,63,17,17,2,65,111,14,36,43,436,1052,,,,23.0,35.0,5.0,18.0,,,,,9.0,,10.0,,40.0,,9.0,4.0,58.0,33015.0,211.0,225.0
330151031003,114,105,29,28,4,105,184,24,57,71,721,1704,,,7.0,125.0,124.0,25.0,146.0,1.0,,,17.0,17.0,,41.0,3.0,167.0,178.0,24.0,11.0,,33015.0,886.0,-165.0
330151041011,79,288,68,35,28,333,113,49,128,62,1183,1188,,,,80.0,21.0,59.0,41.0,7.0,,27.0,9.0,63.0,2.0,100.0,25.0,303.0,,29.0,19.0,,33015.0,785.0,398.0
330151041012,57,132,31,16,13,159,81,23,59,45,617,1192,,,,10.0,49.0,33.0,360.0,,1.0,1.0,,4.0,,3.0,,49.0,20.0,56.0,41.0,,33015.0,627.0,-10.0
330151041021,88,100,23,12,10,133,125,20,43,69,622,524,,,,54.0,126.0,84.0,34.0,,,26.0,15.0,28.0,3.0,97.0,12.0,110.0,2.0,73.0,25.0,,33015.0,689.0,-67.0
330151041022,135,53,12,7,6,101,194,14,23,107,652,1413,,,,33.0,15.0,13.0,9.0,,,,4.0,5.0,,22.0,,35.0,5.0,4.0,6.0,94.0,33015.0,245.0,407.0
330151051001,23,47,9,2,3,113,78,23,24,17,338,479,,,,7.0,3.0,18.0,40.0,,,,,4.0,1.0,8.0,,13.0,,26.0,14.0,,33015.0,134.0,204.0
330151051002,81,51,10,3,3,310,255,32,25,57,826,1042,,2.0,,51.0,48.0,94.0,37.0,223.0,,,3.0,27.0,,43.0,,15.0,,2.0,17.0,89.0,33015.0,651.0,175.0
330151051003,13,53,10,2,4,77,43,23,28,10,263,570,,,,7.0,,10.0,4.0,4.0,,,2.0,,2.0,8.0,83.0,153.0,,,2.0,,33015.0,275.0,-12.0
330151051004,34,138,25,7,9,198,111,61,72,24,678,913,1.0,3.0,,36.0,,75.0,89.0,32.0,,14.0,1.0,60.0,14.0,48.0,182.0,57.0,,116.0,42.0,,33015.0,770.0,-92.0
330151061011,152,115,43,22,24,295,281,35,79,136,1181,1342,,,,52.0,66.0,127.0,295.0,22.0,9.0,10.0,11.0,107.0,,279.0,26.0,123.0,23.0,61.0,105.0,,33015.0,1316.0,-135.0
330151061012,23,144,55,28,30,81,45,39,98,21,565,1008,,,,35.0,91.0,61.0,174.0,,9.0,22.0,4.0,75.0,12.0,37.0,9.0,129.0,16.0,67.0,25.0,126.0,33015.0,892.0,-327.0
330151061013,17,98,38,19,20,55,30,25,66,14,382,982,,,,3.0,,6.0,,,2.0,,1.0,10.0,,3.0,,6.0,,,,,33015.0,31.0,351.0
330151061014,17,99,38,19,20,56,31,26,68,14,389,648,,,,4.0,,1.0,,10.0,25.0,,,24.0,,5.0,,45.0,,41.0,9.0,,33015.0,164.0,225.0
330151061021,42,246,94,48,51,143,78,65,168,38,972,1369,10.0,,,23.0,11.0,1.0,17.0,,7.0,4.0,11.0,4.0,3.0,33.0,488.0,31.0,8.0,29.0,3.0,,33015.0,683.0,289.0
330151061022,86,87,33,17,18,166,159,25,59,76,725,1266,,,,15.0,1.0,8.0,4.0,,3.0,8.0,2.0,15.0,,19.0,,36.0,3.0,61.0,34.0,,33015.0,209.0,516.0
330151061023,41,102,39,20,21,104,76,28,70,36,536,849,,6.0,,24.0,,42.0,82.0,,,17.0,9.0,68.0,33.0,,9.0,64.0,3.0,216.0,61.0,,33015.0,634.0,-98.0
330151062001,3,21,7,2,1,10,10,2,8,5,70,967,,,,3.0,,,10.0,,,,4.0,1.0,,,,,,,2.0,,33015.0,20.0,50.0
330151062002,7,41,13,3,2,18,19,4,16,11,135,473,,,,,,,2.0,,,,,12.0,,,,,,,,,33015.0,14.0,121.0
330151062003,11,47,15,4,3,64,33,6,18,20,220,582,,,,6.0,,12.0,46.0,10.0,,4.0,3.0,12.0,2.0,20.0,721.0,63.0,,120.0,23.0,,33015.0,1042.0,-822.0
330151062004,9,36,12,3,2,50,28,4,13,17,173,557,,,,4.0,11.0,3.0,99.0,2.0,,77.0,65.0,89.0,,31.0,752.0,26.0,2.0,157.0,28.0,203.0,33015.0,1549.0,-1376.0
330151064001,57,197,62,18,13,204,168,25,72,101,919,736,,,,28.0,,5.0,103.0,,3.0,116.0,6.0,,,,12.0,25.0,6.0,122.0,21.0,,33015.0,447.0,472.0
330151064002,159,546,175,48,37,572,469,71,203,283,2563,1108,,,,3.0,268.0,246.0,310.0,2.0,,219.0,62.0,287.0,611.0,80.0,,2167.0,23.0,183.0,39.0,,33015.0,4500.0,-1937.0
330151064003,169,582,186,51,39,611,500,76,216,302,2732,568,,,,5.0,,2.0,,,,,,7.0,,4.0,,39.0,,,,,33015.0,57.0,2675.0
330151071001,117,407,166,51,47,1144,292,108,282,186,2799,753,,,,4.0,,150.0,237.0,,15.0,384.0,161.0,339.0,40.0,376.0,42.0,23.0,,174.0,32.0,1.0,33015.0,1978.0,821.0
330151071002,2,13,6,2,1,151,6,3,9,3,196,334,,,,18.0,,,44.0,,,,,105.0,,28.0,21.0,8.0,,,2.0,,33015.0,226.0,-30.0
330151071003,4,29,12,3,3,325,11,7,20,7,422,570,,,,6.0,,24.0,727.0,7.0,,14.0,5.0,20.0,,6.0,,128.0,2.0,123.0,2.0,,33015.0,1064.0,-642.0
330151072001,245,281,116,36,33,742,613,111,194,391,2762,1703,,,,41.0,,11.0,163.0,12.0,1.0,375.0,7.0,19.0,,,3.0,156.0,,108.0,22.0,,33015.0,918.0,1844.0
330151072002,236,676,276,84,78,898,592,189,467,377,3872,794,,1.0,,8.0,5.0,12.0,252.0,,316.0,150.0,16.0,117.0,,428.0,5.0,139.0,37.0,152.0,74.0,,33015.0,1712.0,2160.0
330151072003,169,194,80,24,22,513,423,76,134,270,1904,774,,,70.0,283.0,584.0,310.0,753.0,132.0,145.0,50.0,29.0,183.0,11.0,113.0,9.0,490.0,69.0,398.0,180.0,11.0,33015.0,3820.0,-1916.0
330151072004,42,48,20,6,5,124,104,19,33,67,468,702,,,,7.0,,1.0,17.0,3.0,,8.0,,13.0,,15.0,71.0,7.0,,,1.0,,33015.0,143.0,325.0
330151074001,363,882,361,110,102,1307,907,258,609,579,5479,401,,,,20.0,257.0,12.0,5.0,75.0,,276.0,7.0,1023.0,27.0,97.0,31.0,1898.0,,68.0,,,33015.0,3796.0,1683.0
330151074002,30,185,75,23,21,2069,72,43,128,47,2694,387,2.0,,,20.0,2104.0,381.0,58.0,379.0,1256.0,910.0,20.0,1673.0,403.0,804.0,316.0,414.0,,209.0,144.0,178.0,33015.0,9271.0,-6577.0
330151075001,726,602,162,177,36,1527,1623,172,361,1033,6419,390,,,62.0,69.0,1519.0,222.0,1406.0,8.0,26.0,433.0,34.0,159.0,152.0,303.0,73.0,165.0,34.0,483.0,84.0,132.0,33015.0,5364.0,1055.0
330151075002,89,81,51,21,3,195,259,28,77,251,1055,968,16.0,,,141.0,169.0,355.0,84.0,10.0,37.0,6.0,4.0,64.0,,48.0,108.0,69.0,14.0,75.0,45.0,47.0,33015.0,1292.0,-237.0
330151075003,67,60,36,17,2,147,190,21,55,180,775,972,,,,33.0,4.0,63.0,327.0,16.0,1.0,3.0,12.0,44.0,12.0,45.0,7.0,,35.0,41.0,11.0,5.0,33015.0,659.0,116.0
330159800111,1217,192,71,29,25,524,2377,186,102,1496,6219,8,,,,21.0,454.0,285.0,59.0,987.0,,,163.0,46.0,116.0,194.0,,33.0,144.0,94.0,133.0,29.0,33015.0,2758.0,3461.0
330170805004,0,0,0,0,0,0,0,0,0,0,1,1,6.0,,,23.0,5.0,4.0,11.0,4.0,,,,15.0,2.0,34.0,8.0,46.0,1.0,24.0,18.0,,33017.0,201.0,-200.0
440010301001,7,38,9,5,6,9,14,4,16,10,117,608,,,,13.0,,16.0,2.0,,2.0,2.0,1.0,7.0,,5.0,47.0,2.0,4.0,28.0,,,44001.0,129.0,-12.0
440010301002,7,41,10,6,6,9,14,4,17,10,124,350,,,,1.0,4.0,,,,,,,46.0,,,1.0,6.0,,,3.0,,44001.0,61.0,63.0
440010301003,5,30,7,4,5,6,11,3,12,8,91,587,,,,36.0,,2.0,,,1.0,,,4.0,1.0,8.0,1.0,21.0,,,6.0,,44001.0,80.0,11.0
440010301004,10,48,12,7,8,12,18,5,20,14,152,491,,,,6.0,,5.0,1.0,,,5.0,12.0,4.0,1.0,,2.0,104.0,17.0,,2.0,,44001.0,159.0,-7.0
440010302001,11,60,15,8,10,15,22,6,26,16,188,412,,,,9.0,,2.0,,,,2.0,,4.0,,18.0,,106.0,,,,,44001.0,141.0,47.0
440010302002,21,112,27,15,18,24,41,12,47,31,348,554,,,4.0,54.0,,7.0,2.0,,,,,13.0,1.0,,63.0,3.0,,5.0,4.0,59.0,44001.0,215.0,133.0
440010302003,103,551,131,75,86,171,203,57,231,151,1759,445,,,,17.0,25.0,9.0,77.0,,,40.0,15.0,55.0,23.0,57.0,546.0,138.0,35.0,208.0,65.0,80.0,44001.0,1390.0,369.0
440010303001,11,60,14,8,9,14,22,6,25,17,186,614,,,,11.0,15.0,3.0,1.0,1.0,3.0,2.0,,10.0,,3.0,,49.0,42.0,10.0,9.0,,44001.0,159.0,27.0
440010303002,11,57,14,8,9,13,21,6,24,16,179,726,,,,15.0,,9.0,,,1.0,9.0,,3.0,2.0,,,7.0,,,23.0,,44001.0,69.0,110.0
440010303003,4,20,5,3,3,5,7,2,8,6,63,665,,,,18.0,,10.0,,,,,4.0,8.0,,1.0,6.0,9.0,,,7.0,,44001.0,63.0,0.0
440010304001,5,26,6,4,4,8,10,3,11,7,84,489,,,,2.0,,,184.0,,,8.0,,12.0,,3.0,1.0,46.0,,25.0,19.0,,44001.0,300.0,-216.0
440010304002,5,27,7,4,4,7,10,3,11,8,86,712,,,,14.0,,13.0,4.0,,7.0,2.0,,3.0,,6.0,,5.0,6.0,,17.0,,44001.0,77.0,9.0
440010304003,36,191,45,26,30,340,71,20,80,52,891,538,,,,10.0,,2.0,9.0,,3.0,7.0,1.0,5.0,,1.0,9.0,37.0,88.0,4.0,127.0,,44001.0,303.0,588.0
440010305001,5,22,7,3,1,69,9,3,5,5,129,327,,,,6.0,6.0,,56.0,,,2.0,,,,1.0,2.0,41.0,4.0,46.0,16.0,,44001.0,180.0,-51.0
440010305002,29,142,42,18,6,140,56,19,29,31,512,424,,,,41.0,144.0,42.0,75.0,,28.0,6.0,6.0,13.0,,,4.0,71.0,,46.0,32.0,110.0,44001.0,618.0,-106.0
440010305003,41,204,60,25,9,122,79,28,42,45,655,526,,,,4.0,154.0,14.0,39.0,37.0,4.0,25.0,9.0,71.0,,17.0,,17.0,1.0,250.0,27.0,,44001.0,669.0,-14.0
440010306011,72,353,104,44,15,173,139,48,73,79,1099,337,,,,66.0,286.0,64.0,23.0,104.0,,159.0,2.0,83.0,,13.0,77.0,50.0,13.0,104.0,49.0,,44001.0,1093.0,6.0
440010306012,9,45,13,6,2,22,18,6,9,10,139,515,,,,14.0,,5.0,6.0,,,,,1.0,,2.0,,66.0,,,6.0,,44001.0,100.0,39.0
440010306013,7,36,10,4,1,15,13,5,7,8,107,443,,,,16.0,,,,,,,5.0,24.0,,17.0,1.0,1.0,,,5.0,,44001.0,69.0,38.0
440010306021,24,117,34,15,5,76,46,16,24,26,383,465,,,,7.0,228.0,27.0,23.0,,,,,42.0,,21.0,,128.0,39.0,27.0,3.0,7.0,44001.0,552.0,-169.0
440010306022,15,75,22,9,3,34,29,10,15,17,230,376,,,,1.0,4.0,,6.0,,,,,,5.0,29.0,,74.0,,97.0,27.0,,44001.0,243.0,-13.0
440010306023,14,70,20,8,3,95,26,10,15,15,276,460,,,,3.0,14.0,,76.0,7.0,,5.0,10.0,,,44.0,,44.0,14.0,73.0,12.0,,44001.0,302.0,-26.0
440010306024,3,17,5,2,1,12,6,2,3,3,55,258,,,,8.0,,3.0,3.0,,,4.0,,6.0,,,,28.0,,,7.0,,44001.0,59.0,-4.0
440010307001,3,15,2,2,1,5,6,2,3,3,42,439,,,,13.0,7.0,,,,,,,1.0,,,2.0,2.0,,3.0,8.0,,44001.0,36.0,6.0
440010307002,41,241,40,30,8,97,89,34,55,42,677,510,,,,2.0,19.0,9.0,19.0,,,,21.0,2.0,,,540.0,97.0,,22.0,8.0,,44001.0,739.0,-62.0
440010307003,5,30,5,4,1,13,12,4,7,5,86,393,,,,3.0,,,6.0,,,,,4.0,,,,2.0,,16.0,19.0,,44001.0,50.0,36.0
440010307004,65,380,64,47,13,153,142,53,87,67,1071,569,,,37.0,5.0,25.0,17.0,24.0,,29.0,34.0,13.0,16.0,,9.0,,31.0,6.0,352.0,70.0,,44001.0,668.0,403.0
440010308001,19,112,19,14,4,47,42,16,25,20,318,448,,,,37.0,85.0,3.0,48.0,,,,,4.0,,18.0,,35.0,,40.0,41.0,,44001.0,311.0,7.0
440010308002,3,18,3,2,1,6,7,3,4,3,50,714,,,,9.0,,7.0,,,1.0,,1.0,2.0,,1.0,,7.0,,17.0,6.0,,44001.0,51.0,-1.0
440010308003,6,34,6,4,1,12,13,5,8,6,95,401,,,,,23.0,7.0,,,,,4.0,9.0,,,,,47.0,46.0,7.0,,44001.0,143.0,-48.0
440010308004,184,1079,181,133,37,383,404,151,246,189,2987,117,,,,16.0,,,10.0,,,32.0,,2.0,,9.0,1454.0,1.0,,,1.0,,44001.0,1525.0,1462.0
440010309011,4,27,4,3,1,38,10,4,6,4,100,895,,,,24.0,,,,,8.0,,,1.0,,13.0,,16.0,,,,,44001.0,62.0,38.0
440010309012,31,186,31,23,6,75,69,26,42,32,522,1316,,,,35.0,,3.0,11.0,,,10.0,7.0,16.0,31.0,7.0,,5.0,3.0,15.0,24.0,,44001.0,167.0,355.0
440010309013,23,133,22,16,5,77,50,19,30,23,398,689,,,4.0,11.0,97.0,20.0,79.0,,,3.0,,1.0,2.0,22.0,,252.0,11.0,46.0,18.0,,44001.0,566.0,-168.0
440010309021,62,368,61,45,13,755,137,51,84,64,1642,587,,,,170.0,548.0,126.0,240.0,5.0,,43.0,3.0,32.0,,7.0,18.0,161.0,45.0,42.0,53.0,,44001.0,1493.0,149.0
440010309022,5,32,6,4,1,12,12,5,8,6,90,889,,,,14.0,,7.0,,,2.0,,,3.0,,,3.0,18.0,,5.0,7.0,,44001.0,59.0,31.0
440010309023,7,41,7,5,1,20,15,6,9,7,118,648,,,,5.0,,8.0,10.0,1.0,29.0,2.0,,24.0,,4.0,,7.0,36.0,35.0,11.0,,44001.0,172.0,-54.0
440010309024,66,393,66,48,13,177,146,55,90,68,1123,1021,,,,10.0,13.0,,87.0,,,22.0,1.0,3.0,,94.0,14.0,371.0,2.0,35.0,27.0,12.0,44001.0,691.0,432.0
440030201011,5,23,6,4,1,25,12,5,8,4,94,1160,,,,,218.0,4.0,228.0,,,11.0,5.0,29.0,,21.0,8.0,93.0,6.0,98.0,42.0,,44003.0,763.0,-669.0
440030201012,98,474,126,95,28,277,263,102,162,95,1722,466,,,,75.0,178.0,,155.0,310.0,703.0,,16.0,7.0,43.0,25.0,28.0,48.0,,44.0,46.0,,44003.0,1678.0,44.0
440030201013,1,5,1,1,0,19,2,1,2,1,35,1038,,,,12.0,,,40.0,15.0,7.0,,1.0,4.0,,59.0,,30.0,,31.0,15.0,,44003.0,214.0,-179.0
440030201021,23,108,29,22,6,133,60,23,37,22,463,622,,,,21.0,6.0,3.0,65.0,1.0,,91.0,,51.0,1.0,33.0,,276.0,4.0,63.0,9.0,,44003.0,624.0,-161.0
440030201022,5,23,6,5,1,67,13,5,8,5,139,534,,,,,2.0,9.0,43.0,,,,2.0,,,9.0,,,,56.0,28.0,,44003.0,149.0,-10.0
440030201023,11,54,14,11,3,56,29,12,18,11,219,760,,,,8.0,,,18.0,11.0,2.0,,,1.0,,49.0,1.0,23.0,,33.0,11.0,,44003.0,157.0,62.0
440030202001,61,296,79,60,18,203,163,64,101,59,1104,1008,,,,33.0,44.0,32.0,12.0,,1.0,,20.0,8.0,,3.0,21.0,28.0,,62.0,16.0,,44003.0,280.0,824.0
440030202002,7,34,9,7,2,50,19,7,12,7,154,664,,,42.0,15.0,251.0,24.0,31.0,,26.0,,,2.0,,,,24.0,37.0,16.0,9.0,14.0,44003.0,491.0,-337.0
440030202003,14,65,17,13,4,111,36,14,22,13,311,872,,,,,8.0,127.0,64.0,,,,3.0,16.0,,7.0,,48.0,,18.0,5.0,,44003.0,296.0,15.0
440030203001,3,15,4,3,1,8,9,3,5,3,55,401,,,,1.0,25.0,7.0,,,,9.0,6.0,,,,,1.0,,2.0,2.0,,44003.0,53.0,2.0
440030203002,46,224,60,45,13,155,123,48,77,45,834,750,,,,1.0,61.0,,15.0,,,,,20.0,,2.0,533.0,23.0,,21.0,20.0,67.0,44003.0,763.0,71.0
440030203003,69,329,88,66,20,322,183,71,113,66,1327,583,,,,1.0,,1.0,66.0,,,16.0,,27.0,100.0,,,198.0,,37.0,17.0,142.0,44003.0,605.0,722.0
440030203004,9,42,11,9,3,50,24,9,15,9,181,499,,,,2.0,15.0,,4.0,,,,5.0,,,,,78.0,,43.0,8.0,74.0,44003.0,229.0,-48.0
440030203005,7,34,9,7,2,70,18,7,12,7,172,672,,,,27.0,20.0,2.0,17.0,,,,,,,15.0,,27.0,,,6.0,10.0,44003.0,124.0,48.0
440030204001,1,3,1,1,0,2,2,1,1,1,13,256,,,,1.0,,,,,,,,4.0,,,,3.0,,,,,44003.0,8.0,5.0
440030204002,13,62,17,13,4,113,34,13,21,12,302,336,,,,23.0,23.0,14.0,18.0,145.0,,,,,,5.0,,7.0,3.0,52.0,28.0,,44003.0,318.0,-16.0
440030204003,4,16,4,3,1,27,8,3,5,3,73,588,,,,4.0,,,17.0,,,9.0,,1.0,,,,41.0,,28.0,16.0,,44003.0,116.0,-43.0
440030205001,2,8,2,2,1,10,5,2,3,2,36,510,,,25.0,3.0,,5.0,11.0,,3.0,2.0,,,,1.0,,4.0,,,79.0,,44003.0,133.0,-97.0
440030205002,4,18,5,4,1,30,10,4,6,4,86,889,,,,13.0,22.0,2.0,28.0,,1.0,,,105.0,,14.0,27.0,7.0,6.0,,1.0,,44003.0,226.0,-140.0
440030205003,16,76,20,15,5,48,42,16,26,15,279,311,,,,2.0,1.0,,11.0,,,,2.0,1.0,,3.0,,,,60.0,4.0,,44003.0,84.0,195.0
440030206011,57,242,78,43,14,90,100,38,66,49,778,665,,,,30.0,5.0,,2.0,,,,,4.0,,,,180.0,,13.0,1.0,,44003.0,235.0,543.0
440030206012,4,16,5,3,1,9,7,2,4,3,55,847,,,,21.0,11.0,,2.0,,,,,,,9.0,,,,,1.0,,44003.0,44.0,11.0
440030206013,12,52,17,9,3,25,22,8,14,11,173,783,,,,17.0,,3.0,9.0,,,6.0,,3.0,,3.0,,,,,,,44003.0,41.0,132.0
440030206014,6,28,9,5,2,10,11,4,8,5,88,887,,,,8.0,,2.0,,1.0,,2.0,,1.0,,14.0,,20.0,4.0,,3.0,,44003.0,55.0,33.0
440030206021,54,229,74,41,13,285,95,36,62,47,936,888,,,,34.0,69.0,14.0,305.0,,10.0,15.0,1.0,27.0,,6.0,18.0,42.0,50.0,116.0,44.0,85.0,44003.0,836.0,100.0
440030206022,44,186,60,33,10,505,76,29,50,38,1031,942,,,,15.0,33.0,7.0,226.0,,,6.0,8.0,42.0,15.0,1.0,59.0,125.0,,144.0,29.0,,44003.0,710.0,321.0
440030206031,8,36,12,7,2,37,15,6,10,7,140,1331,,,,14.0,15.0,3.0,27.0,,1.0,,,16.0,,,,4.0,,7.0,11.0,,44003.0,98.0,42.0
440030206032,14,61,20,11,3,41,25,10,17,13,215,486,,,,6.0,3.0,,15.0,,3.0,12.0,,,,,8.0,41.0,,116.0,23.0,,44003.0,227.0,-12.0
440030206033,56,238,77,43,13,1223,98,38,65,50,1901,1511,,,,60.0,136.0,28.0,785.0,45.0,4.0,13.0,1.0,93.0,15.0,111.0,,391.0,,338.0,63.0,28.0,44003.0,2111.0,-210.0
440030206041,6,26,8,5,1,24,11,4,7,5,97,931,,,,22.0,,,24.0,,,,3.0,,,,,39.0,,12.0,10.0,19.0,44003.0,129.0,-32.0
440030206042,16,65,21,12,4,26,27,10,18,14,212,583,,,,,,,12.0,,,,,,,,,10.0,,11.0,30.0,,44003.0,63.0,149.0
440030206043,22,94,31,17,5,52,39,15,26,19,318,1208,,,,30.0,188.0,81.0,39.0,,,,3.0,8.0,,24.0,4.0,45.0,,10.0,17.0,,44003.0,449.0,-131.0
440030207011,8,33,11,6,2,23,13,5,9,7,118,982,7.0,,,25.0,,1.0,14.0,,,,,11.0,,,,64.0,3.0,,,,44003.0,125.0,-7.0
440030207021,7,31,10,6,2,12,13,5,8,6,101,958,,,,54.0,4.0,5.0,1.0,,,,7.0,,,6.0,,,,1.0,1.0,,44003.0,79.0,22.0
440030207022,22,93,30,17,5,39,38,15,25,19,303,1420,,,,24.0,4.0,1.0,5.0,,2.0,,2.0,26.0,,21.0,5.0,90.0,2.0,1.0,33.0,27.0,44003.0,243.0,60.0
440030207031,55,239,77,43,13,91,98,38,65,49,768,1259,,,,25.0,3.0,1.0,8.0,7.0,,,,13.0,,33.0,950.0,7.0,,2.0,5.0,,44003.0,1054.0,-286.0
440030207032,89,382,124,69,21,187,156,60,105,80,1272,885,,,,50.0,,,82.0,,,21.0,25.0,133.0,22.0,48.0,13.0,232.0,,80.0,8.0,,44003.0,714.0,558.0
440030207033,90,384,124,69,22,158,159,61,104,79,1250,1347,,,,45.0,9.0,158.0,16.0,,49.0,,4.0,9.0,3.0,59.0,4.0,4.0,,28.0,4.0,42.0,44003.0,434.0,816.0
440030208001,114,817,228,160,31,374,238,176,348,325,2812,1383,,,,43.0,772.0,278.0,18.0,134.0,5.0,13.0,55.0,401.0,,160.0,,102.0,37.0,126.0,19.0,2.0,44003.0,2165.0,647.0
440030208002,23,166,46,33,6,48,48,36,71,66,545,1578,,1.0,,59.0,16.0,1.0,17.0,1.0,9.0,13.0,,42.0,,13.0,283.0,9.0,1.0,118.0,2.0,43.0,44003.0,628.0,-83.0
440030208003,7,51,14,10,2,103,15,11,22,20,255,1334,,,,25.0,24.0,28.0,156.0,78.0,,1.0,,15.0,,4.0,40.0,10.0,,1.0,4.0,,44003.0,386.0,-131.0
440030209011,66,422,158,47,14,233,201,61,162,82,1446,746,,,7.0,9.0,9.0,35.0,104.0,7.0,1.0,132.0,18.0,63.0,6.0,63.0,,30.0,28.0,449.0,72.0,55.0,44003.0,1088.0,358.0
440030209012,32,207,78,23,7,72,98,30,79,40,666,298,,,,,1.0,1.0,31.0,,39.0,21.0,9.0,37.0,,16.0,366.0,33.0,,,15.0,,44003.0,569.0,97.0
440030209013,31,200,75,22,7,104,96,29,77,39,678,347,,,,8.0,10.0,6.0,61.0,,,72.0,8.0,55.0,,9.0,49.0,264.0,,82.0,53.0,87.0,44003.0,764.0,-86.0
440030209014,9,61,23,7,2,15,28,9,23,12,190,354,,,,4.0,,,,,2.0,,,,,5.0,,30.0,1.0,45.0,8.0,,44003.0,95.0,95.0
440030209031,167,1070,401,120,36,600,509,154,411,210,3678,1146,,,6.0,90.0,522.0,550.0,385.0,3.0,62.0,90.0,9.0,270.0,59.0,35.0,603.0,576.0,2.0,419.0,45.0,,44003.0,3726.0,-48.0
440030209032,63,404,152,45,14,338,192,58,155,79,1500,755,10.0,1.0,,56.0,148.0,93.0,383.0,67.0,,,10.0,181.0,,20.0,49.0,199.0,33.0,156.0,15.0,,44003.0,1421.0,79.0
440030209033,8,48,18,5,2,12,23,7,19,10,152,1110,,,,28.0,,10.0,,2.0,10.0,5.0,6.0,28.0,2.0,17.0,5.0,34.0,,10.0,13.0,,44003.0,170.0,-18.0
440030209041,4,30,11,3,1,7,14,4,11,6,93,883,,,,11.0,,6.0,22.0,,1.0,4.0,3.0,18.0,140.0,5.0,,10.0,,,10.0,,44003.0,230.0,-137.0
440030209042,62,392,148,44,13,177,188,57,151,77,1308,913,,,,10.0,17.0,48.0,68.0,,6.0,35.0,3.0,45.0,,23.0,13.0,404.0,28.0,204.0,39.0,,44003.0,943.0,365.0
440030210011,26,141,40,26,14,57,57,26,49,45,482,891,,,,11.0,,1.0,3.0,17.0,,17.0,,50.0,,40.0,,67.0,,23.0,17.0,,44003.0,246.0,236.0
440030210012,6,33,10,6,3,13,14,6,12,11,114,786,,,,5.0,,,1.0,,,2.0,,,,,,32.0,,16.0,,,44003.0,56.0,58.0
440030210021,15,78,22,14,8,37,32,14,27,25,272,778,,,,5.0,3.0,,4.0,,1.0,16.0,,144.0,3.0,,,35.0,,19.0,50.0,,44003.0,280.0,-8.0
440030210022,40,216,62,39,21,427,87,39,75,68,1074,528,,,,65.0,307.0,53.0,245.0,1.0,,,,7.0,,14.0,3.0,1.0,,69.0,29.0,,44003.0,794.0,280.0
440030210023,2,9,2,2,1,3,4,2,3,3,31,257,,,,1.0,,,,,,,20.0,1.0,,6.0,,1.0,,,10.0,,44003.0,39.0,-8.0
440030210024,4,22,6,4,2,9,8,4,8,7,74,649,,,,4.0,,5.0,1.0,,2.0,,,1.0,,6.0,,,,2.0,42.0,,44003.0,63.0,11.0
440030211001,18,99,28,18,10,48,40,18,35,32,346,1040,,,,73.0,5.0,88.0,32.0,32.0,,8.0,24.0,46.0,,38.0,102.0,97.0,2.0,65.0,37.0,,44003.0,649.0,-303.0
440030211002,77,418,120,76,40,208,169,75,145,132,1460,764,,,,113.0,210.0,307.0,147.0,15.0,29.0,32.0,100.0,153.0,,279.0,19.0,126.0,54.0,254.0,92.0,57.0,44003.0,1987.0,-527.0
440030211003,59,318,91,58,31,313,129,57,111,101,1266,1049,8.0,,,368.0,252.0,88.0,275.0,10.0,,110.0,17.0,22.0,13.0,187.0,5.0,180.0,,146.0,68.0,,44003.0,1749.0,-483.0
440030211004,337,1819,521,332,175,2059,734,329,633,575,7515,592,,,,583.0,692.0,457.0,356.0,1048.0,39.0,1134.0,147.0,227.0,21.0,360.0,95.0,294.0,76.0,298.0,266.0,53.0,44003.0,6146.0,1369.0
440030212001,21,112,32,20,11,378,45,20,39,35,713,547,,,,18.0,13.0,2.0,245.0,2.0,,81.0,,9.0,,106.0,,7.0,,187.0,,,44003.0,670.0,43.0
440030212002,4,21,6,4,2,13,9,4,7,7,77,763,,,,2.0,,10.0,29.0,,,1.0,,1.0,,,,27.0,,77.0,15.0,,44003.0,162.0,-85.0
440030212003,10,52,15,9,5,31,21,9,18,16,186,642,,,,2.0,,4.0,45.0,,,6.0,6.0,5.0,,79.0,,18.0,,81.0,6.0,16.0,44003.0,268.0,-82.0
440030213001,3,17,5,3,2,6,7,3,6,6,58,521,,,,8.0,,,,,,,5.0,5.0,,,,113.0,,,,,44003.0,131.0,-73.0
440030213002,2,11,3,2,1,11,4,2,4,3,44,747,,,,7.0,,4.0,33.0,,1.0,19.0,,3.0,,4.0,,6.0,,44.0,4.0,,44003.0,125.0,-81.0
440030213003,3,19,5,3,2,8,8,3,7,6,64,365,,,,2.0,,,6.0,,1.0,,,,,2.0,,60.0,,,19.0,,44003.0,90.0,-26.0
440030213004,7,39,11,7,4,31,15,7,14,12,147,592,,,,4.0,8.0,6.0,67.0,3.0,,11.0,1.0,6.0,,,,34.0,12.0,48.0,13.0,,44003.0,213.0,-66.0
440030214011,4,23,6,4,2,27,8,4,8,7,93,954,,,,32.0,,1.0,41.0,,,13.0,,,,11.0,,13.0,,56.0,5.0,,44003.0,172.0,-79.0
440030214012,65,351,101,64,34,136,142,63,122,111,1189,466,,,,,,,3.0,,,,7.0,,,,1865.0,14.0,,,1.0,,44003.0,1890.0,-701.0
440030214013,12,66,19,12,6,179,27,12,23,21,376,592,,,,5.0,,3.0,151.0,,,3.0,13.0,34.0,,11.0,,47.0,,97.0,9.0,,44003.0,373.0,3.0
440030214021,25,141,40,26,14,61,55,25,49,43,480,892,,,,4.0,8.0,2.0,14.0,,41.0,,5.0,8.0,,,14.0,297.0,,15.0,13.0,,44003.0,421.0,59.0
440030214022,1,3,1,1,0,4,1,1,1,1,14,408,,,,1.0,8.0,,,1.0,,,,1.0,,,,,,,,,44003.0,11.0,3.0
440030214023,5,26,7,5,2,12,10,5,9,8,89,635,,,,4.0,4.0,2.0,3.0,2.0,,10.0,,2.0,,4.0,,11.0,,6.0,14.0,,44003.0,62.0,27.0
440030215011,2,11,3,2,1,4,4,2,4,3,36,184,,,,12.0,,,5.0,,,,1.0,,,,,15.0,,17.0,7.0,,44003.0,57.0,-21.0
440030215012,3,19,5,3,2,9,8,3,6,6,64,260,,,,12.0,,47.0,,,,3.0,,5.0,,5.0,,37.0,,5.0,,,44003.0,114.0,-50.0
440030215013,2,9,2,2,1,3,4,2,3,3,31,180,,,,2.0,,,11.0,3.0,,,,3.0,,20.0,,2.0,,,,,44003.0,41.0,-10.0
440030215014,1,4,1,1,0,5,1,1,1,1,16,143,,,,1.0,,,,1.0,,1.0,,3.0,,8.0,,,1.0,2.0,,,44003.0,17.0,-1.0
440030215021,1,4,1,1,0,2,2,1,1,1,14,264,,,,3.0,,2.0,,,,,,,,22.0,,2.0,,,2.0,,44003.0,31.0,-17.0
440030215022,3,18,5,3,2,7,7,3,6,6,60,241,,,,15.0,,,,2.0,,,,,,1.0,,2.0,,4.0,,,44003.0,24.0,36.0
440030215023,5,30,9,5,3,11,12,5,10,9,99,312,,,,1.0,,,,,,,3.0,5.0,1.0,2.0,2.0,44.0,,,,,44003.0,58.0,41.0
440030215024,3,17,5,3,2,8,7,3,6,5,59,235,,,,4.0,,4.0,,,,,,,,12.0,,46.0,,16.0,2.0,,44003.0,84.0,-25.0
440030216001,2,11,3,2,1,4,4,2,4,3,36,195,1.0,,,2.0,,3.0,,,,,,,,14.0,,19.0,30.0,,,,44003.0,69.0,-33.0
440030216002,5,28,8,5,3,11,12,5,10,9,96,178,,,,,,1.0,52.0,,,,,5.0,8.0,,36.0,2.0,46.0,1.0,,,44003.0,151.0,-55.0
440030217001,3,16,5,3,2,6,6,3,5,5,54,471,,,,11.0,,,,5.0,,,1.0,,,,,,14.0,10.0,15.0,,44003.0,56.0,-2.0
440030217002,5,27,8,5,3,11,11,5,9,9,93,419,,,,2.0,,,1.0,,,,,2.0,,,,3.0,2.0,132.0,9.0,,44003.0,151.0,-58.0
440030217003,1,4,1,1,0,2,1,1,1,1,13,488,,,,3.0,,1.0,,,,,,,,,,,,2.0,,,44003.0,6.0,7.0
440030217004,3,23,6,4,2,13,8,4,8,6,76,380,,,,6.0,,,8.0,,,,1.0,,,,,,,67.0,,,44003.0,82.0,-6.0
440030217005,2,15,4,3,1,18,5,3,5,4,60,480,,,,,16.0,,6.0,,,,,,,28.0,,9.0,,,2.0,,44003.0,61.0,-1.0
440030218001,11,60,17,11,6,102,24,11,21,19,282,1354,,,,35.0,,2.0,251.0,,2.0,4.0,,14.0,,1.0,35.0,15.0,17.0,134.0,37.0,,44003.0,547.0,-265.0
440030218002,21,116,33,21,11,308,47,21,40,36,655,723,3.0,,,9.0,,12.0,178.0,6.0,3.0,1.0,12.0,16.0,,4.0,104.0,31.0,,130.0,60.0,,44003.0,569.0,86.0
440030219011,63,340,97,62,33,137,137,61,118,108,1156,205,,,,,3.0,2.0,51.0,1.0,,30.0,26.0,117.0,14.0,15.0,36.0,249.0,,58.0,38.0,,44003.0,640.0,516.0
440030219012,1,7,2,1,1,3,3,1,2,2,23,226,,,,7.0,,,,3.0,,,,4.0,,24.0,,3.0,,,,,44003.0,41.0,-18.0
440030219013,0,2,1,0,0,1,1,0,1,1,7,153,,,,160.0,,,15.0,,,2.0,5.0,2.0,,32.0,,7.0,,,2.0,,44003.0,225.0,-218.0
440030219014,4,22,6,4,2,10,9,4,8,7,76,300,,,,1.0,,,14.0,,,1.0,3.0,,,,,22.0,,,,73.0,44003.0,114.0,-38.0
440030219021,39,213,61,39,21,100,86,39,74,67,739,663,,,,18.0,245.0,227.0,22.0,107.0,,12.0,24.0,4.0,,17.0,7.0,20.0,,,14.0,,44003.0,717.0,22.0
440030219022,7,36,10,7,4,135,15,7,13,11,245,639,,,,2.0,,,,,,,,4.0,,,,99.0,,,1.0,,44003.0,106.0,139.0
440030219023,1,5,2,1,1,2,2,1,2,2,19,423,,,,11.0,,,,,,,,,,15.0,,,,,,,44003.0,26.0,-7.0
440030219031,3,19,5,3,2,17,8,3,7,6,73,835,,,,6.0,,1.0,46.0,2.0,,,,3.0,,,,1.0,2.0,40.0,4.0,,44003.0,105.0,-32.0
440030219032,0,2,1,0,0,1,1,0,1,1,7,348,,,,2.0,,2.0,,,,,,,,,,7.0,,,3.0,,44003.0,14.0,-7.0
440030219033,11,59,17,11,6,41,23,11,21,18,218,851,,,,11.0,,2.0,50.0,2.0,,8.0,,4.0,2.0,,24.0,75.0,33.0,1.0,44.0,,44003.0,256.0,-38.0
440030220001,8,41,12,7,4,18,16,7,14,13,140,969,,,,16.0,,5.0,1.0,1.0,2.0,,,2.0,,2.0,19.0,31.0,,,10.0,,44003.0,89.0,51.0
440030220002,89,479,137,88,46,215,194,87,167,152,1654,209,,,26.0,97.0,8.0,24.0,86.0,20.0,6.0,34.0,6.0,73.0,10.0,30.0,,52.0,39.0,91.0,74.0,616.0,44003.0,1292.0,362.0
440030220003,29,158,45,29,15,73,64,29,55,50,547,947,3.0,,,39.0,35.0,16.0,11.0,3.0,1.0,19.0,7.0,253.0,,21.0,,181.0,20.0,147.0,53.0,,44003.0,809.0,-262.0
440030221001,229,1237,354,226,119,807,501,224,431,392,4519,603,1.0,,,74.0,312.0,321.0,375.0,387.0,,509.0,116.0,804.0,16.0,835.0,32.0,341.0,48.0,317.0,162.0,,44003.0,4650.0,-131.0
440030221002,28,154,45,28,15,85,62,27,54,49,547,191,,,,7.0,,,98.0,,,72.0,7.0,2.0,77.0,8.0,,254.0,8.0,96.0,10.0,,44003.0,639.0,-92.0
440030221003,437,2361,676,431,228,1818,955,427,821,749,8903,266,,,,43.0,327.0,2.0,781.0,17.0,,188.0,19.0,102.0,22.0,24.0,625.0,3182.0,,588.0,24.0,48.0,44003.0,5992.0,2911.0
440030221004,15,81,23,15,8,41,33,15,28,26,285,216,,,,2.0,4.0,7.0,1.0,5.0,,,5.0,23.0,4.0,65.0,1.0,112.0,,,17.0,,44003.0,246.0,39.0
440030222011,43,231,66,42,22,89,93,42,80,73,781,342,,,,8.0,5.0,2.0,12.0,,,18.0,42.0,101.0,,29.0,1.0,616.0,,25.0,5.0,,44003.0,864.0,-83.0
440030222012,4,22,6,4,2,8,9,4,8,7,74,330,,,,11.0,,2.0,,1.0,,3.0,1.0,5.0,,5.0,,10.0,,,10.0,,44003.0,48.0,26.0
440030222013,23,127,37,23,12,49,51,23,44,40,426,349,,,,6.0,5.0,3.0,,,9.0,2.0,2.0,3.0,,15.0,,87.0,2.0,133.0,29.0,,44003.0,296.0,130.0
440030222014,1,4,1,1,0,2,2,1,2,1,15,176,,,,,,2.0,1.0,,,,,4.0,,,,8.0,4.0,,2.0,,44003.0,21.0,-6.0
440030222015,60,327,94,60,32,124,132,59,114,103,1105,468,,,,197.0,225.0,126.0,1.0,8.0,167.0,12.0,10.0,29.0,,12.0,,396.0,2.0,10.0,7.0,,44003.0,1202.0,-97.0
440030222021,75,406,117,75,39,523,163,74,141,127,1740,105,,,,20.0,8.0,13.0,439.0,,4.0,34.0,2.0,133.0,,53.0,24.0,856.0,2.0,210.0,76.0,,44003.0,1874.0,-134.0
440030222022,14,77,22,14,7,416,31,14,27,24,646,434,,,,11.0,,15.0,576.0,,23.0,49.0,30.0,100.0,30.0,25.0,8.0,40.0,47.0,183.0,230.0,,44003.0,1367.0,-721.0
440030222023,49,265,76,49,26,450,107,48,92,84,1244,280,,,,10.0,13.0,17.0,283.0,,103.0,22.0,20.0,9.0,1392.0,2.0,66.0,,,68.0,1.0,,44003.0,2006.0,-762.0
440030223001,46,252,72,46,24,1829,102,45,88,80,2584,146,,,,15.0,,5.0,1367.0,11.0,,10.0,,16.0,,20.0,,97.0,122.0,453.0,14.0,39.0,44003.0,2169.0,415.0
440030223002,11,56,16,11,5,122,23,11,20,18,293,250,,,,2.0,20.0,22.0,244.0,,,60.0,18.0,17.0,,7.0,,4.0,,92.0,25.0,,44003.0,511.0,-218.0
440030223003,78,424,122,77,41,924,171,77,147,134,2195,277,,,,6.0,16.0,133.0,1239.0,,196.0,18.0,266.0,154.0,,168.0,4.0,283.0,52.0,564.0,151.0,,44003.0,3250.0,-1055.0
440030223004,60,325,93,59,32,144,131,58,113,103,1117,340,,,,31.0,32.0,148.0,64.0,14.0,,16.0,27.0,8.0,74.0,30.0,,85.0,,51.0,16.0,,44003.0,596.0,521.0
440030224001,8,41,12,7,4,20,16,7,14,13,142,261,,,,13.0,,,2.0,,,1.0,,5.0,,1.0,91.0,13.0,,100.0,1.0,,44003.0,227.0,-85.0
440030224002,2,12,4,2,1,5,5,2,5,3,40,258,,,,,,,1.0,,,,3.0,2.0,,1.0,,35.0,,8.0,3.0,,44003.0,53.0,-13.0
440039800001,104,560,160,102,54,252,226,101,195,177,1931,360,,,,13.0,,46.0,108.0,441.0,,,126.0,31.0,7.0,115.0,12.0,12.0,,443.0,12.0,,44003.0,1366.0,565.0
440050401011,6,16,5,4,1,28,7,5,10,4,86,625,,,,23.0,,2.0,32.0,,,,,4.0,,,,,11.0,53.0,1.0,,44005.0,126.0,-40.0
440050401012,14,42,13,10,3,28,18,14,27,10,179,780,,,,147.0,4.0,11.0,5.0,,7.0,,5.0,6.0,,17.0,5.0,34.0,,19.0,6.0,,44005.0,266.0,-87.0
440050401013,7,21,6,5,1,12,9,7,13,5,86,823,1.0,,,38.0,,6.0,,,2.0,,,38.0,,,3.0,9.0,30.0,,3.0,,44005.0,130.0,-44.0
440050401021,7,19,6,5,1,17,9,6,12,5,87,693,1.0,,,9.0,,,12.0,,,2.0,,6.0,,15.0,51.0,12.0,9.0,1.0,8.0,,44005.0,126.0,-39.0
440050401022,7,20,6,5,1,10,9,7,13,5,84,767,13.0,,,15.0,,2.0,1.0,,,91.0,,19.0,,19.0,11.0,,,,31.0,,44005.0,202.0,-118.0
440050401023,64,186,57,44,13,418,82,61,118,46,1089,1334,,,,61.0,,10.0,232.0,47.0,21.0,30.0,8.0,35.0,3.0,73.0,23.0,244.0,4.0,76.0,51.0,,44005.0,918.0,171.0
440050401031,0,0,0,0,0,0,0,0,0,0,0,1,,,,,,,,,,,,,,,,,,,,,,0.0,0.0
440050401032,226,654,198,157,45,329,288,216,415,161,2689,914,6.0,,,5.0,967.0,9.0,7.0,,,3.0,3.0,9.0,,3.0,,6.0,,10.0,27.0,15.0,44005.0,1070.0,1619.0
440050401033,1,2,1,0,0,1,1,1,1,0,8,125,,,5.0,2.0,,1.0,,14.0,,,,,,,3.0,1.0,,,,2.0,44005.0,28.0,-20.0
440050401034,50,144,44,34,10,128,63,48,92,35,647,117,,,,1.0,367.0,,63.0,,,,,2.0,,,,,,12.0,54.0,,44005.0,499.0,148.0
440050401035,59,172,52,41,12,126,76,57,109,42,747,736,,,,43.0,28.0,53.0,90.0,7.0,17.0,2.0,48.0,27.0,,178.0,170.0,211.0,10.0,116.0,6.0,182.0,44005.0,1188.0,-441.0
440050401036,114,330,101,79,23,246,145,109,210,81,1438,1213,13.0,,12.0,69.0,125.0,12.0,92.0,20.0,4.0,6.0,2.0,24.0,,61.0,548.0,359.0,6.0,152.0,25.0,,44005.0,1530.0,-92.0
440050402001,1,3,1,1,0,2,1,1,2,1,13,387,,,,,,,,,,,,,,,,,,,,,,0.0,13.0
440050402002,308,654,159,219,33,496,275,204,321,165,2836,1,,,,13.0,,,,,,,,61.0,,50.0,,5.0,,4.0,,,44005.0,133.0,2703.0
440050403021,63,135,33,44,7,742,57,42,66,35,1223,462,,,,22.0,,,359.0,1.0,1.0,57.0,2.0,111.0,,16.0,2.0,178.0,,307.0,30.0,29.0,44005.0,1115.0,108.0
440050403022,16,35,8,11,2,29,15,11,18,8,155,401,,,,8.0,,,5.0,,3.0,1.0,10.0,4.0,,,,25.0,,99.0,7.0,,44005.0,162.0,-7.0
440050403031,2,5,1,2,0,4,2,2,3,1,22,142,,,,,,,,,,,,4.0,,,,,,,2.0,,44005.0,6.0,16.0
440050403032,132,284,69,95,15,890,118,89,140,71,1902,941,,,,50.0,39.0,,305.0,3.0,,65.0,19.0,667.0,81.0,57.0,,68.0,23.0,45.0,15.0,,44005.0,1437.0,465.0
440050403041,73,155,38,52,8,269,66,49,77,39,824,478,30.0,,,145.0,4.0,18.0,185.0,86.0,,15.0,6.0,6.0,,31.0,317.0,21.0,,86.0,48.0,,44005.0,998.0,-174.0
440050403042,297,645,157,216,33,641,265,201,316,159,2930,505,,,4.0,32.0,312.0,38.0,212.0,,,399.0,23.0,77.0,16.0,5.0,29.0,243.0,8.0,354.0,85.0,99.0,44005.0,1936.0,994.0
440050404001,42,89,22,30,5,92,37,28,44,22,410,718,16.0,4.0,12.0,17.0,79.0,4.0,21.0,,3.0,6.0,1.0,5.0,146.0,22.0,,46.0,42.0,,26.0,74.0,44005.0,524.0,-114.0
440050404002,490,1040,254,349,53,945,437,325,510,263,4667,678,5.0,,,201.0,16.0,168.0,230.0,18.0,143.0,51.0,44.0,1632.0,51.0,81.0,20.0,513.0,87.0,323.0,241.0,,44005.0,3824.0,843.0
440050404003,155,329,80,110,17,254,138,103,161,83,1430,772,,,,29.0,,5.0,9.0,36.0,,,10.0,7.0,,,176.0,27.0,1.0,236.0,21.0,,44005.0,557.0,873.0
440050405001,48,143,32,28,8,1059,57,29,68,45,1516,614,,,,2.0,51.0,1.0,382.0,40.0,,3.0,34.0,21.0,,,62.0,79.0,,238.0,15.0,38.0,44005.0,966.0,550.0
440050405002,75,221,49,43,13,207,89,45,105,71,918,588,,,,72.0,20.0,12.0,85.0,53.0,107.0,,6.0,,,22.0,,16.0,195.0,30.0,24.0,,44005.0,642.0,276.0
440050405003,3,10,2,2,1,8,4,2,5,3,40,285,,,,17.0,,2.0,,,,,,,,10.0,,1.0,,,1.0,,44005.0,31.0,9.0
440050406001,39,113,25,22,7,92,46,23,54,36,456,474,,,,22.0,7.0,1.0,,6.0,1.0,2.0,,16.0,,6.0,,9.0,1.0,,4.0,6.0,44005.0,81.0,375.0
440050406002,150,446,98,88,26,396,178,91,211,141,1825,204,,,,,,3.0,21.0,,2.0,1.0,,1.0,,,,880.0,,,24.0,,44005.0,932.0,893.0
440050406003,10,30,7,6,2,38,12,6,14,10,135,422,,,,7.0,,6.0,20.0,,,36.0,1.0,5.0,,9.0,,15.0,,32.0,2.0,,44005.0,133.0,2.0
440050406004,35,103,23,20,6,90,42,21,49,33,422,452,,,,5.0,30.0,10.0,14.0,,15.0,,16.0,9.0,,5.0,3.0,108.0,,140.0,10.0,,44005.0,365.0,57.0
440050407001,6,17,4,3,1,16,7,3,8,5,71,419,,,,49.0,,4.0,2.0,,,,,2.0,2.0,,,21.0,,,1.0,,44005.0,81.0,-10.0
440050407002,12,35,7,8,2,37,14,8,17,11,150,409,,,,5.0,,9.0,12.0,2.0,32.0,6.0,4.0,3.0,,1.0,,24.0,1.0,12.0,12.0,,44005.0,123.0,27.0
440050407003,132,390,86,77,23,328,157,80,185,124,1582,302,,,,7.0,11.0,9.0,19.0,,2.0,1.0,19.0,26.0,,14.0,392.0,28.0,42.0,173.0,87.0,,44005.0,830.0,752.0
440050408001,62,182,40,36,11,336,73,37,86,58,921,407,,,,45.0,1.0,6.0,104.0,13.0,11.0,33.0,9.0,64.0,2.0,16.0,73.0,43.0,103.0,184.0,15.0,8.0,44005.0,730.0,191.0
440050408002,23,69,15,14,4,155,28,14,33,22,377,223,,,,,3.0,8.0,55.0,10.0,44.0,13.0,5.0,17.0,,3.0,,5.0,,170.0,42.0,,44005.0,375.0,2.0
440050408003,22,66,14,13,4,53,26,13,31,21,263,174,,,,9.0,,1.0,13.0,,,,,,,3.0,,116.0,,41.0,35.0,,44005.0,218.0,45.0
440050409001,60,176,39,35,10,143,71,36,84,56,710,57,,,,6.0,,,,,,,,6.0,,,,,328.0,,21.0,,44005.0,361.0,349.0
440050409002,91,267,59,53,16,217,108,55,127,85,1078,700,19.0,,,22.0,,2.0,3.0,3.0,2.0,1.0,13.0,17.0,,28.0,27.0,89.0,57.0,246.0,113.0,,44005.0,642.0,436.0
440050409003,12,35,8,7,2,42,14,7,17,11,155,387,,,,5.0,9.0,7.0,17.0,,7.0,,2.0,4.0,1.0,21.0,,1.0,,25.0,13.0,,44005.0,112.0,43.0
440050409004,87,257,57,51,15,208,103,53,122,82,1035,11,,,,,,,,,1.0,,,4.0,,7.0,867.0,,,125.0,4.0,,44005.0,1008.0,27.0
440050410001,335,984,217,194,58,1244,398,202,466,314,4412,231,,,,16.0,13.0,7.0,363.0,33.0,8.0,41.0,170.0,145.0,,17.0,15.0,24.0,131.0,1287.0,271.0,,44005.0,2541.0,1871.0
440050410002,54,161,35,32,9,187,65,33,76,51,703,431,,,,7.0,,18.0,98.0,14.0,,1.0,35.0,36.0,4.0,34.0,29.0,75.0,13.0,269.0,79.0,,44005.0,712.0,-9.0
440050411001,19,58,13,11,3,71,23,12,27,18,255,300,5.0,,,6.0,,24.0,3.0,,15.0,3.0,6.0,84.0,,17.0,,5.0,,,6.0,,44005.0,174.0,81.0
440050411002,64,220,49,43,13,179,76,44,104,60,852,41,,,,,,1.0,1.0,18.0,,,5.0,,,41.0,,,,256.0,34.0,,44005.0,356.0,496.0
440050411003,69,202,45,40,12,251,82,42,96,65,904,214,3.0,,,22.0,45.0,2.0,68.0,30.0,4.0,8.0,11.0,25.0,1.0,,1.0,25.0,79.0,228.0,7.0,,44005.0,559.0,345.0
440050412001,263,775,171,153,46,864,313,159,367,247,3359,22,,,,,,4.0,,,22.0,22.0,,25.0,,85.0,29.0,9.0,2.0,127.0,21.0,,44005.0,346.0,3013.0
440050413001,4,16,4,2,0,4,4,0,8,4,46,564,,,,9.0,,2.0,,,,,,6.0,,2.0,,25.0,,,8.0,,44005.0,52.0,-6.0
440050413002,2,9,2,1,0,2,2,0,4,2,24,344,,,,8.0,4.0,3.0,8.0,,6.0,1.0,,3.0,,,,,,,,,44005.0,33.0,-9.0
440050413003,2,9,2,1,0,19,2,0,4,2,41,419,,,2.0,2.0,,,12.0,,,,3.0,5.0,,11.0,,14.0,,,1.0,111.0,44005.0,161.0,-120.0
440050413004,44,194,53,20,3,59,53,6,93,52,577,608,1.0,,2.0,22.0,3.0,9.0,8.0,5.0,,,19.0,34.0,,14.0,118.0,61.0,71.0,78.0,22.0,24.0,44005.0,491.0,86.0
440050413005,53,231,63,24,4,150,64,7,110,63,769,696,12.0,,,23.0,2.0,38.0,67.0,1.0,9.0,9.0,,41.0,15.0,30.0,2.0,13.0,32.0,65.0,44.0,54.0,44005.0,457.0,312.0
440050414001,39,124,29,17,5,64,32,12,71,32,425,337,9.0,,,22.0,,2.0,17.0,,,20.0,,1.0,,18.0,55.0,6.0,30.0,53.0,49.0,53.0,44005.0,335.0,90.0
440050414002,38,120,28,16,5,65,31,12,69,31,415,1279,20.0,,,90.0,40.0,12.0,26.0,2.0,,,2.0,24.0,,46.0,9.0,17.0,2.0,23.0,24.0,1.0,44005.0,338.0,77.0
440050416011,10,41,11,6,3,17,13,10,15,10,136,899,,,,3.0,21.0,2.0,22.0,2.0,,5.0,,4.0,,17.0,,5.0,16.0,35.0,9.0,,44005.0,141.0,-5.0
440050416012,13,53,14,8,4,35,17,13,19,13,189,669,,,9.0,46.0,,5.0,39.0,,,4.0,,25.0,,5.0,,2.0,,33.0,20.0,26.0,44005.0,214.0,-25.0
440050416021,45,179,48,28,13,63,58,45,64,43,585,535,,,9.0,2.0,,12.0,19.0,,,10.0,,22.0,,,4.0,127.0,3.0,51.0,18.0,29.0,44005.0,306.0,279.0
440050416022,34,136,36,21,9,423,43,34,48,32,817,1658,,,28.0,29.0,,6.0,275.0,9.0,,24.0,,9.0,3.0,4.0,11.0,173.0,,134.0,38.0,,44005.0,743.0,74.0
440050417011,79,318,85,49,22,172,101,80,113,76,1095,1622,6.0,,2.0,92.0,63.0,56.0,123.0,2.0,,3.0,3.0,6.0,,20.0,44.0,47.0,,69.0,45.0,48.0,44005.0,629.0,466.0
440050417021,10,42,11,6,3,39,13,11,15,10,160,1005,,,,3.0,3.0,13.0,42.0,,,6.0,,1.0,,14.0,,19.0,,11.0,2.0,2.0,44005.0,116.0,44.0
440050417022,16,63,17,10,4,33,20,16,23,15,217,893,1.0,,,20.0,16.0,21.0,40.0,37.0,,,,16.0,2.0,11.0,,30.0,,,3.0,,44005.0,197.0,20.0
440050417023,10,39,10,6,3,38,13,10,14,10,153,588,9.0,,,18.0,,4.0,34.0,1.0,,,,7.0,,5.0,,12.0,,23.0,1.0,,44005.0,114.0,39.0
440070001011,25,184,28,13,10,67,81,28,59,35,531,349,,,32.0,178.0,,87.0,2.0,189.0,,,62.0,31.0,,2.0,,2.0,,55.0,2.0,232.0,44007.0,874.0,-343.0
440070001012,0,3,0,0,0,1,1,1,1,0,7,395,,,,,,,,,,,2.0,2.0,,,,2.0,,,,,44007.0,6.0,1.0
440070001013,35,262,39,18,15,95,116,40,85,50,755,640,,,,50.0,744.0,38.0,5.0,,55.0,,,82.0,,182.0,,29.0,,1.0,23.0,,44007.0,1209.0,-454.0
440070001014,20,150,22,10,9,56,66,23,49,29,434,588,,,,68.0,124.0,7.0,4.0,5.0,2.0,,22.0,160.0,47.0,1.0,,148.0,,,4.0,,44007.0,592.0,-158.0
440070001021,18,140,21,9,8,66,62,22,45,27,418,450,,,,1.0,22.0,95.0,23.0,1.0,3.0,7.0,,9.0,,,,43.0,,6.0,7.0,,44007.0,217.0,201.0
440070001022,1,10,1,1,1,9,5,1,3,2,33,698,,,,,3.0,,13.0,2.0,,19.0,,8.0,,,,11.0,,53.0,,,44007.0,109.0,-76.0
440070001023,2,15,2,1,1,17,6,2,5,3,54,745,,,,,,,8.0,1.0,,,,1.0,,3.0,,11.0,,31.0,84.0,,44007.0,139.0,-85.0
440070001024,5,42,6,3,2,41,18,7,14,8,145,712,,,,43.0,1.0,3.0,11.0,,2.0,17.0,4.0,19.0,,82.0,,2.0,351.0,7.0,11.0,,44007.0,553.0,-408.0
440070002001,4,29,4,2,2,45,13,4,9,5,117,834,,,,1.0,,,56.0,,,,3.0,3.0,,5.0,86.0,29.0,,8.0,21.0,,44007.0,212.0,-95.0
440070002002,6,45,7,3,3,20,20,7,15,9,136,475,,,,4.0,,11.0,8.0,1.0,,,1.0,2.0,,12.0,,44.0,,8.0,237.0,,44007.0,328.0,-192.0
440070002003,2,17,2,1,1,6,7,3,5,3,47,450,,,,,,,,,,,,1.0,,,,5.0,,,,,44007.0,6.0,41.0
440070002004,1,9,1,1,1,8,4,1,3,2,31,555,,,,,,,7.0,,,7.0,27.0,,,,,8.0,,28.0,15.0,,44007.0,92.0,-61.0
440070002005,113,854,127,57,48,317,379,132,276,164,2466,869,,,298.0,176.0,2.0,15.0,55.0,470.0,,1.0,5.0,1.0,,3.0,,99.0,,24.0,40.0,,44007.0,1189.0,1277.0
440070003001,31,239,36,16,14,148,106,37,77,46,750,427,,,,,,,46.0,,1.0,,,,,,50.0,466.0,3.0,19.0,12.0,94.0,44007.0,691.0,59.0
440070003002,2,15,2,1,1,18,6,2,5,3,55,578,,,,1.0,,,24.0,,,6.0,,,,25.0,,36.0,,15.0,11.0,,44007.0,118.0,-63.0
440070003003,1,6,1,0,0,18,2,1,2,1,32,500,,,,1.0,,,38.0,,4.0,,,2.0,,4.0,,28.0,,,1.0,,44007.0,78.0,-46.0
440070003004,2,18,3,1,1,11,7,3,6,3,55,639,,,,1.0,,,3.0,2.0,,44.0,,22.0,,3.0,,42.0,5.0,6.0,9.0,,44007.0,137.0,-82.0
440070003005,11,86,13,6,5,36,38,13,28,16,252,678,,,,,,,9.0,1.0,16.0,,,39.0,,5.0,28.0,168.0,,2.0,2.0,,44007.0,270.0,-18.0
440070003006,8,63,9,4,3,65,27,10,20,12,222,460,,,,,84.0,,92.0,,,3.0,2.0,2.0,,,53.0,47.0,,,,20.0,44007.0,303.0,-81.0
440070004001,11,81,12,5,5,29,36,12,26,15,232,529,,,,,,7.0,,6.0,,,1.0,2.0,,,76.0,223.0,4.0,80.0,,,44007.0,399.0,-167.0
440070004002,1,5,1,0,0,6,2,1,2,1,19,377,,,,12.0,,,8.0,,,,,,,5.0,,1.0,,,5.0,,44007.0,31.0,-12.0
440070004003,3,23,3,2,1,8,9,3,7,4,63,444,,,,,,,20.0,23.0,,,,,,,,100.0,,,3.0,,44007.0,146.0,-83.0
440070004004,3,24,4,2,1,12,10,4,8,4,72,489,,,,,,4.0,,3.0,,,7.0,,,,43.0,29.0,,7.0,24.0,,44007.0,117.0,-45.0
440070005001,1,9,1,1,0,6,4,1,3,2,28,535,,,,,22.0,,,,,,,,,9.0,,5.0,,35.0,,,44007.0,71.0,-43.0
440070005002,1,8,1,1,0,22,3,1,3,1,41,396,,,3.0,24.0,,13.0,51.0,2.0,6.0,,3.0,3.0,,,,3.0,,7.0,4.0,,44007.0,119.0,-78.0
440070005003,10,80,12,5,5,41,35,12,26,15,241,580,,,,,10.0,6.0,16.0,,,9.0,,,,,,26.0,,9.0,7.0,,44007.0,83.0,158.0
440070006001,566,4279,638,288,243,1605,1905,660,1385,825,12393,152,,,38.0,290.0,301.0,139.0,74.0,58.0,335.0,63.0,31.0,325.0,1437.0,705.0,376.0,10993.0,46.0,392.0,326.0,3.0,44007.0,15932.0,-3539.0
440070006002,34,259,39,17,15,108,115,40,84,50,761,574,,,,12.0,331.0,,18.0,,,,,1.0,,,201.0,639.0,19.0,56.0,23.0,,44007.0,1300.0,-539.0
440070007001,6,44,7,3,3,17,20,7,14,8,128,319,,,,,,,,,,,78.0,1.0,,,3.0,66.0,,,,,44007.0,148.0,-20.0
440070007002,171,1298,194,87,74,481,577,200,420,250,3752,481,10.0,,,,,21.0,6.0,,,,,,,135.0,48.0,138.0,,9.0,9.0,,44007.0,376.0,3376.0
440070007003,33,246,36,16,14,99,109,38,80,47,719,395,,,,31.0,,,16.0,,,8.0,15.0,16.0,,,1.0,225.0,,69.0,127.0,,44007.0,508.0,211.0
440070008001,570,4317,644,290,245,3771,1921,665,1397,831,14651,628,,,,15.0,1.0,56.0,1781.0,1.0,611.0,1431.0,553.0,595.0,3.0,424.0,189.0,189.0,284.0,1934.0,299.0,112.0,44007.0,8478.0,6173.0
440070008002,283,2152,321,145,122,770,955,331,696,413,6189,553,,,,283.0,,,,,491.0,,119.0,2.0,6.0,28.0,,51.0,25.0,,168.0,203.0,44007.0,1376.0,4813.0
440070008003,804,6087,908,409,345,2277,2710,937,1969,1173,17618,162,,,,70.0,45.0,74.0,102.0,21.0,114.0,1928.0,153.0,2667.0,632.0,697.0,1558.0,376.0,233.0,1339.0,242.0,1402.0,44007.0,11653.0,5965.0
440070009001,32,248,37,17,14,148,109,38,80,47,771,654,,,,20.0,111.0,4.0,109.0,1.0,7.0,49.0,49.0,298.0,,174.0,1.0,78.0,11.0,830.0,118.0,,44007.0,1860.0,-1089.0
440070009002,2,15,2,1,1,5,7,2,5,3,43,379,,,,,,,,,,34.0,,,,,,7.0,,60.0,,,44007.0,101.0,-58.0
440070010001,8,65,10,4,4,45,29,10,21,12,208,625,,,,8.0,,,18.0,,,2.0,1.0,74.0,,3.0,,25.0,,62.0,8.0,,44007.0,201.0,7.0
440070010002,4,30,4,2,2,16,13,5,10,6,92,596,,,,,,,4.0,,,5.0,2.0,60.0,,,4.0,57.0,,30.0,9.0,,44007.0,171.0,-79.0
440070011001,4,30,4,2,2,11,14,5,10,6,88,479,,,,6.0,1.0,18.0,30.0,,,,13.0,74.0,,,,10.0,1.0,17.0,45.0,,44007.0,215.0,-127.0
440070011002,88,666,99,45,38,271,296,103,215,128,1949,383,,,,11.0,35.0,40.0,21.0,,14.0,13.0,15.0,115.0,,89.0,3273.0,51.0,14.0,171.0,60.0,940.0,44007.0,4862.0,-2913.0
440070011003,2,17,2,1,1,24,7,3,5,3,65,366,,,,6.0,12.0,,7.0,,,,57.0,31.0,,6.0,,17.0,,42.0,,,44007.0,178.0,-113.0
440070012001,21,160,24,11,9,61,71,25,52,31,465,577,,,,4.0,9.0,1.0,12.0,17.0,,26.0,,9.0,,39.0,,141.0,,44.0,25.0,,44007.0,327.0,138.0
440070012002,1,9,1,1,0,8,3,1,3,1,28,431,,,,,,,16.0,,,,,6.0,,,,62.0,,,19.0,,44007.0,103.0,-75.0
440070012003,2,13,2,1,1,27,6,2,4,2,60,377,,,,15.0,17.0,37.0,52.0,,,3.0,,1.0,,21.0,,18.0,,,1.0,,44007.0,165.0,-105.0
440070013001,2,16,2,1,1,7,6,2,5,3,45,533,,,,5.0,,4.0,1.0,,,,,3.0,,4.0,33.0,106.0,,19.0,2.0,,44007.0,177.0,-132.0
440070013002,1,11,2,1,1,4,4,2,4,2,32,555,,,,10.0,,,,5.0,1.0,,,,,,42.0,2.0,,24.0,,,44007.0,84.0,-52.0
440070013003,1,5,1,0,0,10,2,1,2,1,23,448,,,,,,,6.0,,,,,,,10.0,,2.0,,,,,44007.0,18.0,5.0
440070013004,1,4,1,0,0,1,2,1,1,1,12,553,,,,,,,,,,,,,,,,4.0,,,1.0,,44007.0,5.0,7.0
440070014001,1,9,1,1,1,8,4,1,3,2,31,510,,,,,51.0,,12.0,,,27.0,,,,,,,,11.0,1.0,,44007.0,102.0,-71.0
440070014002,2,14,2,1,1,5,6,2,4,2,39,662,,,,6.0,28.0,,,2.0,,,,,,4.0,,9.0,,30.0,23.0,,44007.0,102.0,-63.0
440070014003,1,5,1,0,0,4,2,1,2,1,17,383,,,,,,1.0,3.0,,,,,,,,,3.0,,2.0,5.0,,44007.0,14.0,3.0
440070014004,12,93,14,6,5,53,42,14,31,18,290,918,,,117.0,14.0,19.0,111.0,15.0,,,,1.0,,,4.0,,5.0,,,20.0,,44007.0,306.0,-16.0
440070014005,2,11,2,1,1,15,5,2,4,2,46,794,,,,10.0,2.0,,26.0,,,11.0,5.0,,,,,96.0,,4.0,3.0,,44007.0,157.0,-111.0
440070015001,105,789,118,54,45,368,351,122,255,153,2360,543,,,,10.0,343.0,212.0,46.0,,12.0,61.0,8.0,228.0,,245.0,5.0,211.0,26.0,43.0,67.0,,44007.0,1517.0,843.0
440070015002,3,23,3,2,1,8,10,4,8,4,66,456,,,,18.0,23.0,16.0,60.0,3.0,,6.0,3.0,9.0,,,,6.0,,,12.0,,44007.0,156.0,-90.0
440070015003,24,180,27,12,10,64,80,28,58,35,519,450,,,,,,,,,,7.0,,15.0,,3.0,,19.0,,10.0,,,44007.0,54.0,465.0
440070016001,1,10,1,1,1,10,5,2,3,2,36,363,,,,,1.0,,54.0,,,,,2.0,,,,1.0,,50.0,5.0,,44007.0,113.0,-77.0
440070016002,12,93,14,6,5,88,41,14,30,18,320,816,,,,52.0,67.0,23.0,90.0,247.0,6.0,,21.0,60.0,,31.0,23.0,28.0,,45.0,24.0,,44007.0,717.0,-397.0
440070016003,1,6,1,0,0,22,2,1,2,1,37,635,,,,,,,31.0,1.0,,,,,,,,1.0,,3.0,,,44007.0,36.0,1.0
440070016004,1,4,1,0,0,6,2,1,1,1,17,544,,,,2.0,2.0,,7.0,,,,,,,8.0,,,,,3.0,,44007.0,22.0,-5.0
440070016005,2,18,3,1,1,14,8,3,6,3,59,686,,,,6.0,,,16.0,10.0,,2.0,,,,,,5.0,,,12.0,,44007.0,51.0,8.0
440070016006,1,6,1,0,0,17,2,1,2,1,31,777,,,,2.0,6.0,,45.0,,,,,,,,,1.0,,,1.0,,44007.0,55.0,-24.0
440070016007,1,4,1,0,0,2,2,1,1,1,13,419,,,,,,,,,,2.0,,,,,,21.0,,22.0,3.0,,44007.0,48.0,-35.0
440070017001,1,6,1,0,0,5,3,1,2,1,20,457,,,,,,,9.0,,,,,16.0,,,,10.0,,7.0,5.0,,44007.0,47.0,-27.0
440070017002,8,62,9,4,4,27,28,10,20,12,183,571,,,,6.0,30.0,1.0,11.0,6.0,,5.0,,11.0,,,,2.0,,56.0,3.0,,44007.0,131.0,52.0
440070017003,1,10,2,1,1,6,5,2,3,2,33,827,,,,6.0,,,6.0,,5.0,,,,,1.0,,,,33.0,2.0,,44007.0,53.0,-20.0
440070018001,28,212,32,14,12,99,94,33,69,41,633,546,,,,104.0,23.0,,56.0,5.0,,,,1.0,,1136.0,,1.0,,16.0,7.0,,44007.0,1349.0,-716.0
440070018002,1,8,1,1,0,7,3,1,2,1,25,931,,,,,1.0,4.0,11.0,,,,,,,6.0,,4.0,,15.0,8.0,,44007.0,49.0,-24.0
440070018003,1,5,1,0,0,2,2,1,2,1,15,332,,,,,23.0,,,1.0,,,,,,,,3.0,,,5.0,,44007.0,32.0,-17.0
440070018004,3,23,3,2,1,11,10,4,7,4,68,525,,,,,,,7.0,1.0,,,,,,,102.0,12.0,,,5.0,,44007.0,127.0,-59.0
440070018005,1,10,1,1,1,23,5,2,3,2,49,537,,,,,,,24.0,,,,,,,1.0,,49.0,,9.0,6.0,,44007.0,89.0,-40.0
440070018006,8,60,10,5,3,55,26,10,19,11,208,680,,,,,,,90.0,8.0,,7.0,,1.0,,5.0,,58.0,,4.0,6.0,,44007.0,179.0,29.0
440070019001,5,34,5,2,2,29,15,5,11,7,115,442,,,,12.0,45.0,22.0,20.0,,,2.0,,19.0,,267.0,,,,13.0,2.0,,44007.0,402.0,-287.0
440070019002,20,153,23,10,9,56,68,24,49,29,441,422,,,,11.0,38.0,42.0,,,1.0,11.0,7.0,48.0,2.0,223.0,30.0,4.0,,22.0,82.0,,44007.0,521.0,-80.0
440070019003,10,76,11,5,4,71,34,12,24,15,262,437,,,,32.0,189.0,22.0,95.0,,,4.0,43.0,3.0,,3.0,8.0,38.0,,30.0,7.0,,44007.0,474.0,-212.0
440070019004,1,5,1,0,0,5,2,1,2,1,18,310,,,,,,,5.0,,,,,,,,,1.0,,55.0,,,44007.0,61.0,-43.0
440070019005,2,14,2,1,1,17,6,2,5,3,53,483,,,,,3.0,,6.0,,,,,,,,11.0,11.0,,5.0,,,44007.0,36.0,17.0
440070019006,25,190,28,13,11,69,85,29,61,37,548,658,,,,,9.0,9.0,,4.0,,,1.0,41.0,,,27.0,,,21.0,13.0,,44007.0,125.0,423.0
440070020001,43,366,54,25,21,140,146,56,118,63,1032,771,,,,,,,61.0,5.0,,,2.0,,2.0,4.0,1120.0,15.0,,9.0,13.0,,44007.0,1231.0,-199.0
440070020002,4,31,5,2,2,374,13,5,10,6,452,700,,,,4.0,23.0,,137.0,,,13.0,,3.0,139.0,,,98.0,,45.0,,,44007.0,462.0,-10.0
440070020003,4,25,7,4,2,14,12,6,8,7,87,570,,,,40.0,,,16.0,1.0,,,,,,1.0,6.0,12.0,,,11.0,,44007.0,87.0,0.0
440070020004,1,6,1,0,0,2,2,1,2,1,17,615,,,,3.0,,,,,,,,,,2.0,,10.0,,,,,44007.0,15.0,2.0
440070021011,1,5,1,0,0,5,2,1,2,1,18,313,,,,,8.0,4.0,3.0,,,4.0,,,,4.0,,5.0,,,,,44007.0,28.0,-10.0
440070021012,3,24,4,2,1,10,11,4,8,5,72,388,,,,3.0,,,3.0,,,,,,,,1.0,,,,2.0,,44007.0,9.0,63.0
440070021013,1,6,1,0,0,3,3,1,2,1,18,579,,,,9.0,,1.0,2.0,,,,,1.0,,,,,,,6.0,,44007.0,19.0,-1.0
440070021021,3,25,4,2,1,10,11,4,8,5,73,415,,,,10.0,7.0,,,,,,,,,,,33.0,,6.0,,,44007.0,56.0,17.0
440070021022,1,6,1,0,0,2,3,1,2,1,17,440,,,,22.0,,,3.0,,,,,,,,,1.0,,5.0,,,44007.0,31.0,-14.0
440070021023,1,7,1,0,0,5,3,1,2,1,21,958,,,,1.0,,,,,,,,,,1.0,,6.0,,,3.0,,44007.0,11.0,10.0
440070021024,1,8,1,1,0,4,3,1,2,1,22,716,,,,2.0,,,,2.0,,,,,,,,3.0,,34.0,2.0,,44007.0,43.0,-21.0
440070021025,1,6,1,0,0,10,3,1,2,1,25,374,,,,11.0,2.0,,14.0,4.0,,10.0,2.0,23.0,,,,7.0,,4.0,,,44007.0,77.0,-52.0
440070022001,137,1029,154,69,58,372,462,159,333,200,2973,663,,,,2.0,1.0,,3.0,,,,,24.0,,1.0,,1610.0,27.0,20.0,8.0,23.0,44007.0,1719.0,1254.0
440070022002,4,29,4,2,2,15,13,4,9,5,87,431,,,,19.0,119.0,31.0,17.0,,,,,,,,,97.0,,1.0,13.0,,44007.0,297.0,-210.0
440070022003,1,7,1,0,0,4,3,1,2,1,20,670,,,,38.0,4.0,,4.0,1.0,,4.0,,13.0,,,,1.0,,,,,44007.0,65.0,-45.0
440070022004,2,15,2,1,1,33,6,2,5,3,70,596,,,,,6.0,,49.0,1.0,,,,,,,23.0,3.0,,51.0,22.0,,44007.0,155.0,-85.0
440070023001,1,9,1,1,0,5,4,1,3,2,27,576,,,,,,,5.0,1.0,,,,4.0,,,,3.0,,37.0,,,44007.0,50.0,-23.0
440070023002,48,366,55,25,21,131,163,56,118,70,1053,564,,,,,1.0,,,,,2.0,,1.0,387.0,25.0,,1463.0,,117.0,1.0,,44007.0,1997.0,-944.0
440070023003,1,5,1,0,0,27,2,1,2,1,40,328,,,,,5.0,,57.0,2.0,7.0,,,4.0,,,,,,1.0,4.0,,44007.0,80.0,-40.0
440070023004,0,2,0,0,0,1,1,0,1,0,5,361,,,,,5.0,,,2.0,,,,,,2.0,,,,,2.0,,44007.0,11.0,-6.0
440070023005,16,119,18,8,7,53,53,18,38,23,353,358,,,,,,,,,,,8.0,11.0,,4.0,24.0,,,150.0,3.0,,44007.0,200.0,153.0
440070023006,1,4,1,0,0,1,2,1,1,1,12,371,,,,1.0,,,,,,,,24.0,,,1.0,,,,,,44007.0,26.0,-14.0
440070024001,2,19,3,1,1,13,8,3,6,3,59,167,,,,12.0,,5.0,29.0,,,31.0,,1.0,,79.0,1254.0,,,,,,44007.0,1411.0,-1352.0
440070024002,48,358,53,24,20,131,161,55,116,70,1036,460,,,,5.0,,1.0,10.0,6.0,,,,1.0,,2.0,,35.0,,18.0,4.0,,44007.0,82.0,954.0
440070024003,4,32,5,2,2,18,14,5,10,6,98,613,,,,4.0,80.0,1.0,29.0,,,33.0,,5.0,,5.0,,39.0,7.0,27.0,13.0,,44007.0,243.0,-145.0
440070024004,0,5,1,0,0,5,2,1,1,1,16,379,,,,2.0,,,,,,,,,,,,9.0,,,,,44007.0,11.0,5.0
440070024005,20,150,22,10,9,54,66,23,49,29,432,148,,,,2.0,,,,,,,,,,,,,9.0,8.0,19.0,,44007.0,38.0,394.0
440070024006,11,82,12,6,5,30,37,13,26,16,238,706,,,,4.0,,,,,,,,,,7.0,163.0,11.0,,31.0,15.0,234.0,44007.0,465.0,-227.0
440070025001,2,15,2,1,1,5,6,2,5,3,42,514,,,,13.0,,,,,1.0,4.0,4.0,47.0,,41.0,7.0,24.0,,33.0,27.0,,44007.0,201.0,-159.0
440070025002,157,1184,177,80,67,626,528,183,383,228,3612,928,,,2.0,141.0,227.0,1222.0,252.0,2.0,75.0,507.0,45.0,438.0,53.0,340.0,210.0,634.0,19.0,283.0,177.0,407.0,44007.0,5034.0,-1422.0
440070026001,4,29,4,2,2,16,13,4,9,5,88,740,,,,,,,9.0,,4.0,28.0,5.0,93.0,,65.0,,38.0,,28.0,23.0,,44007.0,293.0,-205.0
440070026002,14,109,16,7,6,47,49,17,35,21,321,323,,,,39.0,89.0,14.0,13.0,28.0,13.0,3.0,4.0,55.0,,217.0,52.0,41.0,,128.0,75.0,,44007.0,771.0,-450.0
440070026003,20,154,23,10,9,78,68,24,50,29,465,478,,,,,,,48.0,1.0,,,6.0,,,346.0,,1.0,,26.0,2.0,,44007.0,430.0,35.0
440070027001,14,103,15,7,6,106,46,16,33,20,366,528,,,,11.0,2.0,,36.0,,,,,,,10.0,,153.0,,93.0,10.0,,44007.0,315.0,51.0
440070027002,2,17,3,1,1,6,7,3,6,3,49,549,,,,12.0,,73.0,2.0,,,,19.0,,,49.0,4.0,9.0,,,1.0,,44007.0,169.0,-120.0
440070027003,4,30,5,2,2,25,14,5,10,6,103,810,,,,,,11.0,11.0,2.0,,,,4.0,,,,56.0,,,7.0,,44007.0,91.0,12.0
440070027004,2,18,3,1,1,25,8,3,6,3,70,419,,,,4.0,,,39.0,,,,,139.0,,,,,,1.0,1.0,,44007.0,184.0,-114.0
440070028001,1,12,2,1,1,6,5,2,4,2,37,1021,,,,,,,18.0,2.0,,,3.0,,,,,1.0,200.0,,,,44007.0,224.0,-187.0
440070028002,8,66,11,4,4,480,30,10,21,13,647,893,,,,1.0,83.0,17.0,171.0,8.0,18.0,,9.0,7.0,,21.0,54.0,212.0,,9.0,7.0,,44007.0,617.0,30.0
440070028003,1,10,1,1,1,12,4,1,3,2,36,529,,,,,,3.0,3.0,,,,9.0,,,3.0,,10.0,,2.0,,,44007.0,30.0,6.0
440070028004,1,10,1,1,1,6,5,2,3,2,32,607,,,,8.0,6.0,,2.0,,,,,,,16.0,,21.0,,11.0,,,44007.0,64.0,-32.0
440070029001,91,693,103,47,40,270,304,107,224,131,2009,566,,,,8.0,28.0,33.0,11.0,7.0,4.0,,8.0,4.0,,1189.0,,11.0,,93.0,9.0,,44007.0,1405.0,604.0
440070029002,2,16,2,1,0,6,6,2,5,2,44,447,,,,5.0,,,,,,,4.0,,,6.0,,20.0,,,3.0,,44007.0,38.0,6.0
440070029003,3,24,4,2,1,32,11,4,8,5,94,782,,,,2.0,5.0,,13.0,2.0,4.0,3.0,,4.0,,9.0,,76.0,,3.0,120.0,,44007.0,241.0,-147.0
440070029004,261,1982,296,133,112,1696,881,305,641,381,6688,594,,,,171.0,187.0,173.0,995.0,7.0,2.0,463.0,26.0,412.0,,157.0,,164.0,54.0,135.0,43.0,,44007.0,2989.0,3699.0
440070029005,3,24,4,2,1,18,11,4,8,5,81,1018,,,,15.0,12.0,4.0,10.0,1.0,,1.0,46.0,,34.0,3.0,19.0,121.0,,12.0,37.0,,44007.0,315.0,-234.0
440070031001,28,216,32,14,12,77,96,33,70,41,619,388,,,,13.0,5.0,,,,,,,17.0,,,4.0,418.0,,3.0,153.0,,44007.0,613.0,6.0
440070031002,2,12,2,1,1,12,5,2,4,2,43,305,,,,,,89.0,23.0,5.0,4.0,,9.0,24.0,,,,,19.0,59.0,,,44007.0,232.0,-189.0
440070031003,2,12,2,1,1,341,5,2,4,2,372,481,,,,,,,406.0,,2.0,,,,,,,2.0,,10.0,,,44007.0,420.0,-48.0
440070031004,4,30,5,2,2,11,13,5,10,6,88,424,,,,1.0,,2.0,,,7.0,39.0,,46.0,,,,117.0,,4.0,51.0,,44007.0,267.0,-179.0
440070031005,105,791,118,53,45,364,352,122,256,152,2356,451,,,,,105.0,32.0,93.0,,103.0,123.0,69.0,132.0,,118.0,,972.0,22.0,187.0,215.0,2283.0,44007.0,4454.0,-2098.0
440070032001,1,10,1,1,1,3,4,1,3,2,27,328,,,,,,,,,1.0,1.0,,7.0,,,41.0,,,,17.0,,44007.0,67.0,-40.0
440070032002,1,6,1,0,0,2,2,1,2,1,16,434,,,,,,,,,,1.0,,12.0,,2.0,13.0,15.0,,,7.0,,44007.0,50.0,-34.0
440070032003,1,8,1,1,0,25,3,1,2,1,43,389,,,,,2.0,,20.0,,15.0,,2.0,6.0,,,,5.0,,21.0,5.0,,44007.0,76.0,-33.0
440070032004,12,89,13,6,5,40,40,13,28,17,264,476,,,,9.0,,2.0,7.0,,,3.0,2.0,163.0,,1.0,1.0,88.0,,,9.0,,44007.0,285.0,-21.0
440070033001,20,150,22,10,9,66,67,23,49,29,445,663,,,,1.0,,,21.0,,,19.0,,10.0,1.0,,17.0,232.0,1.0,170.0,9.0,,44007.0,481.0,-36.0
440070033002,2,19,3,1,1,51,8,3,6,3,97,434,,,,,85.0,,82.0,,,11.0,,14.0,,,,5.0,24.0,,28.0,,44007.0,249.0,-152.0
440070033003,22,168,25,11,10,86,74,26,54,32,508,564,,,,,,9.0,58.0,,,7.0,,28.0,,3.0,6.0,535.0,13.0,84.0,38.0,,44007.0,781.0,-273.0
440070033004,155,1182,176,79,67,556,525,182,382,228,3533,303,,,,8.0,,41.0,210.0,107.0,2.0,895.0,8.0,29.0,287.0,18.0,1.0,3361.0,4.0,119.0,17.0,,44007.0,5107.0,-1574.0
440070034001,14,107,16,7,6,42,47,17,34,20,309,510,,,,,,,6.0,,2.0,,1.0,16.0,,1.0,,7.0,1.0,10.0,200.0,,44007.0,244.0,65.0
440070034002,56,424,63,28,24,151,189,65,138,82,1219,608,,,,,,1.0,,,,,1.0,12.0,4.0,27.0,7.0,1366.0,16.0,12.0,36.0,,44007.0,1482.0,-263.0
440070034003,3,24,4,2,1,16,11,4,8,5,78,412,,,,,,148.0,3.0,24.0,2.0,,3.0,19.0,,,10.0,7.0,4.0,,42.0,,44007.0,262.0,-184.0
440070034004,7,55,8,4,3,19,24,8,18,10,157,758,,,,3.0,,8.0,,,1.0,1.0,3.0,111.0,,7.0,,8.0,10.0,369.0,18.0,,44007.0,539.0,-382.0
440070035001,2,13,2,1,1,6,6,2,4,2,39,420,,,,2.0,,,,,,32.0,,12.0,1.0,,,38.0,3.0,18.0,5.0,,44007.0,111.0,-72.0
440070035002,5,35,5,2,2,476,15,5,11,7,563,651,,,,39.0,,23.0,196.0,6.0,8.0,17.0,4.0,50.0,24.0,39.0,9.0,255.0,35.0,55.0,20.0,,44007.0,780.0,-217.0
440070035003,19,145,22,10,8,227,65,22,47,28,593,446,,,,43.0,23.0,11.0,274.0,,4.0,93.0,58.0,126.0,,21.0,22.0,222.0,16.0,192.0,81.0,,44007.0,1186.0,-593.0
440070035004,13,99,15,7,6,42,44,15,32,19,292,662,,,,,,,,,10.0,23.0,,5.0,,100.0,175.0,983.0,,23.0,77.0,,44007.0,1396.0,-1104.0
440070036011,32,235,35,16,13,132,105,37,76,46,727,499,,,,3.0,,,60.0,,23.0,,1.0,38.0,,8.0,640.0,52.0,,349.0,37.0,,44007.0,1211.0,-484.0
440070036012,5,40,6,3,2,17,18,6,13,8,118,615,,,,,,,7.0,,8.0,5.0,8.0,27.0,2.0,4.0,9.0,192.0,13.0,,54.0,,44007.0,329.0,-211.0
440070036021,16,123,18,8,7,45,55,19,40,24,355,119,,,,,,10.0,,,,3.0,7.0,73.0,9.0,1.0,4.0,,11.0,17.0,55.0,295.0,44007.0,485.0,-130.0
440070036022,6,43,6,3,2,15,19,7,14,8,123,566,,,,2.0,3.0,,,11.0,,3.0,1.0,2.0,1.0,,,2.0,,,13.0,,44007.0,38.0,85.0
440070036023,310,2342,349,157,133,859,1043,361,758,452,6764,251,,,,2.0,4.0,,41.0,,60.0,43.0,11.0,12.0,3.0,1.0,5627.0,4.0,,363.0,104.0,390.0,44007.0,6665.0,99.0
440070037001,1,8,1,1,0,5,3,1,3,1,24,398,,,,11.0,4.0,,11.0,,,,,,8.0,2.0,,5.0,,68.0,41.0,,44007.0,150.0,-126.0
440070037002,18,138,21,9,8,132,62,21,45,27,479,540,,,,1.0,,3.0,117.0,37.0,13.0,53.0,22.0,147.0,,145.0,60.0,25.0,4.0,336.0,151.0,,44007.0,1114.0,-635.0
440070037003,3,23,3,2,1,20,10,4,7,4,77,499,,,,,2.0,,35.0,,2.0,3.0,3.0,4.0,,,35.0,77.0,,129.0,38.0,,44007.0,328.0,-251.0
440070037004,1,3,0,0,0,1,2,1,1,1,10,283,,,,,,,27.0,,12.0,,39.0,21.0,,3.0,,,,37.0,,,44007.0,139.0,-129.0
440070101011,58,275,68,35,18,118,95,46,85,72,869,327,,,,6.0,91.0,28.0,49.0,,,13.0,8.0,17.0,,10.0,,18.0,91.0,138.0,14.0,,44007.0,483.0,386.0
440070101012,4,18,4,2,1,6,6,3,6,5,55,255,,,,2.0,,,,,,,,3.0,,1.0,,,63.0,,,,44007.0,69.0,-14.0
440070101013,18,86,21,11,6,28,30,14,26,23,263,509,,,,5.0,79.0,,,,,,,3.0,,,,11.0,33.0,,,,44007.0,131.0,132.0
440070101014,31,149,36,18,10,54,51,25,46,39,460,462,,,,52.0,9.0,176.0,4.0,,,,3.0,,,19.0,2.0,2.0,1.0,,3.0,51.0,44007.0,322.0,138.0
440070101021,77,376,92,46,25,230,130,62,116,97,1253,329,,,,127.0,226.0,394.0,90.0,,16.0,99.0,12.0,18.0,2.0,77.0,,48.0,77.0,179.0,3.0,,44007.0,1368.0,-115.0
440070101022,15,72,18,9,5,23,25,12,22,19,218,325,,,,10.0,174.0,18.0,,,,25.0,30.0,21.0,6.0,,68.0,10.0,10.0,27.0,10.0,,44007.0,409.0,-191.0
440070101023,7,34,8,4,2,13,12,6,10,9,104,357,,,,2.0,,,1.0,,,3.0,2.0,12.0,1.0,,1.0,58.0,1.0,,80.0,,44007.0,161.0,-57.0
440070101024,28,135,33,17,9,44,46,23,41,35,411,380,,,,,,41.0,,,1.0,,,36.0,,,,2.0,,,5.0,,44007.0,85.0,326.0
440070102001,24,114,28,14,8,41,39,19,35,29,351,269,,,,43.0,324.0,45.0,2.0,57.0,,10.0,9.0,19.0,12.0,38.0,,79.0,,56.0,15.0,,44007.0,709.0,-358.0
440070102002,2,9,2,1,1,3,3,2,3,3,29,260,,,,7.0,19.0,11.0,,,,,,8.0,,17.0,,1.0,,,,,44007.0,63.0,-34.0
440070102003,20,98,24,12,7,38,33,16,30,25,303,417,,,,46.0,74.0,2.0,10.0,,,3.0,,2.0,,,,129.0,4.0,15.0,44.0,,44007.0,329.0,-26.0
440070102004,27,129,32,16,9,55,44,22,40,34,407,333,,,,25.0,2.0,18.0,30.0,31.0,2.0,21.0,31.0,12.0,3.0,145.0,,203.0,13.0,36.0,9.0,,44007.0,581.0,-174.0
440070102005,103,494,122,62,33,174,169,83,152,129,1520,368,,,,6.0,31.0,,27.0,,,9.0,,5.0,,,20.0,47.0,,,36.0,,44007.0,181.0,1339.0
440070102006,9,44,11,5,3,29,15,7,13,11,148,362,,,,6.0,11.0,8.0,31.0,,,45.0,8.0,18.0,,3.0,,199.0,,24.0,25.0,,44007.0,378.0,-230.0
440070102007,21,103,25,13,7,51,35,17,32,27,331,554,,,,47.0,138.0,7.0,21.0,,,,12.0,6.0,,174.0,,50.0,,4.0,11.0,,44007.0,470.0,-139.0
440070103001,27,129,32,16,9,281,44,22,39,34,633,804,,,,12.0,,5.0,334.0,,3.0,44.0,4.0,26.0,,7.0,,39.0,36.0,279.0,,14.0,44007.0,803.0,-170.0
440070103002,111,532,131,66,36,666,182,88,163,139,2113,426,,,,69.0,404.0,209.0,533.0,14.0,2.0,27.0,4.0,46.0,,112.0,68.0,149.0,,127.0,59.0,,44007.0,1823.0,290.0
440070103003,101,486,119,61,33,342,165,82,149,126,1665,365,,,,125.0,173.0,83.0,75.0,,2.0,157.0,31.0,242.0,,145.0,8.0,33.0,165.0,54.0,76.0,44.0,44007.0,1413.0,252.0
440070104001,10,50,12,6,3,59,17,8,15,13,193,245,,,,7.0,2.0,,46.0,,,8.0,,44.0,,9.0,,55.0,,29.0,12.0,,44007.0,212.0,-19.0
440070104002,6,32,8,4,2,10,10,5,10,8,95,767,,,,,,4.0,,1.0,,,8.0,2.0,,,,1.0,,,18.0,,44007.0,34.0,61.0
440070104003,28,141,33,17,10,46,49,23,43,36,426,689,,,,79.0,15.0,4.0,,,,39.0,,22.0,,10.0,4.0,400.0,50.0,34.0,16.0,,44007.0,673.0,-247.0
440070104004,6,31,7,4,2,15,10,5,9,8,98,570,,,,31.0,36.0,6.0,10.0,,,1.0,,17.0,,88.0,,,6.0,2.0,,,44007.0,197.0,-99.0
440070104005,10,46,11,6,3,206,16,8,14,12,332,325,,,,6.0,4.0,,11.0,,,6.0,8.0,19.0,,,,51.0,,60.0,9.0,,44007.0,174.0,158.0
440070105011,238,1144,282,142,76,510,391,191,351,298,3624,674,,,,33.0,437.0,159.0,274.0,218.0,158.0,344.0,11.0,396.0,268.0,200.0,5.0,1001.0,72.0,213.0,148.0,,44007.0,3937.0,-313.0
440070105012,8,41,10,5,3,67,14,7,13,10,178,558,,,,22.0,17.0,2.0,71.0,,,2.0,,30.0,8.0,8.0,,27.0,3.0,88.0,26.0,,44007.0,304.0,-126.0
440070105013,32,153,38,19,10,49,52,25,47,40,465,495,,,,24.0,,1.0,,,,11.0,,55.0,,42.0,,219.0,,2.0,1.0,,44007.0,355.0,110.0
440070105021,108,515,127,64,35,168,176,86,158,134,1570,393,,,,,51.0,23.0,,,,,,6.0,,,98.0,1072.0,,,36.0,,44007.0,1286.0,284.0
440070105022,4,17,4,2,1,15,6,3,5,4,61,230,,,,11.0,,,,2.0,,8.0,2.0,11.0,,,,38.0,,5.0,,,44007.0,77.0,-16.0
440070105023,64,309,76,38,21,123,105,51,95,80,963,780,,,,37.0,88.0,32.0,79.0,38.0,87.0,1279.0,8.0,34.0,1.0,81.0,,533.0,,8.0,11.0,,44007.0,2316.0,-1353.0
440070105024,38,182,45,23,12,75,62,30,56,47,570,362,,,,,28.0,39.0,2.0,,,818.0,21.0,18.0,,2.0,135.0,,,59.0,,,44007.0,1122.0,-552.0
440070106001,2,7,2,1,0,2,2,1,2,2,21,512,,,,16.0,,1.0,,,,,1.0,4.0,,,1.0,,2.0,,2.0,,44007.0,27.0,-6.0
440070106002,71,339,84,42,23,118,116,57,104,88,1042,760,,,,41.0,3.0,21.0,21.0,,,,,,,3.0,7.0,59.0,,57.0,10.0,,44007.0,222.0,820.0
440070106003,2,11,3,1,1,6,4,2,3,3,36,221,,,,,,,4.0,,,7.0,,,,3.0,,4.0,,,1.0,,44007.0,19.0,17.0
440070106004,8,41,10,5,3,13,14,7,13,10,124,356,,,,1.0,9.0,,,,,3.0,,7.0,,,,2.0,,,,,44007.0,22.0,102.0
440070106005,1,3,1,0,0,1,1,0,1,1,9,279,,,,1.0,,,,,,,,,,,,,,,1.0,,44007.0,2.0,7.0
440070106006,5,23,6,3,2,10,8,4,7,6,74,397,,,,4.0,,1.0,6.0,,,2.0,15.0,,,,,12.0,,23.0,,,44007.0,63.0,11.0
440070107011,25,121,30,15,8,42,42,20,37,32,373,704,,,,14.0,,10.0,1.0,,,16.0,4.0,53.0,,47.0,3.0,318.0,26.0,11.0,1.0,59.0,44007.0,563.0,-190.0
440070107012,1,3,1,0,0,16,1,0,1,1,24,238,,,,4.0,,,26.0,,,,,1.0,,4.0,,4.0,,,1.0,,44007.0,40.0,-16.0
440070107021,1,3,1,0,0,1,1,0,1,1,10,266,,,,2.0,,,,,,,,3.0,,1.0,,,,,,,44007.0,6.0,4.0
440070107022,5,24,6,3,2,8,8,4,7,6,73,300,,,,8.0,,2.0,1.0,,,,,2.0,,,,,,,1.0,,44007.0,14.0,59.0
440070107023,4,21,5,3,1,158,7,3,7,5,216,320,,,,21.0,,,146.0,,,7.0,9.0,,,,1.0,,,8.0,34.0,,44007.0,226.0,-10.0
440070107024,1,4,1,0,0,1,1,0,1,1,12,225,,,,,,,,,,,,,,,,,,,2.0,,44007.0,2.0,10.0
440070107025,6,27,7,3,2,9,9,5,8,7,83,606,,,,5.0,,2.0,,,,22.0,,1.0,,,,35.0,,34.0,3.0,,44007.0,102.0,-19.0
440070108001,4,13,3,1,0,42,14,8,22,2,110,607,,2.0,,51.0,80.0,7.0,48.0,,,23.0,3.0,3.0,,21.0,,16.0,,62.0,8.0,,44007.0,324.0,-214.0
440070108002,28,90,19,4,1,94,95,52,146,14,543,1231,,,,36.0,5.0,,27.0,1.0,9.0,,,,,,,127.0,23.0,89.0,30.0,43.0,44007.0,390.0,153.0
440070108003,3,11,2,0,0,25,10,5,14,1,73,424,,,,,3.0,,15.0,2.0,,,,,,3.0,,74.0,,9.0,5.0,,44007.0,111.0,-38.0
440070109001,35,109,23,5,1,107,115,62,176,17,651,539,,,,21.0,315.0,3.0,20.0,,,,5.0,,,152.0,,6.0,,31.0,7.0,,44007.0,560.0,91.0
440070109002,18,56,12,2,0,61,59,32,91,9,340,1005,,,,13.0,28.0,,8.0,,,,,3.0,,,104.0,56.0,,26.0,8.0,,44007.0,246.0,94.0
440070109003,5,16,3,1,0,25,17,9,26,2,105,703,,,,3.0,24.0,,19.0,1.0,,,,,,7.0,,102.0,,4.0,12.0,,44007.0,172.0,-67.0
440070110001,1,3,1,0,0,3,3,2,5,0,19,575,,,,4.0,,,,1.0,,,,,,,,5.0,,,2.0,,44007.0,12.0,7.0
440070110002,15,48,10,2,0,52,51,28,78,7,291,1129,,,,6.0,6.0,,21.0,14.0,,,14.0,,,,526.0,3.0,,,2.0,84.0,44007.0,676.0,-385.0
440070110003,9,29,6,1,0,39,30,16,46,4,180,1035,,,,3.0,,,35.0,2.0,,8.0,5.0,10.0,,12.0,48.0,8.0,,40.0,,,44007.0,171.0,9.0
440070111001,3,9,2,0,0,42,9,5,14,1,86,652,,,,5.0,2.0,,40.0,,,10.0,,,,,38.0,,,,18.0,,44007.0,113.0,-27.0
440070111002,5,18,4,1,0,27,18,10,28,3,115,1383,,,,7.0,89.0,20.0,13.0,70.0,,2.0,,9.0,,2.0,,6.0,,67.0,2.0,,44007.0,287.0,-172.0
440070112001,6,34,10,5,2,51,16,5,13,6,148,493,,,,1.0,,,,1.0,,,,2.0,,,,,,,7.0,,44007.0,11.0,137.0
440070112002,32,193,57,29,9,70,90,31,76,37,623,852,,,,82.0,124.0,15.0,28.0,,,,,,,88.0,24.0,11.0,,13.0,7.0,46.0,44007.0,438.0,185.0
440070112003,14,82,24,12,4,29,38,13,32,16,264,418,,,,56.0,114.0,55.0,40.0,,3.0,,5.0,,,8.0,46.0,10.0,,7.0,31.0,,44007.0,375.0,-111.0
440070112004,18,106,31,16,5,372,49,17,41,20,674,625,,,,8.0,,38.0,103.0,,,39.0,3.0,,,21.0,,85.0,2.0,98.0,21.0,11.0,44007.0,429.0,245.0
440070112005,8,49,14,7,2,26,23,8,19,9,165,573,,,,19.0,,7.0,52.0,,,,,,,5.0,52.0,92.0,,3.0,6.0,,44007.0,236.0,-71.0
440070113011,5,29,9,4,1,9,14,5,11,6,93,795,,,,61.0,,,2.0,19.0,,1.0,5.0,,,,1.0,5.0,2.0,44.0,15.0,,44007.0,155.0,-62.0
440070113012,100,591,175,88,27,413,278,96,231,113,2113,653,,,2.0,99.0,592.0,168.0,154.0,248.0,56.0,16.0,21.0,42.0,,34.0,6.0,12.0,48.0,122.0,79.0,,44007.0,1699.0,414.0
440070113013,35,207,61,31,9,58,97,33,81,39,651,798,,,,197.0,16.0,1.0,8.0,2.0,,4.0,31.0,23.0,,2.0,,11.0,,72.0,52.0,109.0,44007.0,528.0,123.0
440070113021,6,40,12,6,2,203,16,6,16,6,313,645,,,,16.0,33.0,3.0,176.0,2.0,,3.0,4.0,,,5.0,5.0,3.0,,17.0,,,44007.0,267.0,46.0
440070113022,2,12,3,2,1,3,6,2,5,2,38,873,,,,1.0,7.0,,1.0,,,,1.0,2.0,2.0,2.0,,4.0,,,,,44007.0,20.0,18.0
440070113023,2,10,3,2,0,19,4,2,4,2,48,600,,,,8.0,,25.0,60.0,1.0,1.0,1.0,,2.0,,4.0,,2.0,,1.0,,,44007.0,105.0,-57.0
440070114011,2,14,4,2,1,5,6,2,5,2,43,679,,,,4.0,,3.0,,9.0,,,,7.0,,1.0,,22.0,,,,,44007.0,46.0,-3.0
440070114012,5,28,8,4,1,16,13,4,11,5,95,1032,,,,4.0,,4.0,33.0,,20.0,10.0,1.0,14.0,17.0,1.0,1.0,113.0,1.0,,4.0,,44007.0,223.0,-128.0
440070114013,7,43,13,6,2,11,20,7,17,8,134,515,,,,3.0,,2.0,6.0,,,3.0,,1.0,,121.0,2.0,7.0,,12.0,,,44007.0,157.0,-23.0
440070114014,44,264,78,39,12,70,123,43,103,50,826,803,,,,52.0,27.0,27.0,,301.0,3.0,6.0,5.0,8.0,,14.0,7.0,62.0,5.0,16.0,19.0,,44007.0,552.0,274.0
440070114015,109,645,190,96,30,179,303,104,252,123,2031,1341,13.0,,156.0,31.0,,10.0,26.0,3.0,1.0,21.0,19.0,46.0,12.0,32.0,54.0,45.0,3.0,23.0,9.0,,44007.0,504.0,1527.0
440070114021,156,928,274,138,43,250,434,150,364,177,2913,800,,,,83.0,738.0,172.0,26.0,62.0,,1.0,,91.0,20.0,581.0,63.0,101.0,2.0,,42.0,,44007.0,1982.0,931.0
440070114022,23,138,41,20,6,37,64,22,54,26,431,1313,,,,77.0,,5.0,19.0,3.0,1.0,10.0,5.0,52.0,1.0,39.0,23.0,154.0,1.0,,49.0,,44007.0,439.0,-8.0
440070114031,44,264,78,39,12,74,123,43,103,50,830,405,,,,7.0,72.0,17.0,19.0,,,1.0,,24.0,848.0,,,47.0,,66.0,150.0,,44007.0,1251.0,-421.0
440070114032,8,45,13,7,2,24,21,7,18,9,154,1312,,7.0,,,,,30.0,2.0,,5.0,2.0,9.0,,27.0,2.0,21.0,,85.0,24.0,55.0,44007.0,269.0,-115.0
440070114033,10,59,18,9,3,16,28,10,23,11,187,1102,,,,8.0,101.0,8.0,,,,7.0,,1.0,,6.0,,2.0,,2.0,,,44007.0,135.0,52.0
440070114034,64,385,114,57,18,308,180,62,150,73,1411,951,,,,13.0,,37.0,182.0,,65.0,19.0,13.0,18.0,3.0,45.0,708.0,119.0,14.0,190.0,42.0,20.0,44007.0,1488.0,-77.0
440070115001,94,371,130,59,20,237,128,52,112,107,1310,1074,,,,173.0,42.0,60.0,4.0,233.0,5.0,962.0,10.0,111.0,103.0,8.0,9.0,182.0,104.0,140.0,22.0,30.0,44007.0,2198.0,-888.0
440070115002,4,17,6,3,1,9,6,2,5,5,58,590,,,,12.0,,,1.0,5.0,,3.0,4.0,,,4.0,,14.0,,8.0,8.0,18.0,44007.0,77.0,-19.0
440070115003,54,215,75,34,11,90,73,30,65,61,708,860,,,,12.0,126.0,20.0,1.0,1.0,,,1.0,118.0,,3.0,6.0,209.0,,,14.0,,44007.0,511.0,197.0
440070115004,4,16,6,3,1,13,5,2,5,5,60,613,,,,7.0,,,5.0,,,13.0,2.0,1.0,,,,1.0,,17.0,29.0,,44007.0,75.0,-15.0
440070116001,79,306,107,49,16,125,106,43,92,89,1012,467,,,61.0,124.0,21.0,39.0,677.0,105.0,158.0,84.0,2.0,70.0,33.0,118.0,131.0,84.0,42.0,204.0,64.0,89.0,44007.0,2106.0,-1094.0
440070116002,136,531,186,85,28,221,184,74,160,154,1759,694,,,,18.0,,14.0,1.0,,,11.0,6.0,10.0,19.0,18.0,,11.0,1965.0,131.0,9.0,58.0,44007.0,2271.0,-512.0
440070116003,16,63,22,10,3,26,22,9,19,18,208,407,1.0,,18.0,9.0,5.0,87.0,,,,3.0,1.0,31.0,,16.0,,37.0,195.0,18.0,2.0,35.0,44007.0,458.0,-250.0
440070116004,640,2501,874,398,133,1845,865,350,753,724,9082,1554,,,,373.0,1819.0,176.0,77.0,,4.0,1457.0,12.0,326.0,310.0,118.0,157.0,526.0,34.0,198.0,77.0,17.0,44007.0,5681.0,3401.0
440070117011,12,48,17,8,3,29,16,7,14,14,168,1056,,,7.0,27.0,12.0,25.0,8.0,,,12.0,1.0,,,24.0,,28.0,,3.0,29.0,,44007.0,176.0,-8.0
440070117012,10,40,14,6,2,39,14,6,12,12,153,1007,,,,5.0,7.0,,24.0,,,4.0,,5.0,,14.0,514.0,20.0,,32.0,33.0,13.0,44007.0,671.0,-518.0
440070117013,5,22,8,4,1,9,7,3,7,6,72,409,,,,6.0,,4.0,,1.0,,,,3.0,,,,8.0,7.0,4.0,5.0,,44007.0,38.0,34.0
440070117021,32,125,43,20,7,74,43,18,39,35,435,681,,,,81.0,27.0,154.0,21.0,32.0,2.0,9.0,4.0,32.0,,464.0,9.0,21.0,85.0,16.0,33.0,,44007.0,990.0,-555.0
440070117022,8,30,11,5,2,14,10,4,9,9,104,700,,,,14.0,,4.0,2.0,,,,,4.0,,4.0,32.0,19.0,,20.0,26.0,,44007.0,125.0,-21.0
440070117023,6,24,9,4,1,10,9,3,7,7,80,848,1.0,,,33.0,,5.0,,,,5.0,2.0,5.0,,3.0,1.0,51.0,,46.0,11.0,,44007.0,163.0,-83.0
440070118001,8,46,14,7,2,24,15,7,11,15,151,939,,,,59.0,5.0,,85.0,,1.0,30.0,4.0,22.0,,,,86.0,,32.0,24.0,,44007.0,348.0,-197.0
440070118002,3,16,5,3,1,9,5,3,4,6,54,685,,,,10.0,,5.0,6.0,,,2.0,3.0,,,,,3.0,,59.0,8.0,7.0,44007.0,103.0,-49.0
440070118003,3,14,4,2,1,255,4,2,3,5,292,435,,,,3.0,28.0,132.0,144.0,2.0,,6.0,13.0,14.0,,48.0,1.0,25.0,,12.0,2.0,,44007.0,430.0,-138.0
440070118004,3,17,6,3,1,9,6,3,4,6,56,392,,,,2.0,,1.0,12.0,,9.0,5.0,,8.0,,17.0,1.0,34.0,,77.0,9.0,,44007.0,175.0,-119.0
440070118005,6,35,11,6,2,18,10,5,7,11,113,573,,,,5.0,18.0,1.0,32.0,,,,4.0,47.0,,251.0,6.0,1.0,,23.0,27.0,,44007.0,415.0,-302.0
440070119011,14,77,25,13,4,58,24,12,17,26,268,875,,,,41.0,16.0,2.0,122.0,,,1.0,,8.0,,17.0,3.0,17.0,,76.0,41.0,,44007.0,344.0,-76.0
440070119012,12,64,21,11,3,218,20,10,14,22,394,510,,,,4.0,,3.0,185.0,8.0,,,2.0,1.0,,,,24.0,37.0,17.0,5.0,,44007.0,286.0,108.0
440070119021,2,12,4,2,1,40,4,2,3,4,73,980,,1.0,,3.0,,12.0,95.0,,,,,1.0,,3.0,,13.0,,1.0,5.0,,44007.0,134.0,-61.0
440070119022,5,24,8,4,1,8,7,3,6,8,75,510,,,,8.0,,5.0,,,,,,10.0,,,,2.0,,,6.0,,44007.0,31.0,44.0
440070119023,9,47,16,7,2,157,15,7,11,16,287,646,,,,6.0,,6.0,70.0,33.0,,31.0,46.0,26.0,,37.0,,62.0,18.0,129.0,57.0,,44007.0,521.0,-234.0
440070120001,112,594,192,97,31,209,185,91,130,199,1840,541,,,,8.0,,7.0,16.0,,,10.0,1.0,5.0,,12.0,,1007.0,30.0,48.0,18.0,,44007.0,1162.0,678.0
440070120002,14,74,23,12,4,171,23,12,17,25,375,789,,,,7.0,,,1.0,,,,,3.0,,12.0,,186.0,,,,,44007.0,209.0,166.0
440070120003,2,12,4,2,1,13,3,2,3,4,45,349,,,,6.0,,,35.0,5.0,3.0,2.0,,,,1.0,,56.0,,13.0,,,44007.0,121.0,-76.0
440070120004,14,73,23,12,4,26,23,11,16,25,227,383,,,,4.0,,,1.0,,,7.0,,4.0,,1.0,,154.0,,61.0,7.0,,44007.0,239.0,-12.0
440070120005,14,74,24,12,4,34,23,11,16,25,237,501,,,,25.0,9.0,,23.0,21.0,,19.0,,6.0,,107.0,3.0,18.0,,122.0,,,44007.0,353.0,-116.0
440070121021,3,15,5,2,1,7,5,2,3,5,48,545,,,,4.0,,,10.0,88.0,,2.0,1.0,,,5.0,,9.0,,,6.0,,44007.0,125.0,-77.0
440070121022,4,23,7,4,1,12,7,4,5,8,75,526,,,,2.0,31.0,1.0,27.0,,,,6.0,,,8.0,,5.0,,,5.0,,44007.0,85.0,-10.0
440070121023,1,8,2,1,0,3,2,2,2,2,23,514,,,,3.0,,,,,1.0,,,3.0,,,,,,,4.0,,44007.0,11.0,12.0
440070121024,25,139,44,22,7,49,43,21,31,45,428,363,,,,20.0,87.0,55.0,,,,,,10.0,29.0,1.0,,182.0,,,15.0,,44007.0,399.0,29.0
440070121031,36,190,61,31,10,83,59,29,42,64,605,898,,,,6.0,,,92.0,,,3.0,33.0,,,2.0,,217.0,2.0,28.0,2.0,157.0,44007.0,542.0,63.0
440070121032,1,4,1,1,0,2,1,1,1,1,13,281,,,,5.0,,,,,,,,,,,1.0,,,,17.0,,44007.0,23.0,-10.0
440070121041,52,281,91,46,15,102,87,43,62,93,872,619,,,,6.0,,,36.0,4.0,1.0,4.0,27.0,35.0,,,650.0,51.0,,90.0,49.0,116.0,44007.0,1069.0,-197.0
440070121042,9,51,16,8,3,21,16,8,11,16,160,613,,,,22.0,10.0,8.0,18.0,10.0,3.0,3.0,,13.0,,101.0,,24.0,,7.0,13.0,,44007.0,232.0,-72.0
440070121043,3,19,6,3,1,6,6,3,4,6,57,654,,,,1.0,,36.0,,,,,2.0,7.0,,,,2.0,,19.0,17.0,,44007.0,84.0,-27.0
440070122001,52,317,120,69,24,640,155,96,93,105,1671,790,,,,37.0,295.0,29.0,611.0,2.0,,7.0,14.0,55.0,,2.0,1.0,93.0,13.0,92.0,71.0,,44007.0,1322.0,349.0
440070122002,7,46,18,10,4,28,23,14,14,15,179,1039,,,,65.0,,,31.0,2.0,,,2.0,12.0,,38.0,,49.0,28.0,45.0,8.0,,44007.0,280.0,-101.0
440070122003,50,309,117,67,23,155,151,93,91,101,1159,288,10.0,,46.0,110.0,,82.0,85.0,54.0,,19.0,17.0,97.0,,552.0,17.0,319.0,,,32.0,,44007.0,1440.0,-281.0
440070122004,49,296,112,64,22,718,145,88,87,98,1680,1373,4.0,,,31.0,1.0,,212.0,37.0,19.0,,31.0,12.0,5.0,6.0,500.0,34.0,2.0,99.0,39.0,440.0,44007.0,1472.0,208.0
440070123001,16,97,37,21,7,80,48,29,28,32,396,684,,5.0,,55.0,80.0,19.0,72.0,1.0,,1.0,17.0,17.0,,41.0,20.0,22.0,8.0,139.0,52.0,,44007.0,549.0,-153.0
440070123002,20,122,46,27,9,75,60,37,36,40,472,1276,24.0,,,23.0,7.0,24.0,30.0,2.0,3.0,,2.0,1.0,,16.0,1.0,415.0,,66.0,14.0,57.0,44007.0,685.0,-213.0
440070123003,8,48,17,10,3,40,23,14,14,15,192,1295,,,,40.0,,6.0,34.0,6.0,,,,9.0,1.0,6.0,,19.0,6.0,40.0,16.0,,44007.0,183.0,9.0
440070124011,37,232,88,50,18,125,113,70,68,76,878,355,,,,171.0,89.0,83.0,44.0,21.0,57.0,2.0,5.0,2.0,24.0,229.0,2.0,3.0,,46.0,29.0,,44007.0,807.0,71.0
440070124012,2,11,4,2,1,5,5,3,3,4,40,424,,,,6.0,5.0,,,4.0,,,,3.0,,2.0,,25.0,,4.0,1.0,,44007.0,50.0,-10.0
440070124013,4,25,9,5,2,24,12,8,7,8,104,499,,,,,43.0,,31.0,,,16.0,5.0,,,4.0,,,,27.0,9.0,,44007.0,135.0,-31.0
440070124014,76,465,176,101,35,453,230,141,137,155,1969,799,,,,25.0,46.0,,154.0,1.0,,9.0,21.0,26.0,,60.0,22.0,664.0,16.0,292.0,28.0,189.0,44007.0,1553.0,416.0
440070124015,31,186,70,40,14,375,92,56,55,62,981,349,,,,60.0,,19.0,344.0,,,61.0,138.0,37.0,31.0,238.0,3.0,204.0,22.0,189.0,104.0,,44007.0,1450.0,-469.0
440070124016,17,108,41,24,8,50,53,33,32,35,401,892,,,,13.0,1.0,1.0,,5.0,,6.0,,,,5.0,,59.0,,12.0,,9.0,44007.0,111.0,290.0
440070124021,63,381,144,83,29,180,189,116,112,127,1424,535,,,,11.0,54.0,14.0,1.0,,390.0,,68.0,28.0,,155.0,,8.0,,109.0,1.0,,44007.0,839.0,585.0
440070124022,56,346,131,75,27,161,170,105,102,115,1289,677,,,,3.0,,,,2.0,,1408.0,,7.0,,5.0,,5.0,,6.0,8.0,,44007.0,1444.0,-155.0
440070125001,34,206,78,45,16,110,101,62,60,68,780,719,,,,48.0,91.0,,33.0,16.0,,,4.0,11.0,,125.0,,170.0,,9.0,88.0,,44007.0,595.0,185.0
440070125002,15,95,36,21,7,48,47,29,28,31,357,1546,,,,54.0,199.0,24.0,18.0,4.0,,6.0,14.0,6.0,,9.0,,55.0,,6.0,1.0,,44007.0,396.0,-39.0
440070125003,21,131,49,28,10,81,64,40,38,43,505,369,,,,94.0,1.0,11.0,51.0,343.0,,1.0,1.0,,,189.0,,5.0,,39.0,18.0,,44007.0,753.0,-248.0
440070126011,675,2649,829,555,62,913,945,477,823,675,8602,411,,32.0,,165.0,353.0,30.0,74.0,6.0,2.0,2904.0,121.0,64.0,5.0,296.0,966.0,157.0,2.0,389.0,338.0,,44007.0,5904.0,2698.0
440070126012,191,751,235,157,18,1728,268,135,234,191,3909,578,,,,279.0,239.0,157.0,1108.0,9.0,4.0,116.0,2.0,155.0,,40.0,,108.0,25.0,811.0,100.0,,44007.0,3153.0,756.0
440070126021,3,12,4,2,0,5,5,2,4,3,40,494,,,,22.0,,,1.0,,,1.0,4.0,1.0,,,,,,,,,44007.0,29.0,11.0
440070126022,33,127,40,27,3,40,46,23,39,33,411,643,,,,17.0,,1.0,137.0,3.0,,,,1.0,,2.0,435.0,11.0,,65.0,2.0,,44007.0,674.0,-263.0
440070126023,61,245,77,52,6,105,85,44,77,61,811,694,,,5.0,24.0,,13.0,40.0,11.0,,,,19.0,,25.0,,10.0,,14.0,21.0,54.0,44007.0,236.0,575.0
440070126024,61,244,76,52,6,163,84,44,75,61,866,472,,,,5.0,24.0,13.0,90.0,,19.0,9.0,,,83.0,5.0,,,,44.0,7.0,,44007.0,299.0,567.0
440070126025,128,499,156,104,12,228,179,90,155,128,1680,511,,,,113.0,384.0,441.0,72.0,64.0,46.0,2.0,3.0,34.0,,91.0,,68.0,12.0,35.0,1.0,,44007.0,1366.0,314.0
440070126026,37,151,48,31,3,117,53,27,46,37,550,758,,,,31.0,20.0,7.0,87.0,1.0,,7.0,,9.0,,126.0,,166.0,6.0,68.0,3.0,,44007.0,531.0,19.0
440070127011,25,97,30,20,2,44,35,18,30,25,326,512,,,,132.0,20.0,,16.0,21.0,,,,7.0,,2.0,,223.0,7.0,17.0,15.0,48.0,44007.0,508.0,-182.0
440070127012,31,120,38,25,3,38,43,22,37,31,385,554,2.0,,,5.0,,,,,,4.0,,1.0,,4.0,,205.0,,,,,44007.0,221.0,164.0
440070127013,123,483,151,101,11,204,172,87,150,123,1603,1474,2.0,,,31.0,7.0,41.0,44.0,,,28.0,5.0,37.0,3.0,32.0,,575.0,3.0,63.0,70.0,46.0,44007.0,987.0,616.0
440070127021,73,284,89,59,7,680,102,51,88,73,1506,1120,,,,143.0,117.0,97.0,191.0,15.0,45.0,20.0,,67.0,,13.0,,48.0,10.0,207.0,30.0,,44007.0,1003.0,503.0
440070127022,19,77,24,17,2,27,27,14,24,19,251,635,,,,26.0,34.0,17.0,4.0,,,28.0,14.0,17.0,,,55.0,49.0,26.0,17.0,7.0,7.0,44007.0,301.0,-50.0
440070127023,23,92,29,19,2,241,32,17,29,23,507,559,,,,4.0,4.0,1.0,59.0,,31.0,29.0,,16.0,6.0,,,66.0,,,45.0,,44007.0,261.0,246.0
440070128011,21,77,23,15,3,114,25,12,29,21,343,555,,,,30.0,,4.0,5.0,,8.0,,1.0,39.0,,4.0,1.0,10.0,,85.0,12.0,16.0,44007.0,215.0,128.0
440070128012,85,313,93,62,13,132,102,50,119,85,1055,731,,,,22.0,49.0,122.0,32.0,18.0,,8.0,1.0,17.0,,38.0,,408.0,,6.0,28.0,,44007.0,749.0,306.0
440070128013,25,91,27,18,4,50,30,15,34,25,319,1094,,,,73.0,274.0,6.0,105.0,,,,,57.0,,7.0,,30.0,,121.0,17.0,7.0,44007.0,697.0,-378.0
440070128021,7,27,8,5,1,14,9,4,10,7,92,494,,,,4.0,,,2.0,49.0,,4.0,,4.0,,16.0,,77.0,1.0,12.0,4.0,,44007.0,173.0,-81.0
440070128022,26,93,28,19,4,588,31,15,35,26,865,739,,,,17.0,159.0,,245.0,,,23.0,10.0,6.0,,3.0,5.0,75.0,16.0,201.0,30.0,34.0,44007.0,824.0,41.0
440070128031,135,492,147,98,20,712,161,79,186,135,2165,969,,,,51.0,108.0,45.0,620.0,239.0,2.0,9.0,7.0,169.0,,5.0,,92.0,54.0,182.0,112.0,34.0,44007.0,1729.0,436.0
440070128032,38,139,41,28,5,63,46,22,52,38,472,1484,,46.0,,39.0,3.0,66.0,11.0,11.0,1.0,,3.0,22.0,,108.0,317.0,26.0,1.0,47.0,16.0,1.0,44007.0,718.0,-246.0
440070129001,47,175,52,45,6,98,57,39,54,50,623,759,,,,14.0,6.0,,31.0,,22.0,,1.0,13.0,,5.0,338.0,17.0,1.0,36.0,11.0,84.0,44007.0,579.0,44.0
440070129002,8,31,9,8,1,34,10,7,10,9,127,687,,,21.0,33.0,1.0,17.0,15.0,37.0,,1.0,1.0,4.0,,,,11.0,,3.0,12.0,,44007.0,156.0,-29.0
440070129003,2,9,3,2,0,3,3,2,3,3,30,368,,,,6.0,,1.0,,,,2.0,,2.0,,,,3.0,,14.0,2.0,,44007.0,30.0,0.0
440070129004,40,148,44,38,5,128,48,33,46,42,572,396,,,,4.0,,4.0,58.0,,7.0,5.0,,16.0,,,8.0,267.0,,54.0,6.0,,44007.0,429.0,143.0
440070130011,7,26,8,7,1,9,8,6,8,7,87,413,,,,4.0,,,,,,,,1.0,,,,51.0,,,,,44007.0,56.0,31.0
440070130012,3,10,3,2,0,3,3,2,3,3,32,448,,,,9.0,,,,6.0,,,,,,,,,,2.0,,,44007.0,17.0,15.0
440070130013,3,11,3,3,0,5,4,2,3,3,37,640,,,,20.0,,5.0,,,,1.0,,1.0,,2.0,1.0,14.0,,1.0,2.0,13.0,44007.0,60.0,-23.0
440070130021,58,214,63,55,8,88,70,49,66,62,735,1291,,,,68.0,54.0,7.0,16.0,,2.0,2.0,,23.0,,46.0,,17.0,,277.0,41.0,71.0,44007.0,624.0,111.0
440070130022,18,64,19,16,2,29,21,14,20,19,222,575,,,44.0,55.0,2.0,3.0,2.0,,,,,1.0,,,,40.0,3.0,33.0,1.0,,44007.0,184.0,38.0
440070130023,100,365,109,93,13,136,119,82,113,106,1235,598,,4.0,,130.0,616.0,39.0,9.0,,4.0,,3.0,18.0,,2.0,7.0,182.0,13.0,42.0,4.0,23.0,44007.0,1096.0,139.0
440070130024,8,27,8,7,1,17,9,6,8,8,99,865,12.0,,,21.0,,5.0,3.0,,2.0,,,2.0,,16.0,,,4.0,,13.0,,44007.0,78.0,21.0
440070131011,22,62,23,22,6,58,23,13,18,15,262,1065,1.0,,,32.0,,4.0,,53.0,2.0,,,1.0,,6.0,1.0,6.0,,6.0,3.0,2.0,44007.0,117.0,145.0
440070131012,18,48,18,17,5,39,19,10,14,13,201,630,,,,20.0,,,6.0,,,,,66.0,,17.0,,,,22.0,5.0,10.0,44007.0,146.0,55.0
440070131013,9,27,10,10,3,63,10,6,8,7,154,509,7.0,,,21.0,,,21.0,31.0,,5.0,,7.0,,9.0,,8.0,,22.0,15.0,46.0,44007.0,192.0,-38.0
440070131021,24,66,25,23,6,169,25,14,19,16,387,934,,,,51.0,23.0,3.0,138.0,,,,2.0,20.0,,15.0,,29.0,8.0,36.0,22.0,27.0,44007.0,374.0,13.0
440070131022,98,274,103,97,27,162,105,59,80,68,1074,694,,,,9.0,,,41.0,,7.0,4.0,,,,7.0,257.0,186.0,1.0,106.0,5.0,38.0,44007.0,661.0,413.0
440070131023,11,33,12,11,3,20,12,7,10,8,128,879,3.0,,,14.0,,,2.0,9.0,13.0,,3.0,4.0,,9.0,,5.0,7.0,28.0,10.0,12.0,44007.0,119.0,9.0
440070132011,5,17,4,2,1,100,6,4,8,3,151,385,,,,3.0,3.0,2.0,87.0,,23.0,,1.0,37.0,,,,13.0,,5.0,13.0,,44007.0,187.0,-36.0
440070132012,84,256,70,38,11,121,83,63,118,53,897,586,,,,89.0,59.0,1.0,34.0,5.0,,2.0,9.0,23.0,,13.0,250.0,29.0,,43.0,13.0,43.0,44007.0,613.0,284.0
440070132013,8,26,7,4,1,10,8,6,12,5,87,769,,,,18.0,,14.0,5.0,30.0,,,,16.0,,3.0,,,,,13.0,,44007.0,99.0,-12.0
440070132014,3,8,2,1,0,3,3,2,4,2,29,446,,,,5.0,,2.0,,,13.0,,,7.0,,8.0,,7.0,,2.0,1.0,,44007.0,45.0,-16.0
440070132021,23,69,19,10,3,46,22,17,32,14,255,871,3.0,,,53.0,1.0,10.0,20.0,,,,1.0,3.0,,11.0,,8.0,,17.0,17.0,233.0,44007.0,377.0,-122.0
440070132022,18,52,14,8,2,38,17,13,24,11,197,1023,6.0,,,29.0,10.0,4.0,26.0,2.0,,15.0,,4.0,,2.0,,9.0,,11.0,7.0,,44007.0,125.0,72.0
440070132023,8,24,7,4,1,8,8,6,11,5,82,888,,,,26.0,,2.0,,4.0,,3.0,,4.0,,7.0,2.0,,,2.0,,,44007.0,50.0,32.0
440070133001,5,33,8,3,2,6,12,10,10,4,93,698,3.0,,,2.0,2.0,7.0,14.0,,2.0,,,4.0,1.0,13.0,53.0,35.0,,,4.0,,44007.0,140.0,-47.0
440070133002,7,46,11,4,3,27,18,14,13,6,149,626,,,,26.0,,,24.0,2.0,8.0,,,4.0,1.0,1.0,,30.0,,30.0,9.0,,44007.0,135.0,14.0
440070133003,8,48,11,4,3,9,19,14,14,7,136,508,14.0,,,11.0,,,3.0,24.0,,,,10.0,,1.0,,14.0,18.0,4.0,,,44007.0,99.0,37.0
440070133004,10,60,14,6,4,11,23,18,18,9,173,525,,,,20.0,1.0,2.0,,,13.0,1.0,,,,67.0,,3.0,,,,23.0,44007.0,130.0,43.0
440070134001,16,86,23,18,7,57,42,16,31,18,313,506,,,,,4.0,2.0,17.0,,,,,5.0,,10.0,,315.0,4.0,15.0,4.0,,44007.0,376.0,-63.0
440070134002,3,21,5,4,2,15,10,4,8,4,77,444,,,,8.0,,,11.0,,2.0,,1.0,5.0,,4.0,,16.0,9.0,,24.0,,44007.0,80.0,-3.0
440070134003,3,18,5,4,2,11,10,3,7,4,67,288,,,,,,5.0,8.0,,,,,29.0,,2.0,,4.0,,92.0,9.0,,44007.0,149.0,-82.0
440070134004,6,32,8,7,3,18,15,6,11,6,112,567,,,,9.0,2.0,6.0,16.0,,1.0,13.0,,10.0,,3.0,6.0,,,52.0,23.0,,44007.0,141.0,-29.0
440070135001,3,17,4,4,1,9,7,3,6,3,57,351,,,,,,2.0,7.0,7.0,,,,68.0,,,5.0,,,,38.0,,44007.0,127.0,-70.0
440070135002,2,12,3,3,1,9,6,2,4,2,44,286,,,,4.0,,1.0,10.0,16.0,,1.0,,20.0,,,,,,21.0,,,44007.0,73.0,-29.0
440070135003,9,55,14,12,5,19,26,10,20,11,181,400,,,,3.0,,,,,,37.0,,4.0,,136.0,,5.0,,145.0,26.0,,44007.0,356.0,-175.0
440070135004,1,7,2,2,1,6,4,1,3,2,29,348,,,,3.0,,12.0,51.0,,,1.0,,1.0,,,,7.0,,,,,44007.0,75.0,-46.0
440070135005,4,20,5,4,2,20,10,4,7,4,80,696,,,,3.0,,,34.0,,9.0,,19.0,22.0,,4.0,12.0,2.0,,29.0,35.0,,44007.0,169.0,-89.0
440070136001,2,13,3,3,1,84,7,2,5,3,123,511,,,,17.0,,3.0,131.0,,3.0,,,1.0,,31.0,,1.0,,8.0,,,44007.0,195.0,-72.0
440070136002,28,149,39,31,12,53,75,27,54,31,499,295,,,,46.0,229.0,78.0,25.0,30.0,,,10.0,167.0,,50.0,,18.0,1.0,1.0,45.0,,44007.0,700.0,-201.0
440070136003,51,275,72,58,23,184,138,50,99,57,1006,603,,,,20.0,285.0,40.0,104.0,,,,,481.0,,28.0,6.0,54.0,22.0,,2.0,,44007.0,1042.0,-36.0
440070137011,3,19,4,2,2,7,9,3,6,4,59,435,,,,,,3.0,,,,,,2.0,,34.0,,,,,,,44007.0,39.0,20.0
440070137012,72,387,101,81,32,156,195,70,140,80,1315,501,,,,2.0,60.0,29.0,3.0,,3.0,,,2.0,,2.0,1569.0,86.0,2.0,22.0,27.0,,44007.0,1807.0,-492.0
440070137013,44,238,62,50,20,83,120,43,86,49,795,459,,,,28.0,93.0,30.0,6.0,9.0,1.0,,8.0,13.0,,124.0,,94.0,2.0,,2.0,,44007.0,410.0,385.0
440070137014,7,37,10,8,3,35,19,7,13,8,147,613,,,,7.0,,5.0,33.0,4.0,,11.0,,7.0,,3.0,,99.0,,23.0,4.0,,44007.0,196.0,-49.0
440070137021,7,36,9,7,3,14,18,6,13,7,121,396,,,,3.0,12.0,,5.0,2.0,3.0,15.0,,12.0,,2.0,,48.0,4.0,109.0,17.0,,44007.0,232.0,-111.0
440070137022,8,43,11,9,4,48,21,8,15,9,176,484,,,,,5.0,,43.0,,,27.0,18.0,21.0,,10.0,13.0,37.0,,40.0,12.0,,44007.0,226.0,-50.0
440070137023,3,18,5,4,1,10,10,3,7,4,65,448,,,,4.0,,1.0,9.0,,,,,,,,,7.0,,,14.0,,44007.0,35.0,30.0
440070138001,10,56,15,12,5,66,28,10,20,12,234,493,,,,14.0,137.0,40.0,82.0,10.0,,,,5.0,,24.0,,,,,16.0,,44007.0,328.0,-94.0
440070138002,1,9,2,2,1,3,4,2,3,2,29,425,,,,2.0,,8.0,,2.0,,,,,,,,,,,,,44007.0,12.0,17.0
440070138003,1,3,1,1,0,2,2,1,1,1,13,292,,,,,,8.0,,,,,,,,,,,,,1.0,,44007.0,9.0,4.0
440070138004,2,9,2,2,1,11,4,2,3,2,38,479,,,,,,,7.0,,,,,,,4.0,,17.0,,,,,44007.0,28.0,10.0
440070138005,6,34,9,7,3,13,17,6,12,7,114,576,,,,4.0,,,27.0,,,10.0,73.0,49.0,,2.0,2.0,12.0,,59.0,6.0,,44007.0,244.0,-130.0
440070139001,10,56,15,12,5,54,28,10,20,12,222,392,,,,,5.0,,119.0,,,,13.0,10.0,,8.0,2.0,194.0,,106.0,3.0,,44007.0,460.0,-238.0
440070139002,27,150,39,31,12,176,74,27,54,30,620,422,,,,,,1.0,100.0,2.0,,,,,,,,8.0,,21.0,32.0,,44007.0,164.0,456.0
440070139003,59,319,83,67,26,376,161,58,115,66,1330,604,,,,133.0,109.0,93.0,855.0,,,72.0,25.0,255.0,74.0,145.0,,250.0,48.0,309.0,66.0,,44007.0,2434.0,-1104.0
440070140001,162,873,228,183,72,311,441,159,315,181,2924,528,,,,1.0,,4.0,19.0,,,,12.0,16.0,,282.0,,341.0,117.0,128.0,27.0,232.0,44007.0,1179.0,1745.0
440070140002,31,168,44,35,14,160,83,31,60,35,659,605,,,,6.0,24.0,,206.0,,,106.0,3.0,82.0,,9.0,,587.0,,37.0,7.0,,44007.0,1067.0,-408.0
440070140003,8,43,11,9,4,28,22,8,15,9,157,892,,,,7.0,,59.0,5.0,,3.0,5.0,1.0,15.0,,3.0,,17.0,,49.0,268.0,,44007.0,432.0,-275.0
440070140004,4,23,6,5,2,26,11,4,8,5,94,330,,,,,,,40.0,,7.0,,2.0,11.0,,30.0,6.0,29.0,,3.0,35.0,,44007.0,163.0,-69.0
440070140005,36,199,52,42,17,81,100,36,72,41,676,385,,,,5.0,,7.0,19.0,8.0,,78.0,3.0,47.0,,380.0,,37.0,,204.0,100.0,,44007.0,888.0,-212.0
440070141001,3,17,4,4,1,14,8,3,6,3,63,807,,,,2.0,,,18.0,1.0,,1.0,,,,7.0,,5.0,,41.0,2.0,,44007.0,77.0,-14.0
440070141002,6,32,8,7,3,42,16,6,12,7,139,626,,,,3.0,,1.0,73.0,,,,2.0,,,,1.0,4.0,,,46.0,23.0,44007.0,153.0,-14.0
440070141003,122,662,172,139,55,238,333,120,238,137,2217,488,,,,136.0,369.0,208.0,11.0,47.0,,5.0,5.0,7.0,6.0,381.0,,95.0,32.0,113.0,33.0,,44007.0,1448.0,769.0
440070141004,64,349,91,73,29,675,175,63,126,72,1717,477,,,,10.0,144.0,13.0,509.0,3.0,1.0,6.0,,,167.0,99.0,2.0,1.0,,270.0,6.0,,44007.0,1231.0,486.0
440070142001,74,405,105,84,33,141,204,73,146,84,1349,336,,,,2.0,1.0,50.0,2.0,,,10.0,,16.0,,152.0,5.0,34.0,,19.0,1.0,,44007.0,292.0,1057.0
440070142002,466,2522,658,529,209,2491,1271,459,911,523,10040,16,,,,29.0,669.0,720.0,960.0,136.0,204.0,2084.0,33.0,266.0,268.0,276.0,23.0,1664.0,37.0,115.0,164.0,3006.0,44007.0,10654.0,-614.0
440070142003,19,101,27,21,9,326,50,19,36,22,629,608,,,,3.0,26.0,1.0,450.0,5.0,,1.0,6.0,40.0,,,39.0,49.0,9.0,194.0,47.0,,44007.0,870.0,-241.0
440070143001,11,60,16,13,5,24,30,11,22,12,204,256,,,,33.0,,,48.0,1.0,,8.0,2.0,8.0,,2.0,,91.0,,225.0,7.0,,44007.0,425.0,-221.0
440070143002,26,139,36,29,12,156,70,25,50,29,572,669,,,,68.0,36.0,36.0,5.0,2.0,,,2.0,1.0,,100.0,,73.0,,13.0,34.0,,44007.0,370.0,202.0
440070143003,3,18,5,4,1,6,10,3,7,4,61,684,,,,7.0,,2.0,,2.0,2.0,6.0,,7.0,1.0,,,10.0,2.0,,3.0,,44007.0,42.0,19.0
440070143004,5,26,7,6,2,11,13,5,9,5,89,634,3.0,,,1.0,,12.0,9.0,,,1.0,22.0,1.0,2.0,2.0,,69.0,,,6.0,,44007.0,128.0,-39.0
440070144001,3,20,5,4,2,7,10,4,7,4,67,839,,,,5.0,,5.0,11.0,4.0,,25.0,,47.0,,,,7.0,,,10.0,,44007.0,114.0,-47.0
440070144002,17,92,24,19,8,35,46,17,33,19,310,385,,,,3.0,14.0,,26.0,,,15.0,7.0,17.0,,5.0,44.0,60.0,,51.0,33.0,159.0,44007.0,434.0,-124.0
440070144003,29,157,41,33,13,98,79,29,57,33,569,516,,,,9.0,,21.0,82.0,,,52.0,4.0,17.0,,5.0,17.0,72.0,1.0,141.0,,,44007.0,421.0,148.0
440070145011,5,25,6,5,2,9,12,4,9,5,82,1159,,,,26.0,,1.0,2.0,,,8.0,,16.0,,9.0,,52.0,2.0,,10.0,,44007.0,126.0,-44.0
440070145012,3,16,4,3,1,6,8,3,6,3,53,437,,,,7.0,,,,,,,1.0,1.0,1.0,1.0,,47.0,,,5.0,,44007.0,63.0,-10.0
440070145013,4,22,6,5,2,8,11,4,8,4,74,858,4.0,,,13.0,,6.0,,4.0,,2.0,,4.0,,12.0,,35.0,,,4.0,,44007.0,84.0,-10.0
440070145021,17,89,23,19,7,36,45,16,32,19,303,811,,24.0,,75.0,2.0,,10.0,,2.0,,,1.0,,8.0,,4.0,,,,,44007.0,126.0,177.0
440070145022,2,13,3,3,1,7,7,2,5,3,46,666,,,,4.0,1.0,,1.0,,,,9.0,3.0,,,,9.0,,,3.0,,44007.0,30.0,16.0
440070145023,8,43,11,9,4,54,22,8,15,9,183,468,,,,9.0,4.0,7.0,50.0,,,14.0,2.0,,,6.0,,65.0,7.0,79.0,15.0,,44007.0,258.0,-75.0
440070146001,3,16,4,3,1,6,8,3,6,3,53,572,,,,,,3.0,,,,,,17.0,,5.0,,16.0,,,,,44007.0,41.0,12.0
440070146002,208,1125,294,236,93,602,567,205,406,234,3970,1680,26.0,,,357.0,916.0,281.0,43.0,322.0,179.0,22.0,31.0,94.0,8.0,179.0,5.0,342.0,97.0,44.0,113.0,13.0,44007.0,3072.0,898.0
440070146003,3,16,4,3,1,6,8,3,6,3,54,1073,3.0,,,30.0,,10.0,,2.0,,,7.0,5.0,,2.0,,14.0,,,,,44007.0,73.0,-19.0
440070147001,2,13,3,3,1,6,7,2,5,3,45,681,,,,49.0,,,1.0,,,,,,,,,6.0,,7.0,7.0,,44007.0,70.0,-25.0
440070147002,5,28,7,6,2,27,14,5,10,6,110,690,,,,9.0,13.0,,32.0,8.0,2.0,5.0,2.0,,,5.0,,34.0,,,26.0,,44007.0,136.0,-26.0
440070147003,26,143,37,30,12,87,72,26,52,29,514,441,,,,15.0,38.0,,47.0,,,21.0,4.0,6.0,,,,49.0,,25.0,138.0,,44007.0,343.0,171.0
440070147004,14,76,20,16,6,49,39,14,27,16,277,504,,,,32.0,29.0,67.0,40.0,3.0,,,16.0,6.0,,119.0,2.0,19.0,,104.0,18.0,,44007.0,455.0,-178.0
440070147005,16,84,22,18,7,53,42,15,30,17,305,483,,,,7.0,,,38.0,1.0,,50.0,6.0,27.0,,7.0,,33.0,,46.0,25.0,154.0,44007.0,394.0,-89.0
440070147006,18,97,25,20,8,79,49,18,35,20,370,691,,,,22.0,267.0,59.0,96.0,1.0,,16.0,,12.0,32.0,297.0,53.0,20.0,,72.0,12.0,,44007.0,959.0,-589.0
440070148001,8,43,11,9,4,35,22,8,16,9,165,995,,,,37.0,6.0,13.0,64.0,,,,,12.0,,5.0,,71.0,,43.0,55.0,,44007.0,306.0,-141.0
440070148002,5,26,7,5,2,459,13,5,9,5,536,919,,,,11.0,,,388.0,6.0,,13.0,7.0,5.0,,36.0,,8.0,11.0,42.0,6.0,,44007.0,533.0,3.0
440070148003,39,210,55,44,18,470,106,38,76,43,1098,687,,,,23.0,1.0,5.0,224.0,3.0,,27.0,,608.0,,2.0,5.0,309.0,,88.0,41.0,,44007.0,1336.0,-238.0
440070150001,60,364,76,45,17,185,173,63,133,78,1195,852,,,,19.0,433.0,36.0,58.0,1.0,,19.0,,1.0,,34.0,,7.0,,28.0,20.0,,44007.0,656.0,539.0
440070150002,10,61,13,8,3,42,29,11,23,12,212,1031,,,,88.0,4.0,,31.0,2.0,,,,,,14.0,,2.0,,21.0,2.0,,44007.0,164.0,48.0
440070151001,12,69,15,9,3,145,32,12,26,15,337,808,,,,26.0,334.0,15.0,102.0,3.0,,,9.0,,,12.0,50.0,73.0,2.0,37.0,17.0,,44007.0,680.0,-343.0
440070151002,34,210,44,26,10,97,99,36,77,45,679,593,,,,,,11.0,11.0,,,,,6.0,,,18.0,160.0,,37.0,8.0,,44007.0,251.0,428.0
440070151003,2,13,3,2,1,17,7,2,5,3,55,494,,,,6.0,,,36.0,,,,,,,55.0,,3.0,,,,,44007.0,100.0,-45.0
440070152001,65,391,82,48,18,174,185,69,145,84,1259,692,,,,22.0,45.0,3.0,23.0,4.0,,23.0,2.0,11.0,84.0,237.0,21.0,218.0,3.0,177.0,17.0,50.0,44007.0,940.0,319.0
440070152002,137,827,173,102,39,385,393,145,304,177,2681,378,,,5.0,5.0,10.0,144.0,71.0,,80.0,145.0,5.0,90.0,373.0,668.0,1616.0,296.0,89.0,39.0,288.0,401.0,44007.0,4325.0,-1644.0
440070153001,1,7,1,1,0,32,3,1,3,1,50,518,,,,1.0,,,37.0,3.0,2.0,,,,,2.0,,28.0,,,,,44007.0,73.0,-23.0
440070153002,3,20,4,2,1,42,9,3,7,4,95,490,,,,,23.0,,76.0,2.0,,6.0,7.0,6.0,,,,10.0,,71.0,16.0,,44007.0,217.0,-122.0
440070154001,18,108,22,13,5,59,50,19,40,23,357,395,,,,5.0,9.0,23.0,45.0,,,6.0,5.0,,,278.0,,4.0,,,,,44007.0,375.0,-18.0
440070154002,3,16,3,2,1,7,8,3,6,3,52,575,,,,,,,1.0,,,,,,,,,15.0,,1.0,1.0,,44007.0,18.0,34.0
440070155001,1,9,2,1,0,18,4,2,3,2,42,419,,,,8.0,,,15.0,6.0,,,2.0,,,18.0,,2.0,,1.0,40.0,,44007.0,92.0,-50.0
440070155002,1,5,1,1,0,4,3,1,2,1,19,401,,,,5.0,,,8.0,1.0,,,,41.0,,,,1.0,,7.0,,,44007.0,63.0,-44.0
440070155003,21,129,27,16,6,197,60,22,47,27,551,570,,,,8.0,,,168.0,1.0,,5.0,,,,322.0,1.0,9.0,,60.0,20.0,,44007.0,594.0,-43.0
440070155004,1,6,1,1,0,2,3,1,2,1,19,327,,,,15.0,,,,1.0,,,3.0,,,,,,,11.0,12.0,,44007.0,42.0,-23.0
440070156001,2,11,2,1,1,8,6,2,4,2,39,296,,,,8.0,15.0,16.0,8.0,,,,,14.0,,1.0,,13.0,,1.0,9.0,,44007.0,85.0,-46.0
440070156002,1,4,1,0,0,25,2,1,1,1,36,274,,,,1.0,,,39.0,,,,,2.0,,,,5.0,,32.0,2.0,,44007.0,81.0,-45.0
440070156003,20,120,25,15,6,90,56,21,44,25,422,459,,,,3.0,3.0,25.0,72.0,23.0,,8.0,,,,89.0,,12.0,,4.0,3.0,,44007.0,242.0,180.0
440070157001,13,84,18,11,4,34,36,15,31,17,263,316,,,,8.0,,,,,,199.0,,6.0,,,,23.0,,,2.0,,44007.0,238.0,25.0
440070157002,2,12,2,1,1,9,6,2,4,2,41,552,,,,6.0,,,6.0,,,28.0,,1.0,,,27.0,,,61.0,11.0,,44007.0,140.0,-99.0
440070157003,4,25,5,3,1,10,12,4,9,5,78,464,,,,,,,,,,14.0,,,,2.0,,15.0,,33.0,7.0,,44007.0,71.0,7.0
440070157004,2,12,3,2,1,8,6,2,5,3,44,210,,,,,,,5.0,,,,,,,4.0,,5.0,,99.0,4.0,,44007.0,117.0,-73.0
440070158001,2,9,2,1,0,12,4,2,3,2,37,352,,,,,,,7.0,,,,,4.0,,,,14.0,,26.0,13.0,,44007.0,64.0,-27.0
440070158002,1,5,1,1,0,33,2,1,2,1,47,327,,,,8.0,,,92.0,,,5.0,,,,,,12.0,,34.0,1.0,,44007.0,152.0,-105.0
440070158003,66,400,84,49,19,187,190,70,147,86,1298,264,,,,,3.0,19.0,,,,,,2.0,889.0,,,,,8.0,5.0,,44007.0,926.0,372.0
440070158004,0,2,0,0,0,3,1,0,1,0,7,298,,,,,3.0,,1.0,4.0,,,,,,4.0,,4.0,,,,,44007.0,16.0,-9.0
440070158005,1,5,1,1,0,6,2,1,2,1,20,372,,,,11.0,34.0,,10.0,,,,,,,,,,,6.0,,,44007.0,61.0,-41.0
440070159001,26,158,33,20,7,71,75,28,58,34,510,372,,,,3.0,439.0,20.0,9.0,8.0,,17.0,1.0,11.0,3.0,35.0,,8.0,,9.0,28.0,,44007.0,591.0,-81.0
440070159002,3,22,4,3,1,11,10,4,8,4,70,276,,,,,,,,,,18.0,1.0,,,,,7.0,,15.0,13.0,,44007.0,54.0,16.0
440070159003,0,2,0,0,0,1,1,0,1,0,5,312,,,,2.0,,,6.0,,,,,,,,,6.0,,,,,44007.0,14.0,-9.0
440070159004,10,59,12,7,3,27,28,10,22,13,191,317,,,,25.0,86.0,14.0,8.0,3.0,,,,50.0,,4.0,,334.0,,,17.0,,44007.0,541.0,-350.0
440070160001,50,305,64,38,14,125,144,53,112,65,969,397,,,110.0,19.0,28.0,26.0,,,7.0,3.0,,66.0,,510.0,,4.0,28.0,4.0,66.0,,44007.0,871.0,98.0
440070160002,5,34,7,4,2,14,15,6,12,7,106,405,,,6.0,31.0,,2.0,13.0,1.0,,,,24.0,,8.0,,8.0,,,23.0,,44007.0,116.0,-10.0
440070160003,2,15,3,2,1,11,7,3,5,3,52,605,,,,1.0,,,5.0,15.0,,,2.0,25.0,1.0,4.0,,36.0,1.0,11.0,10.0,,44007.0,111.0,-59.0
440070161001,5,30,6,4,1,73,14,5,11,6,156,577,,,,2.0,33.0,32.0,76.0,20.0,,,1.0,2.0,,1.0,6.0,122.0,,89.0,22.0,63.0,44007.0,469.0,-313.0
440070161002,2,14,3,2,1,6,7,2,6,3,47,298,,,,,31.0,12.0,,,,,,2.0,3.0,7.0,,49.0,,2.0,9.0,,44007.0,115.0,-68.0
440070161003,2,13,3,2,1,6,6,2,5,3,44,584,,,,,4.0,39.0,,2.0,,21.0,63.0,7.0,,,,7.0,,9.0,6.0,,44007.0,158.0,-114.0
440070161004,2,13,3,1,0,19,5,2,5,3,54,511,,,,10.0,13.0,,2.0,,,,,,,4.0,,9.0,,4.0,1.0,,44007.0,43.0,11.0
440070163001,20,121,25,15,6,82,57,21,45,26,417,458,,,6.0,49.0,132.0,37.0,40.0,285.0,,42.0,2.0,19.0,9.0,136.0,,160.0,2.0,112.0,23.0,,44007.0,1054.0,-637.0
440070163002,1,4,1,0,0,2,2,1,1,1,13,425,,,,,,,,12.0,,,2.0,8.0,,,,,,,,,44007.0,22.0,-9.0
440070163003,0,3,1,0,0,1,1,1,1,0,7,235,,,,5.0,,,,,,,,,,,,2.0,,,,,44007.0,7.0,0.0
440070164001,5,30,6,4,1,17,14,5,11,6,99,1024,,,,29.0,1.0,6.0,7.0,11.0,,,,3.0,,,,8.0,,4.0,,,44007.0,69.0,30.0
440070164002,17,100,21,12,5,46,47,18,37,21,324,707,,,,12.0,108.0,59.0,3.0,,,,9.0,139.0,,2.0,6.0,118.0,,,15.0,,44007.0,471.0,-147.0
440070164003,32,198,41,25,9,125,93,34,73,42,672,351,,,,16.0,160.0,103.0,61.0,6.0,10.0,,42.0,149.0,,50.0,7.0,,64.0,73.0,47.0,,44007.0,788.0,-116.0
440070165001,1,5,1,1,0,3,2,1,2,1,17,475,,,,4.0,,2.0,3.0,,,5.0,,9.0,,,1.0,4.0,,,12.0,,44007.0,40.0,-23.0
440070165002,7,49,10,6,2,49,23,9,18,10,183,710,,,,,,2.0,17.0,1.0,,,3.0,1.0,2.0,,1.0,51.0,28.0,141.0,126.0,,44007.0,373.0,-190.0
440070165003,6,37,8,5,2,16,17,6,14,7,118,428,,,,6.0,,,,2.0,2.0,,15.0,,,,,8.0,,,8.0,,44007.0,41.0,77.0
440070166001,44,267,56,32,13,125,127,46,98,57,866,695,,,,8.0,2.0,,31.0,3.0,,6.0,5.0,5.0,,21.0,119.0,629.0,,57.0,4.0,,44007.0,890.0,-24.0
440070167001,3,19,4,2,1,8,9,3,7,4,60,588,,,,13.0,,2.0,9.0,,4.0,,,,,3.0,59.0,17.0,60.0,42.0,4.0,,44007.0,213.0,-153.0
440070167002,113,684,143,84,32,294,325,120,251,146,2192,737,,,,5.0,,12.0,28.0,5.0,,,,,,18.0,,1060.0,,14.0,,,44007.0,1142.0,1050.0
440070168001,6,37,8,5,2,55,18,7,14,8,160,415,,,,4.0,203.0,,77.0,,3.0,8.0,,4.0,,1.0,,9.0,6.0,136.0,,,44007.0,451.0,-291.0
440070168002,3,20,4,2,1,8,9,3,7,4,61,327,,,,,,2.0,,5.0,,,,1.0,,16.0,,37.0,,4.0,1.0,,44007.0,66.0,-5.0
440070168003,3,18,4,2,1,9,9,3,7,4,60,576,,,,6.0,4.0,3.0,2.0,1.0,,,,,,3.0,,5.0,,41.0,8.0,,44007.0,73.0,-13.0
440070169001,1,3,1,0,0,3,2,1,1,1,13,243,,,,9.0,,,5.0,,,,,2.0,,7.0,,11.0,,,,,44007.0,34.0,-21.0
440070169002,2,11,2,1,1,18,4,2,4,2,47,254,,,,,,1.0,6.0,,,,,,,19.0,,9.0,42.0,,,,44007.0,77.0,-30.0
440070169003,1,7,1,1,0,19,3,1,3,1,37,304,,,,6.0,,11.0,13.0,,,,4.0,,,5.0,2.0,1.0,,,7.0,,44007.0,49.0,-12.0
440070170001,9,58,13,7,3,24,27,10,22,13,185,332,,,,107.0,85.0,,,,,,,26.0,,15.0,,,2.0,,,,44007.0,235.0,-50.0
440070170002,77,465,97,57,22,468,221,81,170,99,1758,910,,,,214.0,542.0,24.0,162.0,6.0,3.0,20.0,13.0,1.0,,120.0,,293.0,1.0,115.0,39.0,,44007.0,1553.0,205.0
440070170003,19,113,24,14,5,46,54,20,41,24,360,216,,,,60.0,27.0,6.0,,,2.0,,,,,,,2.0,,,,,44007.0,97.0,263.0
440070170004,1,9,2,1,0,4,4,2,3,2,28,322,,,,1.0,,,,,,,,5.0,,1.0,21.0,2.0,,30.0,9.0,,44007.0,69.0,-41.0
440070171001,18,108,23,14,5,48,51,19,39,24,347,358,,,,85.0,192.0,17.0,9.0,1.0,,,3.0,99.0,,5.0,,2.0,,3.0,69.0,,44007.0,485.0,-138.0
440070171002,81,487,102,60,23,258,231,85,179,104,1610,350,,,,200.0,219.0,40.0,123.0,189.0,,13.0,22.0,6.0,2.0,24.0,,132.0,,182.0,23.0,175.0,44007.0,1350.0,260.0
440070171003,21,129,27,16,6,65,61,22,47,27,420,1042,,,,6.0,190.0,15.0,15.0,41.0,,,3.0,,,17.0,,252.0,126.0,,102.0,,44007.0,767.0,-347.0
440070171004,3,16,3,2,1,7,8,3,6,3,52,312,,,,13.0,,1.0,,7.0,,,,,,54.0,,30.0,,,22.0,,44007.0,127.0,-75.0
440070173001,1,3,1,0,0,5,1,1,1,1,14,403,,,,,,2.0,,,,,,6.0,,,,16.0,,,10.0,,44007.0,34.0,-20.0
440070173002,2,6,1,1,0,3,3,2,3,1,22,610,,,,17.0,30.0,37.0,,4.0,,,,2.0,,,,6.0,,2.0,2.0,,44007.0,100.0,-78.0
440070173003,11,46,11,5,4,22,21,12,21,10,163,251,,,,12.0,192.0,,,,,,9.0,,79.0,,,72.0,,3.0,,,44007.0,367.0,-204.0
440070174001,19,75,18,8,6,60,34,21,34,17,291,602,,,,41.0,33.0,2.0,36.0,5.0,,2.0,,,,4.0,,181.0,,,7.0,,44007.0,311.0,-20.0
440070174002,3,12,3,1,1,11,5,3,5,3,47,388,,,,4.0,10.0,,13.0,,,,,16.0,,,,3.0,,9.0,4.0,,44007.0,59.0,-12.0
440070174003,1,5,1,1,0,3,2,1,2,1,17,595,,,,,,,,,,,,,,45.0,,14.0,,,,,44007.0,59.0,-42.0
440070175001,2,9,2,1,1,6,4,2,4,2,33,392,,,,4.0,,,4.0,,,,1.0,,,25.0,,17.0,,,12.0,,44007.0,63.0,-30.0
440070175002,5,18,4,2,1,8,8,5,8,4,63,413,,,,,7.0,,,11.0,,,,,,,,17.0,,7.0,8.0,,44007.0,50.0,13.0
440070175003,3,12,3,1,1,9,5,3,6,3,46,415,,,,11.0,,,9.0,,9.0,,,,,3.0,9.0,77.0,,,21.0,,44007.0,139.0,-93.0
440070176001,2,7,2,1,1,9,3,2,3,2,32,420,,,,2.0,,10.0,20.0,,,,,,,,,72.0,,,4.0,,44007.0,108.0,-76.0
440070176002,3,10,2,1,1,18,5,3,5,2,50,551,,,,,18.0,,21.0,29.0,,,7.0,4.0,,,,2.0,,18.0,4.0,,44007.0,103.0,-53.0
440070177001,1,6,1,1,0,3,2,2,3,1,20,437,,,,2.0,,4.0,,,,,,,,,2.0,16.0,,,8.0,,44007.0,32.0,-12.0
440070177002,7,28,7,3,2,46,13,8,13,7,134,479,,,,4.0,,,76.0,10.0,,,,10.0,,,,35.0,,25.0,1.0,,44007.0,161.0,-27.0
440070177003,1,6,1,1,0,10,2,2,3,1,27,456,,,,1.0,,1.0,12.0,,1.0,15.0,,14.0,,,,1.0,,1.0,,,44007.0,46.0,-19.0
440070178001,17,67,16,7,5,32,30,18,30,15,237,296,,,,,,,,,,,,2.0,,,101.0,232.0,,,2.0,,44007.0,337.0,-100.0
440070178002,1,3,1,0,0,1,1,1,1,1,10,334,,,,2.0,,,,,,13.0,,2.0,,,,,,,,,44007.0,17.0,-7.0
440070178003,2,6,1,1,0,3,3,2,3,1,22,295,,,,45.0,,,,,1.0,,21.0,,,,,,,47.0,,,44007.0,114.0,-92.0
440070179001,11,46,11,4,4,22,20,12,21,10,161,235,,,,6.0,9.0,,,,,6.0,26.0,11.0,97.0,,,54.0,,13.0,2.0,,44007.0,224.0,-63.0
440070179002,1,5,1,0,0,28,2,1,2,1,41,417,,,,,,3.0,50.0,,,,,,,,,16.0,,6.0,11.0,,44007.0,86.0,-45.0
440070179003,1,5,1,1,0,12,2,1,2,1,26,530,,,,9.0,,,26.0,,,,,8.0,,,,13.0,,10.0,9.0,,44007.0,75.0,-49.0
440070180001,7,27,6,3,2,50,13,7,12,6,133,396,,,,8.0,95.0,15.0,58.0,,,,12.0,7.0,,,,62.0,25.0,42.0,42.0,6.0,44007.0,372.0,-239.0
440070180002,112,438,102,43,34,240,202,118,200,99,1587,331,,,,10.0,12.0,22.0,61.0,,24.0,59.0,,59.0,167.0,3.0,99.0,976.0,20.0,195.0,21.0,234.0,44007.0,1962.0,-375.0
440070180003,127,495,115,49,38,236,228,133,226,112,1760,290,,,,1.0,,2.0,1.0,,14.0,6.0,3.0,5.0,,,890.0,81.0,6.0,112.0,7.0,114.0,44007.0,1242.0,518.0
440070181001,3,14,3,1,1,13,6,4,6,3,54,386,,,,,56.0,11.0,15.0,23.0,7.0,9.0,,1.0,6.0,,,,,21.0,29.0,,44007.0,178.0,-124.0
440070181002,2,10,2,1,1,23,4,3,5,2,53,597,,,,4.0,,3.0,31.0,,,,1.0,10.0,,3.0,,9.0,20.0,11.0,17.0,,44007.0,109.0,-56.0
440070182001,7,29,7,3,2,14,13,8,13,7,103,638,,,,,36.0,4.0,,9.0,,,,6.0,24.0,,,,,,,,44007.0,79.0,24.0
440070182002,1,3,1,0,0,1,1,1,1,1,10,396,,,,,,,,,,,,,,,,,,7.0,,,44007.0,7.0,3.0
440070183001,27,107,25,11,8,51,49,29,49,24,380,694,,,,,7.0,,,,,,7.0,8.0,,20.0,66.0,128.0,,,15.0,,44007.0,251.0,129.0
440070184001,3,13,3,1,1,328,5,3,5,3,367,664,,,,8.0,,,20.0,,,9.0,5.0,2.0,,9.0,,5.0,,95.0,3.0,,44007.0,156.0,211.0
440070184002,1,3,1,0,0,19,1,1,2,1,29,359,,,,,,5.0,30.0,,,,,,,4.0,,20.0,,,,,44007.0,59.0,-30.0
440070184003,22,85,20,8,7,627,38,23,38,19,886,426,,,,,,,305.0,,,9.0,26.0,12.0,1.0,16.0,,94.0,39.0,111.0,6.0,,44007.0,619.0,267.0
440070184004,4,14,3,1,1,7,7,4,7,3,51,349,,,,,,,3.0,,,,,9.0,,,,31.0,,,11.0,,44007.0,54.0,-3.0
440070184005,22,86,20,8,7,51,39,23,39,19,314,670,,,,20.0,,4.0,8.0,5.0,9.0,,3.0,11.0,,,,200.0,,19.0,6.0,,44007.0,285.0,29.0
440070185001,115,451,105,44,35,216,207,121,206,101,1601,283,,,,54.0,,,13.0,,,,3.0,,,6.0,,942.0,,119.0,2.0,,44007.0,1139.0,462.0
440070185002,55,215,50,21,17,112,100,58,98,49,775,476,,,,96.0,354.0,300.0,244.0,27.0,,10.0,33.0,251.0,1986.0,218.0,19.0,199.0,,111.0,8.0,,44007.0,3856.0,-3081.0
440070185003,529,2079,485,205,162,1031,954,560,948,466,7419,285,,,33.0,6.0,153.0,62.0,139.0,434.0,,8.0,,62.0,,58.0,,13.0,,21.0,13.0,102.0,44007.0,1104.0,6315.0
440090415001,149,118,45,36,40,353,20,98,71,57,987,545,5.0,,17.0,58.0,7.0,,56.0,6.0,9.0,4.0,24.0,4.0,,9.0,,12.0,11.0,164.0,9.0,40.0,44009.0,435.0,552.0
440090415002,6,5,2,2,2,15,1,4,3,2,42,68,,,,4.0,3.0,,7.0,,5.0,,10.0,,,5.0,49.0,,1.0,16.0,6.0,,44009.0,106.0,-64.0
440090501021,20,97,33,18,4,37,40,17,47,25,337,633,,,,17.0,8.0,3.0,13.0,,,11.0,1.0,23.0,10.0,109.0,10.0,12.0,2.0,63.0,59.0,34.0,44009.0,375.0,-38.0
440090501022,31,152,51,29,7,93,62,27,74,38,564,428,,,,69.0,46.0,60.0,145.0,58.0,,17.0,6.0,25.0,,19.0,1.0,241.0,8.0,52.0,65.0,,44009.0,812.0,-248.0
440090501031,13,60,20,11,3,32,25,11,29,15,219,816,,,,10.0,18.0,3.0,45.0,,30.0,4.0,5.0,,,32.0,,54.0,,29.0,4.0,,44009.0,234.0,-15.0
440090501032,654,3147,1064,600,142,2012,1313,559,1538,806,11835,298,1.0,2.0,,93.0,6307.0,374.0,272.0,391.0,17.0,174.0,50.0,66.0,715.0,99.0,2.0,262.0,34.0,40.0,55.0,48.0,44009.0,9002.0,2833.0
440090501033,9,41,14,8,2,16,18,7,21,10,147,758,,,,,3.0,,23.0,,2.0,,,9.0,,44.0,,22.0,,108.0,,,44009.0,211.0,-64.0
440090501034,8,38,13,7,2,36,16,7,19,10,156,455,,,,6.0,,4.0,102.0,,,24.0,7.0,1.0,,1.0,,4.0,,8.0,6.0,,44009.0,163.0,-7.0
440090501035,50,243,82,46,11,469,101,43,119,62,1226,433,16.0,,,21.0,430.0,43.0,245.0,1.0,6.0,12.0,,9.0,,2.0,15.0,5.0,22.0,76.0,36.0,,44009.0,939.0,287.0
440090501041,14,69,23,13,3,32,29,12,34,18,247,1411,,,,47.0,12.0,3.0,41.0,2.0,,1.0,4.0,9.0,,12.0,,19.0,13.0,70.0,14.0,,44009.0,247.0,0.0
440090501042,42,203,69,39,9,63,85,36,99,52,697,556,,,,,,,,7.0,,5.0,2.0,,,,,139.0,98.0,,1.0,,44009.0,252.0,445.0
440090503011,142,683,231,130,31,1020,285,121,334,175,3152,947,,,47.0,27.0,4.0,28.0,517.0,,2.0,12.0,7.0,76.0,102.0,58.0,7.0,562.0,2.0,154.0,28.0,,44009.0,1633.0,1519.0
440090503012,6,32,11,6,1,206,13,6,16,8,305,565,,,,6.0,,,215.0,5.0,,,,7.0,,1.0,,,,45.0,51.0,33.0,44009.0,363.0,-58.0
440090503013,35,170,58,32,8,63,71,30,83,43,593,758,4.0,,,17.0,,12.0,39.0,1.0,74.0,4.0,,15.0,2.0,57.0,17.0,157.0,,37.0,11.0,,44009.0,447.0,146.0
440090503021,39,187,63,36,8,58,78,33,91,48,641,476,15.0,,,6.0,2.0,43.0,15.0,6.0,4.0,3.0,,1.0,,,,34.0,24.0,32.0,,,44009.0,185.0,456.0
440090503022,49,240,81,46,11,82,99,42,117,60,827,365,,,,,,3.0,23.0,,,,,3.0,,52.0,778.0,4.0,,,14.0,,44009.0,877.0,-50.0
440090503023,23,111,37,21,5,66,45,20,54,28,410,517,,,,,,3.0,99.0,,10.0,34.0,,61.0,6.0,,22.0,37.0,11.0,85.0,15.0,,44009.0,383.0,27.0
440090504011,15,75,25,14,3,23,31,13,37,19,255,882,14.0,,,62.0,174.0,40.0,,7.0,,,,28.0,,37.0,,,,,2.0,,44009.0,364.0,-109.0
440090504012,7,37,12,7,2,158,15,6,18,9,271,1494,,,,20.0,,23.0,40.0,4.0,3.0,,4.0,30.0,,33.0,2.0,5.0,10.0,3.0,16.0,,44009.0,193.0,78.0
440090504021,2,10,4,2,0,6,4,2,5,3,38,368,,,,,9.0,1.0,9.0,,,,,2.0,,5.0,,16.0,,6.0,,,44009.0,48.0,-10.0
440090504022,7,39,13,8,2,18,14,7,19,9,136,429,,,,1.0,1.0,3.0,9.0,,72.0,3.0,,7.0,,2.0,,4.0,38.0,36.0,2.0,,44009.0,178.0,-42.0
440090504023,11,53,18,10,2,17,21,9,26,13,180,595,7.0,,,1.0,8.0,8.0,,,,,1.0,38.0,,13.0,,108.0,3.0,,11.0,,44009.0,198.0,-18.0
440090505001,67,197,48,51,17,57,63,55,96,35,686,1487,37.0,,,97.0,3.0,43.0,57.0,17.0,1.0,,5.0,17.0,,63.0,,4.0,15.0,46.0,27.0,58.0,44009.0,490.0,196.0
440090505002,14,42,10,11,4,8,13,12,20,7,141,600,1.0,,,17.0,5.0,8.0,6.0,45.0,,,7.0,7.0,,28.0,,,11.0,40.0,,,44009.0,175.0,-34.0
440090505003,136,404,98,104,35,136,127,112,197,71,1420,1321,18.0,,,26.0,39.0,14.0,35.0,4.0,5.0,8.0,5.0,197.0,1.0,28.0,15.0,258.0,24.0,83.0,44.0,,44009.0,804.0,616.0
440090506001,29,166,24,16,11,377,57,26,38,37,781,883,,,,53.0,76.0,66.0,139.0,,,41.0,,10.0,,2.0,2.0,13.0,8.0,114.0,13.0,60.0,44009.0,597.0,184.0
440090506002,70,396,57,38,27,160,137,63,90,88,1126,1160,15.0,,,57.0,4.0,1.0,100.0,76.0,,16.0,,62.0,2.0,16.0,654.0,16.0,70.0,83.0,7.0,27.0,44009.0,1206.0,-80.0
440090506003,47,269,39,26,18,104,93,43,61,60,760,1382,27.0,,,12.0,251.0,26.0,13.0,,8.0,,,5.0,,4.0,,5.0,12.0,24.0,7.0,,44009.0,394.0,366.0
440090506004,10,59,8,6,4,23,20,9,13,13,166,1596,,,,35.0,,5.0,,,,4.0,,1.0,,30.0,2.0,28.0,,8.0,3.0,,44009.0,116.0,50.0
440090507001,24,112,27,13,4,113,36,17,23,27,396,1037,,3.0,,58.0,49.0,,63.0,,13.0,1.0,,4.0,,1.0,,82.0,5.0,9.0,17.0,21.0,44009.0,326.0,70.0
440090507002,13,61,14,7,2,37,19,9,13,15,190,561,2.0,,,29.0,56.0,3.0,8.0,,8.0,7.0,,2.0,,11.0,,16.0,13.0,12.0,8.0,,44009.0,175.0,15.0
440090507003,29,134,32,15,5,68,44,21,28,33,409,1174,1.0,,,73.0,37.0,6.0,13.0,,4.0,1.0,,19.0,,1.0,,67.0,,10.0,3.0,40.0,44009.0,275.0,134.0
440090507004,8,38,9,4,1,19,12,6,8,9,114,605,,,,17.0,,,1.0,1.0,,,,2.0,,5.0,,10.0,28.0,,10.0,,44009.0,74.0,40.0
440090507005,18,83,20,10,3,55,27,13,17,21,267,493,2.0,,,49.0,288.0,8.0,31.0,,,,4.0,30.0,,,,10.0,,49.0,,,44009.0,471.0,-204.0
440090507006,3,16,4,2,1,9,5,2,3,4,49,557,,,,9.0,,,13.0,19.0,,,,,,6.0,,,,,,,44009.0,47.0,2.0
440090508011,18,73,11,9,3,54,35,14,24,13,254,592,,,,23.0,1.0,4.0,2.0,,,,,,,2.0,6.0,138.0,,,1.0,,44009.0,177.0,77.0
440090508012,48,203,32,25,9,338,95,39,65,35,888,543,,,,13.0,,1.0,136.0,,,13.0,,5.0,,5.0,840.0,19.0,7.0,49.0,18.0,,44009.0,1106.0,-218.0
440090508013,7,32,5,4,1,30,14,6,10,5,115,539,,,,4.0,,,7.0,,,1.0,,16.0,,5.0,,39.0,,47.0,11.0,,44009.0,130.0,-15.0
440090508014,155,632,99,78,29,816,303,121,204,111,2548,669,,,27.0,42.0,12.0,,241.0,,61.0,19.0,,135.0,211.0,71.0,35.0,159.0,230.0,309.0,51.0,116.0,44009.0,1719.0,829.0
440090508015,36,147,23,18,7,145,71,28,47,26,548,437,,,1.0,27.0,106.0,,92.0,,,,17.0,16.0,,18.0,,3.0,,34.0,11.0,,44009.0,325.0,223.0
440090508021,80,328,51,40,15,315,156,62,106,57,1210,868,,,,12.0,197.0,,69.0,1.0,,3.0,7.0,8.0,,,,71.0,3.0,212.0,17.0,,44009.0,600.0,610.0
440090508022,110,452,71,56,21,429,216,86,146,79,1666,975,,,,58.0,113.0,15.0,210.0,2.0,9.0,39.0,,43.0,,18.0,,1012.0,12.0,73.0,21.0,,44009.0,1625.0,41.0
440090509011,7,28,4,3,1,30,13,5,9,5,105,718,,,,24.0,15.0,3.0,16.0,,2.0,,4.0,11.0,,13.0,,6.0,,,,,44009.0,94.0,11.0
440090509012,48,196,31,24,9,1004,94,38,63,34,1541,1320,,31.0,,38.0,,26.0,360.0,5.0,2.0,115.0,8.0,4.0,1.0,39.0,18.0,12.0,36.0,162.0,78.0,22.0,44009.0,957.0,584.0
440090509013,7,30,5,4,1,47,14,6,10,5,129,768,,,,50.0,8.0,12.0,17.0,7.0,,,7.0,,,,,13.0,14.0,,6.0,,44009.0,134.0,-5.0
440090509021,16,71,11,9,3,52,32,13,23,12,242,617,,,,2.0,1.0,1.0,2.0,,,,,,,,,14.0,,,1.0,,44009.0,21.0,221.0
440090509022,18,75,12,9,3,521,35,14,24,13,724,872,1.0,,,35.0,1.0,2.0,219.0,,,,,30.0,,7.0,4.0,32.0,39.0,110.0,15.0,,44009.0,495.0,229.0
440090509023,63,262,41,32,12,216,124,50,85,45,931,576,,,,4.0,138.0,26.0,265.0,20.0,47.0,3.0,4.0,9.0,87.0,10.0,,199.0,4.0,66.0,34.0,4.0,44009.0,920.0,11.0
440090509024,6,24,4,3,1,17,12,5,8,4,84,533,,,,6.0,,,,3.0,3.0,,,10.0,8.0,,,,,22.0,12.0,,44009.0,64.0,20.0
440090510001,29,119,19,15,5,106,56,23,38,21,431,177,,,,5.0,,,14.0,,2.0,,3.0,1.0,,,,78.0,58.0,182.0,14.0,12.0,44009.0,369.0,62.0
440090510002,7,29,5,4,1,21,13,5,9,5,99,151,,,,9.0,,,,,,,,3.0,,,,,2.0,63.0,3.0,2.0,44009.0,82.0,17.0
440090510003,4,15,2,2,1,12,8,3,5,3,55,101,,,,,,,,,,,2.0,,,17.0,,33.0,,8.0,14.0,,44009.0,74.0,-19.0
440090510004,5,20,3,2,1,14,10,4,6,4,69,121,,,,19.0,,,,,,,8.0,,,,,1.0,4.0,26.0,,,44009.0,58.0,11.0
440090510005,3,12,2,1,1,8,5,2,4,2,41,181,2.0,,,,,,,,,,,,,,,,27.0,26.0,,,44009.0,55.0,-14.0
440090511011,1,4,1,1,0,1,1,1,1,1,12,143,2.0,,,7.0,,,6.0,,,,,,,,,,,,6.0,,44009.0,21.0,-9.0
440090511012,19,64,12,11,1,54,18,17,24,14,233,348,,,,40.0,,,22.0,,10.0,3.0,13.0,,,,1.0,28.0,21.0,,7.0,18.0,44009.0,163.0,70.0
440090511013,26,89,17,16,2,63,25,23,33,19,313,1060,,,,29.0,,2.0,10.0,1.0,,1.0,2.0,6.0,,12.0,,26.0,,,3.0,,44009.0,92.0,221.0
440090511014,32,107,21,19,2,48,31,28,40,23,352,1015,,,,29.0,,2.0,6.0,,,,3.0,21.0,,40.0,1.0,91.0,,43.0,10.0,48.0,44009.0,294.0,58.0
440090511021,54,182,35,32,3,200,52,48,68,39,713,1317,5.0,2.0,,71.0,3.0,5.0,90.0,,3.0,45.0,18.0,12.0,,24.0,,28.0,35.0,128.0,7.0,50.0,44009.0,526.0,187.0
440090511022,1,5,1,1,0,2,1,1,2,1,15,185,,,,,,,,,,2.0,,,,6.0,,,,6.0,,,44009.0,14.0,1.0
440090511023,3,11,2,2,0,4,3,3,4,2,34,250,,,,1.0,,2.0,,8.0,,,,,,,,,,24.0,1.0,,44009.0,36.0,-2.0
440090512011,32,143,24,18,5,110,46,29,43,33,483,965,,15.0,,35.0,40.0,16.0,18.0,3.0,49.0,2.0,12.0,37.0,3.0,29.0,15.0,175.0,112.0,16.0,18.0,,44009.0,595.0,-112.0
440090512012,16,69,12,9,2,35,22,14,21,16,217,1643,3.0,,,60.0,,8.0,4.0,,3.0,4.0,1.0,4.0,4.0,4.0,2261.0,60.0,,,17.0,149.0,44009.0,2582.0,-2365.0
440090512021,181,792,135,100,28,511,260,160,237,183,2587,725,5.0,,,19.0,58.0,12.0,400.0,,15.0,49.0,4.0,84.0,19.0,45.0,5.0,1464.0,14.0,318.0,47.0,,44009.0,2558.0,29.0
440090512022,46,205,35,26,7,515,67,41,61,47,1050,508,,,,23.0,31.0,8.0,141.0,,,85.0,,83.0,,13.0,22.0,322.0,83.0,97.0,52.0,,44009.0,960.0,90.0
440090512023,93,408,70,51,15,203,134,83,122,94,1272,448,,,,21.0,,21.0,23.0,,,1.0,4.0,46.0,,29.0,1.0,18.0,,2.0,57.0,79.0,44009.0,302.0,970.0
440090512024,92,405,69,51,15,816,132,82,121,93,1875,867,15.0,,12.0,11.0,4.0,3.0,278.0,,48.0,109.0,4.0,80.0,,24.0,,189.0,14.0,476.0,131.0,20.0,44009.0,1418.0,457.0
440090513021,9,40,7,5,1,30,13,8,12,9,134,379,21.0,,,,,,,,,,7.0,13.0,,1.0,,2.0,,118.0,4.0,,44009.0,166.0,-32.0
440090513022,1,4,1,1,0,2,2,1,1,1,14,267,,,,,,1.0,,,3.0,,,2.0,,,,,,,2.0,,44009.0,8.0,6.0
440090513023,2,8,1,1,0,4,3,2,3,2,26,263,4.0,,,,1.0,4.0,1.0,,,,,,,,,18.0,28.0,,,,44009.0,56.0,-30.0
440090513024,2,16,3,2,1,7,3,3,5,2,44,18,,,,,,,5.0,,,,5.0,,,,,,6.0,88.0,2.0,,44009.0,106.0,-62.0
440090513025,2,9,2,1,0,4,3,2,3,2,28,659,,,,18.0,,2.0,2.0,,,,,2.0,,,,,,,2.0,,44009.0,26.0,2.0
440090513026,8,34,6,4,1,26,11,7,10,8,115,793,,,,12.0,,6.0,17.0,,,,,5.0,,1.0,1.0,2.0,11.0,14.0,24.0,,44009.0,93.0,22.0
440090513041,9,38,6,5,1,17,13,8,11,9,119,1158,,,,42.0,,1.0,5.0,,10.0,9.0,,2.0,6.0,38.0,,7.0,10.0,3.0,11.0,,44009.0,144.0,-25.0
440090513051,32,139,24,18,5,210,46,28,42,32,576,1648,4.0,,,48.0,8.0,1.0,95.0,,,,19.0,10.0,,54.0,84.0,99.0,5.0,124.0,16.0,,44009.0,567.0,9.0
440090513052,47,206,35,26,7,94,67,42,62,48,635,597,,,,4.0,,,31.0,2.0,2.0,,,10.0,,27.0,85.0,28.0,,,8.0,133.0,44009.0,330.0,305.0
440090513061,208,914,156,115,33,733,298,185,273,210,3124,1297,26.0,,,103.0,418.0,102.0,161.0,80.0,1.0,3.0,3.0,96.0,2.0,31.0,125.0,131.0,2.0,42.0,48.0,,44009.0,1374.0,1750.0
440090513062,3,14,2,2,0,6,5,3,4,3,42,536,,,,9.0,,,,13.0,,4.0,4.0,10.0,,46.0,660.0,20.0,,,3.0,,44009.0,769.0,-727.0
440090513063,58,260,44,33,9,135,83,52,77,59,811,1636,,,,5.0,,21.0,17.0,,2.0,,,17.0,,12.0,29.0,30.0,,54.0,31.0,,44009.0,218.0,593.0
440090514001,421,1841,315,232,66,863,603,372,550,426,5688,927,,,7.0,4.0,2.0,15.0,9.0,,2.0,3.0,214.0,3.0,3.0,3.0,2.0,81.0,,172.0,129.0,15.0,44009.0,664.0,5024.0
440090515021,90,301,65,44,8,287,98,47,112,52,1104,701,,,,36.0,207.0,20.0,27.0,3.0,,,2.0,51.0,1.0,31.0,167.0,11.0,,,45.0,80.0,44009.0,681.0,423.0
440090515022,17,58,13,8,2,51,19,9,22,10,209,299,,,,8.0,,1.0,12.0,,3.0,8.0,1.0,12.0,,26.0,,3.0,,91.0,19.0,,44009.0,184.0,25.0
440090515023,3,12,3,2,0,8,4,2,5,2,41,673,,,,10.0,,,,,,6.0,,7.0,,1.0,2.0,1.0,,70.0,,,44009.0,97.0,-56.0
440090515024,11,39,9,6,1,24,12,6,15,7,130,1036,2.0,,,28.0,4.0,25.0,100.0,,4.0,2.0,3.0,21.0,7.0,5.0,,,,102.0,11.0,,44009.0,314.0,-184.0
440090515025,2,7,2,1,0,4,3,1,3,1,24,756,1.0,,,13.0,,1.0,,,,1.0,2.0,8.0,,3.0,,,1.0,,1.0,,44009.0,31.0,-7.0
440090515031,39,128,28,19,3,79,43,20,48,23,430,402,2.0,,,,,1.0,,51.0,,25.0,2.0,6.0,,4.0,,60.0,26.0,13.0,2.0,,44009.0,192.0,238.0
440090515032,101,332,72,49,9,235,110,53,124,59,1144,752,,,,,1.0,1.0,61.0,,25.0,7.0,61.0,21.0,2.0,8.0,365.0,24.0,8.0,305.0,29.0,109.0,44009.0,1027.0,117.0
440090515033,62,204,44,30,6,163,68,32,76,36,721,814,,,17.0,47.0,5.0,18.0,61.0,,6.0,4.0,16.0,9.0,,2.0,,80.0,106.0,195.0,50.0,,44009.0,616.0,105.0
440090515041,53,175,38,26,5,141,58,28,65,31,620,495,1.0,,,,97.0,36.0,26.0,12.0,,,3.0,10.0,,,2.0,29.0,4.0,129.0,5.0,32.0,44009.0,386.0,234.0
440090515042,26,85,19,12,2,52,28,13,32,15,284,577,,,4.0,7.0,,,,,,1.0,,5.0,,,,2.0,,81.0,33.0,,44009.0,133.0,151.0
440090515043,5,17,4,3,0,24,6,3,6,3,71,469,15.0,,,4.0,1.0,15.0,38.0,5.0,,,10.0,,,,,,,65.0,,6.0,44009.0,159.0,-88.0
440090515044,55,179,39,26,5,640,59,28,67,32,1130,591,1.0,,,6.0,,2.0,277.0,3.0,1.0,7.0,,4.0,,17.0,,173.0,2.0,73.0,22.0,,44009.0,588.0,542.0
