MESOZONE,orig_total,adj_total,abs_diff
250010101001,312.0,2506.0,2194.0
250010101002,100.0,292.0,192.0
250010101003,253.0,233.0,-20.0
250010101004,586.0,706.0,120.0
250010101005,645.0,1229.0,584.0
250010102061,141.0,748.0,607.0
250010102062,383.0,970.0,587.0
250010102063,411.0,729.0,318.0
250010102081,227.0,459.0,232.0
250010102082,205.0,321.0,116.0
250010102083,85.0,463.0,378.0
250010103041,155.0,296.0,141.0
250010103042,43.0,253.0,210.0
250010103043,143.0,337.0,194.0
250010103061,318.0,396.0,78.0
250010103062,419.0,826.0,407.0
250010103063,85.0,530.0,445.0
250010104001,328.0,1494.0,1166.0
250010104002,1543.0,1908.0,365.0
250010104003,820.0,1935.0,1115.0
250010104004,58.0,1683.0,1625.0
250010105001,301.0,592.0,291.0
250010105002,51.0,75.0,24.0
250010105003,434.0,458.0,24.0
250010106001,344.0,1119.0,775.0
250010106002,33.0,350.0,317.0
250010106003,707.0,645.0,-62.0
250010106004,748.0,1183.0,435.0
250010107001,390.0,558.0,168.0
250010107002,692.0,1537.0,845.0
250010107003,83.0,424.0,341.0
250010107004,94.0,240.0,146.0
250010108001,129.0,430.0,301.0
250010108002,81.0,417.0,336.0
250010108003,614.0,1113.0,499.0
250010108004,481.0,510.0,29.0
250010108005,370.0,1147.0,777.0
250010109001,397.0,1066.0,669.0
250010109002,333.0,477.0,144.0
250010109003,164.0,446.0,282.0
250010109004,41.0,175.0,134.0
250010110021,100.0,533.0,433.0
250010110022,258.0,736.0,478.0
250010110023,85.0,322.0,237.0
250010110024,721.0,1421.0,700.0
250010111001,129.0,576.0,447.0
250010111002,365.0,400.0,35.0
250010111003,508.0,1079.0,571.0
250010111004,409.0,566.0,157.0
250010112001,117.0,658.0,541.0
250010112002,161.0,597.0,436.0
250010112003,159.0,386.0,227.0
250010112004,527.0,570.0,43.0
250010113001,105.0,672.0,567.0
250010113002,236.0,591.0,355.0
250010113003,272.0,571.0,299.0
250010114001,131.0,173.0,42.0
250010114002,103.0,252.0,149.0
250010114003,106.0,296.0,190.0
250010114004,171.0,495.0,324.0
250010115001,12.0,211.0,199.0
250010115002,285.0,404.0,119.0
250010115003,26.0,193.0,167.0
250010115004,1616.0,1830.0,214.0
250010115005,282.0,564.0,282.0
250010116001,542.0,900.0,358.0
250010116002,76.0,440.0,364.0
250010116003,131.0,871.0,740.0
250010117001,112.0,372.0,260.0
250010117002,262.0,276.0,14.0
250010117003,192.0,659.0,467.0
250010118011,241.0,426.0,185.0
250010118012,63.0,352.0,289.0
250010118021,117.0,381.0,264.0
250010118022,584.0,843.0,259.0
250010118023,314.0,514.0,200.0
250010118024,92.0,411.0,319.0
250010120011,105.0,1127.0,1022.0
250010120012,2351.0,3082.0,731.0
250010120013,50.0,472.0,422.0
250010120014,76.0,586.0,510.0
250010120021,756.0,1346.0,590.0
250010120022,464.0,1322.0,858.0
250010120023,155.0,805.0,650.0
250010121011,558.0,1560.0,1002.0
250010121012,331.0,988.0,657.0
250010121013,28.0,247.0,219.0
250010121014,158.0,484.0,326.0
250010121015,75.0,561.0,486.0
250010121021,258.0,690.0,432.0
250010121022,163.0,801.0,638.0
250010121023,292.0,597.0,305.0
250010121024,511.0,622.0,111.0
250010122001,126.0,94.0,-32.0
250010122002,688.0,838.0,150.0
250010122003,848.0,527.0,-321.0
250010122004,37.0,144.0,107.0
250010125021,111.0,196.0,85.0
250010125022,164.0,301.0,137.0
250010125023,593.0,244.0,-349.0
250010125024,125.0,253.0,128.0
250010126011,687.0,738.0,51.0
250010126012,383.0,633.0,250.0
250010126021,241.0,221.0,-20.0
250010126022,417.0,311.0,-106.0
250010126023,398.0,199.0,-199.0
250010126024,170.0,192.0,22.0
250010127001,183.0,156.0,-27.0
250010127002,471.0,477.0,6.0
250010127003,54.0,107.0,53.0
250010127004,128.0,313.0,185.0
250010128001,477.0,448.0,-29.0
250010128002,161.0,325.0,164.0
250010128003,78.0,142.0,64.0
250010129001,36.0,201.0,165.0
250010129002,59.0,110.0,51.0
250010129003,73.0,27.0,-46.0
250010130021,272.0,314.0,42.0
250010130022,413.0,383.0,-30.0
250010130023,340.0,267.0,-73.0
250010130024,560.0,313.0,-247.0
250010131001,117.0,224.0,107.0
250010131002,518.0,482.0,-36.0
250010131003,104.0,139.0,35.0
250010131004,71.0,96.0,25.0
250010132001,184.0,185.0,1.0
250010132002,547.0,660.0,113.0
250010132003,127.0,199.0,72.0
250010133001,772.0,1293.0,521.0
250010133002,610.0,758.0,148.0
250010133003,936.0,1217.0,281.0
250010134001,84.0,1915.0,1831.0
250010134002,31.0,138.0,107.0
250010134003,141.0,427.0,286.0
250010134004,355.0,260.0,-95.0
250010135001,239.0,562.0,323.0
250010135002,56.0,176.0,120.0
250010135003,74.0,338.0,264.0
250010135004,68.0,88.0,20.0
250010136001,2009.0,2375.0,366.0
250010136002,130.0,995.0,865.0
250010136003,83.0,400.0,317.0
250010137001,144.0,1406.0,1262.0
250010137002,168.0,289.0,121.0
250010137003,16.0,183.0,167.0
250010137004,1218.0,1481.0,263.0
250010138001,742.0,1425.0,683.0
250010138002,717.0,328.0,-389.0
250010138003,339.0,763.0,424.0
250010139001,13.0,272.0,259.0
250010139002,41.0,584.0,543.0
250010139003,340.0,935.0,595.0
250010139004,1336.0,2239.0,903.0
250010140021,66.0,623.0,557.0
250010140022,1338.0,1603.0,265.0
250010140023,270.0,500.0,230.0
250010140024,101.0,628.0,527.0
250010141001,546.0,2486.0,1940.0
250010143001,148.0,511.0,363.0
250010143002,316.0,435.0,119.0
250010143003,128.0,289.0,161.0
250010143004,398.0,555.0,157.0
250010143005,15.0,427.0,412.0
250010144021,762.0,1541.0,779.0
250010144022,424.0,1031.0,607.0
250010144023,59.0,377.0,318.0
250010145001,93.0,376.0,283.0
250010145002,124.0,531.0,407.0
250010145003,33.0,212.0,179.0
250010146001,98.0,367.0,269.0
250010146002,262.0,561.0,299.0
250010146003,123.0,270.0,147.0
250010146004,62.0,458.0,396.0
250010147001,424.0,668.0,244.0
250010147002,109.0,444.0,335.0
250010147003,229.0,912.0,683.0
250010148001,642.0,1510.0,868.0
250010148002,1154.0,1619.0,465.0
250010148003,1169.0,1799.0,630.0
250010148004,881.0,1577.0,696.0
250010149001,1309.0,3561.0,2252.0
250010149002,945.0,2262.0,1317.0
250010149003,907.0,1392.0,485.0
250010149004,2614.0,5113.0,2499.0
250010150011,855.0,886.0,31.0
250010150012,58.0,427.0,369.0
250010150021,309.0,1521.0,1212.0
250010150022,986.0,1528.0,542.0
250010151001,476.0,1562.0,1086.0
250010151002,1737.0,3599.0,1862.0
250010152001,205.0,247.0,42.0
250010152002,178.0,1026.0,848.0
250010153001,7733.0,7559.0,-174.0
250010153002,6905.0,8297.0,1392.0
250010153003,1519.0,1398.0,-121.0
250039001001,1568.0,1779.0,211.0
250039001002,2801.0,6085.0,3284.0
250039001003,2046.0,2178.0,132.0
250039001004,364.0,1436.0,1072.0
250039002001,111.0,676.0,565.0
250039002002,129.0,737.0,608.0
250039002003,654.0,1887.0,1233.0
250039002004,70.0,690.0,620.0
250039002005,44.0,578.0,534.0
250039002006,3205.0,1992.0,-1213.0
250039003001,5.0,178.0,173.0
250039003002,47.0,115.0,68.0
250039003003,165.0,407.0,242.0
250039004001,172.0,521.0,349.0
250039004002,142.0,198.0,56.0
250039004003,83.0,314.0,231.0
250039004004,89.0,356.0,267.0
250039004005,283.0,297.0,14.0
250039005001,119.0,311.0,192.0
250039005002,756.0,3310.0,2554.0
250039006001,18.0,356.0,338.0
250039006002,76.0,197.0,121.0
250039006003,146.0,507.0,361.0
250039006004,86.0,346.0,260.0
250039006005,507.0,1123.0,616.0
250039007001,161.0,313.0,152.0
250039007002,126.0,314.0,188.0
250039007003,282.0,618.0,336.0
250039007004,524.0,1384.0,860.0
250039008001,136.0,767.0,631.0
250039008002,1294.0,2473.0,1179.0
250039008003,157.0,485.0,328.0
250039008004,34.0,278.0,244.0
250039008005,10.0,203.0,193.0
250039009001,134.0,796.0,662.0
250039009002,441.0,530.0,89.0
250039009003,344.0,544.0,200.0
250039009004,165.0,514.0,349.0
250039009005,248.0,641.0,393.0
250039011001,103.0,252.0,149.0
250039011002,5.0,178.0,173.0
250039011003,27.0,228.0,201.0
250039011004,1530.0,2798.0,1268.0
250039111001,872.0,2426.0,1554.0
250039111002,510.0,138.0,-372.0
250039111003,263.0,548.0,285.0
250039121001,51.0,170.0,119.0
250039121002,400.0,516.0,116.0
250039121003,128.0,162.0,34.0
250039121004,380.0,524.0,144.0
250039121005,469.0,228.0,-241.0
250039121006,132.0,702.0,570.0
250039121007,303.0,1497.0,1194.0
250039131001,164.0,599.0,435.0
250039131002,960.0,2316.0,1356.0
250039131003,262.0,1167.0,905.0
250039131004,187.0,480.0,293.0
250039131005,649.0,1310.0,661.0
250039131006,1256.0,1449.0,193.0
250039131007,179.0,491.0,312.0
250039141001,277.0,941.0,664.0
250039141002,701.0,702.0,1.0
250039141003,528.0,703.0,175.0
250039141004,302.0,1786.0,1484.0
250039141005,821.0,1806.0,985.0
250039141006,581.0,1367.0,786.0
250039201011,414.0,1728.0,1314.0
250039201012,129.0,740.0,611.0
250039201013,1575.0,1056.0,-519.0
250039201014,265.0,288.0,23.0
250039201021,362.0,543.0,181.0
250039201022,603.0,2320.0,1717.0
250039201023,527.0,675.0,148.0
250039213001,67.0,366.0,299.0
250039213002,55.0,768.0,713.0
250039213003,108.0,134.0,26.0
250039213004,349.0,62.0,-287.0
250039214001,570.0,1263.0,693.0
250039214002,897.0,1857.0,960.0
250039215001,238.0,645.0,407.0
250039215002,242.0,915.0,673.0
250039221001,23.0,312.0,289.0
250039221002,404.0,572.0,168.0
250039221003,417.0,631.0,214.0
250039221004,63.0,226.0,163.0
250039222001,313.0,581.0,268.0
250039222002,51.0,420.0,369.0
250039222003,379.0,265.0,-114.0
250039222004,64.0,78.0,14.0
250039223001,37.0,95.0,58.0
250039223002,36.0,119.0,83.0
250039231001,91.0,195.0,104.0
250039231002,253.0,441.0,188.0
250039231003,220.0,574.0,354.0
250039241001,454.0,1125.0,671.0
250039241002,1055.0,976.0,-79.0
250039241003,153.0,791.0,638.0
250039251001,25.0,74.0,49.0
250039251002,1483.0,3186.0,1703.0
250039251003,395.0,837.0,442.0
250039251004,522.0,451.0,-71.0
250039251005,898.0,965.0,67.0
250039251006,812.0,3434.0,2622.0
250039251007,301.0,769.0,468.0
250039261001,815.0,1602.0,787.0
250039261002,199.0,403.0,204.0
250039261003,251.0,807.0,556.0
250039261004,71.0,268.0,197.0
250039311001,72.0,190.0,118.0
250039311002,125.0,155.0,30.0
250039313001,144.0,135.0,-9.0
250039313002,67.0,92.0,25.0
250039314001,44.0,72.0,28.0
250039314002,130.0,62.0,-68.0
250039322001,87.0,139.0,52.0
250039322002,197.0,382.0,185.0
250039322003,70.0,275.0,205.0
250039323001,189.0,101.0,-88.0
250039323002,51.0,460.0,409.0
250039332001,35.0,0.0,-35.0
250039332002,179.0,279.0,100.0
250039333001,139.0,432.0,293.0
250039333002,211.0,664.0,453.0
250039334001,196.0,366.0,170.0
250039334002,120.0,305.0,185.0
250039334003,213.0,267.0,54.0
250039342001,145.0,229.0,84.0
250039342002,49.0,261.0,212.0
250039343001,64.0,46.0,-18.0
250039343002,274.0,732.0,458.0
250039351001,49.0,56.0,7.0
250039351002,558.0,1059.0,501.0
250039351003,68.0,240.0,172.0
250039351004,60.0,212.0,152.0
250039352001,75.0,1224.0,1149.0
250039352002,468.0,1498.0,1030.0
250039352003,571.0,888.0,317.0
250039352004,12.0,251.0,239.0
250039352005,4330.0,6291.0,1961.0
250039353001,277.0,1726.0,1449.0
250039353002,526.0,1122.0,596.0
250039353003,147.0,838.0,691.0
250039353004,1714.0,1798.0,84.0
250056001001,579.0,2326.0,1747.0
250056001002,415.0,2401.0,1986.0
250056002021,3475.0,3389.0,-86.0
250056002022,133.0,2902.0,2769.0
250056002023,887.0,946.0,59.0
250056002031,101.0,1454.0,1353.0
250056002032,75.0,76.0,1.0
250056002033,1078.0,1639.0,561.0
250056002041,142.0,318.0,176.0
250056002042,179.0,632.0,453.0
250056101001,1462.0,2157.0,695.0
250056101002,583.0,1277.0,694.0
250056101003,512.0,1001.0,489.0
250056102021,37.0,1581.0,1544.0
250056102022,738.0,1557.0,819.0
250056102023,145.0,1755.0,1610.0
250056102024,7169.0,9507.0,2338.0
250056102031,28.0,279.0,251.0
250056102032,106.0,532.0,426.0
250056102033,807.0,1006.0,199.0
250056102034,142.0,593.0,451.0
250056102041,113.0,717.0,604.0
250056102042,76.0,343.0,267.0
250056102043,950.0,1673.0,723.0
250056111011,538.0,1168.0,630.0
250056111012,1393.0,2431.0,1038.0
250056111021,1523.0,1962.0,439.0
250056111022,611.0,2273.0,1662.0
250056112011,420.0,596.0,176.0
250056112012,242.0,1425.0,1183.0
250056112021,303.0,1185.0,882.0
250056112022,58.0,279.0,221.0
250056112023,1385.0,1767.0,382.0
250056121001,829.0,1196.0,367.0
250056121002,156.0,1327.0,1171.0
250056121003,470.0,2351.0,1881.0
250056122001,232.0,1396.0,1164.0
250056122002,241.0,816.0,575.0
250056122003,1372.0,6348.0,4976.0
250056122004,6068.0,4702.0,-1366.0
250056131001,416.0,868.0,452.0
250056131002,174.0,1283.0,1109.0
250056131003,5921.0,8766.0,2845.0
250056131004,262.0,3502.0,3240.0
250056133001,370.0,520.0,150.0
250056133002,197.0,534.0,337.0
250056133003,368.0,454.0,86.0
250056133004,37.0,420.0,383.0
250056134001,598.0,1766.0,1168.0
250056134002,407.0,806.0,399.0
250056136001,102.0,383.0,281.0
250056136002,1093.0,1430.0,337.0
250056137001,1170.0,2633.0,1463.0
250056137002,199.0,999.0,800.0
250056138001,1278.0,2339.0,1061.0
250056138002,1346.0,3534.0,2188.0
250056138003,1179.0,2479.0,1300.0
250056138004,961.0,2785.0,1824.0
250056139011,136.0,220.0,84.0
250056139012,23.0,292.0,269.0
250056139021,394.0,613.0,219.0
250056139022,316.0,457.0,141.0
250056139023,374.0,365.0,-9.0
250056140001,714.0,735.0,21.0
250056140002,57.0,561.0,504.0
250056141011,856.0,1669.0,813.0
250056141012,303.0,731.0,428.0
250056141013,2281.0,2801.0,520.0
250056141021,88.0,765.0,677.0
250056141022,1560.0,4753.0,3193.0
250056141023,243.0,1518.0,1275.0
250056151001,211.0,198.0,-13.0
250056151002,317.0,747.0,430.0
250056151003,682.0,1006.0,324.0
250056151004,384.0,734.0,350.0
250056151005,158.0,846.0,688.0
250056161001,324.0,498.0,174.0
250056161002,356.0,576.0,220.0
250056161003,36.0,229.0,193.0
250056171011,677.0,838.0,161.0
250056171012,66.0,732.0,666.0
250056171013,2009.0,2420.0,411.0
250056171014,180.0,849.0,669.0
250056171021,651.0,1656.0,1005.0
250056171022,611.0,1937.0,1326.0
250056301011,109.0,569.0,460.0
250056301012,123.0,544.0,421.0
250056301021,151.0,800.0,649.0
250056301022,540.0,1505.0,965.0
250056301023,116.0,590.0,474.0
250056301024,950.0,1107.0,157.0
250056302001,353.0,953.0,600.0
250056302002,87.0,809.0,722.0
250056302003,679.0,1266.0,587.0
250056302004,63.0,213.0,150.0
250056302005,3417.0,3991.0,574.0
250056303001,126.0,803.0,677.0
250056303002,1778.0,1921.0,143.0
250056303003,407.0,358.0,-49.0
250056303004,145.0,471.0,326.0
250056304001,2141.0,5014.0,2873.0
250056304002,187.0,828.0,641.0
250056304003,943.0,972.0,29.0
250056311001,665.0,1570.0,905.0
250056311002,393.0,938.0,545.0
250056311003,1007.0,2270.0,1263.0
250056311004,221.0,535.0,314.0
250056311005,1585.0,1928.0,343.0
250056311006,61.0,530.0,469.0
250056311007,122.0,657.0,535.0
250056312001,1205.0,891.0,-314.0
250056312002,21.0,473.0,452.0
250056312003,119.0,382.0,263.0
250056312004,63.0,875.0,812.0
250056312005,1329.0,1882.0,553.0
250056313001,97.0,848.0,751.0
250056313002,410.0,798.0,388.0
250056313003,585.0,717.0,132.0
250056314001,1688.0,2674.0,986.0
250056314002,1064.0,2058.0,994.0
250056315001,458.0,836.0,378.0
250056315002,10.0,560.0,550.0
250056316001,2290.0,2955.0,665.0
250056316002,337.0,984.0,647.0
250056316003,186.0,1666.0,1480.0
250056317001,3206.0,4349.0,1143.0
250056317002,276.0,542.0,266.0
250056317003,133.0,1064.0,931.0
250056317004,40.0,1092.0,1052.0
250056318001,415.0,795.0,380.0
250056318002,34.0,211.0,177.0
250056318003,96.0,326.0,230.0
250056318004,252.0,1129.0,877.0
250056321001,103.0,741.0,638.0
250056321002,136.0,157.0,21.0
250056321003,432.0,311.0,-121.0
250056321004,381.0,468.0,87.0
250056321005,510.0,441.0,-69.0
250056321006,113.0,1586.0,1473.0
250056322001,809.0,936.0,127.0
250056322002,465.0,2564.0,2099.0
250056322003,75.0,1691.0,1616.0
250056322004,4958.0,6779.0,1821.0
250056322005,184.0,692.0,508.0
250056331001,634.0,955.0,321.0
250056331002,299.0,937.0,638.0
250056332001,272.0,863.0,591.0
250056332002,269.0,512.0,243.0
250056332003,200.0,524.0,324.0
250056401001,188.0,366.0,178.0
250056401002,165.0,274.0,109.0
250056401003,340.0,608.0,268.0
250056401004,1127.0,2392.0,1265.0
250056401005,73.0,1062.0,989.0
250056402001,138.0,443.0,305.0
250056402002,130.0,235.0,105.0
250056402003,96.0,370.0,274.0
250056402004,528.0,1279.0,751.0
250056402005,97.0,360.0,263.0
250056403001,726.0,1130.0,404.0
250056403002,240.0,569.0,329.0
250056403003,94.0,393.0,299.0
250056404001,213.0,220.0,7.0
250056404002,92.0,284.0,192.0
250056404003,161.0,389.0,228.0
250056405001,33.0,320.0,287.0
250056405002,1789.0,1536.0,-253.0
250056405003,251.0,550.0,299.0
250056405004,329.0,2615.0,2286.0
250056405005,246.0,756.0,510.0
250056406001,19.0,115.0,96.0
250056406002,90.0,373.0,283.0
250056406003,198.0,302.0,104.0
250056406004,45.0,143.0,98.0
250056407001,161.0,534.0,373.0
250056407002,27.0,200.0,173.0
250056407003,32.0,237.0,205.0
250056408001,400.0,817.0,417.0
250056408002,1289.0,1668.0,379.0
250056408003,685.0,2115.0,1430.0
250056409011,19.0,311.0,292.0
250056409012,208.0,428.0,220.0
250056409013,41.0,309.0,268.0
250056409014,46.0,363.0,317.0
250056409015,10.0,132.0,122.0
250056410001,428.0,1062.0,634.0
250056410002,67.0,354.0,287.0
250056410003,224.0,620.0,396.0
250056411011,2961.0,5740.0,2779.0
250056411012,182.0,723.0,541.0
250056412001,90.0,631.0,541.0
250056412002,2965.0,6312.0,3347.0
250056413001,23.0,229.0,206.0
250056413002,105.0,308.0,203.0
250056413003,30.0,136.0,106.0
250056413004,239.0,689.0,450.0
250056413005,370.0,434.0,64.0
250056414001,54.0,233.0,179.0
250056414002,134.0,277.0,143.0
250056414003,196.0,840.0,644.0
250056415001,61.0,270.0,209.0
250056415002,127.0,325.0,198.0
250056416001,45.0,563.0,518.0
250056416002,729.0,404.0,-325.0
250056417001,248.0,948.0,700.0
250056417002,178.0,603.0,425.0
250056417003,118.0,318.0,200.0
250056417004,598.0,1880.0,1282.0
250056418001,24.0,1299.0,1275.0
250056418002,2314.0,1495.0,-819.0
250056418003,157.0,911.0,754.0
250056419001,25.0,611.0,586.0
250056419002,127.0,895.0,768.0
250056420001,92.0,988.0,896.0
250056420002,404.0,1125.0,721.0
250056420003,665.0,1714.0,1049.0
250056421001,505.0,1636.0,1131.0
250056421002,196.0,385.0,189.0
250056421003,13.0,149.0,136.0
250056422001,482.0,968.0,486.0
250056422002,182.0,533.0,351.0
250056422003,652.0,613.0,-39.0
250056422004,54.0,557.0,503.0
250056423001,121.0,369.0,248.0
250056423002,164.0,565.0,401.0
250056424001,824.0,1797.0,973.0
250056424002,26.0,382.0,356.0
250056424003,154.0,433.0,279.0
250056425001,1789.0,2415.0,626.0
250056425002,6744.0,9992.0,3248.0
250056441011,34.0,477.0,443.0
250056441012,253.0,512.0,259.0
250056441013,437.0,938.0,501.0
250056441021,557.0,678.0,121.0
250056441022,162.0,563.0,401.0
250056442001,422.0,976.0,554.0
250056442002,118.0,319.0,201.0
250056442003,901.0,2484.0,1583.0
250056442004,1655.0,1795.0,140.0
250056442005,243.0,417.0,174.0
250056442006,42.0,416.0,374.0
250056451011,52.0,248.0,196.0
250056451012,88.0,415.0,327.0
250056451013,352.0,359.0,7.0
250056451021,246.0,1459.0,1213.0
250056451022,184.0,441.0,257.0
250056451023,704.0,962.0,258.0
250056451031,1384.0,3382.0,1998.0
250056451032,297.0,1597.0,1300.0
250056451033,2102.0,2680.0,578.0
250056461011,402.0,662.0,260.0
250056461012,801.0,1214.0,413.0
250056461013,475.0,627.0,152.0
250056461014,152.0,521.0,369.0
250056461031,267.0,919.0,652.0
250056461032,503.0,856.0,353.0
250056461033,619.0,827.0,208.0
250056461041,114.0,603.0,489.0
250056461042,284.0,1040.0,756.0
250056501011,841.0,1817.0,976.0
250056501012,127.0,1027.0,900.0
250056501013,1318.0,2220.0,902.0
250056501021,450.0,833.0,383.0
250056501022,34.0,782.0,748.0
250056501023,2214.0,4006.0,1792.0
250056502011,114.0,408.0,294.0
250056502012,1834.0,3604.0,1770.0
250056502013,768.0,2388.0,1620.0
250056502021,807.0,2363.0,1556.0
250056503001,91.0,457.0,366.0
250056503002,195.0,520.0,325.0
250056503003,435.0,831.0,396.0
250056503004,14.0,249.0,235.0
250056504001,1429.0,1550.0,121.0
250056504002,87.0,320.0,233.0
250056504003,175.0,378.0,203.0
250056504004,84.0,241.0,157.0
250056505001,28.0,161.0,133.0
250056505002,253.0,486.0,233.0
250056505003,103.0,232.0,129.0
250056506001,173.0,672.0,499.0
250056506002,81.0,358.0,277.0
250056506003,56.0,246.0,190.0
250056507001,79.0,422.0,343.0
250056507002,269.0,562.0,293.0
250056508001,44.0,298.0,254.0
250056508002,43.0,261.0,218.0
250056508003,1087.0,1425.0,338.0
250056508004,49.0,149.0,100.0
250056509001,413.0,710.0,297.0
250056509002,39.0,379.0,340.0
250056509003,455.0,680.0,225.0
250056510011,476.0,1044.0,568.0
250056510021,1326.0,2100.0,774.0
250056510022,200.0,1304.0,1104.0
250056511001,139.0,210.0,71.0
250056511002,58.0,97.0,39.0
250056511003,33.0,103.0,70.0
250056511004,36.0,79.0,43.0
250056512001,542.0,635.0,93.0
250056512002,833.0,1516.0,683.0
250056513001,1798.0,2489.0,691.0
250056513002,646.0,726.0,80.0
250056514001,403.0,464.0,61.0
250056514002,24.0,115.0,91.0
250056514003,33.0,124.0,91.0
250056514004,46.0,119.0,73.0
250056515001,30.0,136.0,106.0
250056515002,9.0,80.0,71.0
250056515003,83.0,481.0,398.0
250056515004,65.0,356.0,291.0
250056516001,33.0,179.0,146.0
250056516002,50.0,182.0,132.0
250056516003,18.0,151.0,133.0
250056516004,149.0,404.0,255.0
250056517001,209.0,792.0,583.0
250056517002,1821.0,1536.0,-285.0
250056518001,3616.0,6647.0,3031.0
250056518002,1084.0,3296.0,2212.0
250056519001,1645.0,2243.0,598.0
250056519002,51.0,369.0,318.0
250056520001,601.0,753.0,152.0
250056520002,60.0,325.0,265.0
250056520003,36.0,274.0,238.0
250056521001,64.0,256.0,192.0
250056521002,61.0,2173.0,2112.0
250056521003,75.0,197.0,122.0
250056522001,213.0,1067.0,854.0
250056522002,2203.0,1264.0,-939.0
250056522003,51.0,1406.0,1355.0
250056523001,26.0,178.0,152.0
250056523002,436.0,630.0,194.0
250056523003,193.0,1130.0,937.0
250056524001,975.0,412.0,-563.0
250056524002,868.0,1144.0,276.0
250056525001,63.0,96.0,33.0
250056525002,52.0,96.0,44.0
250056526001,105.0,293.0,188.0
250056526002,327.0,945.0,618.0
250056527001,20.0,119.0,99.0
250056527002,147.0,380.0,233.0
250056527003,12.0,351.0,339.0
250056527004,236.0,504.0,268.0
250056528001,104.0,577.0,473.0
250056528002,15.0,220.0,205.0
250056528003,259.0,769.0,510.0
250056531011,1608.0,5584.0,3976.0
250056531012,761.0,1385.0,624.0
250056531013,1595.0,4222.0,2627.0
250056531014,2705.0,3874.0,1169.0
250056531021,431.0,1359.0,928.0
250056531022,4628.0,4565.0,-63.0
250056532031,648.0,687.0,39.0
250056532032,167.0,531.0,364.0
250056532033,416.0,522.0,106.0
250056532034,792.0,709.0,-83.0
250056532041,1340.0,1881.0,541.0
250056533011,91.0,772.0,681.0
250056533012,283.0,401.0,118.0
250056533013,233.0,445.0,212.0
250056533014,14.0,260.0,246.0
250056533015,498.0,340.0,-158.0
250056533041,174.0,599.0,425.0
250056533042,263.0,664.0,401.0
250056541001,268.0,316.0,48.0
250056541002,145.0,131.0,-14.0
250056541003,165.0,329.0,164.0
250056541004,557.0,782.0,225.0
250056542001,205.0,286.0,81.0
250056542002,212.0,398.0,186.0
250056542003,186.0,282.0,96.0
250056551001,84.0,917.0,833.0
250056551002,3650.0,3986.0,336.0
250056551003,384.0,651.0,267.0
250056552001,101.0,297.0,196.0
250056552002,164.0,232.0,68.0
250056552003,273.0,311.0,38.0
250056552004,30.0,188.0,158.0
250056552005,16.0,124.0,108.0
250056553001,1807.0,3572.0,1765.0
250056553002,721.0,934.0,213.0
250056553003,476.0,686.0,210.0
250056554001,201.0,212.0,11.0
250056554002,28.0,152.0,124.0
250056554003,168.0,230.0,62.0
250056554004,22.0,522.0,500.0
250059855001,1616.0,2891.0,1275.0
250059856001,2966.0,5351.0,2385.0
250072001001,89.0,779.0,690.0
250072001002,548.0,1096.0,548.0
250072001003,412.0,790.0,378.0
250072001004,509.0,987.0,478.0
250072001005,93.0,1160.0,1067.0
250072002001,891.0,665.0,-226.0
250072002002,433.0,875.0,442.0
250072002003,445.0,1522.0,1077.0
250072002004,167.0,348.0,181.0
250072002005,117.0,183.0,66.0
250072003001,35.0,737.0,702.0
250072003002,939.0,1427.0,488.0
250072003003,843.0,2260.0,1417.0
250072003004,400.0,682.0,282.0
250072004001,446.0,713.0,267.0
250072004002,581.0,1092.0,511.0
250072004003,50.0,252.0,202.0
250072004004,198.0,348.0,150.0
250072004005,134.0,174.0,40.0
250072004006,59.0,74.0,15.0
250092011001,131.0,680.0,549.0
250092011002,45.0,216.0,171.0
250092011003,92.0,233.0,141.0
250092011004,97.0,349.0,252.0
250092021011,717.0,2364.0,1647.0
250092021012,10.0,118.0,108.0
250092021013,428.0,254.0,-174.0
250092021021,193.0,660.0,467.0
250092021022,89.0,507.0,418.0
250092021023,975.0,2825.0,1850.0
250092021024,129.0,368.0,239.0
250092021025,22.0,88.0,66.0
250092022001,20.0,165.0,145.0
250092022002,40.0,389.0,349.0
250092022003,35.0,145.0,110.0
250092022004,438.0,1022.0,584.0
250092022005,60.0,140.0,80.0
250092022006,420.0,205.0,-215.0
250092031001,315.0,989.0,674.0
250092031002,48.0,949.0,901.0
250092031003,17.0,483.0,466.0
250092031004,235.0,262.0,27.0
250092031005,47.0,80.0,33.0
250092031006,119.0,182.0,63.0
250092031007,335.0,28.0,-307.0
250092031008,21.0,41.0,20.0
250092032001,98.0,1645.0,1547.0
250092032002,460.0,2677.0,2217.0
250092032003,285.0,392.0,107.0
250092032004,78.0,285.0,207.0
250092032005,296.0,622.0,326.0
250092033011,316.0,1355.0,1039.0
250092033012,115.0,1276.0,1161.0
250092033013,871.0,759.0,-112.0
250092033014,26.0,28.0,2.0
250092033021,178.0,275.0,97.0
250092033022,403.0,408.0,5.0
250092033023,837.0,684.0,-153.0
250092041011,80.0,431.0,351.0
250092041012,21.0,2532.0,2511.0
250092041013,490.0,623.0,133.0
250092041014,14.0,63.0,49.0
250092041021,487.0,1369.0,882.0
250092041022,439.0,1250.0,811.0
250092042001,26.0,803.0,777.0
250092042002,449.0,1707.0,1258.0
250092042003,581.0,5021.0,4440.0
250092042004,41.0,117.0,76.0
250092042005,80.0,197.0,117.0
250092043001,1960.0,3622.0,1662.0
250092043002,65.0,252.0,187.0
250092043003,1516.0,1465.0,-51.0
250092044001,423.0,588.0,165.0
250092044002,71.0,384.0,313.0
250092044003,287.0,706.0,419.0
250092044004,71.0,251.0,180.0
250092045001,234.0,491.0,257.0
250092045002,1702.0,1410.0,-292.0
250092045003,2144.0,1104.0,-1040.0
250092046001,122.0,1118.0,996.0
250092046002,50.0,1025.0,975.0
250092046003,277.0,273.0,-4.0
250092046004,179.0,544.0,365.0
250092046005,17.0,81.0,64.0
250092047011,632.0,1250.0,618.0
250092047012,4232.0,4008.0,-224.0
250092047013,2278.0,4165.0,1887.0
250092047021,327.0,731.0,404.0
250092047022,384.0,724.0,340.0
250092047023,143.0,246.0,103.0
250092047024,35.0,97.0,62.0
250092051001,66.0,562.0,496.0
250092051002,30.0,520.0,490.0
250092051003,72.0,127.0,55.0
250092051004,17.0,31.0,14.0
250092051005,12.0,20.0,8.0
250092052001,99.0,783.0,684.0
250092052002,81.0,782.0,701.0
250092052003,171.0,182.0,11.0
250092052004,257.0,284.0,27.0
250092052005,556.0,2293.0,1737.0
250092053001,110.0,310.0,200.0
250092053002,90.0,56.0,-34.0
250092053003,35.0,77.0,42.0
250092053004,122.0,313.0,191.0
250092054001,51.0,1152.0,1101.0
250092054002,80.0,173.0,93.0
250092054003,1108.0,1319.0,211.0
250092055001,111.0,509.0,398.0
250092055002,955.0,904.0,-51.0
250092056001,13.0,653.0,640.0
250092056002,22.0,651.0,629.0
250092056003,30.0,274.0,244.0
250092056004,36.0,32.0,-4.0
250092057001,131.0,151.0,20.0
250092057002,11.0,212.0,201.0
250092057003,72.0,252.0,180.0
250092057004,29.0,64.0,35.0
250092057005,35.0,177.0,142.0
250092058001,842.0,2665.0,1823.0
250092058002,64.0,93.0,29.0
250092058003,221.0,5030.0,4809.0
250092059001,92.0,83.0,-9.0
250092059002,37.0,89.0,52.0
250092059003,12.0,114.0,102.0
250092060001,201.0,399.0,198.0
250092060002,201.0,333.0,132.0
250092061001,880.0,3706.0,2826.0
250092061002,35.0,100.0,65.0
250092062001,28.0,186.0,158.0
250092062002,37.0,90.0,53.0
250092062003,326.0,206.0,-120.0
250092063001,66.0,300.0,234.0
250092063002,53.0,984.0,931.0
250092063003,23.0,80.0,57.0
250092063004,24.0,24.0,0.0
250092064001,42.0,140.0,98.0
250092064002,65.0,538.0,473.0
250092064003,22.0,64.0,42.0
250092064004,239.0,272.0,33.0
250092065001,160.0,233.0,73.0
250092065002,38.0,70.0,32.0
250092065003,82.0,155.0,73.0
250092066001,297.0,567.0,270.0
250092066002,39.0,223.0,184.0
250092066003,78.0,134.0,56.0
250092066004,55.0,266.0,211.0
250092067001,81.0,889.0,808.0
250092067002,71.0,308.0,237.0
250092067003,54.0,53.0,-1.0
250092067004,460.0,353.0,-107.0
250092068001,1192.0,2983.0,1791.0
250092068002,2967.0,2445.0,-522.0
250092069001,681.0,1987.0,1306.0
250092069002,374.0,1678.0,1304.0
250092069003,846.0,985.0,139.0
250092070001,3563.0,5561.0,1998.0
250092070002,93.0,514.0,421.0
250092071001,1310.0,835.0,-475.0
250092071002,155.0,125.0,-30.0
250092071003,27.0,39.0,12.0
250092072001,5403.0,6076.0,673.0
250092072002,207.0,493.0,286.0
250092081011,23.0,816.0,793.0
250092081012,248.0,626.0,378.0
250092081013,600.0,234.0,-366.0
250092081014,91.0,654.0,563.0
250092081021,284.0,265.0,-19.0
250092081022,158.0,472.0,314.0
250092081023,78.0,77.0,-1.0
250092081024,193.0,243.0,50.0
250092082001,167.0,1349.0,1182.0
250092082002,60.0,102.0,42.0
250092082003,289.0,1657.0,1368.0
250092082004,620.0,1456.0,836.0
250092083001,833.0,1357.0,524.0
250092083002,52.0,519.0,467.0
250092083003,432.0,234.0,-198.0
250092083004,2386.0,3352.0,966.0
250092084001,1113.0,3471.0,2358.0
250092084002,1464.0,2952.0,1488.0
250092084003,49.0,192.0,143.0
250092084004,2598.0,3582.0,984.0
250092091001,83.0,675.0,592.0
250092091002,286.0,247.0,-39.0
250092091003,121.0,2022.0,1901.0
250092091004,81.0,115.0,34.0
250092091005,4033.0,4415.0,382.0
250092092001,90.0,764.0,674.0
250092092002,720.0,534.0,-186.0
250092092003,110.0,113.0,3.0
250092092004,106.0,155.0,49.0
250092101001,194.0,1550.0,1356.0
250092101002,337.0,885.0,548.0
250092101003,100.0,268.0,168.0
250092101004,44.0,193.0,149.0
250092102001,1421.0,2751.0,1330.0
250092102002,535.0,825.0,290.0
250092102003,43.0,282.0,239.0
250092103001,5989.0,12139.0,6150.0
250092103002,2408.0,4871.0,2463.0
250092103003,2344.0,4058.0,1714.0
250092104001,120.0,872.0,752.0
250092104002,409.0,548.0,139.0
250092104003,753.0,3184.0,2431.0
250092104004,4866.0,12921.0,8055.0
250092105001,402.0,1373.0,971.0
250092105002,115.0,269.0,154.0
250092105003,50.0,349.0,299.0
250092105004,389.0,465.0,76.0
250092106001,783.0,2639.0,1856.0
250092106002,106.0,137.0,31.0
250092106003,34.0,414.0,380.0
250092106004,36.0,65.0,29.0
250092107001,118.0,291.0,173.0
250092107002,691.0,1622.0,931.0
250092107003,145.0,451.0,306.0
250092107004,41.0,139.0,98.0
250092108001,229.0,2134.0,1905.0
250092108002,874.0,1189.0,315.0
250092108003,438.0,700.0,262.0
250092109001,72.0,592.0,520.0
250092109002,32.0,80.0,48.0
250092109003,161.0,409.0,248.0
250092111001,79.0,2280.0,2201.0
250092111002,645.0,3002.0,2357.0
250092111003,241.0,283.0,42.0
250092111004,1748.0,2520.0,772.0
250092112001,364.0,680.0,316.0
250092112002,3853.0,6006.0,2153.0
250092112003,2230.0,2294.0,64.0
250092112004,1219.0,2653.0,1434.0
250092113001,2059.0,1828.0,-231.0
250092113002,123.0,1165.0,1042.0
250092113003,854.0,1094.0,240.0
250092114011,6643.0,12258.0,5615.0
250092114021,538.0,646.0,108.0
250092114022,4910.0,6468.0,1558.0
250092114023,1306.0,588.0,-718.0
250092114024,73.0,47.0,-26.0
250092121001,443.0,3540.0,3097.0
250092121002,519.0,648.0,129.0
250092121003,2127.0,3720.0,1593.0
250092121004,1998.0,3403.0,1405.0
250092131001,369.0,711.0,342.0
250092131002,387.0,334.0,-53.0
250092131003,176.0,510.0,334.0
250092131004,36.0,400.0,364.0
250092131005,247.0,200.0,-47.0
250092141001,712.0,2811.0,2099.0
250092141002,1355.0,1393.0,38.0
250092141003,410.0,1306.0,896.0
250092141004,99.0,200.0,101.0
250092151011,91.0,331.0,240.0
250092151012,630.0,1941.0,1311.0
250092151013,241.0,503.0,262.0
250092151021,40.0,906.0,866.0
250092151022,12.0,102.0,90.0
250092151023,175.0,550.0,375.0
250092151024,302.0,602.0,300.0
250092161001,292.0,1463.0,1171.0
250092161002,84.0,317.0,233.0
250092161003,897.0,1406.0,509.0
250092171001,4502.0,8626.0,4124.0
250092171002,781.0,2466.0,1685.0
250092171003,3936.0,6157.0,2221.0
250092172011,99.0,471.0,372.0
250092172012,220.0,182.0,-38.0
250092172013,195.0,273.0,78.0
250092172021,187.0,182.0,-5.0
250092172022,14.0,175.0,161.0
250092172023,30.0,37.0,7.0
250092172024,26.0,57.0,31.0
250092173001,5748.0,14313.0,8565.0
250092173002,238.0,409.0,171.0
250092173003,733.0,3640.0,2907.0
250092173004,1636.0,1182.0,-454.0
250092173005,558.0,332.0,-226.0
250092174001,355.0,1418.0,1063.0
250092174002,430.0,1141.0,711.0
250092174003,145.0,317.0,172.0
250092174004,1039.0,904.0,-135.0
250092175001,63.0,344.0,281.0
250092175002,123.0,96.0,-27.0
250092175003,29.0,80.0,51.0
250092175004,74.0,174.0,100.0
250092175005,74.0,174.0,100.0
250092175006,976.0,2196.0,1220.0
250092176001,292.0,356.0,64.0
250092176002,119.0,804.0,685.0
250092176003,897.0,1692.0,795.0
250092176004,419.0,779.0,360.0
250092176005,1525.0,1025.0,-500.0
250092181001,81.0,1731.0,1650.0
250092181002,238.0,1121.0,883.0
250092181003,611.0,1020.0,409.0
250092181004,90.0,273.0,183.0
250092181005,635.0,519.0,-116.0
250092201011,39.0,632.0,593.0
250092201012,253.0,2087.0,1834.0
250092201013,215.0,652.0,437.0
250092201014,249.0,731.0,482.0
250092201021,143.0,453.0,310.0
250092201022,131.0,420.0,289.0
250092211001,35.0,633.0,598.0
250092211002,88.0,769.0,681.0
250092211003,81.0,362.0,281.0
250092213001,249.0,1240.0,991.0
250092213002,68.0,301.0,233.0
250092213003,65.0,1317.0,1252.0
250092213004,2584.0,5058.0,2474.0
250092214001,76.0,1012.0,936.0
250092214002,1054.0,915.0,-139.0
250092214003,431.0,403.0,-28.0
250092215001,649.0,2655.0,2006.0
250092215002,2219.0,5485.0,3266.0
250092216001,241.0,1292.0,1051.0
250092216002,172.0,1143.0,971.0
250092216003,86.0,319.0,233.0
250092217001,74.0,245.0,171.0
250092217002,400.0,783.0,383.0
250092218001,33.0,93.0,60.0
250092218002,700.0,555.0,-145.0
250092219011,512.0,1897.0,1385.0
250092219012,120.0,327.0,207.0
250092219021,160.0,486.0,326.0
250092219022,190.0,1120.0,930.0
250092221001,404.0,2289.0,1885.0
250092221002,671.0,871.0,200.0
250092221003,288.0,370.0,82.0
250092231001,1059.0,1814.0,755.0
250092231002,393.0,2158.0,1765.0
250092232001,2076.0,3875.0,1799.0
250092232002,105.0,679.0,574.0
250092232003,29.0,305.0,276.0
250092233001,841.0,2182.0,1341.0
250092233002,691.0,869.0,178.0
250092233003,212.0,227.0,15.0
250092501001,7236.0,12897.0,5661.0
250092502001,85.0,865.0,780.0
250092502002,43.0,402.0,359.0
250092502003,30.0,56.0,26.0
250092502004,11.0,100.0,89.0
250092503001,1226.0,1917.0,691.0
250092504001,44.0,539.0,495.0
250092504002,185.0,1031.0,846.0
250092504003,83.0,689.0,606.0
250092505001,37.0,554.0,517.0
250092505002,27.0,29.0,2.0
250092505003,185.0,110.0,-75.0
250092506001,64.0,1808.0,1744.0
250092506002,26.0,51.0,25.0
250092506003,55.0,566.0,511.0
250092506004,126.0,87.0,-39.0
250092507001,2071.0,2144.0,73.0
250092507002,40.0,62.0,22.0
250092507003,56.0,175.0,119.0
250092508001,70.0,332.0,262.0
250092508002,136.0,181.0,45.0
250092508003,804.0,2053.0,1249.0
250092508004,18.0,371.0,353.0
250092508005,18.0,54.0,36.0
250092509001,34.0,787.0,753.0
250092509002,67.0,147.0,80.0
250092510001,269.0,361.0,92.0
250092511001,626.0,1138.0,512.0
250092511002,56.0,116.0,60.0
250092511003,60.0,188.0,128.0
250092512001,429.0,594.0,165.0
250092513001,194.0,925.0,731.0
250092513002,738.0,464.0,-274.0
250092513003,96.0,137.0,41.0
250092514001,178.0,296.0,118.0
250092514002,54.0,450.0,396.0
250092514003,25.0,66.0,41.0
250092514004,35.0,107.0,72.0
250092515001,296.0,1675.0,1379.0
250092515002,223.0,928.0,705.0
250092515003,173.0,266.0,93.0
250092515004,25.0,112.0,87.0
250092515005,1178.0,2258.0,1080.0
250092516001,3226.0,5341.0,2115.0
250092516002,50.0,166.0,116.0
250092516003,723.0,1449.0,726.0
250092516004,1799.0,1715.0,-84.0
250092517001,127.0,1036.0,909.0
250092517002,740.0,2349.0,1609.0
250092517003,39.0,158.0,119.0
250092517004,1928.0,795.0,-1133.0
250092518001,16.0,1238.0,1222.0
250092518002,62.0,632.0,570.0
250092518003,192.0,249.0,57.0
250092518004,2282.0,1787.0,-495.0
250092521011,171.0,2934.0,2763.0
250092521012,50.0,88.0,38.0
250092521013,1113.0,720.0,-393.0
250092521021,296.0,2238.0,1942.0
250092521022,64.0,896.0,832.0
250092521023,1082.0,1044.0,-38.0
250092522011,600.0,1241.0,641.0
250092522012,362.0,1507.0,1145.0
250092522021,461.0,352.0,-109.0
250092522022,74.0,243.0,169.0
250092523001,186.0,1874.0,1688.0
250092523002,976.0,1252.0,276.0
250092523003,44.0,174.0,130.0
250092523004,70.0,94.0,24.0
250092523005,114.0,411.0,297.0
250092523006,2146.0,1501.0,-645.0
250092524001,42.0,849.0,807.0
250092524002,126.0,120.0,-6.0
250092524003,520.0,759.0,239.0
250092525011,129.0,2473.0,2344.0
250092525012,216.0,250.0,34.0
250092525013,257.0,163.0,-94.0
250092525021,312.0,1943.0,1631.0
250092525022,275.0,331.0,56.0
250092525023,1865.0,4428.0,2563.0
250092525024,1189.0,196.0,-993.0
250092526011,710.0,1397.0,687.0
250092526012,165.0,510.0,345.0
250092526013,896.0,376.0,-520.0
250092526014,109.0,194.0,85.0
250092526021,1250.0,2625.0,1375.0
250092526022,175.0,788.0,613.0
250092526023,5.0,68.0,63.0
250092526024,274.0,1321.0,1047.0
250092526031,146.0,359.0,213.0
250092531001,421.0,2744.0,2323.0
250092531002,182.0,1252.0,1070.0
250092531003,236.0,1555.0,1319.0
250092531004,472.0,1847.0,1375.0
250092531005,329.0,267.0,-62.0
250092532011,4103.0,8206.0,4103.0
250092532012,335.0,682.0,347.0
250092532021,216.0,1826.0,1610.0
250092532022,413.0,3200.0,2787.0
250092532023,816.0,2859.0,2043.0
250092532024,1540.0,2363.0,823.0
250092532031,146.0,1556.0,1410.0
250092532032,306.0,682.0,376.0
250092532033,1158.0,1942.0,784.0
250092532041,195.0,2601.0,2406.0
250092532042,567.0,2971.0,2404.0
250092532043,2711.0,2655.0,-56.0
250092532051,112.0,731.0,619.0
250092532052,44.0,81.0,37.0
250092541001,259.0,1070.0,811.0
250092541002,594.0,675.0,81.0
250092541003,281.0,1665.0,1384.0
250092541004,90.0,861.0,771.0
250092541005,2878.0,4318.0,1440.0
250092542001,2273.0,4385.0,2112.0
250092542002,1332.0,3238.0,1906.0
250092542003,1542.0,3473.0,1931.0
250092543011,1300.0,5847.0,4547.0
250092543012,4006.0,3937.0,-69.0
250092543021,54.0,813.0,759.0
250092543022,143.0,421.0,278.0
250092543023,96.0,316.0,220.0
250092544011,290.0,2460.0,2170.0
250092544021,8072.0,10882.0,2810.0
250092544022,437.0,395.0,-42.0
250092544023,7655.0,6880.0,-775.0
250092544024,4391.0,7199.0,2808.0
250092544031,2262.0,2134.0,-128.0
250092544032,168.0,706.0,538.0
250092601001,408.0,3151.0,2743.0
250092601002,1280.0,3015.0,1735.0
250092601003,1262.0,2574.0,1312.0
250092602001,367.0,2244.0,1877.0
250092602002,1149.0,1985.0,836.0
250092603011,130.0,1899.0,1769.0
250092603012,225.0,1174.0,949.0
250092603013,936.0,458.0,-478.0
250092603021,69.0,755.0,686.0
250092603022,1256.0,2236.0,980.0
250092604011,310.0,843.0,533.0
250092604012,592.0,1688.0,1096.0
250092604013,410.0,467.0,57.0
250092604014,66.0,171.0,105.0
250092604021,218.0,534.0,316.0
250092604022,1212.0,1674.0,462.0
250092604023,85.0,163.0,78.0
250092605001,53.0,862.0,809.0
250092605002,154.0,139.0,-15.0
250092605003,321.0,396.0,75.0
250092606001,177.0,299.0,122.0
250092606002,60.0,256.0,196.0
250092606003,362.0,298.0,-64.0
250092607001,182.0,1510.0,1328.0
250092607002,249.0,551.0,302.0
250092608001,274.0,1171.0,897.0
250092608002,292.0,1223.0,931.0
250092609001,494.0,507.0,13.0
250092609002,13.0,638.0,625.0
250092609003,194.0,337.0,143.0
250092609004,687.0,1031.0,344.0
250092610001,405.0,757.0,352.0
250092610002,315.0,982.0,667.0
250092610003,298.0,902.0,604.0
250092611011,121.0,963.0,842.0
250092611012,144.0,405.0,261.0
250092611013,167.0,248.0,81.0
250092611021,2911.0,5308.0,2397.0
250092611022,1456.0,1160.0,-296.0
250092611023,161.0,493.0,332.0
250092621001,132.0,218.0,86.0
250092621002,466.0,1322.0,856.0
250092621003,223.0,143.0,-80.0
250092631001,341.0,542.0,201.0
250092631002,55.0,312.0,257.0
250092631003,387.0,717.0,330.0
250092641001,162.0,774.0,612.0
250092641002,781.0,726.0,-55.0
250092641003,288.0,448.0,160.0
250092651011,143.0,756.0,613.0
250092651012,847.0,2150.0,1303.0
250092651013,26.0,753.0,727.0
250092651014,262.0,363.0,101.0
250092651021,29.0,117.0,88.0
250092651022,1460.0,1610.0,150.0
250092661001,16.0,1385.0,1369.0
250092661002,358.0,1601.0,1243.0
250092661003,245.0,301.0,56.0
250092661004,441.0,376.0,-65.0
250092661005,816.0,880.0,64.0
250092662001,132.0,1103.0,971.0
250092662002,301.0,470.0,169.0
250092662003,78.0,138.0,60.0
250092663001,433.0,1557.0,1124.0
250092663002,404.0,577.0,173.0
250092663003,669.0,1653.0,984.0
250092664001,163.0,884.0,721.0
250092664002,650.0,507.0,-143.0
250092664003,176.0,173.0,-3.0
250092664004,16.0,65.0,49.0
250092671011,79.0,461.0,382.0
250092671012,224.0,265.0,41.0
250092671013,387.0,1204.0,817.0
250092671021,568.0,1422.0,854.0
250092671022,312.0,1414.0,1102.0
250092671023,1858.0,2102.0,244.0
250092671024,58.0,143.0,85.0
250092681001,10.0,402.0,392.0
250092681002,234.0,214.0,-20.0
250092682001,97.0,4521.0,4424.0
250092682002,468.0,2123.0,1655.0
250092682003,92.0,216.0,124.0
250092682004,4910.0,8040.0,3130.0
250092683001,2577.0,3667.0,1090.0
250092683002,145.0,366.0,221.0
250092683003,1389.0,1127.0,-262.0
250092683004,314.0,1868.0,1554.0
250092684001,90.0,834.0,744.0
250092684002,52.0,347.0,295.0
250092684003,505.0,325.0,-180.0
250092684004,294.0,314.0,20.0
250092691001,69.0,312.0,243.0
250092691002,102.0,827.0,725.0
250092691003,255.0,788.0,533.0
250092691004,693.0,1121.0,428.0
250092691005,408.0,620.0,212.0
250092701001,773.0,2449.0,1676.0
250092701002,2135.0,2668.0,533.0
250110401001,342.0,1805.0,1463.0
250110401002,142.0,246.0,104.0
250110401003,122.0,358.0,236.0
250110401004,211.0,180.0,-31.0
250110402001,483.0,316.0,-167.0
250110402002,133.0,466.0,333.0
250110402003,679.0,640.0,-39.0
250110403001,342.0,831.0,489.0
250110403002,130.0,929.0,799.0
250110404001,198.0,234.0,36.0
250110404002,348.0,482.0,134.0
250110404003,114.0,272.0,158.0
250110405011,261.0,952.0,691.0
250110405012,383.0,580.0,197.0
250110405013,25.0,96.0,71.0
250110405014,253.0,350.0,97.0
250110405021,79.0,221.0,142.0
250110405022,264.0,719.0,455.0
250110405023,398.0,726.0,328.0
250110406001,177.0,391.0,214.0
250110406002,132.0,268.0,136.0
250110406003,118.0,261.0,143.0
250110407011,313.0,1213.0,900.0
250110407012,429.0,482.0,53.0
250110407013,557.0,653.0,96.0
250110407014,322.0,483.0,161.0
250110407021,20.0,114.0,94.0
250110407022,758.0,1275.0,517.0
250110407023,40.0,361.0,321.0
250110407024,134.0,846.0,712.0
250110408001,1506.0,2025.0,519.0
250110408002,66.0,174.0,108.0
250110408003,616.0,629.0,13.0
250110408004,308.0,773.0,465.0
250110409001,790.0,2918.0,2128.0
250110409002,2133.0,4121.0,1988.0
250110409003,917.0,1156.0,239.0
250110409004,405.0,526.0,121.0
250110410001,1482.0,2005.0,523.0
250110410002,154.0,662.0,508.0
250110410003,129.0,818.0,689.0
250110411001,66.0,340.0,274.0
250110411002,753.0,1689.0,936.0
250110411003,609.0,1112.0,503.0
250110411004,119.0,359.0,240.0
250110412001,415.0,949.0,534.0
250110412002,165.0,744.0,579.0
250110412003,526.0,719.0,193.0
250110413001,218.0,858.0,640.0
250110413002,266.0,1114.0,848.0
250110413003,1033.0,1346.0,313.0
250110413004,1558.0,1857.0,299.0
250110413005,1358.0,2778.0,1420.0
250110414001,421.0,522.0,101.0
250110414002,524.0,1121.0,597.0
250110415011,131.0,238.0,107.0
250110415012,143.0,196.0,53.0
250110415013,339.0,374.0,35.0
250110415021,288.0,1047.0,759.0
250110415022,243.0,584.0,341.0
250110415023,219.0,195.0,-24.0
250110415024,293.0,423.0,130.0
250138001011,72.0,599.0,527.0
250138001012,22.0,405.0,383.0
250138001013,369.0,700.0,331.0
250138001021,378.0,907.0,529.0
250138001022,290.0,775.0,485.0
250138001023,158.0,705.0,547.0
250138002011,112.0,390.0,278.0
250138002012,322.0,1001.0,679.0
250138002013,2734.0,1875.0,-859.0
250138002014,56.0,388.0,332.0
250138002015,98.0,785.0,687.0
250138002021,8486.0,20264.0,11778.0
250138003001,1256.0,2380.0,1124.0
250138003002,46.0,399.0,353.0
250138003003,25.0,312.0,287.0
250138003004,105.0,887.0,782.0
250138004001,435.0,611.0,176.0
250138004002,117.0,324.0,207.0
250138004003,28.0,128.0,100.0
250138004004,94.0,403.0,309.0
250138004005,206.0,447.0,241.0
250138005001,201.0,1182.0,981.0
250138005002,43.0,857.0,814.0
250138005003,244.0,5125.0,4881.0
250138006001,309.0,1594.0,1285.0
250138006002,71.0,702.0,631.0
250138006003,1155.0,3334.0,2179.0
250138007001,759.0,1268.0,509.0
250138007002,388.0,507.0,119.0
250138008001,84.0,389.0,305.0
250138008002,885.0,2106.0,1221.0
250138009001,3056.0,9870.0,6814.0
250138009002,506.0,1022.0,516.0
250138009003,799.0,1718.0,919.0
250138011011,21347.0,24661.0,3314.0
250138011021,1199.0,2133.0,934.0
250138011022,532.0,4153.0,3621.0
250138012001,536.0,901.0,365.0
250138012002,1869.0,2754.0,885.0
250138012003,470.0,1165.0,695.0
250138013001,183.0,469.0,286.0
250138013002,245.0,939.0,694.0
250138013003,1572.0,1542.0,-30.0
250138013004,438.0,1328.0,890.0
250138014011,1024.0,4801.0,3777.0
250138014012,132.0,1216.0,1084.0
250138014021,66.0,290.0,224.0
250138014022,531.0,1358.0,827.0
250138015011,138.0,1740.0,1602.0
250138015012,27.0,872.0,845.0
250138015013,112.0,1098.0,986.0
250138015014,4228.0,6661.0,2433.0
250138015021,145.0,492.0,347.0
250138015022,343.0,686.0,343.0
250138015023,420.0,675.0,255.0
250138015031,2290.0,4090.0,1800.0
250138015032,739.0,1825.0,1086.0
250138015033,408.0,1066.0,658.0
250138016011,146.0,1149.0,1003.0
250138016012,50.0,644.0,594.0
250138016013,180.0,716.0,536.0
250138016014,744.0,764.0,20.0
250138016021,66.0,793.0,727.0
250138016022,40.0,158.0,118.0
250138016023,1218.0,278.0,-940.0
250138016031,50.0,437.0,387.0
250138016032,642.0,1257.0,615.0
250138016041,58.0,704.0,646.0
250138016042,312.0,542.0,230.0
250138016051,1095.0,2139.0,1044.0
250138016052,371.0,1144.0,773.0
250138016053,331.0,639.0,308.0
250138017001,43.0,359.0,316.0
250138017002,1359.0,929.0,-430.0
250138017003,87.0,215.0,128.0
250138017004,658.0,246.0,-412.0
250138017005,76.0,316.0,240.0
250138017006,51.0,149.0,98.0
250138018001,448.0,1210.0,762.0
250138018002,72.0,376.0,304.0
250138018003,324.0,642.0,318.0
250138018004,74.0,408.0,334.0
250138018005,60.0,451.0,391.0
250138019011,588.0,815.0,227.0
250138019012,477.0,896.0,419.0
250138019021,5252.0,1894.0,-3358.0
250138019022,605.0,1904.0,1299.0
250138019023,167.0,743.0,576.0
250138020001,1760.0,2624.0,864.0
250138020002,48.0,186.0,138.0
250138021001,83.0,213.0,130.0
250138021002,110.0,334.0,224.0
250138021003,10.0,188.0,178.0
250138021004,653.0,539.0,-114.0
250138021005,273.0,1804.0,1531.0
250138021006,29.0,204.0,175.0
250138022001,87.0,248.0,161.0
250138022002,73.0,219.0,146.0
250138022003,341.0,424.0,83.0
250138023001,87.0,623.0,536.0
250138023002,142.0,478.0,336.0
250138023003,102.0,479.0,377.0
250138023004,25.0,214.0,189.0
250138023005,110.0,332.0,222.0
250138024001,5.0,215.0,210.0
250138024002,2.0,136.0,134.0
250138024003,87.0,518.0,431.0
250138024004,222.0,474.0,252.0
250138025001,2.0,227.0,225.0
250138025002,22.0,252.0,230.0
250138025003,54.0,234.0,180.0
250138025004,22.0,270.0,248.0
250138025005,286.0,454.0,168.0
250138025006,67.0,283.0,216.0
250138026011,122.0,190.0,68.0
250138026012,56.0,275.0,219.0
250138026013,107.0,196.0,89.0
250138026014,258.0,466.0,208.0
250138026015,35.0,249.0,214.0
250138026016,55.0,501.0,446.0
250138026021,37.0,513.0,476.0
250138101001,175.0,2736.0,2561.0
250138101002,734.0,985.0,251.0
250138101003,1995.0,2062.0,67.0
250138101004,351.0,785.0,434.0
250138102001,351.0,810.0,459.0
250138102002,352.0,875.0,523.0
250138102003,36.0,688.0,652.0
250138103001,279.0,397.0,118.0
250138103002,454.0,1132.0,678.0
250138104031,346.0,1280.0,934.0
250138104032,229.0,916.0,687.0
250138104033,1001.0,1194.0,193.0
250138104041,122.0,998.0,876.0
250138104042,387.0,739.0,352.0
250138104121,908.0,1263.0,355.0
250138104122,86.0,467.0,381.0
250138104123,231.0,568.0,337.0
250138104141,2886.0,2581.0,-305.0
250138104142,666.0,1352.0,686.0
250138104143,226.0,2086.0,1860.0
250138106011,728.0,1661.0,933.0
250138106012,4363.0,5531.0,1168.0
250138106013,158.0,808.0,650.0
250138106021,1597.0,4223.0,2626.0
250138107001,222.0,757.0,535.0
250138107002,62.0,203.0,141.0
250138107003,43.0,234.0,191.0
250138107004,38.0,211.0,173.0
250138107005,1019.0,913.0,-106.0
250138108001,512.0,1074.0,562.0
250138108002,920.0,1648.0,728.0
250138108003,153.0,1130.0,977.0
250138109011,1088.0,2674.0,1586.0
250138109021,693.0,402.0,-291.0
250138109022,34.0,134.0,100.0
250138109023,454.0,1294.0,840.0
250138109024,68.0,272.0,204.0
250138110001,150.0,241.0,91.0
250138110002,98.0,122.0,24.0
250138110003,44.0,406.0,362.0
250138110004,159.0,318.0,159.0
250138110005,87.0,285.0,198.0
250138111011,110.0,513.0,403.0
250138111012,669.0,1368.0,699.0
250138111013,229.0,469.0,240.0
250138111014,188.0,412.0,224.0
250138111021,110.0,321.0,211.0
250138111022,1106.0,1108.0,2.0
250138111023,157.0,920.0,763.0
250138111024,37.0,215.0,178.0
250138112001,347.0,566.0,219.0
250138112002,56.0,528.0,472.0
250138112003,135.0,231.0,96.0
250138112004,68.0,235.0,167.0
250138113011,139.0,377.0,238.0
250138113012,339.0,627.0,288.0
250138113013,397.0,778.0,381.0
250138113014,93.0,522.0,429.0
250138113021,96.0,1982.0,1886.0
250138113022,321.0,1673.0,1352.0
250138113023,466.0,443.0,-23.0
250138113024,858.0,761.0,-97.0
250138113025,740.0,1261.0,521.0
250138114001,1382.0,1899.0,517.0
250138114002,113.0,524.0,411.0
250138115001,323.0,968.0,645.0
250138115002,786.0,1753.0,967.0
250138116001,67.0,141.0,74.0
250138116002,907.0,1605.0,698.0
250138116003,69.0,339.0,270.0
250138116004,178.0,271.0,93.0
250138117001,90.0,1475.0,1385.0
250138117002,785.0,1419.0,634.0
250138117003,2725.0,2859.0,134.0
250138118001,205.0,187.0,-18.0
250138118002,148.0,257.0,109.0
250138118003,148.0,366.0,218.0
250138118004,101.0,262.0,161.0
250138118005,206.0,472.0,266.0
250138119001,157.0,943.0,786.0
250138119002,25.0,187.0,162.0
250138119003,91.0,164.0,73.0
250138120011,343.0,403.0,60.0
250138120012,303.0,290.0,-13.0
250138120013,197.0,417.0,220.0
250138120014,143.0,449.0,306.0
250138120021,386.0,1043.0,657.0
250138120022,474.0,1711.0,1237.0
250138120023,29.0,245.0,216.0
250138120024,1837.0,1526.0,-311.0
250138121011,60.0,301.0,241.0
250138121012,1130.0,2451.0,1321.0
250138121013,501.0,463.0,-38.0
250138121014,1363.0,2774.0,1411.0
250138121031,564.0,2900.0,2336.0
250138121032,5012.0,9483.0,4471.0
250138121041,344.0,1926.0,1582.0
250138121042,291.0,687.0,396.0
250138121043,224.0,412.0,188.0
250138121044,903.0,1128.0,225.0
250138122011,505.0,1709.0,1204.0
250138122012,2002.0,1402.0,-600.0
250138122013,3544.0,5002.0,1458.0
250138122021,3787.0,6098.0,2311.0
250138122022,459.0,1888.0,1429.0
250138122023,902.0,2952.0,2050.0
250138123001,2343.0,5016.0,2673.0
250138123002,301.0,1182.0,881.0
250138123003,860.0,1108.0,248.0
250138123004,2172.0,3760.0,1588.0
250138124011,23.0,159.0,136.0
250138124012,113.0,427.0,314.0
250138124013,75.0,187.0,112.0
250138124014,55.0,270.0,215.0
250138124031,79.0,413.0,334.0
250138124032,323.0,374.0,51.0
250138124033,152.0,272.0,120.0
250138124034,42.0,189.0,147.0
250138124041,43.0,981.0,938.0
250138124042,39.0,489.0,450.0
250138125001,253.0,1018.0,765.0
250138125002,2257.0,4584.0,2327.0
250138125003,727.0,923.0,196.0
250138125004,90.0,595.0,505.0
250138125005,1588.0,3256.0,1668.0
250138126001,179.0,578.0,399.0
250138126002,863.0,970.0,107.0
250138126003,1185.0,1459.0,274.0
250138126004,203.0,794.0,591.0
250138127011,207.0,806.0,599.0
250138127012,80.0,641.0,561.0
250138127013,683.0,1429.0,746.0
250138127021,493.0,1902.0,1409.0
250138127022,1884.0,2174.0,290.0
250138127023,685.0,1542.0,857.0
250138128001,1132.0,1176.0,44.0
250138128002,101.0,459.0,358.0
250138128003,2801.0,3441.0,640.0
250138128004,95.0,2433.0,2338.0
250138129011,397.0,844.0,447.0
250138129012,26.0,308.0,282.0
250138129013,10.0,351.0,341.0
250138129021,95.0,281.0,186.0
250138129022,114.0,778.0,664.0
250138129023,68.0,340.0,272.0
250138129031,1058.0,1910.0,852.0
250138130001,31.0,56.0,25.0
250138130002,162.0,330.0,168.0
250138130003,93.0,242.0,149.0
250138130004,107.0,387.0,280.0
250138130005,42.0,71.0,29.0
250138130006,196.0,306.0,110.0
250138131011,467.0,1103.0,636.0
250138131012,161.0,337.0,176.0
250138131013,1171.0,2095.0,924.0
250138131021,532.0,969.0,437.0
250138131022,357.0,854.0,497.0
250138132041,45.0,280.0,235.0
250138132042,182.0,543.0,361.0
250138132051,295.0,1141.0,846.0
250138132052,4210.0,4749.0,539.0
250138132053,121.0,1614.0,1493.0
250138132054,195.0,1934.0,1739.0
250138132061,566.0,803.0,237.0
250138132062,216.0,1284.0,1068.0
250138132063,301.0,500.0,199.0
250138132071,1881.0,2696.0,815.0
250138132072,182.0,439.0,257.0
250138132073,204.0,796.0,592.0
250138132081,102.0,616.0,514.0
250138132082,1568.0,1043.0,-525.0
250138132091,1259.0,2550.0,1291.0
250138132092,127.0,707.0,580.0
250138132093,1095.0,1902.0,807.0
250138133011,198.0,539.0,341.0
250138133012,1430.0,1041.0,-389.0
250138133013,199.0,839.0,640.0
250138133031,349.0,1207.0,858.0
250138133032,1331.0,2171.0,840.0
250138133041,203.0,802.0,599.0
250138133042,73.0,431.0,358.0
250138133043,302.0,533.0,231.0
250138134011,634.0,1309.0,675.0
250138134012,1049.0,1785.0,736.0
250138134013,976.0,1715.0,739.0
250138134014,138.0,530.0,392.0
250138134031,82.0,1846.0,1764.0
250138134032,2559.0,2239.0,-320.0
250138134041,81.0,1069.0,988.0
250138134042,120.0,857.0,737.0
250138134043,2482.0,4011.0,1529.0
250138135001,82.0,290.0,208.0
250138135002,348.0,503.0,155.0
250138135003,277.0,641.0,364.0
250138135004,274.0,452.0,178.0
250138136011,2707.0,2306.0,-401.0
250138136012,475.0,1817.0,1342.0
250138136013,103.0,594.0,491.0
250138136014,808.0,1286.0,478.0
250138136015,1105.0,892.0,-213.0
250138136016,43.0,766.0,723.0
250138136021,20.0,529.0,509.0
250138136022,638.0,1089.0,451.0
250138136023,116.0,261.0,145.0
250138137011,275.0,514.0,239.0
250138137012,543.0,609.0,66.0
250138137021,69.0,514.0,445.0
250138137022,254.0,770.0,516.0
250138137023,237.0,485.0,248.0
250138137024,5.0,66.0,61.0
250138137025,40.0,95.0,55.0
250138138011,194.0,279.0,85.0
250138138012,166.0,162.0,-4.0
250138138013,21.0,100.0,79.0
250138138021,452.0,845.0,393.0
250138138022,71.0,277.0,206.0
250158201011,600.0,1473.0,873.0
250158201012,132.0,540.0,408.0
250158201013,401.0,603.0,202.0
250158201014,232.0,238.0,6.0
250158201021,321.0,1573.0,1252.0
250158201022,571.0,816.0,245.0
250158201023,162.0,443.0,281.0
250158202021,183.0,288.0,105.0
250158202031,1752.0,1698.0,-54.0
250158202032,266.0,1012.0,746.0
250158202033,29.0,482.0,453.0
250158202034,402.0,1040.0,638.0
250158202041,127.0,952.0,825.0
250158202042,438.0,1257.0,819.0
250158203001,283.0,1238.0,955.0
250158203002,71.0,533.0,462.0
250158203003,77.0,2559.0,2482.0
250158203004,2.0,133.0,131.0
250158203005,26.0,115.0,89.0
250158204001,989.0,5724.0,4735.0
250158204002,6.0,4020.0,4014.0
250158205001,327.0,811.0,484.0
250158205002,1285.0,1253.0,-32.0
250158205003,12090.0,1848.0,-10242.0
250158205004,485.0,757.0,272.0
250158205005,1516.0,1385.0,-131.0
250158205006,952.0,2518.0,1566.0
250158206001,362.0,1316.0,954.0
250158207001,377.0,1412.0,1035.0
250158207002,37.0,381.0,344.0
250158207003,384.0,1145.0,761.0
250158208011,226.0,952.0,726.0
250158208012,383.0,1156.0,773.0
250158208013,346.0,484.0,138.0
250158208014,193.0,270.0,77.0
250158208021,751.0,1247.0,496.0
250158209001,21.0,396.0,375.0
250158209002,179.0,366.0,187.0
250158209003,290.0,641.0,351.0
250158209004,365.0,527.0,162.0
250158210001,26.0,219.0,193.0
250158210002,45.0,285.0,240.0
250158210003,229.0,667.0,438.0
250158210004,1221.0,1859.0,638.0
250158211001,68.0,879.0,811.0
250158211002,672.0,395.0,-277.0
250158211003,306.0,645.0,339.0
250158211004,219.0,740.0,521.0
250158211005,31.0,71.0,40.0
250158212001,1741.0,2375.0,634.0
250158213001,264.0,447.0,183.0
250158213002,60.0,401.0,341.0
250158213003,233.0,556.0,323.0
250158214001,959.0,1593.0,634.0
250158214002,93.0,580.0,487.0
250158214003,156.0,2091.0,1935.0
250158214004,4464.0,7573.0,3109.0
250158215001,369.0,514.0,145.0
250158215002,635.0,1647.0,1012.0
250158215003,1140.0,2017.0,877.0
250158216011,698.0,3348.0,2650.0
250158216012,2244.0,3320.0,1076.0
250158216021,2783.0,2094.0,-689.0
250158216022,57.0,1087.0,1030.0
250158216023,764.0,2906.0,2142.0
250158217001,683.0,2698.0,2015.0
250158217002,134.0,287.0,153.0
250158217003,914.0,619.0,-295.0
250158219011,519.0,2708.0,2189.0
250158219012,398.0,536.0,138.0
250158219031,2941.0,3665.0,724.0
250158219033,1179.0,2278.0,1099.0
250158219041,175.0,1654.0,1479.0
250158219042,3121.0,4452.0,1331.0
250158220001,1943.0,1706.0,-237.0
250158222001,432.0,1344.0,912.0
250158222002,56.0,361.0,305.0
250158222003,814.0,1265.0,451.0
250158223001,470.0,1200.0,730.0
250158223002,83.0,309.0,226.0
250158223003,131.0,210.0,79.0
250158223004,64.0,200.0,136.0
250158224011,68.0,434.0,366.0
250158224012,44.0,170.0,126.0
250158224013,48.0,65.0,17.0
250158224014,145.0,456.0,311.0
250158224021,2138.0,3846.0,1708.0
250158224022,1158.0,1017.0,-141.0
250158224023,68.0,479.0,411.0
250158224024,166.0,765.0,599.0
250158225001,149.0,396.0,247.0
250158225002,462.0,571.0,109.0
250158225003,385.0,788.0,403.0
250158225004,165.0,607.0,442.0
250158226011,261.0,675.0,414.0
250158226012,156.0,194.0,38.0
250158226031,359.0,732.0,373.0
250158226051,165.0,252.0,87.0
250158226061,173.0,293.0,120.0
250158226062,193.0,546.0,353.0
250158226063,329.0,479.0,150.0
250158227001,40.0,74.0,34.0
250158227002,213.0,416.0,203.0
250158227003,216.0,655.0,439.0
250173001001,221.0,316.0,95.0
250173001002,180.0,192.0,12.0
250173011011,386.0,860.0,474.0
250173011012,131.0,538.0,407.0
250173011013,400.0,516.0,116.0
250173011021,76.0,334.0,258.0
250173011022,468.0,779.0,311.0
250173011023,626.0,1290.0,664.0
250173101001,2016.0,12571.0,10555.0
250173101002,1460.0,7196.0,5736.0
250173101003,5840.0,6211.0,371.0
250173102001,5.0,615.0,610.0
250173102002,12.0,67.0,55.0
250173102003,161.0,453.0,292.0
250173102004,308.0,334.0,26.0
250173102005,82.0,453.0,371.0
250173103001,91.0,231.0,140.0
250173103002,31.0,243.0,212.0
250173103003,30.0,319.0,289.0
250173103004,27.0,63.0,36.0
250173103005,35.0,72.0,37.0
250173104001,171.0,222.0,51.0
250173104002,62.0,530.0,468.0
250173104003,89.0,209.0,120.0
250173105001,41.0,1846.0,1805.0
250173105002,93.0,393.0,300.0
250173105003,38.0,99.0,61.0
250173106011,630.0,1285.0,655.0
250173106012,530.0,682.0,152.0
250173106013,94.0,447.0,353.0
250173106021,504.0,2625.0,2121.0
250173106022,25.0,233.0,208.0
250173106023,26.0,130.0,104.0
250173106024,3111.0,497.0,-2614.0
250173107001,300.0,1303.0,1003.0
250173107002,201.0,276.0,75.0
250173107003,85.0,207.0,122.0
250173111001,236.0,372.0,136.0
250173111002,583.0,1028.0,445.0
250173112001,306.0,1115.0,809.0
250173112002,186.0,598.0,412.0
250173113001,97.0,119.0,22.0
250173113002,212.0,711.0,499.0
250173113003,115.0,179.0,64.0
250173114001,338.0,502.0,164.0
250173114002,223.0,251.0,28.0
250173114003,1196.0,3571.0,2375.0
250173114004,515.0,513.0,-2.0
250173115001,323.0,540.0,217.0
250173115002,45.0,102.0,57.0
250173115003,19.0,172.0,153.0
250173116001,523.0,1178.0,655.0
250173116002,46.0,277.0,231.0
250173116003,22.0,79.0,57.0
250173116004,4307.0,6348.0,2041.0
250173116005,16.0,193.0,177.0
250173117001,502.0,1654.0,1152.0
250173117002,27.0,61.0,34.0
250173117003,178.0,239.0,61.0
250173117004,84.0,194.0,110.0
250173118001,950.0,1133.0,183.0
250173118002,31.0,113.0,82.0
250173119001,80.0,824.0,744.0
250173119002,333.0,1600.0,1267.0
250173120001,76.0,260.0,184.0
250173120002,97.0,1030.0,933.0
250173121001,40.0,128.0,88.0
250173121002,24.0,148.0,124.0
250173121003,307.0,504.0,197.0
250173122001,522.0,1014.0,492.0
250173122002,10.0,425.0,415.0
250173122003,251.0,370.0,119.0
250173122004,1455.0,1292.0,-163.0
250173123001,15.0,1705.0,1690.0
250173123002,86.0,307.0,221.0
250173123003,1470.0,2633.0,1163.0
250173124001,1858.0,1532.0,-326.0
250173124002,52.0,421.0,369.0
250173125011,39.0,144.0,105.0
250173125012,30.0,537.0,507.0
250173125013,45.0,354.0,309.0
250173125021,63.0,312.0,249.0
250173125022,19.0,270.0,251.0
250173125023,239.0,417.0,178.0
250173131011,2735.0,5675.0,2940.0
250173131012,1021.0,1680.0,659.0
250173131013,17.0,104.0,87.0
250173131021,51.0,276.0,225.0
250173131022,18.0,208.0,190.0
250173131023,340.0,766.0,426.0
250173131024,604.0,497.0,-107.0
250173141011,469.0,1180.0,711.0
250173141012,41.0,126.0,85.0
250173141013,105.0,338.0,233.0
250173141021,212.0,506.0,294.0
250173141022,168.0,1046.0,878.0
250173141023,115.0,165.0,50.0
250173141024,206.0,569.0,363.0
250173141025,151.0,235.0,84.0
250173142001,542.0,1593.0,1051.0
250173142002,197.0,233.0,36.0
250173142003,729.0,913.0,184.0
250173143011,468.0,2222.0,1754.0
250173143012,56.0,608.0,552.0
250173143013,679.0,736.0,57.0
250173143014,14.0,76.0,62.0
250173143015,793.0,302.0,-491.0
250173143021,27.0,203.0,176.0
250173143022,1480.0,904.0,-576.0
250173151001,737.0,3421.0,2684.0
250173151002,5686.0,7939.0,2253.0
250173152001,585.0,2536.0,1951.0
250173152002,1645.0,4469.0,2824.0
250173152003,108.0,964.0,856.0
250173152004,1701.0,2744.0,1043.0
250173154011,848.0,1723.0,875.0
250173154012,2511.0,1952.0,-559.0
250173154021,750.0,2205.0,1455.0
250173154022,1407.0,1566.0,159.0
250173154031,67.0,137.0,70.0
250173154032,239.0,368.0,129.0
250173155001,1042.0,1161.0,119.0
250173155002,82.0,620.0,538.0
250173155003,22.0,137.0,115.0
250173155004,13.0,110.0,97.0
250173155005,28.0,103.0,75.0
250173155006,121.0,382.0,261.0
250173161011,68.0,425.0,357.0
250173161012,27.0,840.0,813.0
250173161013,32.0,186.0,154.0
250173161021,99.0,154.0,55.0
250173161022,1801.0,2587.0,786.0
250173161023,407.0,374.0,-33.0
250173161024,2724.0,4488.0,1764.0
250173162011,709.0,1841.0,1132.0
250173162012,850.0,2020.0,1170.0
250173162013,57.0,269.0,212.0
250173162021,1177.0,3303.0,2126.0
250173162022,411.0,914.0,503.0
250173162023,364.0,365.0,1.0
250173163001,507.0,611.0,104.0
250173163002,16.0,4253.0,4237.0
250173163003,1521.0,1183.0,-338.0
250173163004,1634.0,990.0,-644.0
250173163005,3074.0,4713.0,1639.0
250173163006,1395.0,266.0,-1129.0
250173164001,271.0,333.0,62.0
250173164002,70.0,179.0,109.0
250173164003,60.0,150.0,90.0
250173164004,53.0,501.0,448.0
250173164005,3014.0,5155.0,2141.0
250173164006,29.0,475.0,446.0
250173165001,1027.0,4387.0,3360.0
250173165002,577.0,1962.0,1385.0
250173165003,276.0,1732.0,1456.0
250173165004,462.0,3340.0,2878.0
250173165005,2571.0,2405.0,-166.0
250173171011,552.0,5587.0,5035.0
250173171012,796.0,803.0,7.0
250173171013,89.0,981.0,892.0
250173171014,863.0,703.0,-160.0
250173171021,2693.0,10363.0,7670.0
250173171022,8975.0,8085.0,-890.0
250173171023,105.0,203.0,98.0
250173171031,161.0,282.0,121.0
250173171032,99.0,2483.0,2384.0
250173171033,41.0,119.0,78.0
250173172011,45.0,1230.0,1185.0
250173172012,28.0,101.0,73.0
250173172021,596.0,1436.0,840.0
250173172022,132.0,248.0,116.0
250173172031,604.0,610.0,6.0
250173172032,2037.0,1563.0,-474.0
250173172033,1221.0,3076.0,1855.0
250173173011,2092.0,2716.0,624.0
250173173012,328.0,168.0,-160.0
250173173021,326.0,1560.0,1234.0
250173173022,418.0,370.0,-48.0
250173173023,1054.0,693.0,-361.0
250173181001,331.0,1329.0,998.0
250173181002,28.0,233.0,205.0
250173181003,443.0,568.0,125.0
250173181004,314.0,507.0,193.0
250173182001,184.0,1554.0,1370.0
250173182002,101.0,1762.0,1661.0
250173183001,799.0,458.0,-341.0
250173183002,437.0,1557.0,1120.0
250173183003,26.0,119.0,93.0
250173183004,106.0,891.0,785.0
250173184001,5696.0,10449.0,4753.0
250173184002,3403.0,3565.0,162.0
250173201021,55.0,720.0,665.0
250173201022,6987.0,12323.0,5336.0
250173201023,173.0,509.0,336.0
250173201031,951.0,4235.0,3284.0
250173201041,1033.0,1548.0,515.0
250173201042,1171.0,777.0,-394.0
250173201043,976.0,1189.0,213.0
250173211001,676.0,5397.0,4721.0
250173211002,2885.0,2753.0,-132.0
250173211003,37.0,63.0,26.0
250173212001,846.0,3345.0,2499.0
250173212002,282.0,758.0,476.0
250173212003,248.0,566.0,318.0
250173213001,313.0,1394.0,1081.0
250173213002,1014.0,1389.0,375.0
250173213003,1087.0,2051.0,964.0
250173213004,1154.0,907.0,-247.0
250173213005,79.0,916.0,837.0
250173213006,925.0,1039.0,114.0
250173214001,8482.0,13421.0,4939.0
250173214002,8747.0,15538.0,6791.0
250173215001,2808.0,3705.0,897.0
250173215002,320.0,1144.0,824.0
250173215003,577.0,470.0,-107.0
250173216001,211.0,1104.0,893.0
250173216002,258.0,1282.0,1024.0
250173216003,5.0,198.0,193.0
250173216004,591.0,509.0,-82.0
250173221001,1086.0,2497.0,1411.0
250173221002,133.0,1360.0,1227.0
250173221003,468.0,623.0,155.0
250173221004,19.0,78.0,59.0
250173222001,2125.0,4190.0,2065.0
250173222002,1384.0,995.0,-389.0
250173223001,495.0,702.0,207.0
250173223002,1479.0,2248.0,769.0
250173223003,996.0,1375.0,379.0
250173224001,150.0,454.0,304.0
250173224002,1288.0,2461.0,1173.0
250173224003,22.0,131.0,109.0
250173231001,917.0,1722.0,805.0
250173231002,92.0,904.0,812.0
250173231003,565.0,913.0,348.0
250173231004,595.0,1664.0,1069.0
250173241011,852.0,3824.0,2972.0
250173241012,4525.0,2100.0,-2425.0
250173241013,173.0,383.0,210.0
250173241021,95.0,1644.0,1549.0
250173241022,2112.0,5210.0,3098.0
250173241023,124.0,234.0,110.0
250173251001,949.0,3798.0,2849.0
250173251002,571.0,1691.0,1120.0
250173251003,395.0,1883.0,1488.0
250173251004,461.0,461.0,0.0
250173251005,1647.0,1032.0,-615.0
250173251006,821.0,564.0,-257.0
250173251007,552.0,106.0,-446.0
250173261011,1028.0,3546.0,2518.0
250173261012,1380.0,2770.0,1390.0
250173261021,540.0,1164.0,624.0
250173261022,150.0,431.0,281.0
250173261023,588.0,970.0,382.0
250173271011,496.0,1282.0,786.0
250173271012,58.0,476.0,418.0
250173271021,164.0,470.0,306.0
250173271022,49.0,102.0,53.0
250173271023,268.0,1141.0,873.0
250173271031,79.0,414.0,335.0
250173271032,442.0,497.0,55.0
250173271033,44.0,112.0,68.0
250173281001,127.0,171.0,44.0
250173281002,201.0,422.0,221.0
250173301001,47.0,279.0,232.0
250173301002,712.0,1744.0,1032.0
250173301003,148.0,2297.0,2149.0
250173301004,42.0,104.0,62.0
250173301005,77.0,255.0,178.0
250173302001,1242.0,4093.0,2851.0
250173302002,4262.0,4809.0,547.0
250173302003,518.0,381.0,-137.0
250173302004,1569.0,298.0,-1271.0
250173311011,134.0,3031.0,2897.0
250173311012,8537.0,12712.0,4175.0
250173311021,1257.0,3768.0,2511.0
250173311022,6327.0,14705.0,8378.0
250173311023,1592.0,1636.0,44.0
250173311024,444.0,573.0,129.0
250173312001,1531.0,2468.0,937.0
250173312002,354.0,565.0,211.0
250173313001,54.0,538.0,484.0
250173313002,175.0,589.0,414.0
250173313003,1412.0,1131.0,-281.0
250173321001,58.0,534.0,476.0
250173321002,98.0,959.0,861.0
250173321003,262.0,311.0,49.0
250173321004,449.0,582.0,133.0
250173322001,66.0,1541.0,1475.0
250173322002,955.0,4806.0,3851.0
250173322003,2250.0,1190.0,-1060.0
250173322004,2071.0,4312.0,2241.0
250173323001,86.0,58.0,-28.0
250173323002,247.0,1688.0,1441.0
250173323003,502.0,404.0,-98.0
250173323004,1233.0,2256.0,1023.0
250173323005,5905.0,2912.0,-2993.0
250173324001,5765.0,6007.0,242.0
250173324002,29092.0,39542.0,10450.0
250173331001,1043.0,3290.0,2247.0
250173331002,416.0,711.0,295.0
250173331003,256.0,226.0,-30.0
250173331004,20.0,173.0,153.0
250173331005,144.0,345.0,201.0
250173332001,406.0,1656.0,1250.0
250173332002,293.0,218.0,-75.0
250173332003,473.0,555.0,82.0
250173332004,705.0,400.0,-305.0
250173333001,500.0,2011.0,1511.0
250173333002,1073.0,785.0,-288.0
250173333003,44.0,157.0,113.0
250173334001,4271.0,6552.0,2281.0
250173334002,273.0,3990.0,3717.0
250173334003,605.0,1785.0,1180.0
250173334004,38.0,135.0,97.0
250173334005,1536.0,1643.0,107.0
250173335011,45.0,613.0,568.0
250173335012,618.0,1058.0,440.0
250173335013,10455.0,10221.0,-234.0
250173335021,359.0,600.0,241.0
250173335022,384.0,403.0,19.0
250173336001,3224.0,4401.0,1177.0
250173336002,2175.0,7750.0,5575.0
250173336003,14221.0,17950.0,3729.0
250173336004,72.0,164.0,92.0
250173336005,1040.0,833.0,-207.0
250173336006,137.0,196.0,59.0
250173341001,541.0,2880.0,2339.0
250173341002,58.0,413.0,355.0
250173341003,65.0,263.0,198.0
250173342001,24.0,425.0,401.0
250173342002,623.0,857.0,234.0
250173342003,376.0,765.0,389.0
250173342004,36.0,169.0,133.0
250173343001,111.0,305.0,194.0
250173343002,116.0,402.0,286.0
250173343003,297.0,963.0,666.0
250173343004,1089.0,526.0,-563.0
250173344001,45.0,498.0,453.0
250173344002,378.0,652.0,274.0
250173344003,1022.0,2077.0,1055.0
250173344004,2007.0,881.0,-1126.0
250173344005,838.0,714.0,-124.0
250173351001,198.0,4620.0,4422.0
250173351002,35.0,1439.0,1404.0
250173351003,962.0,2632.0,1670.0
250173351004,1802.0,3340.0,1538.0
250173351005,13.0,183.0,170.0
250173351006,2404.0,4272.0,1868.0
250173352001,21.0,383.0,362.0
250173352002,26.0,124.0,98.0
250173352003,263.0,232.0,-31.0
250173352004,174.0,1259.0,1085.0
250173352005,287.0,517.0,230.0
250173353011,1487.0,3130.0,1643.0
250173353012,568.0,1517.0,949.0
250173353013,130.0,69.0,-61.0
250173353021,5422.0,3429.0,-1993.0
250173353022,266.0,388.0,122.0
250173353023,921.0,1122.0,201.0
250173354001,274.0,473.0,199.0
250173354002,31.0,562.0,531.0
250173354003,354.0,520.0,166.0
250173354004,35.0,173.0,138.0
250173361001,156.0,1281.0,1125.0
250173361002,1058.0,3069.0,2011.0
250173361003,63.0,459.0,396.0
250173361004,36.0,313.0,277.0
250173361005,59.0,172.0,113.0
250173361006,44.0,124.0,80.0
250173362001,5.0,312.0,307.0
250173362002,198.0,290.0,92.0
250173362003,23.0,107.0,84.0
250173362004,1753.0,4126.0,2373.0
250173362005,108.0,132.0,24.0
250173362006,124.0,248.0,124.0
250173362007,69.0,216.0,147.0
250173363001,51.0,507.0,456.0
250173363002,6.0,80.0,74.0
250173363003,18.0,186.0,168.0
250173363004,30.0,131.0,101.0
250173363005,21.0,187.0,166.0
250173363006,27.0,516.0,489.0
250173363007,579.0,615.0,36.0
250173364011,111.0,240.0,129.0
250173364012,250.0,709.0,459.0
250173364013,306.0,846.0,540.0
250173364021,1421.0,964.0,-457.0
250173364022,30.0,169.0,139.0
250173364023,189.0,418.0,229.0
250173364024,18.0,184.0,166.0
250173371011,32.0,1043.0,1011.0
250173371012,330.0,629.0,299.0
250173371021,404.0,1293.0,889.0
250173371022,155.0,574.0,419.0
250173371023,177.0,459.0,282.0
250173372011,375.0,1416.0,1041.0
250173372012,38.0,141.0,103.0
250173372013,211.0,1223.0,1012.0
250173372021,44.0,684.0,640.0
250173372022,50.0,272.0,222.0
250173372023,1235.0,3830.0,2595.0
250173372024,1045.0,965.0,-80.0
250173373001,853.0,2140.0,1287.0
250173373002,914.0,1057.0,143.0
250173373003,551.0,529.0,-22.0
250173373004,379.0,546.0,167.0
250173373005,131.0,191.0,60.0
250173381001,2702.0,3454.0,752.0
250173381002,184.0,500.0,316.0
250173382001,1818.0,6639.0,4821.0
250173382002,854.0,580.0,-274.0
250173383001,32.0,1342.0,1310.0
250173383002,745.0,1167.0,422.0
250173383003,243.0,309.0,66.0
250173384001,314.0,567.0,253.0
250173384002,69.0,231.0,162.0
250173384003,25.0,425.0,400.0
250173384004,118.0,179.0,61.0
250173385001,120.0,782.0,662.0
250173385002,154.0,205.0,51.0
250173385003,150.0,679.0,529.0
250173385004,1171.0,1572.0,401.0
250173391001,634.0,2878.0,2244.0
250173391002,23.0,791.0,768.0
250173391003,1198.0,2031.0,833.0
250173391004,993.0,3915.0,2922.0
250173391005,1483.0,516.0,-967.0
250173392001,23.0,526.0,503.0
250173392002,48.0,178.0,130.0
250173392003,109.0,236.0,127.0
250173392004,227.0,1096.0,869.0
250173392005,86.0,205.0,119.0
250173392006,21.0,101.0,80.0
250173393001,196.0,515.0,319.0
250173393002,39.0,100.0,61.0
250173393003,3989.0,271.0,-3718.0
250173394001,12.0,227.0,215.0
250173394002,35.0,845.0,810.0
250173394003,18.0,113.0,95.0
250173394004,331.0,624.0,293.0
250173395001,158.0,3399.0,3241.0
250173395002,1139.0,1148.0,9.0
250173395003,21.0,71.0,50.0
250173395004,7.0,75.0,68.0
250173396001,61.0,564.0,503.0
250173396002,14.0,102.0,88.0
250173396003,74.0,267.0,193.0
250173396004,59.0,396.0,337.0
250173396005,40.0,230.0,190.0
250173396006,68.0,128.0,60.0
250173397001,1069.0,3313.0,2244.0
250173397002,763.0,905.0,142.0
250173397003,187.0,265.0,78.0
250173397004,26.0,123.0,97.0
250173398011,2921.0,4801.0,1880.0
250173398012,25.0,329.0,304.0
250173398013,266.0,197.0,-69.0
250173398014,407.0,212.0,-195.0
250173398021,3621.0,7710.0,4089.0
250173398022,390.0,609.0,219.0
250173398023,20.0,265.0,245.0
250173399001,103.0,626.0,523.0
250173399002,27.0,249.0,222.0
250173399003,105.0,326.0,221.0
250173399004,53.0,106.0,53.0
250173399005,80.0,223.0,143.0
250173400001,122.0,261.0,139.0
250173400002,12.0,110.0,98.0
250173400003,159.0,332.0,173.0
250173401001,57.0,108.0,51.0
250173401002,24.0,135.0,111.0
250173401003,252.0,508.0,256.0
250173401004,41.0,163.0,122.0
250173401005,7.0,98.0,91.0
250173401006,22.0,133.0,111.0
250173411011,13.0,618.0,605.0
250173411012,156.0,264.0,108.0
250173411013,114.0,91.0,-23.0
250173411021,352.0,778.0,426.0
250173411022,25.0,34.0,9.0
250173411023,70.0,105.0,35.0
250173411024,196.0,129.0,-67.0
250173411025,15.0,64.0,49.0
250173412001,297.0,505.0,208.0
250173412002,86.0,1191.0,1105.0
250173412003,684.0,600.0,-84.0
250173412004,51.0,94.0,43.0
250173412005,80.0,456.0,376.0
250173412006,87.0,120.0,33.0
250173413001,188.0,713.0,525.0
250173413002,4876.0,11863.0,6987.0
250173413003,2279.0,1724.0,-555.0
250173414001,93.0,114.0,21.0
250173414002,13.0,27.0,14.0
250173414003,35.0,142.0,107.0
250173414004,120.0,481.0,361.0
250173414005,1058.0,737.0,-321.0
250173415001,228.0,665.0,437.0
250173415002,75.0,37.0,-38.0
250173415003,70.0,218.0,148.0
250173415004,41.0,206.0,165.0
250173415005,33.0,136.0,103.0
250173416001,22.0,303.0,281.0
250173416002,3.0,63.0,60.0
250173416003,2.0,1677.0,1675.0
250173416004,21.0,106.0,85.0
250173416005,292.0,311.0,19.0
250173416006,23.0,102.0,79.0
250173417001,11.0,395.0,384.0
250173417002,291.0,457.0,166.0
250173417003,6.0,217.0,211.0
250173417004,142.0,161.0,19.0
250173417005,3.0,8.0,5.0
250173418001,44.0,828.0,784.0
250173418002,875.0,2321.0,1446.0
250173418003,40.0,203.0,163.0
250173418004,586.0,476.0,-110.0
250173418005,27.0,105.0,78.0
250173418006,88.0,39.0,-49.0
250173419011,239.0,648.0,409.0
250173419012,61.0,48.0,-13.0
250173419021,39.0,51.0,12.0
250173419022,41.0,303.0,262.0
250173419023,134.0,531.0,397.0
250173419024,55.0,78.0,23.0
250173419025,344.0,708.0,364.0
250173419026,65.0,233.0,168.0
250173421011,327.0,1900.0,1573.0
250173421012,721.0,144.0,-577.0
250173421013,193.0,497.0,304.0
250173421014,6.0,53.0,47.0
250173421021,62.0,721.0,659.0
250173421022,99.0,336.0,237.0
250173421023,33.0,71.0,38.0
250173421024,238.0,590.0,352.0
250173422011,28.0,241.0,213.0
250173422012,127.0,743.0,616.0
250173422021,123.0,436.0,313.0
250173422022,217.0,401.0,184.0
250173423001,12.0,110.0,98.0
250173423002,33.0,73.0,40.0
250173423003,143.0,1095.0,952.0
250173423004,118.0,575.0,457.0
250173424001,416.0,2114.0,1698.0
250173424002,92.0,163.0,71.0
250173424003,2463.0,4463.0,2000.0
250173424004,5373.0,11816.0,6443.0
250173424005,491.0,1588.0,1097.0
250173425001,131.0,977.0,846.0
250173425002,236.0,881.0,645.0
250173425003,917.0,1866.0,949.0
250173426001,9.0,197.0,188.0
250173426002,181.0,274.0,93.0
250173426003,63.0,175.0,112.0
250173501031,3982.0,18844.0,14862.0
250173501032,1212.0,210.0,-1002.0
250173501041,247.0,1306.0,1059.0
250173501042,189.0,939.0,750.0
250173501043,470.0,1364.0,894.0
250173501044,150.0,594.0,444.0
250173502001,32.0,848.0,816.0
250173502002,16.0,101.0,85.0
250173502003,88.0,216.0,128.0
250173502004,93.0,319.0,226.0
250173502005,86.0,411.0,325.0
250173502006,166.0,266.0,100.0
250173503001,301.0,528.0,227.0
250173503002,41.0,1403.0,1362.0
250173503003,169.0,224.0,55.0
250173504001,99.0,1223.0,1124.0
250173504002,122.0,689.0,567.0
250173504003,35.0,129.0,94.0
250173504004,285.0,517.0,232.0
250173504005,43.0,179.0,136.0
250173505001,547.0,1682.0,1135.0
250173505002,188.0,552.0,364.0
250173506001,30.0,166.0,136.0
250173506002,49.0,466.0,417.0
250173506003,24.0,205.0,181.0
250173506004,40.0,83.0,43.0
250173507001,327.0,433.0,106.0
250173507002,78.0,174.0,96.0
250173507003,63.0,99.0,36.0
250173507004,42.0,343.0,301.0
250173507005,49.0,92.0,43.0
250173507006,62.0,175.0,113.0
250173508001,79.0,192.0,113.0
250173508002,500.0,243.0,-257.0
250173509001,183.0,533.0,350.0
250173509002,262.0,267.0,5.0
250173509003,2024.0,3078.0,1054.0
250173510001,67.0,221.0,154.0
250173510002,40.0,756.0,716.0
250173510003,167.0,1715.0,1548.0
250173510004,140.0,265.0,125.0
250173510005,40.0,156.0,116.0
250173510006,52.0,125.0,73.0
250173511001,260.0,663.0,403.0
250173511002,244.0,1632.0,1388.0
250173511003,113.0,705.0,592.0
250173511004,91.0,157.0,66.0
250173511005,2217.0,411.0,-1806.0
250173512031,143.0,551.0,408.0
250173512032,91.0,1332.0,1241.0
250173512033,60.0,244.0,184.0
250173512034,174.0,419.0,245.0
250173512041,758.0,777.0,19.0
250173512042,1357.0,1921.0,564.0
250173512043,269.0,257.0,-12.0
250173513001,102.0,957.0,855.0
250173513002,115.0,392.0,277.0
250173513003,133.0,464.0,331.0
250173514031,152.0,638.0,486.0
250173514032,139.0,616.0,477.0
250173514033,51.0,137.0,86.0
250173514034,79.0,257.0,178.0
250173514035,14.0,92.0,78.0
250173514041,70.0,434.0,364.0
250173514042,24.0,265.0,241.0
250173514043,59.0,120.0,61.0
250173514044,636.0,388.0,-248.0
250173515001,4898.0,12567.0,7669.0
250173515002,1645.0,1810.0,165.0
250173521011,123.0,3582.0,3459.0
250173521012,1349.0,2629.0,1280.0
250173521021,9241.0,14089.0,4848.0
250173521022,786.0,1208.0,422.0
250173522001,1660.0,1184.0,-476.0
250173523001,1397.0,7250.0,5853.0
250173523002,8010.0,13179.0,5169.0
250173524001,1531.0,4991.0,3460.0
250173524002,20064.0,19955.0,-109.0
250173525001,181.0,808.0,627.0
250173525002,124.0,490.0,366.0
250173526001,79.0,1512.0,1433.0
250173526002,2409.0,1917.0,-492.0
250173527001,119.0,921.0,802.0
250173527002,265.0,590.0,325.0
250173527003,286.0,942.0,656.0
250173528001,44.0,95.0,51.0
250173528002,446.0,2274.0,1828.0
250173529001,457.0,1361.0,904.0
250173529002,1397.0,2638.0,1241.0
250173530001,453.0,2922.0,2469.0
250173530002,1070.0,2857.0,1787.0
250173530003,402.0,1306.0,904.0
250173530004,2616.0,4782.0,2166.0
250173531011,3581.0,18075.0,14494.0
250173531012,2031.0,5219.0,3188.0
250173531021,1067.0,2486.0,1419.0
250173531022,14005.0,19112.0,5107.0
250173531023,17.0,86.0,69.0
250173532001,878.0,1428.0,550.0
250173532002,913.0,1531.0,618.0
250173532003,511.0,828.0,317.0
250173533001,65.0,257.0,192.0
250173533002,48.0,243.0,195.0
250173533003,404.0,892.0,488.0
250173534001,646.0,2494.0,1848.0
250173534002,854.0,1149.0,295.0
250173535001,632.0,581.0,-51.0
250173535002,62.0,755.0,693.0
250173536001,146.0,3127.0,2981.0
250173536002,261.0,498.0,237.0
250173536003,9.0,191.0,182.0
250173536004,183.0,255.0,72.0
250173536005,1613.0,5925.0,4312.0
250173537001,1096.0,965.0,-131.0
250173537002,297.0,2124.0,1827.0
250173537003,409.0,3346.0,2937.0
250173537004,16991.0,6609.0,-10382.0
250173537005,162.0,3012.0,2850.0
250173538001,76.0,108.0,32.0
250173538002,509.0,644.0,135.0
250173538003,373.0,1122.0,749.0
250173538004,1022.0,2184.0,1162.0
250173539001,399.0,1182.0,783.0
250173539002,48.0,1493.0,1445.0
250173539003,237.0,553.0,316.0
250173540001,355.0,1194.0,839.0
250173540002,84.0,1791.0,1707.0
250173540003,1229.0,4228.0,2999.0
250173541001,8.0,237.0,229.0
250173541002,39.0,2326.0,2287.0
250173541003,265.0,1352.0,1087.0
250173541004,3165.0,14249.0,11084.0
250173542001,328.0,1241.0,913.0
250173542002,3749.0,3371.0,-378.0
250173542003,171.0,279.0,108.0
250173543001,41.0,595.0,554.0
250173543002,704.0,1298.0,594.0
250173543003,383.0,653.0,270.0
250173544001,77.0,522.0,445.0
250173544002,140.0,355.0,215.0
250173545001,256.0,523.0,267.0
250173545002,135.0,1620.0,1485.0
250173545003,98.0,320.0,222.0
250173546001,412.0,1195.0,783.0
250173546002,67.0,613.0,546.0
250173546003,571.0,490.0,-81.0
250173546004,4816.0,11531.0,6715.0
250173547001,1591.0,3732.0,2141.0
250173547002,95.0,441.0,346.0
250173548001,258.0,5070.0,4812.0
250173548002,72.0,769.0,697.0
250173549001,107.0,453.0,346.0
250173549002,169.0,1801.0,1632.0
250173549003,4075.0,6180.0,2105.0
250173550001,725.0,519.0,-206.0
250173550002,369.0,616.0,247.0
250173550003,487.0,493.0,6.0
250173561001,234.0,725.0,491.0
250173561002,81.0,130.0,49.0
250173561003,6.0,270.0,264.0
250173563001,150.0,939.0,789.0
250173563002,34.0,260.0,226.0
250173563003,30.0,77.0,47.0
250173563004,104.0,115.0,11.0
250173563005,79.0,77.0,-2.0
250173563006,681.0,1251.0,570.0
250173564001,53.0,334.0,281.0
250173564002,202.0,923.0,721.0
250173564003,56.0,197.0,141.0
250173564004,35.0,152.0,117.0
250173564005,28.0,107.0,79.0
250173564006,32.0,171.0,139.0
250173564007,34.0,204.0,170.0
250173564008,18.0,101.0,83.0
250173565001,17.0,373.0,356.0
250173565002,141.0,271.0,130.0
250173565003,542.0,1102.0,560.0
250173565004,20.0,1288.0,1268.0
250173565005,21.0,268.0,247.0
250173565006,593.0,290.0,-303.0
250173566011,728.0,1752.0,1024.0
250173566012,110.0,1170.0,1060.0
250173566013,21.0,160.0,139.0
250173566014,68.0,131.0,63.0
250173566021,444.0,522.0,78.0
250173566022,19.0,147.0,128.0
250173566023,32.0,145.0,113.0
250173566024,569.0,374.0,-195.0
250173567011,297.0,732.0,435.0
250173567012,199.0,233.0,34.0
250173567013,520.0,1370.0,850.0
250173567014,27.0,110.0,83.0
250173567015,168.0,123.0,-45.0
250173567016,135.0,1120.0,985.0
250173567021,197.0,139.0,-58.0
250173567022,16.0,151.0,135.0
250173567023,1475.0,2148.0,673.0
250173567024,23.0,158.0,135.0
250173567025,162.0,250.0,88.0
250173567026,24.0,102.0,78.0
250173567027,1360.0,866.0,-494.0
250173571001,67.0,1668.0,1601.0
250173571002,78.0,250.0,172.0
250173571003,134.0,177.0,43.0
250173571004,218.0,295.0,77.0
250173572001,269.0,943.0,674.0
250173572002,19.0,148.0,129.0
250173572003,27.0,702.0,675.0
250173572004,516.0,884.0,368.0
250173573001,26.0,222.0,196.0
250173573002,147.0,182.0,35.0
250173573003,140.0,141.0,1.0
250173574001,45.0,464.0,419.0
250173574002,104.0,51.0,-53.0
250173574003,287.0,862.0,575.0
250173575001,77.0,188.0,111.0
250173575002,108.0,600.0,492.0
250173575003,24.0,46.0,22.0
250173576001,167.0,614.0,447.0
250173576002,125.0,227.0,102.0
250173577001,2614.0,2968.0,354.0
250173577002,272.0,574.0,302.0
250173577003,621.0,1102.0,481.0
250173577004,177.0,202.0,25.0
250173578001,52.0,35.0,-17.0
250173578002,55.0,85.0,30.0
250173578003,1686.0,1283.0,-403.0
250173578004,80.0,53.0,-27.0
250173581001,71.0,1143.0,1072.0
250173581002,1622.0,1076.0,-546.0
250173581003,485.0,1400.0,915.0
250173581004,35.0,700.0,665.0
250173583001,1356.0,3946.0,2590.0
250173583002,4135.0,2649.0,-1486.0
250173584001,2279.0,6885.0,4606.0
250173584002,378.0,505.0,127.0
250173584003,396.0,814.0,418.0
250173584004,1288.0,3090.0,1802.0
250173585001,166.0,752.0,586.0
250173585002,219.0,351.0,132.0
250173585003,382.0,890.0,508.0
250173586001,54.0,886.0,832.0
250173586002,8251.0,13150.0,4899.0
250173586003,804.0,701.0,-103.0
250173586004,835.0,587.0,-248.0
250173586005,223.0,344.0,121.0
250173586006,47.0,193.0,146.0
250173587001,153.0,596.0,443.0
250173587002,300.0,338.0,38.0
250173587003,111.0,385.0,274.0
250173591001,45.0,453.0,408.0
250173591002,2989.0,4902.0,1913.0
250173591003,3029.0,6391.0,3362.0
250173591004,8458.0,15957.0,7499.0
250173593001,1046.0,829.0,-217.0
250173593002,274.0,950.0,676.0
250173593003,163.0,593.0,430.0
250173593004,893.0,1001.0,108.0
250173593005,1530.0,1311.0,-219.0
250173601001,419.0,2363.0,1944.0
250173602001,243.0,974.0,731.0
250173602002,69.0,334.0,265.0
250173602003,554.0,1530.0,976.0
250173602004,956.0,1368.0,412.0
250173611001,557.0,3807.0,3250.0
250173611002,478.0,3139.0,2661.0
250173611003,2115.0,2509.0,394.0
250173611004,1810.0,1727.0,-83.0
250173611005,422.0,2804.0,2382.0
250173612001,1851.0,6371.0,4520.0
250173612002,262.0,1392.0,1130.0
250173612003,354.0,1128.0,774.0
250173613001,1097.0,3128.0,2031.0
250173613002,618.0,1236.0,618.0
250173613003,1608.0,1914.0,306.0
250173613004,488.0,487.0,-1.0
250173613005,514.0,650.0,136.0
250173621001,383.0,1076.0,693.0
250173621002,395.0,992.0,597.0
250173631021,1784.0,3774.0,1990.0
250173631022,283.0,2103.0,1820.0
250173631023,1923.0,3334.0,1411.0
250173631031,392.0,1093.0,701.0
250173631032,596.0,537.0,-59.0
250173631041,814.0,3631.0,2817.0
250173631042,306.0,521.0,215.0
250173631043,655.0,1278.0,623.0
250173631044,784.0,934.0,150.0
250173632011,307.0,1904.0,1597.0
250173632012,40.0,40.0,0.0
250173632013,188.0,248.0,60.0
250173632021,1427.0,1466.0,39.0
250173632022,219.0,318.0,99.0
250173632023,421.0,560.0,139.0
250173641011,737.0,4462.0,3725.0
250173641012,279.0,1014.0,735.0
250173641013,119.0,442.0,323.0
250173641021,35.0,554.0,519.0
250173641022,47.0,699.0,652.0
250173641023,2208.0,3266.0,1058.0
250173641024,76.0,650.0,574.0
250173651001,113.0,429.0,316.0
250173651002,777.0,372.0,-405.0
250173651003,139.0,90.0,-49.0
250173651004,652.0,1678.0,1026.0
250173652011,1754.0,5140.0,3386.0
250173652012,546.0,2467.0,1921.0
250173652013,50.0,200.0,150.0
250173652014,88.0,176.0,88.0
250173652021,1725.0,4160.0,2435.0
250173652022,29.0,67.0,38.0
250173652023,691.0,512.0,-179.0
250173661001,622.0,1519.0,897.0
250173661002,338.0,447.0,109.0
250173661003,47.0,672.0,625.0
250173661004,49.0,46.0,-3.0
250173661005,180.0,207.0,27.0
250173662011,104.0,536.0,432.0
250173662012,74.0,136.0,62.0
250173662021,1742.0,2170.0,428.0
250173662022,169.0,417.0,248.0
250173662023,413.0,550.0,137.0
250173671001,254.0,806.0,552.0
250173671002,46.0,273.0,227.0
250173671003,58.0,86.0,28.0
250173671004,50.0,89.0,39.0
250173672001,487.0,3742.0,3255.0
250173672002,842.0,920.0,78.0
250173672003,1453.0,2703.0,1250.0
250173672004,58.0,3699.0,3641.0
250173672005,291.0,142.0,-149.0
250173672006,269.0,162.0,-107.0
250173672007,1634.0,1060.0,-574.0
250173681011,284.0,1187.0,903.0
250173681012,683.0,867.0,184.0
250173681013,95.0,154.0,59.0
250173681014,2020.0,4277.0,2257.0
250173681021,68.0,554.0,486.0
250173681022,6499.0,23161.0,16662.0
250173682001,149.0,1499.0,1350.0
250173682002,19.0,119.0,100.0
250173682003,70.0,107.0,37.0
250173682004,27006.0,31469.0,4463.0
250173683001,631.0,4221.0,3590.0
250173683002,204.0,552.0,348.0
250173683003,451.0,2293.0,1842.0
250173683004,1630.0,1555.0,-75.0
250173683005,569.0,1339.0,770.0
250173684001,1257.0,3362.0,2105.0
250173684002,5612.0,17754.0,12142.0
250173684003,1878.0,2039.0,161.0
250173684004,60.0,173.0,113.0
250173684005,29.0,100.0,71.0
250173685001,339.0,1361.0,1022.0
250173685002,278.0,654.0,376.0
250173685003,535.0,597.0,62.0
250173686001,79.0,376.0,297.0
250173686002,32.0,113.0,81.0
250173686003,94.0,127.0,33.0
250173686004,1207.0,773.0,-434.0
250173686005,29.0,102.0,73.0
250173687001,173.0,257.0,84.0
250173687002,1447.0,3810.0,2363.0
250173688001,677.0,1298.0,621.0
250173688002,1696.0,1316.0,-380.0
250173688003,69.0,539.0,470.0
250173688004,238.0,269.0,31.0
250173688005,484.0,456.0,-28.0
250173689011,1820.0,3124.0,1304.0
250173689012,13.0,569.0,556.0
250173689013,1309.0,670.0,-639.0
250173689014,64.0,100.0,36.0
250173689021,158.0,1376.0,1218.0
250173689022,1024.0,852.0,-172.0
250173689023,692.0,595.0,-97.0
250173690001,447.0,3372.0,2925.0
250173691001,438.0,1254.0,816.0
250173691002,563.0,461.0,-102.0
250173691003,47.0,70.0,23.0
250173691004,3032.0,2253.0,-779.0
250173691005,245.0,231.0,-14.0
250173701011,59.0,546.0,487.0
250173701012,52.0,613.0,561.0
250173701013,186.0,737.0,551.0
250173701014,62.0,315.0,253.0
250173701021,1685.0,3342.0,1657.0
250173701022,225.0,2291.0,2066.0
250173701023,1387.0,962.0,-425.0
250173701024,1898.0,3149.0,1251.0
250173701025,1285.0,1176.0,-109.0
250173702011,19.0,852.0,833.0
250173702012,21.0,105.0,84.0
250173702013,87.0,484.0,397.0
250173702021,697.0,207.0,-490.0
250173702022,20.0,424.0,404.0
250173702023,90.0,179.0,89.0
250173702024,46.0,280.0,234.0
250173703001,122.0,3801.0,3679.0
250173703002,8098.0,10078.0,1980.0
250173703003,352.0,2919.0,2567.0
250173703004,112.0,245.0,133.0
250173703005,468.0,506.0,38.0
250173703006,2478.0,2106.0,-372.0
250173703007,52.0,227.0,175.0
250173704001,111.0,2174.0,2063.0
250173704002,958.0,2516.0,1558.0
250173704003,403.0,802.0,399.0
250173704004,685.0,822.0,137.0
250173704005,125.0,222.0,97.0
250173704006,646.0,728.0,82.0
250173731001,20.0,2173.0,2153.0
250173731002,26.0,241.0,215.0
250173731003,656.0,1110.0,454.0
250173731004,208.0,935.0,727.0
250173731005,2429.0,1781.0,-648.0
250173732001,800.0,3162.0,2362.0
250173732002,438.0,450.0,12.0
250173732003,693.0,2498.0,1805.0
250173732004,1736.0,1110.0,-626.0
250173733001,60.0,198.0,138.0
250173733002,3281.0,2248.0,-1033.0
250173733003,1294.0,1469.0,175.0
250173734001,217.0,2013.0,1796.0
250173734002,733.0,2006.0,1273.0
250173735001,60.0,174.0,114.0
250173735002,186.0,751.0,565.0
250173735003,56.0,245.0,189.0
250173735004,182.0,626.0,444.0
250173736001,2660.0,5512.0,2852.0
250173736002,4331.0,5744.0,1413.0
250173736003,628.0,1984.0,1356.0
250173737001,93.0,1062.0,969.0
250173737002,40.0,1375.0,1335.0
250173737003,597.0,962.0,365.0
250173737004,1385.0,919.0,-466.0
250173738001,867.0,4132.0,3265.0
250173738002,433.0,498.0,65.0
250173738003,778.0,1136.0,358.0
250173738004,209.0,1201.0,992.0
250173739001,1539.0,3194.0,1655.0
250173739002,88.0,718.0,630.0
250173739003,105.0,746.0,641.0
250173739004,104.0,261.0,157.0
250173740001,64.0,289.0,225.0
250173740002,5150.0,9844.0,4694.0
250173740003,128.0,349.0,221.0
250173741001,3392.0,6878.0,3486.0
250173741002,790.0,2046.0,1256.0
250173741003,1040.0,897.0,-143.0
250173742001,623.0,398.0,-225.0
250173742002,501.0,969.0,468.0
250173742003,63.0,292.0,229.0
250173743001,116.0,279.0,163.0
250173743002,700.0,1842.0,1142.0
250173743003,3652.0,6108.0,2456.0
250173744001,98.0,228.0,130.0
250173744002,67.0,171.0,104.0
250173744003,55.0,581.0,526.0
250173744004,658.0,896.0,238.0
250173744005,226.0,793.0,567.0
250173745001,329.0,3103.0,2774.0
250173745002,182.0,840.0,658.0
250173745003,311.0,679.0,368.0
250173745004,820.0,877.0,57.0
250173745005,216.0,249.0,33.0
250173746001,40.0,237.0,197.0
250173746002,666.0,1087.0,421.0
250173746003,414.0,368.0,-46.0
250173746004,43.0,219.0,176.0
250173747001,1207.0,2773.0,1566.0
250173747002,562.0,805.0,243.0
250173748001,739.0,2799.0,2060.0
250173748002,5493.0,3828.0,-1665.0
250173748003,497.0,633.0,136.0
250173821001,1133.0,4157.0,3024.0
250173821002,62.0,516.0,454.0
250173821003,651.0,731.0,80.0
250173821004,168.0,3563.0,3395.0
250173821005,1365.0,1863.0,498.0
250173822001,737.0,3159.0,2422.0
250173822002,88.0,261.0,173.0
250173822003,275.0,292.0,17.0
250173822004,3456.0,2389.0,-1067.0
250173823001,963.0,708.0,-255.0
250173823002,926.0,3432.0,2506.0
250173823003,76.0,229.0,153.0
250173823004,369.0,819.0,450.0
250173824001,59.0,248.0,189.0
250173824002,248.0,857.0,609.0
250173824003,219.0,1148.0,929.0
250173825001,1805.0,6555.0,4750.0
250173825002,1564.0,4687.0,3123.0
250173825003,334.0,2102.0,1768.0
250173826011,62.0,549.0,487.0
250173826012,6.0,78.0,72.0
250173826013,591.0,503.0,-88.0
250173826021,179.0,248.0,69.0
250173826022,5952.0,10290.0,4338.0
250173826023,797.0,1072.0,275.0
250173826024,73.0,278.0,205.0
250173831011,1712.0,4416.0,2704.0
250173831012,441.0,1179.0,738.0
250173831021,754.0,1261.0,507.0
250173831022,80.0,189.0,109.0
250173832001,152.0,763.0,611.0
250173832002,36.0,1157.0,1121.0
250173832003,268.0,431.0,163.0
250173832004,339.0,773.0,434.0
250173833001,1451.0,7501.0,6050.0
250173833002,832.0,813.0,-19.0
250173834001,34.0,3088.0,3054.0
250173834002,1944.0,1282.0,-662.0
250173834003,1574.0,2498.0,924.0
250173834004,1660.0,3154.0,1494.0
250173835011,863.0,2808.0,1945.0
250173835012,1153.0,2562.0,1409.0
250173835013,385.0,709.0,324.0
250173835021,1581.0,4093.0,2512.0
250173835022,744.0,3543.0,2799.0
250173836001,5786.0,18633.0,12847.0
250173836002,3363.0,4871.0,1508.0
250173836003,756.0,3869.0,3113.0
250173836004,1700.0,2944.0,1244.0
250173837001,5134.0,2375.0,-2759.0
250173837002,1678.0,1023.0,-655.0
250173837003,1452.0,2414.0,962.0
250173837004,255.0,115.0,-140.0
250173838001,48.0,688.0,640.0
250173838002,151.0,233.0,82.0
250173838003,48.0,177.0,129.0
250173838004,58.0,193.0,135.0
250173838005,34.0,117.0,83.0
250173839011,166.0,280.0,114.0
250173839012,13.0,103.0,90.0
250173839013,275.0,825.0,550.0
250173839014,1402.0,797.0,-605.0
250173839015,11.0,222.0,211.0
250173839016,87.0,322.0,235.0
250173839021,86.0,566.0,480.0
250173839022,162.0,349.0,187.0
250173839023,95.0,365.0,270.0
250173840011,5525.0,11914.0,6389.0
250173840021,4566.0,9624.0,5058.0
250173840022,48.0,577.0,529.0
250173840023,712.0,498.0,-214.0
250173851001,611.0,2560.0,1949.0
250173851002,508.0,2701.0,2193.0
250173851003,632.0,628.0,-4.0
250173852011,329.0,698.0,369.0
250173852012,142.0,44.0,-98.0
250173852021,1132.0,3156.0,2024.0
250173852022,171.0,374.0,203.0
250173852023,1002.0,1063.0,61.0
250173852024,399.0,499.0,100.0
250173861001,171.0,1483.0,1312.0
250173861002,277.0,389.0,112.0
250173861003,137.0,235.0,98.0
250173871001,2261.0,2711.0,450.0
250173871002,1605.0,2798.0,1193.0
250173871003,100.0,213.0,113.0
250173871004,107.0,1352.0,1245.0
250173872011,904.0,1875.0,971.0
250173872012,608.0,1179.0,571.0
250173872013,494.0,271.0,-223.0
250173872014,229.0,386.0,157.0
250173872021,96.0,309.0,213.0
250173872022,137.0,278.0,141.0
250173872023,127.0,354.0,227.0
250173881001,1398.0,2240.0,842.0
250173881002,1023.0,1413.0,390.0
250173881003,1832.0,725.0,-1107.0
250173882001,428.0,104.0,-324.0
250173882002,222.0,2362.0,2140.0
250173882003,1294.0,1890.0,596.0
250173883001,146.0,274.0,128.0
250173883002,1418.0,1355.0,-63.0
250173883003,3970.0,457.0,-3513.0
250173883004,120.0,424.0,304.0
250199501001,860.0,2108.0,1248.0
250199501002,1132.0,3164.0,2032.0
250199502001,806.0,859.0,53.0
250199502002,264.0,513.0,249.0
250199502003,377.0,511.0,134.0
250199502004,257.0,1461.0,1204.0
250199503071,200.0,739.0,539.0
250199504001,553.0,1464.0,911.0
250199504002,668.0,1405.0,737.0
250199505001,326.0,614.0,288.0
250199505002,182.0,778.0,596.0
250214001001,430.0,2051.0,1621.0
250214001002,211.0,1389.0,1178.0
250214001003,405.0,605.0,200.0
250214001004,1119.0,1684.0,565.0
250214002001,488.0,1135.0,647.0
250214002002,1047.0,3558.0,2511.0
250214002003,1237.0,1201.0,-36.0
250214003001,49.0,124.0,75.0
250214003002,358.0,828.0,470.0
250214003003,340.0,920.0,580.0
250214004001,942.0,1152.0,210.0
250214004002,172.0,247.0,75.0
250214004003,599.0,1312.0,713.0
250214005001,432.0,1249.0,817.0
250214005002,298.0,722.0,424.0
250214005003,268.0,238.0,-30.0
250214006001,216.0,386.0,170.0
250214006002,224.0,2009.0,1785.0
250214006003,357.0,766.0,409.0
250214007001,2917.0,2617.0,-300.0
250214007002,601.0,2563.0,1962.0
250214007003,69.0,708.0,639.0
250214008001,38.0,514.0,476.0
250214008002,396.0,1966.0,1570.0
250214008003,884.0,2404.0,1520.0
250214009001,176.0,486.0,310.0
250214009002,1072.0,1156.0,84.0
250214009003,447.0,1596.0,1149.0
250214010001,160.0,851.0,691.0
250214010002,19.0,128.0,109.0
250214010003,619.0,193.0,-426.0
250214011001,450.0,1604.0,1154.0
250214011002,219.0,1922.0,1703.0
250214011003,70.0,356.0,286.0
250214012001,1618.0,3192.0,1574.0
250214012002,468.0,1050.0,582.0
250214012003,74.0,262.0,188.0
250214012004,29.0,376.0,347.0
250214021011,1133.0,1815.0,682.0
250214021012,144.0,509.0,365.0
250214021013,191.0,182.0,-9.0
250214021014,422.0,586.0,164.0
250214021021,12.0,38.0,26.0
250214021022,455.0,1862.0,1407.0
250214021023,510.0,607.0,97.0
250214021024,63.0,106.0,43.0
250214022001,81.0,770.0,689.0
250214022002,189.0,1458.0,1269.0
250214023001,6.0,35.0,29.0
250214023002,230.0,1286.0,1056.0
250214023003,1267.0,1497.0,230.0
250214024001,1976.0,3993.0,2017.0
250214024002,587.0,537.0,-50.0
250214024003,37.0,115.0,78.0
250214024004,7.0,47.0,40.0
250214024005,33.0,220.0,187.0
250214024006,5692.0,7241.0,1549.0
250214025001,3218.0,5429.0,2211.0
250214025002,1901.0,2361.0,460.0
250214031001,1131.0,990.0,-141.0
250214031002,139.0,113.0,-26.0
250214031003,11.0,165.0,154.0
250214031004,56.0,8281.0,8225.0
250214031005,345.0,1280.0,935.0
250214031006,91.0,2503.0,2412.0
250214031007,9.0,125.0,116.0
250214033001,2611.0,2027.0,-584.0
250214033002,126.0,243.0,117.0
250214033003,391.0,1002.0,611.0
250214034001,132.0,1316.0,1184.0
250214034002,456.0,328.0,-128.0
250214034003,64.0,391.0,327.0
250214034004,13.0,187.0,174.0
250214034005,1275.0,671.0,-604.0
250214035001,9094.0,9637.0,543.0
250214035002,2829.0,4128.0,1299.0
250214035003,602.0,1964.0,1362.0
250214041001,5026.0,14633.0,9607.0
250214041002,2067.0,5262.0,3195.0
250214041003,28.0,42.0,14.0
250214042011,17.0,226.0,209.0
250214042012,34.0,117.0,83.0
250214042013,466.0,2613.0,2147.0
250214042014,516.0,707.0,191.0
250214042021,478.0,2518.0,2040.0
250214042022,696.0,1315.0,619.0
250214042023,1716.0,2910.0,1194.0
250214043011,41.0,87.0,46.0
250214043012,26.0,563.0,537.0
250214043013,74.0,119.0,45.0
250214043014,55.0,98.0,43.0
250214043015,271.0,317.0,46.0
250214043021,2227.0,3624.0,1397.0
250214043022,31.0,164.0,133.0
250214043023,444.0,866.0,422.0
250214044001,765.0,3858.0,3093.0
250214044002,409.0,424.0,15.0
250214044003,44.0,359.0,315.0
250214044004,77.0,203.0,126.0
250214044005,2964.0,3902.0,938.0
250214051001,32.0,177.0,145.0
250214051002,272.0,994.0,722.0
250214051003,534.0,732.0,198.0
250214051004,186.0,211.0,25.0
250214061011,1507.0,3629.0,2122.0
250214061012,72.0,932.0,860.0
250214061013,595.0,1081.0,486.0
250214061021,552.0,1116.0,564.0
250214061022,337.0,601.0,264.0
250214061023,103.0,212.0,109.0
250214061024,66.0,283.0,217.0
250214071001,177.0,1980.0,1803.0
250214071002,767.0,1233.0,466.0
250214071003,636.0,1723.0,1087.0
250214071004,192.0,342.0,150.0
250214071005,263.0,565.0,302.0
250214081011,516.0,2155.0,1639.0
250214081012,801.0,1680.0,879.0
250214081013,855.0,2000.0,1145.0
250214081014,18.0,62.0,44.0
250214081021,319.0,360.0,41.0
250214081022,487.0,860.0,373.0
250214081023,524.0,461.0,-63.0
250214081024,104.0,137.0,33.0
250214091011,294.0,1062.0,768.0
250214091012,1270.0,2147.0,877.0
250214091013,1338.0,688.0,-650.0
250214091021,357.0,1461.0,1104.0
250214091022,495.0,423.0,-72.0
250214101001,267.0,1527.0,1260.0
250214101002,3844.0,7076.0,3232.0
250214101003,2869.0,2707.0,-162.0
250214101004,426.0,400.0,-26.0
250214103001,74.0,554.0,480.0
250214103002,2804.0,5199.0,2395.0
250214104001,67.0,523.0,456.0
250214104002,3126.0,1474.0,-1652.0
250214104003,376.0,317.0,-59.0
250214104004,79.0,73.0,-6.0
250214104005,1088.0,502.0,-586.0
250214111001,168.0,4050.0,3882.0
250214111002,1594.0,3372.0,1778.0
250214111003,985.0,437.0,-548.0
250214111004,1144.0,2649.0,1505.0
250214111005,795.0,810.0,15.0
250214112001,1848.0,2825.0,977.0
250214112002,1122.0,1675.0,553.0
250214112003,300.0,809.0,509.0
250214112004,617.0,1092.0,475.0
250214113011,483.0,893.0,410.0
250214113012,310.0,516.0,206.0
250214113013,167.0,340.0,173.0
250214113021,281.0,1751.0,1470.0
250214113022,1024.0,537.0,-487.0
250214113023,1264.0,1768.0,504.0
250214121001,909.0,1885.0,976.0
250214121002,70.0,291.0,221.0
250214121003,267.0,1282.0,1015.0
250214121004,99.0,213.0,114.0
250214122001,733.0,1463.0,730.0
250214122002,1731.0,1834.0,103.0
250214123001,4812.0,7055.0,2243.0
250214123002,165.0,183.0,18.0
250214123003,2172.0,8288.0,6116.0
250214123004,1821.0,919.0,-902.0
250214131001,5235.0,11229.0,5994.0
250214131002,574.0,1821.0,1247.0
250214131003,44.0,172.0,128.0
250214131004,995.0,1022.0,27.0
250214131005,385.0,1256.0,871.0
250214132001,712.0,2122.0,1410.0
250214132002,1375.0,3095.0,1720.0
250214132003,1145.0,862.0,-283.0
250214132004,1049.0,1593.0,544.0
250214133001,110.0,685.0,575.0
250214133002,77.0,1062.0,985.0
250214133003,62.0,206.0,144.0
250214134011,3226.0,7480.0,4254.0
250214134012,417.0,493.0,76.0
250214134013,177.0,740.0,563.0
250214134021,220.0,955.0,735.0
250214134022,118.0,390.0,272.0
250214134023,333.0,309.0,-24.0
250214135001,3913.0,5663.0,1750.0
250214135002,3755.0,9123.0,5368.0
250214135003,281.0,399.0,118.0
250214141001,59.0,2657.0,2598.0
250214141002,66.0,801.0,735.0
250214141003,1742.0,1283.0,-459.0
250214141004,966.0,704.0,-262.0
250214142001,20.0,182.0,162.0
250214142002,67.0,637.0,570.0
250214142003,137.0,316.0,179.0
250214142004,160.0,289.0,129.0
250214143001,937.0,1119.0,182.0
250214143002,303.0,2202.0,1899.0
250214143003,287.0,738.0,451.0
250214151011,936.0,2814.0,1878.0
250214151012,3604.0,7338.0,3734.0
250214151021,155.0,11087.0,10932.0
250214151022,1321.0,1992.0,671.0
250214151023,501.0,2290.0,1789.0
250214151024,981.0,1618.0,637.0
250214151025,1395.0,1769.0,374.0
250214152001,5402.0,10399.0,4997.0
250214152002,3908.0,5541.0,1633.0
250214153001,343.0,1380.0,1037.0
250214153002,5300.0,10673.0,5373.0
250214161011,89.0,470.0,381.0
250214161012,119.0,2483.0,2364.0
250214161013,1705.0,3165.0,1460.0
250214161014,142.0,795.0,653.0
250214161021,1692.0,2167.0,475.0
250214161022,64.0,208.0,144.0
250214162001,33.0,328.0,295.0
250214162002,3.0,7.0,4.0
250214162003,877.0,521.0,-356.0
250214162004,10.0,298.0,288.0
250214162005,4.0,90.0,86.0
250214162006,19.0,86.0,67.0
250214162007,58.0,14.0,-44.0
250214163001,186.0,812.0,626.0
250214163002,32.0,98.0,66.0
250214163003,9.0,112.0,103.0
250214163004,28.0,130.0,102.0
250214163005,213.0,226.0,13.0
250214164001,76.0,836.0,760.0
250214164002,732.0,666.0,-66.0
250214164003,142.0,99.0,-43.0
250214164004,71.0,592.0,521.0
250214164005,20.0,100.0,80.0
250214164006,205.0,409.0,204.0
250214164007,328.0,607.0,279.0
250214171001,143.0,679.0,536.0
250214171002,33.0,67.0,34.0
250214171003,7.0,129.0,122.0
250214171004,72.0,2421.0,2349.0
250214171005,11.0,55.0,44.0
250214172001,13239.0,3699.0,-9540.0
250214172002,620.0,1454.0,834.0
250214172003,213.0,312.0,99.0
250214172004,42.0,99.0,57.0
250214172005,24.0,46.0,22.0
250214172006,14.0,26.0,12.0
250214172007,12.0,39.0,27.0
250214173001,1378.0,3437.0,2059.0
250214173002,718.0,739.0,21.0
250214174001,65.0,78.0,13.0
250214174002,148.0,121.0,-27.0
250214174003,6.0,78.0,72.0
250214175011,25.0,477.0,452.0
250214175012,16.0,81.0,65.0
250214175013,37.0,285.0,248.0
250214175014,119.0,899.0,780.0
250214175021,427.0,537.0,110.0
250214175022,322.0,1075.0,753.0
250214175023,118.0,266.0,148.0
250214175024,88.0,151.0,63.0
250214176011,35.0,499.0,464.0
250214176012,675.0,408.0,-267.0
250214176013,113.0,628.0,515.0
250214176014,338.0,937.0,599.0
250214176021,261.0,2661.0,2400.0
250214176022,185.0,327.0,142.0
250214176023,832.0,1023.0,191.0
250214177011,509.0,904.0,395.0
250214177012,881.0,4482.0,3601.0
250214177013,5809.0,6588.0,779.0
250214177014,4223.0,6467.0,2244.0
250214177021,5.0,119.0,114.0
250214177022,890.0,1629.0,739.0
250214177023,295.0,73.0,-222.0
250214178011,25.0,721.0,696.0
250214178012,40.0,50.0,10.0
250214178013,84.0,136.0,52.0
250214178014,2.0,11.0,9.0
250214178015,91.0,418.0,327.0
250214178021,60.0,205.0,145.0
250214178022,32.0,117.0,85.0
250214179011,316.0,1038.0,722.0
250214179012,343.0,1646.0,1303.0
250214179013,284.0,383.0,99.0
250214179014,222.0,300.0,78.0
250214179015,260.0,284.0,24.0
250214179021,71.0,182.0,111.0
250214179022,470.0,405.0,-65.0
250214179023,101.0,118.0,17.0
250214180021,1117.0,2630.0,1513.0
250214180022,104.0,670.0,566.0
250214180023,110.0,287.0,177.0
250214180024,409.0,408.0,-1.0
250214180025,319.0,188.0,-131.0
250214180031,5262.0,11587.0,6325.0
250214180041,560.0,1443.0,883.0
250214180042,1885.0,2330.0,445.0
250214180043,979.0,1443.0,464.0
250214181011,178.0,536.0,358.0
250214181012,258.0,157.0,-101.0
250214181013,84.0,199.0,115.0
250214181021,92.0,851.0,759.0
250214181022,174.0,248.0,74.0
250214182001,432.0,413.0,-19.0
250214182002,1432.0,2953.0,1521.0
250214182003,847.0,379.0,-468.0
250214182004,508.0,425.0,-83.0
250214191001,13817.0,21427.0,7610.0
250214191002,941.0,1692.0,751.0
250214191003,82.0,428.0,346.0
250214191004,45.0,197.0,152.0
250214192001,306.0,537.0,231.0
250214192002,81.0,575.0,494.0
250214192003,157.0,108.0,-49.0
250214192004,335.0,327.0,-8.0
250214193001,66.0,565.0,499.0
250214193002,6.0,1294.0,1288.0
250214193003,43.0,74.0,31.0
250214193004,78.0,116.0,38.0
250214194001,1152.0,600.0,-552.0
250214194002,176.0,150.0,-26.0
250214194003,164.0,268.0,104.0
250214195001,320.0,672.0,352.0
250214195002,326.0,322.0,-4.0
250214196001,274.0,662.0,388.0
250214196002,155.0,1131.0,976.0
250214196003,756.0,712.0,-44.0
250214196004,781.0,370.0,-411.0
250214197001,338.0,933.0,595.0
250214197002,688.0,3265.0,2577.0
250214198001,3070.0,4668.0,1598.0
250214198002,3573.0,4385.0,812.0
250214198003,2600.0,1889.0,-711.0
250214201001,1743.0,1587.0,-156.0
250214201002,220.0,1327.0,1107.0
250214201003,15.0,567.0,552.0
250214201004,279.0,671.0,392.0
250214201005,61.0,1255.0,1194.0
250214202011,43.0,288.0,245.0
250214202012,426.0,524.0,98.0
250214202021,353.0,713.0,360.0
250214202022,349.0,332.0,-17.0
250214202023,938.0,1698.0,760.0
250214203011,917.0,2156.0,1239.0
250214203012,161.0,280.0,119.0
250214203013,1151.0,2186.0,1035.0
250214203014,446.0,1460.0,1014.0
250214203021,790.0,1350.0,560.0
250214203022,89.0,627.0,538.0
250214203023,105.0,257.0,152.0
250214203024,120.0,297.0,177.0
250214203025,1284.0,979.0,-305.0
250214211001,344.0,2483.0,2139.0
250214211002,15.0,103.0,88.0
250214211003,749.0,747.0,-2.0
250214211004,15.0,76.0,61.0
250214212001,208.0,1650.0,1442.0
250214212002,79.0,140.0,61.0
250214212003,378.0,429.0,51.0
250214212004,1060.0,1073.0,13.0
250214212005,49.0,82.0,33.0
250214221001,132.0,2310.0,2178.0
250214221002,17.0,607.0,590.0
250214221003,628.0,728.0,100.0
250214221004,436.0,1283.0,847.0
250214222001,128.0,352.0,224.0
250214222002,131.0,884.0,753.0
250214222003,30.0,196.0,166.0
250214222004,110.0,724.0,614.0
250214222005,528.0,815.0,287.0
250214222006,4377.0,7375.0,2998.0
250214223011,697.0,1356.0,659.0
250214223012,676.0,2542.0,1866.0
250214223021,27.0,4268.0,4241.0
250214223022,9.0,82.0,73.0
250214223023,48.0,250.0,202.0
250214223024,3858.0,6278.0,2420.0
250214223025,229.0,733.0,504.0
250214224001,184.0,921.0,737.0
250214224002,334.0,1425.0,1091.0
250214224003,203.0,242.0,39.0
250214224004,880.0,2677.0,1797.0
250214224005,1003.0,3331.0,2328.0
250214225011,69.0,450.0,381.0
250214225012,175.0,757.0,582.0
250214225013,11.0,52.0,41.0
250214225014,115.0,326.0,211.0
250214225021,150.0,1492.0,1342.0
250214225022,397.0,632.0,235.0
250214225023,388.0,598.0,210.0
250214225024,339.0,547.0,208.0
250214226001,55.0,105.0,50.0
250214226002,232.0,882.0,650.0
250214226003,99.0,146.0,47.0
250214226004,29.0,143.0,114.0
250214226005,26.0,90.0,64.0
250214226006,29.0,209.0,180.0
250214226007,25.0,114.0,89.0
250214227001,431.0,597.0,166.0
250214227002,74.0,628.0,554.0
250214227003,66.0,111.0,45.0
250214227004,104.0,226.0,122.0
250214228001,125.0,624.0,499.0
250214228002,21.0,453.0,432.0
250214228003,33.0,112.0,79.0
250214228004,116.0,285.0,169.0
250214231001,670.0,1469.0,799.0
250214231002,723.0,3756.0,3033.0
250214231003,275.0,866.0,591.0
250214231004,139.0,434.0,295.0
250214231005,659.0,906.0,247.0
250214231006,359.0,564.0,205.0
250214401001,765.0,851.0,86.0
250214401002,1165.0,1976.0,811.0
250214401003,223.0,443.0,220.0
250214401004,857.0,2441.0,1584.0
250214401005,1921.0,2400.0,479.0
250214412021,221.0,5767.0,5546.0
250214412031,644.0,2899.0,2255.0
250214412032,3925.0,1735.0,-2190.0
250214412041,2017.0,1647.0,-370.0
250214412042,614.0,786.0,172.0
250214421011,431.0,759.0,328.0
250214421012,28.0,615.0,587.0
250214421013,601.0,2855.0,2254.0
250214421014,1020.0,922.0,-98.0
250214421021,2353.0,8650.0,6297.0
250214421022,4787.0,5172.0,385.0
250214421023,46.0,381.0,335.0
250214421024,158.0,152.0,-6.0
250214421031,120.0,128.0,8.0
250214421032,134.0,204.0,70.0
250214421033,28.0,35.0,7.0
250214422011,2402.0,5568.0,3166.0
250214422012,105.0,306.0,201.0
250214422021,2605.0,3913.0,1308.0
250214422022,388.0,770.0,382.0
250214422023,155.0,279.0,124.0
250214422024,583.0,764.0,181.0
250214431011,774.0,2186.0,1412.0
250214431012,922.0,2646.0,1724.0
250214431013,485.0,807.0,322.0
250214431014,2054.0,944.0,-1110.0
250214431021,486.0,1531.0,1045.0
250214431022,454.0,3521.0,3067.0
250214431023,54.0,30.0,-24.0
250214431024,392.0,604.0,212.0
250214431025,465.0,291.0,-174.0
250214561011,676.0,2364.0,1688.0
250214561012,2820.0,3656.0,836.0
250214561021,619.0,1779.0,1160.0
250214561022,103.0,286.0,183.0
250214561023,244.0,268.0,24.0
250214562001,6542.0,10181.0,3639.0
250214562002,1124.0,632.0,-492.0
250214563011,325.0,1456.0,1131.0
250214563012,1094.0,2735.0,1641.0
250214563021,198.0,547.0,349.0
250214563022,194.0,555.0,361.0
250214563023,234.0,291.0,57.0
250214563024,1532.0,1140.0,-392.0
250214564011,522.0,427.0,-95.0
250214564012,42.0,148.0,106.0
250214564021,63.0,208.0,145.0
250214564022,290.0,281.0,-9.0
250214564023,76.0,373.0,297.0
250214564024,61.0,149.0,88.0
250214571001,4118.0,6849.0,2731.0
250214571002,116.0,1868.0,1752.0
250214571003,194.0,1118.0,924.0
250214571004,681.0,529.0,-152.0
250214572001,3037.0,3078.0,41.0
250214572002,54.0,164.0,110.0
250214572003,878.0,734.0,-144.0
250214572004,32.0,207.0,175.0
250214572005,28.0,97.0,69.0
250235001011,100.0,1115.0,1015.0
250235001012,67.0,309.0,242.0
250235001013,234.0,1097.0,863.0
250235001031,299.0,1597.0,1298.0
250235001041,84.0,741.0,657.0
250235001042,130.0,398.0,268.0
250235001043,80.0,141.0,61.0
250235001044,112.0,366.0,254.0
250235011011,169.0,739.0,570.0
250235011012,184.0,2621.0,2437.0
250235011013,1582.0,881.0,-701.0
250235011021,190.0,477.0,287.0
250235011022,1519.0,2907.0,1388.0
250235011023,81.0,186.0,105.0
250235011024,1697.0,7142.0,5445.0
250235012011,97.0,700.0,603.0
250235012012,61.0,245.0,184.0
250235012021,37.0,93.0,56.0
250235012022,53.0,571.0,518.0
250235012023,9807.0,12132.0,2325.0
250235021011,344.0,1590.0,1246.0
250235021012,565.0,1018.0,453.0
250235021013,158.0,1245.0,1087.0
250235021014,770.0,747.0,-23.0
250235021021,114.0,152.0,38.0
250235021022,83.0,597.0,514.0
250235021023,539.0,503.0,-36.0
250235022001,3904.0,6747.0,2843.0
250235022002,706.0,1634.0,928.0
250235022003,410.0,1247.0,837.0
250235022004,1017.0,874.0,-143.0
250235031011,4014.0,6972.0,2958.0
250235031012,248.0,521.0,273.0
250235031013,439.0,546.0,107.0
250235031021,667.0,661.0,-6.0
250235031022,1455.0,2306.0,851.0
250235031023,85.0,50.0,-35.0
250235031024,217.0,131.0,-86.0
250235031025,226.0,83.0,-143.0
250235031026,1012.0,2600.0,1588.0
250235041011,537.0,1103.0,566.0
250235041012,799.0,4094.0,3295.0
250235041013,6855.0,10237.0,3382.0
250235041021,183.0,464.0,281.0
250235041022,29.0,133.0,104.0
250235041023,365.0,897.0,532.0
250235041024,47.0,82.0,35.0
250235051011,88.0,393.0,305.0
250235051012,338.0,1320.0,982.0
250235051013,3.0,16.0,13.0
250235051014,42.0,50.0,8.0
250235051015,134.0,283.0,149.0
250235051021,90.0,775.0,685.0
250235051022,151.0,410.0,259.0
250235051023,56.0,202.0,146.0
250235051024,155.0,840.0,685.0
250235052001,10.0,1558.0,1548.0
250235052002,577.0,772.0,195.0
250235052003,1250.0,703.0,-547.0
250235052004,789.0,1097.0,308.0
250235061011,58.0,527.0,469.0
250235061012,259.0,1022.0,763.0
250235061013,45.0,211.0,166.0
250235061014,261.0,432.0,171.0
250235061021,40.0,452.0,412.0
250235061022,13.0,342.0,329.0
250235061023,100.0,691.0,591.0
250235061024,2827.0,7228.0,4401.0
250235061025,121.0,132.0,11.0
250235062021,860.0,1656.0,796.0
250235062022,31.0,300.0,269.0
250235062031,939.0,1617.0,678.0
250235062032,58.0,629.0,571.0
250235062033,118.0,438.0,320.0
250235062041,57.0,330.0,273.0
250235062042,215.0,896.0,681.0
250235062043,99.0,418.0,319.0
250235071011,88.0,1101.0,1013.0
250235071012,414.0,422.0,8.0
250235071013,177.0,285.0,108.0
250235071031,397.0,1864.0,1467.0
250235071032,23.0,39.0,16.0
250235071033,208.0,1018.0,810.0
250235071034,112.0,102.0,-10.0
250235071041,201.0,689.0,488.0
250235071042,643.0,528.0,-115.0
250235071043,790.0,680.0,-110.0
250235081011,78.0,1280.0,1202.0
250235081012,224.0,1547.0,1323.0
250235081013,1762.0,2473.0,711.0
250235081014,2953.0,2152.0,-801.0
250235081015,193.0,472.0,279.0
250235081021,490.0,838.0,348.0
250235081022,45.0,149.0,104.0
250235081023,78.0,80.0,2.0
250235082001,75.0,89.0,14.0
250235082002,669.0,422.0,-247.0
250235082003,222.0,119.0,-103.0
250235091011,1731.0,6913.0,5182.0
250235091012,95.0,896.0,801.0
250235091013,314.0,1135.0,821.0
250235091014,397.0,822.0,425.0
250235091021,1268.0,2841.0,1573.0
250235091022,572.0,491.0,-81.0
250235091023,295.0,259.0,-36.0
250235091024,184.0,699.0,515.0
250235091025,694.0,644.0,-50.0
250235101001,32.0,422.0,390.0
250235101002,32.0,56.0,24.0
250235101003,13.0,363.0,350.0
250235101004,641.0,350.0,-291.0
250235102001,64.0,993.0,929.0
250235102002,38.0,577.0,539.0
250235102003,1094.0,1534.0,440.0
250235102004,65.0,188.0,123.0
250235103001,210.0,1288.0,1078.0
250235103002,190.0,202.0,12.0
250235103003,342.0,834.0,492.0
250235104001,141.0,594.0,453.0
250235104002,409.0,2047.0,1638.0
250235104003,64.0,84.0,20.0
250235104004,180.0,53.0,-127.0
250235105011,236.0,887.0,651.0
250235105012,602.0,1357.0,755.0
250235105021,29.0,51.0,22.0
250235105022,127.0,105.0,-22.0
250235105023,143.0,670.0,527.0
250235105024,2585.0,3293.0,708.0
250235105025,107.0,769.0,662.0
250235105031,182.0,385.0,203.0
250235105032,1025.0,1345.0,320.0
250235105033,2676.0,5469.0,2793.0
250235106001,722.0,2938.0,2216.0
250235106002,291.0,227.0,-64.0
250235106003,161.0,1103.0,942.0
250235107001,95.0,1649.0,1554.0
250235107002,39.0,687.0,648.0
250235107003,180.0,168.0,-12.0
250235107004,24.0,53.0,29.0
250235107005,96.0,152.0,56.0
250235107006,618.0,1597.0,979.0
250235108001,156.0,61.0,-95.0
250235108002,132.0,155.0,23.0
250235108003,272.0,418.0,146.0
250235108004,22.0,64.0,42.0
250235108005,13.0,49.0,36.0
250235108006,157.0,133.0,-24.0
250235109001,4881.0,3536.0,-1345.0
250235109002,1492.0,3596.0,2104.0
250235109003,480.0,784.0,304.0
250235110001,71.0,313.0,242.0
250235110002,748.0,2452.0,1704.0
250235111001,14.0,2061.0,2047.0
250235111002,2329.0,1972.0,-357.0
250235111003,33.0,273.0,240.0
250235111004,29.0,75.0,46.0
250235111005,5.0,29.0,24.0
250235111006,36.0,97.0,61.0
250235112001,1254.0,2187.0,933.0
250235112002,150.0,134.0,-16.0
250235112003,55.0,92.0,37.0
250235112004,561.0,620.0,59.0
250235112005,154.0,202.0,48.0
250235113011,201.0,1282.0,1081.0
250235113012,16.0,36.0,20.0
250235113013,22.0,71.0,49.0
250235113014,330.0,376.0,46.0
250235113015,196.0,240.0,44.0
250235113021,109.0,418.0,309.0
250235113022,9.0,126.0,117.0
250235113023,21.0,56.0,35.0
250235113024,254.0,113.0,-141.0
250235114001,555.0,294.0,-261.0
250235114002,44.0,113.0,69.0
250235114003,97.0,101.0,4.0
250235114004,28.0,29.0,1.0
250235115001,164.0,484.0,320.0
250235115002,34.0,117.0,83.0
250235115003,29.0,375.0,346.0
250235115004,34.0,59.0,25.0
250235116001,449.0,695.0,246.0
250235116002,477.0,841.0,364.0
250235116003,820.0,1217.0,397.0
250235116004,141.0,1558.0,1417.0
250235116005,24.0,57.0,33.0
250235116006,225.0,228.0,3.0
250235116007,1504.0,877.0,-627.0
250235117011,5.0,667.0,662.0
250235117012,502.0,1145.0,643.0
250235117013,55.0,107.0,52.0
250235117014,11.0,35.0,24.0
250235117015,11.0,47.0,36.0
250235117021,4579.0,6179.0,1600.0
250235117022,2957.0,5312.0,2355.0
250235201001,747.0,1863.0,1116.0
250235201002,760.0,1097.0,337.0
250235201003,341.0,942.0,601.0
250235201004,463.0,858.0,395.0
250235202011,265.0,265.0,0.0
250235202012,696.0,1414.0,718.0
250235202013,245.0,984.0,739.0
250235202021,107.0,161.0,54.0
250235202022,155.0,580.0,425.0
250235202023,570.0,942.0,372.0
250235211011,482.0,2002.0,1520.0
250235211012,199.0,153.0,-46.0
250235211013,151.0,271.0,120.0
250235211014,96.0,126.0,30.0
250235211021,198.0,145.0,-53.0
250235211022,513.0,523.0,10.0
250235212011,206.0,893.0,687.0
250235212012,364.0,620.0,256.0
250235212013,212.0,613.0,401.0
250235212021,672.0,232.0,-440.0
250235212022,22.0,45.0,23.0
250235212023,147.0,137.0,-10.0
250235212024,106.0,210.0,104.0
250235221011,34.0,373.0,339.0
250235221012,259.0,924.0,665.0
250235221013,110.0,279.0,169.0
250235221021,77.0,1015.0,938.0
250235221022,43.0,102.0,59.0
250235221023,399.0,456.0,57.0
250235221024,435.0,1151.0,716.0
250235221025,222.0,388.0,166.0
250235231001,1084.0,2895.0,1811.0
250235231002,396.0,675.0,279.0
250235232011,337.0,993.0,656.0
250235232012,30.0,67.0,37.0
250235232013,294.0,597.0,303.0
250235232021,173.0,283.0,110.0
250235232022,280.0,656.0,376.0
250235232023,181.0,283.0,102.0
250235232024,67.0,173.0,106.0
250235241011,4237.0,5549.0,1312.0
250235241012,176.0,2679.0,2503.0
250235241013,362.0,2808.0,2446.0
250235241021,239.0,1259.0,1020.0
250235241022,616.0,716.0,100.0
250235241023,950.0,2170.0,1220.0
250235251011,201.0,918.0,717.0
250235251012,1376.0,2830.0,1454.0
250235251013,135.0,607.0,472.0
250235251014,1535.0,1217.0,-318.0
250235251041,608.0,1932.0,1324.0
250235251042,462.0,844.0,382.0
250235251043,631.0,3407.0,2776.0
250235251044,95.0,489.0,394.0
250235252031,37.0,99.0,62.0
250235252032,88.0,706.0,618.0
250235252033,360.0,1986.0,1626.0
250235252041,62.0,138.0,76.0
250235252042,138.0,75.0,-63.0
250235253001,1131.0,591.0,-540.0
250235261001,345.0,769.0,424.0
250235261002,116.0,508.0,392.0
250235261003,52.0,394.0,342.0
250235261004,671.0,1359.0,688.0
250235261005,168.0,852.0,684.0
250235301001,93.0,2680.0,2587.0
250235301002,6555.0,7092.0,537.0
250235302001,699.0,1685.0,986.0
250235302002,349.0,844.0,495.0
250235302003,184.0,3094.0,2910.0
250235303001,1442.0,4754.0,3312.0
250235303002,1280.0,1353.0,73.0
250235303003,45.0,79.0,34.0
250235303004,237.0,239.0,2.0
250235304001,260.0,958.0,698.0
250235304002,18.0,68.0,50.0
250235304003,446.0,1213.0,767.0
250235304004,50.0,513.0,463.0
250235305001,1747.0,2601.0,854.0
250235305002,98.0,67.0,-31.0
250235305003,414.0,388.0,-26.0
250235305004,281.0,1103.0,822.0
250235305005,3750.0,5594.0,1844.0
250235306001,2628.0,3529.0,901.0
250235306002,68.0,2373.0,2305.0
250235306003,86.0,981.0,895.0
250235306004,331.0,1564.0,1233.0
250235306005,69.0,162.0,93.0
250235307001,705.0,862.0,157.0
250235307002,839.0,1985.0,1146.0
250235308011,81.0,1154.0,1073.0
250235308012,433.0,665.0,232.0
250235308021,33.0,377.0,344.0
250235308022,44.0,59.0,15.0
250235308023,42.0,382.0,340.0
250235308024,83.0,102.0,19.0
250235308025,110.0,149.0,39.0
250235309011,146.0,1309.0,1163.0
250235309012,38.0,240.0,202.0
250235309013,253.0,721.0,468.0
250235309014,38.0,214.0,176.0
250235309021,476.0,1046.0,570.0
250235309022,108.0,242.0,134.0
250235401011,1387.0,2042.0,655.0
250235401012,359.0,1186.0,827.0
250235401013,450.0,795.0,345.0
250235401021,292.0,424.0,132.0
250235401031,376.0,892.0,516.0
250235401032,586.0,931.0,345.0
250235411001,310.0,612.0,302.0
250235411002,342.0,732.0,390.0
250235411003,378.0,745.0,367.0
250235421011,39.0,1692.0,1653.0
250235421012,595.0,1212.0,617.0
250235421013,106.0,379.0,273.0
250235421014,299.0,351.0,52.0
250235421021,1005.0,2547.0,1542.0
250235422001,2814.0,3365.0,551.0
250235422002,85.0,195.0,110.0
250235422003,509.0,746.0,237.0
250235423001,502.0,830.0,328.0
250235423002,485.0,993.0,508.0
250235423003,222.0,965.0,743.0
250235423004,1482.0,2062.0,580.0
250235423005,719.0,1727.0,1008.0
250235423006,444.0,251.0,-193.0
250235431001,103.0,848.0,745.0
250235431002,1168.0,1007.0,-161.0
250235441001,70.0,628.0,558.0
250235441002,157.0,669.0,512.0
250235441003,662.0,1046.0,384.0
250235441004,147.0,441.0,294.0
250235442001,268.0,1504.0,1236.0
250235442002,289.0,958.0,669.0
250235442003,285.0,452.0,167.0
250235442004,299.0,614.0,315.0
250235451001,1182.0,1531.0,349.0
250235451002,2401.0,3593.0,1192.0
250235451003,340.0,1841.0,1501.0
250235451004,187.0,434.0,247.0
250235452001,87.0,293.0,206.0
250235452002,12.0,303.0,291.0
250235452003,1001.0,1749.0,748.0
250235452004,611.0,2939.0,2328.0
250235453001,128.0,518.0,390.0
250235453002,50.0,244.0,194.0
250235453003,66.0,285.0,219.0
250235453004,440.0,571.0,131.0
250235454001,633.0,2922.0,2289.0
250235454002,999.0,638.0,-361.0
250235454003,52.0,1106.0,1054.0
250235454004,257.0,838.0,581.0
250235454005,20.0,359.0,339.0
250235601001,53.0,272.0,219.0
250235601002,158.0,185.0,27.0
250235601003,30.0,371.0,341.0
250235601004,520.0,446.0,-74.0
250235601005,68.0,748.0,680.0
250235601006,1262.0,1328.0,66.0
250235611001,212.0,943.0,731.0
250235611002,776.0,971.0,195.0
250235611003,41.0,322.0,281.0
250235611004,812.0,1889.0,1077.0
250235611005,363.0,521.0,158.0
250235612001,310.0,1410.0,1100.0
250250001001,6789.0,22827.0,16038.0
250250001002,156.0,1577.0,1421.0
250250001003,87.0,183.0,96.0
250250001004,1553.0,269.0,-1284.0
250250002011,272.0,1249.0,977.0
250250002012,6.0,105.0,99.0
250250002013,302.0,1190.0,888.0
250250002014,60.0,309.0,249.0
250250002021,254.0,1145.0,891.0
250250002022,90.0,623.0,533.0
250250002023,10.0,109.0,99.0
250250002024,84.0,127.0,43.0
250250003011,42.0,180.0,138.0
250250003012,214.0,189.0,-25.0
250250003013,23.0,141.0,118.0
250250003014,129.0,945.0,816.0
250250003021,226.0,461.0,235.0
250250003022,75.0,1043.0,968.0
250250004011,53.0,258.0,205.0
250250004012,27.0,136.0,109.0
250250004013,4.0,788.0,784.0
250250004014,219.0,563.0,344.0
250250004021,16.0,258.0,242.0
250250004022,5.0,759.0,754.0
250250004023,397.0,522.0,125.0
250250005021,631.0,2378.0,1747.0
250250005022,19.0,1140.0,1121.0
250250005023,71.0,328.0,257.0
250250005024,14.0,483.0,469.0
250250005031,4.0,297.0,293.0
250250005032,146.0,353.0,207.0
250250005041,594.0,2002.0,1408.0
250250005042,137.0,493.0,356.0
250250005043,38.0,127.0,89.0
250250005044,27.0,220.0,193.0
250250006011,516.0,2150.0,1634.0
250250006012,401.0,8105.0,7704.0
250250006013,36.0,257.0,221.0
250250006014,82.0,312.0,230.0
250250006021,202.0,551.0,349.0
250250006022,775.0,976.0,201.0
250250006023,4048.0,3619.0,-429.0
250250007011,32.0,156.0,124.0
250250007012,23.0,994.0,971.0
250250007013,14.0,150.0,136.0
250250007014,6.0,333.0,327.0
250250007015,83.0,311.0,228.0
250250007031,583.0,2807.0,2224.0
250250007032,783.0,1091.0,308.0
250250007041,789.0,372.0,-417.0
250250007042,22.0,370.0,348.0
250250007043,148.0,441.0,293.0
250250007044,168.0,198.0,30.0
250250008021,297.0,1982.0,1685.0
250250008022,1554.0,3779.0,2225.0
250250008023,666.0,984.0,318.0
250250008024,493.0,1141.0,648.0
250250008025,897.0,1023.0,126.0
250250008031,489.0,4773.0,4284.0
250250008032,12640.0,4358.0,-8282.0
250250101031,284.0,7301.0,7017.0
250250101032,162.0,1102.0,940.0
250250101033,426.0,2303.0,1877.0
250250101041,753.0,2943.0,2190.0
250250101042,460.0,14064.0,13604.0
250250101043,1119.0,1699.0,580.0
250250102031,48.0,2234.0,2186.0
250250102032,2021.0,6269.0,4248.0
250250102033,221.0,751.0,530.0
250250102034,3318.0,5652.0,2334.0
250250102041,70.0,170.0,100.0
250250102042,116.0,2919.0,2803.0
250250102043,4240.0,1689.0,-2551.0
250250103001,1848.0,5058.0,3210.0
250250103002,17621.0,16985.0,-636.0
250250104031,108.0,667.0,559.0
250250104032,334.0,815.0,481.0
250250104033,728.0,1150.0,422.0
250250104041,919.0,1746.0,827.0
250250104042,512.0,1486.0,974.0
250250104043,443.0,137.0,-306.0
250250104051,1069.0,11892.0,10823.0
250250104052,49.0,635.0,586.0
250250104053,289.0,697.0,408.0
250250104081,25.0,430.0,405.0
250250105001,734.0,7978.0,7244.0
250250105002,279.0,2439.0,2160.0
250250105003,71.0,403.0,332.0
250250106001,29342.0,30851.0,1509.0
250250106002,7666.0,3134.0,-4532.0
250250107011,2654.0,6119.0,3465.0
250250107012,457.0,566.0,109.0
250250107013,2158.0,5759.0,3601.0
250250107021,15572.0,30239.0,14667.0
250250107022,90.0,626.0,536.0
250250107023,1465.0,4088.0,2623.0
250250108011,395.0,891.0,496.0
250250108012,114.0,455.0,341.0
250250108013,203.0,606.0,403.0
250250108021,340.0,440.0,100.0
250250108022,53.0,437.0,384.0
250250108023,97.0,291.0,194.0
250250201011,561.0,2878.0,2317.0
250250201012,383.0,1297.0,914.0
250250201013,392.0,578.0,186.0
250250201014,162.0,637.0,475.0
250250202001,214.0,883.0,669.0
250250202002,116.0,562.0,446.0
250250202003,208.0,685.0,477.0
250250203011,28001.0,31569.0,3568.0
250250203012,317.0,554.0,237.0
250250203021,2077.0,3807.0,1730.0
250250203031,877.0,1509.0,632.0
250250203032,14109.0,28669.0,14560.0
250250203033,129.0,570.0,441.0
250250301001,103.0,506.0,403.0
250250301002,78.0,1105.0,1027.0
250250302001,990.0,1445.0,455.0
250250303001,5305.0,11408.0,6103.0
250250303002,19772.0,29314.0,9542.0
250250303003,35027.0,71894.0,36867.0
250250303004,9767.0,19981.0,10214.0
250250304001,486.0,3538.0,3052.0
250250304002,1392.0,1271.0,-121.0
250250305001,320.0,1474.0,1154.0
250250305002,277.0,922.0,645.0
250250305003,75.0,431.0,356.0
250250401001,281.0,2823.0,2542.0
250250401002,1866.0,6954.0,5088.0
250250402001,55.0,197.0,142.0
250250402002,109.0,459.0,350.0
250250403001,7.0,998.0,991.0
250250403002,549.0,515.0,-34.0
250250403003,50.0,179.0,129.0
250250403004,108.0,330.0,222.0
250250403005,23.0,262.0,239.0
250250404011,212.0,755.0,543.0
250250404012,551.0,2614.0,2063.0
250250406001,6271.0,12422.0,6151.0
250250406002,81.0,328.0,247.0
250250408011,22.0,170.0,148.0
250250408012,669.0,574.0,-95.0
250250408013,7524.0,10943.0,3419.0
250250501011,55.0,899.0,844.0
250250501012,210.0,390.0,180.0
250250501013,39.0,165.0,126.0
250250502001,108.0,2045.0,1937.0
250250502002,344.0,391.0,47.0
250250502003,23.0,50.0,27.0
250250502004,41.0,513.0,472.0
250250503001,557.0,1211.0,654.0
250250503002,69.0,261.0,192.0
250250504001,183.0,1301.0,1118.0
250250504002,129.0,494.0,365.0
250250505001,265.0,808.0,543.0
250250506001,1684.0,924.0,-760.0
250250506002,233.0,711.0,478.0
250250507001,185.0,1008.0,823.0
250250507002,59.0,246.0,187.0
250250507003,137.0,790.0,653.0
250250509011,1041.0,4871.0,3830.0
250250509012,11.0,111.0,100.0
250250509013,215.0,558.0,343.0
250250510001,265.0,416.0,151.0
250250510002,2408.0,2472.0,64.0
250250510003,93.0,249.0,156.0
250250511011,456.0,1890.0,1434.0
250250511012,64.0,180.0,116.0
250250511013,177.0,10629.0,10452.0
250250511014,290.0,459.0,169.0
250250512001,67.0,600.0,533.0
250250512002,88.0,480.0,392.0
250250512003,231.0,381.0,150.0
250250601011,73.0,844.0,771.0
250250601012,15.0,131.0,116.0
250250601013,12.0,511.0,499.0
250250601014,235.0,320.0,85.0
250250602001,19.0,114.0,95.0
250250602002,9.0,165.0,156.0
250250603011,67.0,404.0,337.0
250250603012,30.0,281.0,251.0
250250603013,549.0,1393.0,844.0
250250604001,86.0,195.0,109.0
250250604002,22.0,98.0,76.0
250250604003,51.0,171.0,120.0
250250604004,186.0,259.0,73.0
250250604005,472.0,1630.0,1158.0
250250605011,152.0,1720.0,1568.0
250250605012,168.0,292.0,124.0
250250605013,137.0,595.0,458.0
250250605014,111.0,336.0,225.0
250250605015,159.0,1347.0,1188.0
250250606001,30176.0,59636.0,29460.0
250250607001,81.0,973.0,892.0
250250607002,39.0,245.0,206.0
250250608001,546.0,433.0,-113.0
250250608002,43.0,876.0,833.0
250250608003,269.0,456.0,187.0
250250608004,302.0,970.0,668.0
250250610001,19.0,304.0,285.0
250250610002,37.0,235.0,198.0
250250610003,62.0,152.0,90.0
250250611011,22.0,620.0,598.0
250250611012,19.0,184.0,165.0
250250612001,10853.0,26209.0,15356.0
250250612002,2540.0,3136.0,596.0
250250612003,336.0,427.0,91.0
250250701011,21461.0,34922.0,13461.0
250250701012,11563.0,18068.0,6505.0
250250701013,8535.0,15116.0,6581.0
250250701014,583.0,1253.0,670.0
250250701015,1021.0,3560.0,2539.0
250250701016,304.0,2318.0,2014.0
250250701017,1286.0,2219.0,933.0
250250701018,53867.0,91625.0,37758.0
250250702001,10188.0,14774.0,4586.0
250250702002,134.0,431.0,297.0
250250702003,4290.0,13190.0,8900.0
250250703001,18662.0,33069.0,14407.0
250250703002,306.0,1280.0,974.0
250250703003,294.0,2135.0,1841.0
250250703004,1282.0,2192.0,910.0
250250704021,1560.0,3086.0,1526.0
250250705001,439.0,2234.0,1795.0
250250705002,153.0,703.0,550.0
250250705003,741.0,1156.0,415.0
250250705004,306.0,1379.0,1073.0
250250706001,302.0,1087.0,785.0
250250706002,255.0,614.0,359.0
250250707001,3633.0,6383.0,2750.0
250250707002,303.0,481.0,178.0
250250708001,351.0,952.0,601.0
250250708002,152.0,1320.0,1168.0
250250708003,338.0,507.0,169.0
250250709001,293.0,889.0,596.0
250250709002,104.0,5840.0,5736.0
250250711011,488.0,7504.0,7016.0
250250711012,7006.0,14175.0,7169.0
250250711013,137.0,1053.0,916.0
250250712011,4632.0,4976.0,344.0
250250712012,1042.0,1258.0,216.0
250250801001,8888.0,14846.0,5958.0
250250801002,24.0,2453.0,2429.0
250250803001,367.0,3014.0,2647.0
250250804011,1337.0,2498.0,1161.0
250250804012,440.0,1478.0,1038.0
250250805001,14.0,462.0,448.0
250250805002,146.0,335.0,189.0
250250806011,6428.0,9258.0,2830.0
250250806012,335.0,947.0,612.0
250250806013,11235.0,2220.0,-9015.0
250250808011,906.0,2604.0,1698.0
250250808012,266.0,1447.0,1181.0
250250809001,107.0,481.0,374.0
250250809002,97.0,966.0,869.0
250250809003,543.0,637.0,94.0
250250810011,39152.0,43087.0,3935.0
250250810012,183.0,1834.0,1651.0
250250810013,5.0,75.0,70.0
250250810014,125.0,369.0,244.0
250250811001,1938.0,2866.0,928.0
250250811002,246.0,472.0,226.0
250250811003,586.0,1655.0,1069.0
250250812001,266.0,967.0,701.0
250250812002,425.0,2573.0,2148.0
250250813001,331.0,1462.0,1131.0
250250813002,742.0,3093.0,2351.0
250250813003,686.0,572.0,-114.0
250250814001,87.0,331.0,244.0
250250814002,107.0,359.0,252.0
250250814003,765.0,1718.0,953.0
250250815001,30.0,168.0,138.0
250250815002,39.0,302.0,263.0
250250817001,8.0,624.0,616.0
250250817002,292.0,531.0,239.0
250250817003,105.0,441.0,336.0
250250817004,118.0,266.0,148.0
250250817005,305.0,641.0,336.0
250250818001,47.0,385.0,338.0
250250818002,20.0,108.0,88.0
250250818003,150.0,1044.0,894.0
250250819001,208.0,777.0,569.0
250250819002,7.0,86.0,79.0
250250819003,80.0,364.0,284.0
250250819004,17.0,132.0,115.0
250250820001,357.0,503.0,146.0
250250820002,82.0,170.0,88.0
250250820003,22.0,479.0,457.0
250250821001,53.0,372.0,319.0
250250821002,67.0,328.0,261.0
250250821003,46.0,159.0,113.0
250250901001,33.0,609.0,576.0
250250901002,19.0,171.0,152.0
250250901003,114.0,316.0,202.0
250250901004,12.0,257.0,245.0
250250901005,11.0,85.0,74.0
250250902001,105.0,1178.0,1073.0
250250902002,127.0,361.0,234.0
250250902003,319.0,326.0,7.0
250250903001,19.0,946.0,927.0
250250903002,26.0,355.0,329.0
250250903003,51.0,168.0,117.0
250250904001,18.0,368.0,350.0
250250904002,109.0,209.0,100.0
250250904003,57.0,125.0,68.0
250250904004,30.0,116.0,86.0
250250906001,44.0,324.0,280.0
250250906002,542.0,1130.0,588.0
250250907001,915.0,1840.0,925.0
250250907002,118.0,242.0,124.0
250250907003,80.0,465.0,385.0
250250907004,2771.0,5801.0,3030.0
250250909011,394.0,2129.0,1735.0
250250909012,7403.0,5675.0,-1728.0
250250910011,244.0,3682.0,3438.0
250250910012,877.0,1753.0,876.0
250250910013,13.0,286.0,273.0
250250910014,1790.0,7262.0,5472.0
250250911001,139.0,235.0,96.0
250250911002,47.0,374.0,327.0
250250911003,99.0,166.0,67.0
250250911004,124.0,247.0,123.0
250250911005,31.0,98.0,67.0
250250912001,91.0,203.0,112.0
250250912002,174.0,322.0,148.0
250250912003,135.0,754.0,619.0
250250913001,149.0,794.0,645.0
250250913002,297.0,447.0,150.0
250250914001,776.0,860.0,84.0
250250914002,1344.0,233.0,-1111.0
250250915001,35.0,260.0,225.0
250250915002,55.0,363.0,308.0
250250915003,77.0,188.0,111.0
250250916001,19.0,253.0,234.0
250250916002,65.0,225.0,160.0
250250916003,530.0,1342.0,812.0
250250917001,20.0,395.0,375.0
250250917002,58.0,140.0,82.0
250250917003,14.0,276.0,262.0
250250918001,270.0,228.0,-42.0
250250918002,60.0,227.0,167.0
250250918003,231.0,487.0,256.0
250250919001,17.0,442.0,425.0
250250919002,32.0,251.0,219.0
250250919003,27.0,242.0,215.0
250250919004,32.0,160.0,128.0
250250920001,130.0,429.0,299.0
250250920002,82.0,267.0,185.0
250250920003,109.0,183.0,74.0
250250920004,17.0,115.0,98.0
250250921011,1696.0,1517.0,-179.0
250250921012,1126.0,1721.0,595.0
250250921013,1339.0,2417.0,1078.0
250250921014,477.0,1336.0,859.0
250250921015,299.0,516.0,217.0
250250922001,381.0,1728.0,1347.0
250250922002,29.0,262.0,233.0
250250922003,94.0,636.0,542.0
250250922004,152.0,288.0,136.0
250250923001,163.0,706.0,543.0
250250923002,149.0,194.0,45.0
250250923003,13.0,130.0,117.0
250250923004,7.0,120.0,113.0
250250924001,15.0,456.0,441.0
250250924002,67.0,159.0,92.0
250250924003,87.0,243.0,156.0
250250924004,196.0,702.0,506.0
250250924005,34.0,137.0,103.0
250251001001,329.0,245.0,-84.0
250251001002,23.0,327.0,304.0
250251001003,348.0,325.0,-23.0
250251001004,108.0,847.0,739.0
250251001005,42.0,407.0,365.0
250251001006,82.0,264.0,182.0
250251001007,25.0,367.0,342.0
250251002001,20.0,316.0,296.0
250251002002,12.0,223.0,211.0
250251002003,34.0,251.0,217.0
250251003001,84.0,1481.0,1397.0
250251003002,15.0,46.0,31.0
250251003003,32.0,143.0,111.0
250251003004,53.0,226.0,173.0
250251004001,228.0,865.0,637.0
250251004002,313.0,329.0,16.0
250251004003,23.0,290.0,267.0
250251004004,53.0,149.0,96.0
250251005001,110.0,1649.0,1539.0
250251005002,92.0,323.0,231.0
250251005003,40.0,456.0,416.0
250251005004,45.0,403.0,358.0
250251005005,449.0,792.0,343.0
250251006011,249.0,1122.0,873.0
250251006012,26.0,197.0,171.0
250251006013,106.0,79.0,-27.0
250251006014,137.0,766.0,629.0
250251006031,1362.0,1662.0,300.0
250251006032,1129.0,922.0,-207.0
250251007001,33.0,1027.0,994.0
250251007002,526.0,1261.0,735.0
250251007003,252.0,568.0,316.0
250251007004,306.0,616.0,310.0
250251007005,97.0,132.0,35.0
250251008001,52.0,279.0,227.0
250251008002,7.0,134.0,127.0
250251008003,95.0,186.0,91.0
250251008004,219.0,2326.0,2107.0
250251008005,1605.0,2027.0,422.0
250251008006,117.0,277.0,160.0
250251009001,3.0,251.0,248.0
250251009002,292.0,818.0,526.0
250251009003,254.0,404.0,150.0
250251009004,128.0,343.0,215.0
250251009005,209.0,233.0,24.0
250251010011,6.0,516.0,510.0
250251010012,5.0,274.0,269.0
250251010013,147.0,2455.0,2308.0
250251010014,521.0,614.0,93.0
250251010015,32.0,134.0,102.0
250251010016,11.0,165.0,154.0
250251010021,19.0,166.0,147.0
250251010022,56.0,509.0,453.0
250251010023,291.0,663.0,372.0
250251011011,34.0,267.0,233.0
250251011012,69.0,403.0,334.0
250251011013,121.0,163.0,42.0
250251011021,112.0,565.0,453.0
250251011022,69.0,234.0,165.0
250251011023,122.0,327.0,205.0
250251011024,16.0,180.0,164.0
250251101031,113.0,816.0,703.0
250251101032,109.0,917.0,808.0
250251101033,753.0,2097.0,1344.0
250251101034,784.0,380.0,-404.0
250251101035,147.0,357.0,210.0
250251101036,3.0,132.0,129.0
250251101037,26.0,108.0,82.0
250251102011,149.0,1763.0,1614.0
250251103011,447.0,626.0,179.0
250251103012,40.0,275.0,235.0
250251104011,23.0,132.0,109.0
250251104012,211.0,1337.0,1126.0
250251104031,18.0,195.0,177.0
250251104032,18.0,503.0,485.0
250251104033,32.0,93.0,61.0
250251104034,10.0,73.0,63.0
250251104035,11.0,265.0,254.0
250251105011,108.0,478.0,370.0
250251105012,67.0,307.0,240.0
250251105013,25.0,154.0,129.0
250251105021,454.0,1652.0,1198.0
250251105022,352.0,6547.0,6195.0
250251105023,89.0,244.0,155.0
250251106011,408.0,4892.0,4484.0
250251106012,27.0,477.0,450.0
250251106071,30.0,220.0,190.0
250251106072,152.0,389.0,237.0
250251106073,234.0,749.0,515.0
250251106074,2198.0,1674.0,-524.0
250251201031,607.0,1654.0,1047.0
250251201041,12.0,454.0,442.0
250251201042,21.0,190.0,169.0
250251201043,173.0,172.0,-1.0
250251201051,1889.0,4858.0,2969.0
250251201052,170.0,481.0,311.0
250251201053,27.0,812.0,785.0
250251202011,188.0,1543.0,1355.0
250251202012,735.0,2181.0,1446.0
250251202013,183.0,1933.0,1750.0
250251203011,105.0,1947.0,1842.0
250251203012,14.0,204.0,190.0
250251203013,505.0,445.0,-60.0
250251203014,897.0,1668.0,771.0
250251204001,108.0,586.0,478.0
250251204002,16.0,180.0,164.0
250251204003,594.0,629.0,35.0
250251204004,511.0,655.0,144.0
250251204005,612.0,626.0,14.0
250251205001,91.0,692.0,601.0
250251205002,51.0,168.0,117.0
250251205003,42.0,143.0,101.0
250251206001,57.0,337.0,280.0
250251206002,37.0,251.0,214.0
250251206003,63.0,274.0,211.0
250251207001,4831.0,1750.0,-3081.0
250251207002,71.0,174.0,103.0
250251301001,77.0,231.0,154.0
250251301002,684.0,1128.0,444.0
250251301003,53.0,347.0,294.0
250251301004,16.0,734.0,718.0
250251301005,12.0,727.0,715.0
250251301006,226.0,677.0,451.0
250251301007,15.0,168.0,153.0
250251302001,31.0,318.0,287.0
250251302002,282.0,308.0,26.0
250251302003,880.0,1825.0,945.0
250251302004,127.0,417.0,290.0
250251302005,38.0,168.0,130.0
250251303001,46.0,239.0,193.0
250251303002,157.0,1250.0,1093.0
250251303003,355.0,566.0,211.0
250251303004,14.0,179.0,165.0
250251303005,126.0,442.0,316.0
250251304021,392.0,1496.0,1104.0
250251304022,1510.0,10380.0,8870.0
250251304023,403.0,566.0,163.0
250251304024,11.0,208.0,197.0
250251304025,50.0,167.0,117.0
250251304041,402.0,1298.0,896.0
250251304042,25.0,166.0,141.0
250251304043,40.0,85.0,45.0
250251304061,103.0,277.0,174.0
250251304062,157.0,976.0,819.0
250251304063,148.0,313.0,165.0
250251401021,22.0,448.0,426.0
250251401022,658.0,3135.0,2477.0
250251401023,711.0,955.0,244.0
250251401024,48.0,190.0,142.0
250251401051,78.0,749.0,671.0
250251401052,347.0,943.0,596.0
250251401061,140.0,252.0,112.0
250251401062,38.0,32.0,-6.0
250251401071,88.0,723.0,635.0
250251401072,11.0,116.0,105.0
250251402011,487.0,2727.0,2240.0
250251402012,812.0,674.0,-138.0
250251402021,21.0,78.0,57.0
250251402022,78.0,212.0,134.0
250251402023,27.0,623.0,596.0
250251402024,195.0,515.0,320.0
250251402025,10.0,151.0,141.0
250251403001,241.0,436.0,195.0
250251403002,273.0,887.0,614.0
250251403003,857.0,1424.0,567.0
250251403004,49.0,244.0,195.0
250251403005,141.0,644.0,503.0
250251403006,19.0,205.0,186.0
250251404001,56.0,82.0,26.0
250251404002,53.0,237.0,184.0
250251404003,113.0,297.0,184.0
250251404004,63.0,75.0,12.0
250251404005,85.0,180.0,95.0
250251404006,446.0,644.0,198.0
250251404007,29.0,146.0,117.0
250251601011,8.0,265.0,257.0
250251601012,102.0,3029.0,2927.0
250251601013,641.0,664.0,23.0
250251601014,122.0,153.0,31.0
250251601015,64.0,500.0,436.0
250251602001,198.0,1424.0,1226.0
250251602002,552.0,1335.0,783.0
250251602003,207.0,294.0,87.0
250251603001,598.0,1056.0,458.0
250251603002,340.0,786.0,446.0
250251604001,7298.0,16051.0,8753.0
250251604002,2066.0,1582.0,-484.0
250251605011,29.0,138.0,109.0
250251605012,34.0,914.0,880.0
250251605013,30.0,115.0,85.0
250251605014,29.0,126.0,97.0
250251605015,51.0,297.0,246.0
250251605021,1991.0,3287.0,1296.0
250251605022,334.0,846.0,512.0
250251605023,54.0,194.0,140.0
250251606011,914.0,1563.0,649.0
250251606012,551.0,247.0,-304.0
250251606021,602.0,1024.0,422.0
250251606022,13.0,152.0,139.0
250251606023,40.0,153.0,113.0
250251606024,307.0,158.0,-149.0
250251606025,18.0,40.0,22.0
250251701001,125.0,540.0,415.0
250251701002,76.0,92.0,16.0
250251701003,64.0,169.0,105.0
250251701004,14.0,316.0,302.0
250251701005,17.0,184.0,167.0
250251701006,16.0,108.0,92.0
250251701007,283.0,1144.0,861.0
250251702001,108.0,371.0,263.0
250251702002,229.0,274.0,45.0
250251702003,10.0,76.0,66.0
250251702004,71.0,412.0,341.0
250251703001,101.0,301.0,200.0
250251703002,1228.0,3515.0,2287.0
250251703003,252.0,540.0,288.0
250251703004,70.0,283.0,213.0
250251703005,441.0,307.0,-134.0
250251703006,405.0,539.0,134.0
250251703007,6.0,92.0,86.0
250251704001,106.0,1055.0,949.0
250251704002,604.0,794.0,190.0
250251704003,117.0,202.0,85.0
250251704004,537.0,641.0,104.0
250251705011,278.0,2407.0,2129.0
250251705012,100.0,383.0,283.0
250251705021,106.0,244.0,138.0
250251705022,354.0,563.0,209.0
250251706011,1288.0,919.0,-369.0
250251706012,307.0,1641.0,1334.0
250251706013,723.0,542.0,-181.0
250251706014,140.0,310.0,170.0
250251707011,291.0,781.0,490.0
250251707012,140.0,302.0,162.0
250251707021,13.0,119.0,106.0
250251707022,7.0,193.0,186.0
250251707023,236.0,139.0,-97.0
250251707024,243.0,212.0,-31.0
250251707025,105.0,338.0,233.0
250251708001,26.0,277.0,251.0
250251708002,71.0,172.0,101.0
250251708003,48.0,133.0,85.0
250251708004,42.0,127.0,85.0
250251801011,64.0,477.0,413.0
250251801012,77.0,101.0,24.0
250251801013,202.0,2527.0,2325.0
250251802001,137.0,212.0,75.0
250251802002,462.0,236.0,-226.0
250251802003,391.0,1071.0,680.0
250251802004,106.0,253.0,147.0
250251803011,205.0,202.0,-3.0
250251803012,8.0,54.0,46.0
250251803013,38.0,1881.0,1843.0
250251803014,19.0,31.0,12.0
250251804001,90.0,513.0,423.0
250251804002,12.0,253.0,241.0
250251805001,43.0,150.0,107.0
250251805002,23.0,12.0,-11.0
250251805003,225.0,235.0,10.0
250251805004,10.0,307.0,297.0
250259803001,311.0,2385.0,2074.0
250259807001,1.0,92.0,91.0
250259810001,6.0,276.0,270.0
250259811003,7.0,69.0,62.0
250259811004,306.0,1234.0,928.0
250259812011,37.0,129.0,92.0
250259812021,8619.0,11273.0,2654.0
250259813002,14208.0,9297.0,-4911.0
250259815011,56.0,459.0,403.0
250259815021,996.0,1314.0,318.0
250259816001,120.0,235.0,115.0
250259818001,1575.0,296.0,-1279.0
250277001001,46.0,405.0,359.0
250277001002,178.0,378.0,200.0
250277001003,332.0,452.0,120.0
250277001004,394.0,418.0,24.0
250277001005,30.0,545.0,515.0
250277011001,643.0,1249.0,606.0
250277011002,160.0,150.0,-10.0
250277011003,409.0,319.0,-90.0
250277011004,281.0,1109.0,828.0
250277011005,33.0,72.0,39.0
250277011006,318.0,269.0,-49.0
250277022001,89.0,292.0,203.0
250277022002,82.0,241.0,159.0
250277031001,891.0,717.0,-174.0
250277031002,153.0,287.0,134.0
250277031003,369.0,1728.0,1359.0
250277032001,34.0,639.0,605.0
250277032002,685.0,758.0,73.0
250277032003,301.0,594.0,293.0
250277033001,694.0,1173.0,479.0
250277033002,327.0,1798.0,1471.0
250277042001,222.0,471.0,249.0
250277042002,128.0,245.0,117.0
250277051001,12.0,273.0,261.0
250277051002,330.0,743.0,413.0
250277051003,577.0,1195.0,618.0
250277051004,204.0,517.0,313.0
250277051005,202.0,778.0,576.0
250277061001,252.0,655.0,403.0
250277061002,76.0,420.0,344.0
250277071001,499.0,881.0,382.0
250277071002,746.0,1267.0,521.0
250277071003,73.0,322.0,249.0
250277072001,943.0,2207.0,1264.0
250277073001,368.0,475.0,107.0
250277073002,949.0,3072.0,2123.0
250277073003,840.0,894.0,54.0
250277074001,87.0,426.0,339.0
250277074002,320.0,178.0,-142.0
250277074003,60.0,252.0,192.0
250277075001,1729.0,3337.0,1608.0
250277075002,1038.0,2029.0,991.0
250277075003,895.0,979.0,84.0
250277081001,1464.0,1704.0,240.0
250277081002,13.0,1050.0,1037.0
250277081003,620.0,1171.0,551.0
250277081004,63.0,583.0,520.0
250277081005,440.0,830.0,390.0
250277091001,79.0,1222.0,1143.0
250277091002,15.0,95.0,80.0
250277091003,248.0,435.0,187.0
250277092011,55.0,481.0,426.0
250277092012,21.0,177.0,156.0
250277092013,1007.0,1047.0,40.0
250277092014,763.0,1794.0,1031.0
250277092021,3518.0,3595.0,77.0
250277092022,573.0,1234.0,661.0
250277092023,459.0,719.0,260.0
250277094001,1606.0,1749.0,143.0
250277094002,185.0,837.0,652.0
250277095011,1669.0,2201.0,532.0
250277095021,619.0,731.0,112.0
250277095022,219.0,1032.0,813.0
250277095023,116.0,389.0,273.0
250277096001,960.0,3239.0,2279.0
250277096002,259.0,2594.0,2335.0
250277096003,4299.0,4032.0,-267.0
250277097011,307.0,439.0,132.0
250277097012,750.0,1109.0,359.0
250277097013,16.0,433.0,417.0
250277097014,588.0,1453.0,865.0
250277097015,260.0,623.0,363.0
250277097021,1327.0,2988.0,1661.0
250277097022,340.0,1286.0,946.0
250277101001,1674.0,2180.0,506.0
250277101002,1084.0,2216.0,1132.0
250277101003,430.0,604.0,174.0
250277101004,191.0,484.0,293.0
250277102001,106.0,381.0,275.0
250277102002,399.0,466.0,67.0
250277102003,202.0,635.0,433.0
250277102004,58.0,122.0,64.0
250277102005,173.0,575.0,402.0
250277102006,92.0,608.0,516.0
250277103001,146.0,1088.0,942.0
250277103002,2131.0,2175.0,44.0
250277104001,241.0,766.0,525.0
250277104002,9.0,321.0,312.0
250277105001,15.0,206.0,191.0
250277105002,107.0,329.0,222.0
250277105003,39.0,230.0,191.0
250277106001,134.0,356.0,222.0
250277106002,696.0,358.0,-338.0
250277106003,143.0,349.0,206.0
250277106004,52.0,402.0,350.0
250277106005,280.0,610.0,330.0
250277107001,710.0,1755.0,1045.0
250277107002,1315.0,2582.0,1267.0
250277108001,99.0,495.0,396.0
250277108002,72.0,509.0,437.0
250277108003,405.0,799.0,394.0
250277110001,202.0,630.0,428.0
250277110002,131.0,683.0,552.0
250277110003,25.0,165.0,140.0
250277111001,1067.0,729.0,-338.0
250277111002,494.0,2418.0,1924.0
250277121011,94.0,440.0,346.0
250277121012,574.0,925.0,351.0
250277121013,597.0,1006.0,409.0
250277121014,582.0,1256.0,674.0
250277121021,506.0,781.0,275.0
250277121022,63.0,209.0,146.0
250277131001,911.0,2868.0,1957.0
250277131002,285.0,229.0,-56.0
250277131003,303.0,257.0,-46.0
250277131004,1635.0,857.0,-778.0
250277151001,591.0,3908.0,3317.0
250277151002,930.0,1080.0,150.0
250277161001,23.0,501.0,478.0
250277161002,35.0,2885.0,2850.0
250277161003,184.0,1035.0,851.0
250277161004,61.0,274.0,213.0
250277161005,326.0,368.0,42.0
250277162001,378.0,1222.0,844.0
250277162002,1056.0,1069.0,13.0
250277163001,62.0,323.0,261.0
250277163002,151.0,169.0,18.0
250277163003,2062.0,2145.0,83.0
250277171001,77.0,144.0,67.0
250277171002,354.0,1361.0,1007.0
250277181001,593.0,1642.0,1049.0
250277181002,449.0,697.0,248.0
250277181003,151.0,208.0,57.0
250277181004,285.0,739.0,454.0
250277191001,1450.0,2361.0,911.0
250277191002,421.0,1155.0,734.0
250277191003,122.0,821.0,699.0
250277191004,321.0,518.0,197.0
250277201001,311.0,882.0,571.0
250277201002,589.0,592.0,3.0
250277211011,145.0,400.0,255.0
250277211021,305.0,1592.0,1287.0
250277211022,866.0,537.0,-329.0
250277211023,171.0,720.0,549.0
250277221001,120.0,1081.0,961.0
250277221002,344.0,418.0,74.0
250277221003,723.0,1591.0,868.0
250277221004,42.0,105.0,63.0
250277231001,321.0,903.0,582.0
250277231002,178.0,143.0,-35.0
250277231003,229.0,437.0,208.0
250277241001,70.0,787.0,717.0
250277241002,102.0,252.0,150.0
250277241003,815.0,1044.0,229.0
250277251001,26.0,535.0,509.0
250277251002,124.0,234.0,110.0
250277251003,116.0,128.0,12.0
250277251004,436.0,439.0,3.0
250277251005,99.0,799.0,700.0
250277261001,400.0,838.0,438.0
250277261002,681.0,1761.0,1080.0
250277261003,27.0,349.0,322.0
250277261004,789.0,589.0,-200.0
250277261005,89.0,623.0,534.0
250277262001,85.0,320.0,235.0
250277262002,353.0,786.0,433.0
250277262003,108.0,211.0,103.0
250277262004,35.0,371.0,336.0
250277262005,243.0,532.0,289.0
250277271001,576.0,826.0,250.0
250277271002,37.0,124.0,87.0
250277271003,258.0,873.0,615.0
250277281001,434.0,1085.0,651.0
250277281002,503.0,546.0,43.0
250277281003,221.0,939.0,718.0
250277282001,5.0,129.0,124.0
250277282002,8.0,100.0,92.0
250277282003,15.0,119.0,104.0
250277282004,252.0,322.0,70.0
250277283001,110.0,541.0,431.0
250277283002,1738.0,2040.0,302.0
250277283003,509.0,466.0,-43.0
250277284001,56.0,337.0,281.0
250277284002,176.0,357.0,181.0
250277284003,63.0,593.0,530.0
250277291001,1711.0,2602.0,891.0
250277291002,50.0,901.0,851.0
250277291003,416.0,921.0,505.0
250277292001,399.0,825.0,426.0
250277292002,1009.0,1399.0,390.0
250277292003,343.0,1192.0,849.0
250277301001,261.0,378.0,117.0
250277301002,702.0,898.0,196.0
250277301003,1204.0,3171.0,1967.0
250277301004,57.0,608.0,551.0
250277301005,211.0,1635.0,1424.0
250277302001,892.0,1701.0,809.0
250277302002,249.0,819.0,570.0
250277302003,19.0,140.0,121.0
250277302004,12.0,292.0,280.0
250277302005,44.0,381.0,337.0
250277302006,33.0,385.0,352.0
250277303001,1210.0,803.0,-407.0
250277303002,1607.0,2338.0,731.0
250277303003,5.0,633.0,628.0
250277303004,17.0,338.0,321.0
250277303005,215.0,839.0,624.0
250277304011,30.0,579.0,549.0
250277304012,2836.0,4405.0,1569.0
250277304013,278.0,683.0,405.0
250277304014,201.0,836.0,635.0
250277304021,589.0,1931.0,1342.0
250277304022,154.0,850.0,696.0
250277305001,406.0,1817.0,1411.0
250277305002,2922.0,6818.0,3896.0
250277305003,2928.0,7377.0,4449.0
250277306001,210.0,1182.0,972.0
250277306002,332.0,1103.0,771.0
250277306003,22.0,147.0,125.0
250277306004,894.0,1462.0,568.0
250277306005,519.0,1134.0,615.0
250277307001,807.0,1203.0,396.0
250277307002,9.0,213.0,204.0
250277307003,6.0,288.0,282.0
250277307004,1449.0,1010.0,-439.0
250277307005,24.0,162.0,138.0
250277307006,74.0,386.0,312.0
250277308011,38.0,267.0,229.0
250277308012,125.0,414.0,289.0
250277308013,64.0,278.0,214.0
250277308021,55.0,258.0,203.0
250277308022,273.0,1047.0,774.0
250277309011,87.0,344.0,257.0
250277309012,62.0,475.0,413.0
250277309013,141.0,662.0,521.0
250277309021,1025.0,997.0,-28.0
250277309022,68.0,139.0,71.0
250277309023,39.0,389.0,350.0
250277310011,671.0,3191.0,2520.0
250277310021,176.0,298.0,122.0
250277310022,188.0,682.0,494.0
250277310023,364.0,762.0,398.0
250277310024,92.0,238.0,146.0
250277311011,219.0,291.0,72.0
250277311012,99.0,251.0,152.0
250277311013,516.0,938.0,422.0
250277311014,32.0,377.0,345.0
250277311021,121.0,438.0,317.0
250277311022,477.0,839.0,362.0
250277311023,211.0,653.0,442.0
250277312021,1562.0,2261.0,699.0
250277312031,529.0,893.0,364.0
250277312032,156.0,346.0,190.0
250277312033,90.0,289.0,199.0
250277312034,218.0,538.0,320.0
250277312041,211.0,823.0,612.0
250277312042,122.0,400.0,278.0
250277313001,48.0,293.0,245.0
250277313002,378.0,790.0,412.0
250277313003,212.0,759.0,547.0
250277314001,196.0,710.0,514.0
250277314002,58.0,463.0,405.0
250277314003,207.0,618.0,411.0
250277314004,1764.0,1865.0,101.0
250277314005,331.0,888.0,557.0
250277315001,3748.0,642.0,-3106.0
250277315002,77.0,307.0,230.0
250277315003,144.0,761.0,617.0
250277315004,65.0,418.0,353.0
250277315005,1039.0,1812.0,773.0
250277316001,531.0,1078.0,547.0
250277316002,121.0,407.0,286.0
250277316003,1325.0,1703.0,378.0
250277316004,538.0,1867.0,1329.0
250277316005,176.0,757.0,581.0
250277316006,1715.0,1202.0,-513.0
250277317001,14658.0,36147.0,21489.0
250277317002,1236.0,4278.0,3042.0
250277318001,252.0,461.0,209.0
250277318002,454.0,861.0,407.0
250277318003,287.0,237.0,-50.0
250277318004,100.0,520.0,420.0
250277318005,14.0,143.0,129.0
250277318006,2204.0,3103.0,899.0
250277319001,12865.0,7590.0,-5275.0
250277319002,175.0,927.0,752.0
250277319003,459.0,1194.0,735.0
250277319004,105.0,1311.0,1206.0
250277320011,496.0,2309.0,1813.0
250277320021,3049.0,4424.0,1375.0
250277320022,788.0,4053.0,3265.0
250277320023,9415.0,10579.0,1164.0
250277322011,364.0,511.0,147.0
250277322012,799.0,1512.0,713.0
250277322021,182.0,846.0,664.0
250277322022,24.0,334.0,310.0
250277322023,33.0,172.0,139.0
250277322031,58.0,402.0,344.0
250277322032,326.0,859.0,533.0
250277322033,681.0,1851.0,1170.0
250277323011,691.0,1290.0,599.0
250277323012,412.0,925.0,513.0
250277323013,8.0,338.0,330.0
250277323021,68.0,218.0,150.0
250277323022,85.0,306.0,221.0
250277324001,22.0,477.0,455.0
250277324002,760.0,1355.0,595.0
250277324003,114.0,250.0,136.0
250277324004,21.0,299.0,278.0
250277324005,56.0,226.0,170.0
250277324006,414.0,532.0,118.0
250277325001,1888.0,2835.0,947.0
250277325002,303.0,756.0,453.0
250277326001,52.0,166.0,114.0
250277326002,23.0,77.0,54.0
250277326003,41.0,101.0,60.0
250277326004,26.0,86.0,60.0
250277326005,22.0,133.0,111.0
250277327001,154.0,193.0,39.0
250277327002,215.0,431.0,216.0
250277327003,54.0,386.0,332.0
250277327004,106.0,234.0,128.0
250277328011,1311.0,1907.0,596.0
250277328012,107.0,532.0,425.0
250277328021,624.0,1260.0,636.0
250277328022,129.0,656.0,527.0
250277328023,24.0,118.0,94.0
250277329011,2200.0,3690.0,1490.0
250277329012,74.0,615.0,541.0
250277329013,29.0,290.0,261.0
250277329014,1035.0,1432.0,397.0
250277329015,41.0,165.0,124.0
250277329021,1114.0,2914.0,1800.0
250277330001,858.0,1146.0,288.0
250277330002,390.0,1296.0,906.0
250277330003,451.0,1096.0,645.0
250277331011,1352.0,1851.0,499.0
250277331012,611.0,927.0,316.0
250277331021,1119.0,1251.0,132.0
250277331022,188.0,857.0,669.0
250277351001,1139.0,387.0,-752.0
250277351002,147.0,275.0,128.0
250277351003,727.0,1248.0,521.0
250277351004,293.0,520.0,227.0
250277352001,216.0,892.0,676.0
250277352002,159.0,280.0,121.0
250277352003,127.0,608.0,481.0
250277352004,328.0,657.0,329.0
250277361001,1115.0,1424.0,309.0
250277361002,460.0,1577.0,1117.0
250277361003,1449.0,2955.0,1506.0
250277362001,33.0,177.0,144.0
250277362002,113.0,178.0,65.0
250277362003,59.0,134.0,75.0
250277363001,2748.0,3982.0,1234.0
250277363002,80.0,660.0,580.0
250277363003,80.0,577.0,497.0
250277364001,14.0,172.0,158.0
250277364002,217.0,916.0,699.0
250277364003,310.0,605.0,295.0
250277365001,239.0,580.0,341.0
250277365002,1433.0,1266.0,-167.0
250277365003,782.0,1234.0,452.0
250277365004,1081.0,1338.0,257.0
250277365005,754.0,2649.0,1895.0
250277371001,41.0,257.0,216.0
250277371002,279.0,683.0,404.0
250277371003,2255.0,3545.0,1290.0
250277371004,96.0,1330.0,1234.0
250277372001,378.0,977.0,599.0
250277372002,799.0,1287.0,488.0
250277373001,120.0,283.0,163.0
250277373002,176.0,682.0,506.0
250277373003,464.0,650.0,186.0
250277373004,813.0,834.0,21.0
250277381001,32.0,190.0,158.0
250277381002,128.0,241.0,113.0
250277381003,228.0,466.0,238.0
250277382011,72.0,470.0,398.0
250277382012,970.0,920.0,-50.0
250277382021,256.0,1622.0,1366.0
250277382022,558.0,731.0,173.0
250277391001,1592.0,1012.0,-580.0
250277391002,250.0,936.0,686.0
250277391003,559.0,1953.0,1394.0
250277391004,688.0,2620.0,1932.0
250277391005,2787.0,4811.0,2024.0
250277392001,1924.0,1057.0,-867.0
250277392002,461.0,1290.0,829.0
250277392003,746.0,1400.0,654.0
250277392004,374.0,1436.0,1062.0
250277393001,195.0,1110.0,915.0
250277393002,885.0,1998.0,1113.0
250277394001,31.0,780.0,749.0
250277394002,88.0,773.0,685.0
250277394003,618.0,918.0,300.0
250277394004,160.0,665.0,505.0
250277394005,529.0,269.0,-260.0
250277395001,100.0,759.0,659.0
250277395002,19.0,147.0,128.0
250277395003,278.0,1765.0,1487.0
250277395004,537.0,1534.0,997.0
250277401011,730.0,1657.0,927.0
250277401012,3193.0,4409.0,1216.0
250277401013,135.0,186.0,51.0
250277401021,2356.0,2198.0,-158.0
250277401022,2108.0,2083.0,-25.0
250277401023,31.0,365.0,334.0
250277402001,424.0,1300.0,876.0
250277402002,292.0,264.0,-28.0
250277402003,313.0,445.0,132.0
250277411011,2515.0,6513.0,3998.0
250277411012,813.0,1554.0,741.0
250277411013,761.0,1463.0,702.0
250277411021,489.0,842.0,353.0
250277411022,1566.0,1412.0,-154.0
250277411023,2388.0,2567.0,179.0
250277411024,96.0,297.0,201.0
250277423001,1173.0,4103.0,2930.0
250277423002,72.0,2168.0,2096.0
250277423003,148.0,1537.0,1389.0
250277423004,1250.0,1105.0,-145.0
250277423005,282.0,550.0,268.0
250277424011,91.0,503.0,412.0
250277424012,139.0,835.0,696.0
250277424021,3015.0,4174.0,1159.0
250277424022,47.0,256.0,209.0
250277431001,330.0,1233.0,903.0
250277431002,329.0,483.0,154.0
250277431003,158.0,162.0,4.0
250277431004,357.0,909.0,552.0
250277441011,122.0,3427.0,3305.0
250277441012,152.0,360.0,208.0
250277441013,24.0,105.0,81.0
250277441014,45.0,113.0,68.0
250277441015,108.0,68.0,-40.0
250277441021,52.0,397.0,345.0
250277441022,1029.0,2427.0,1398.0
250277442001,296.0,1587.0,1291.0
250277442002,1208.0,1642.0,434.0
250277442003,9131.0,15844.0,6713.0
250277442004,601.0,1480.0,879.0
250277442005,320.0,3879.0,3559.0
250277443001,1457.0,1495.0,38.0
250277443002,540.0,650.0,110.0
250277443003,227.0,921.0,694.0
250277443004,121.0,836.0,715.0
250277444001,14.0,129.0,115.0
250277444002,75.0,551.0,476.0
250277444003,2552.0,2757.0,205.0
250277451001,59.0,701.0,642.0
250277451002,656.0,460.0,-196.0
250277451003,1147.0,2103.0,956.0
250277461001,448.0,1130.0,682.0
250277461002,939.0,1274.0,335.0
250277461003,382.0,548.0,166.0
250277471011,237.0,875.0,638.0
250277471012,100.0,297.0,197.0
250277471013,335.0,284.0,-51.0
250277471021,467.0,1022.0,555.0
250277471022,288.0,512.0,224.0
250277481001,110.0,589.0,479.0
250277481002,79.0,137.0,58.0
250277491001,623.0,3882.0,3259.0
250277491002,105.0,341.0,236.0
250277491003,1127.0,1240.0,113.0
250277491004,444.0,779.0,335.0
250277492001,648.0,801.0,153.0
250277492002,545.0,858.0,313.0
250277501001,611.0,1072.0,461.0
250277501002,342.0,726.0,384.0
250277501003,2028.0,5313.0,3285.0
250277502001,456.0,472.0,16.0
250277502002,428.0,1643.0,1215.0
250277502003,792.0,1001.0,209.0
250277502004,56.0,692.0,636.0
250277503001,505.0,606.0,101.0
250277511011,804.0,1605.0,801.0
250277511012,521.0,777.0,256.0
250277511013,547.0,506.0,-41.0
250277511021,94.0,1323.0,1229.0
250277511022,904.0,1106.0,202.0
250277521001,198.0,357.0,159.0
250277521002,625.0,661.0,36.0
250277521003,91.0,328.0,237.0
250277521004,160.0,513.0,353.0
250277531001,62.0,192.0,130.0
250277531002,409.0,1003.0,594.0
250277531003,2311.0,2124.0,-187.0
250277531004,620.0,943.0,323.0
250277531005,301.0,1088.0,787.0
250277532001,872.0,1270.0,398.0
250277532002,185.0,915.0,730.0
250277532003,953.0,1178.0,225.0
250277541001,2491.0,1979.0,-512.0
250277541002,146.0,875.0,729.0
250277541003,152.0,472.0,320.0
250277541004,489.0,688.0,199.0
250277542001,980.0,893.0,-87.0
250277542002,469.0,1158.0,689.0
250277543001,317.0,5923.0,5606.0
250277543002,918.0,1508.0,590.0
250277544001,346.0,322.0,-24.0
250277544002,148.0,330.0,182.0
250277544003,147.0,130.0,-17.0
250277551001,343.0,762.0,419.0
250277551002,273.0,557.0,284.0
250277552001,79.0,257.0,178.0
250277552002,529.0,1113.0,584.0
250277552003,955.0,1073.0,118.0
250277552004,676.0,1217.0,541.0
250277552005,306.0,713.0,407.0
250277561011,197.0,1376.0,1179.0
250277561012,2028.0,4809.0,2781.0
250277561021,437.0,1058.0,621.0
250277561022,860.0,1057.0,197.0
250277561023,333.0,717.0,384.0
250277571001,157.0,432.0,275.0
250277571002,215.0,764.0,549.0
250277571003,338.0,363.0,25.0
250277571004,95.0,392.0,297.0
250277572001,271.0,583.0,312.0
250277572002,837.0,730.0,-107.0
250277572003,297.0,1020.0,723.0
250277573001,1640.0,2690.0,1050.0
250277573002,749.0,1935.0,1186.0
250277574001,53.0,251.0,198.0
250277574002,51.0,255.0,204.0
250277574003,339.0,656.0,317.0
250277575001,1211.0,1292.0,81.0
250277575002,102.0,46.0,-56.0
250277575003,23.0,204.0,181.0
250277575004,21.0,556.0,535.0
250277581011,440.0,1021.0,581.0
250277581021,2154.0,2527.0,373.0
250277581022,395.0,2582.0,2187.0
250277581023,601.0,852.0,251.0
250277581024,603.0,884.0,281.0
250277581025,930.0,1680.0,750.0
250277591001,306.0,410.0,104.0
250277591002,205.0,558.0,353.0
250277601001,36.0,159.0,123.0
250277601002,47.0,470.0,423.0
250277601003,242.0,570.0,328.0
250277611001,251.0,393.0,142.0
250277611002,160.0,178.0,18.0
250277611003,189.0,185.0,-4.0
250277611004,55.0,427.0,372.0
250277612001,4688.0,12414.0,7726.0
250277612002,9239.0,13708.0,4469.0
250277612003,4613.0,5399.0,786.0
250277613001,900.0,953.0,53.0
250277613002,1012.0,2037.0,1025.0
250277613003,420.0,688.0,268.0
250277614001,52.0,824.0,772.0
250277614002,56.0,234.0,178.0
250277614003,294.0,186.0,-108.0
250277614004,235.0,179.0,-56.0
250277614005,491.0,1287.0,796.0
250277614006,2698.0,6670.0,3972.0
330019651001,318.0,318.0,0.0
330019651002,183.0,183.0,0.0
330019651003,478.0,478.0,0.0
330019652001,139.0,139.0,0.0
330019652002,902.0,902.0,0.0
330019653001,104.0,104.0,0.0
330019653002,909.0,909.0,0.0
330019653003,1072.0,1072.0,0.0
330019654001,139.0,139.0,0.0
330019654002,176.0,176.0,0.0
330019655981,1331.0,1331.0,0.0
330019655982,2263.0,2263.0,0.0
330019655983,894.0,894.0,0.0
330019656001,109.0,109.0,0.0
330019656002,139.0,139.0,0.0
330019656003,64.0,64.0,0.0
330019657001,155.0,155.0,0.0
330019657002,201.0,201.0,0.0
330019657003,39.0,39.0,0.0
330019658001,474.0,474.0,0.0
330019658002,849.0,849.0,0.0
330019658003,521.0,521.0,0.0
330019658004,479.0,479.0,0.0
330019659001,242.0,242.0,0.0
330019659002,103.0,103.0,0.0
330019659003,1936.0,1936.0,0.0
330019659004,105.0,105.0,0.0
330019660001,532.0,532.0,0.0
330019660002,235.0,235.0,0.0
330019660003,1263.0,1263.0,0.0
330019660004,2026.0,2026.0,0.0
330019661001,710.0,710.0,0.0
330019661002,210.0,210.0,0.0
330019661003,54.0,54.0,0.0
330019661004,170.0,170.0,0.0
330019662001,24.0,24.0,0.0
330019662002,1060.0,1060.0,0.0
330019662003,520.0,520.0,0.0
330019662004,220.0,220.0,0.0
330019664011,1342.0,1342.0,0.0
330019664021,436.0,436.0,0.0
330019664022,364.0,364.0,0.0
330019664023,73.0,73.0,0.0
330019664024,647.0,647.0,0.0
330019664025,265.0,265.0,0.0
330019665001,349.0,349.0,0.0
330019665002,453.0,453.0,0.0
330019665003,127.0,127.0,0.0
330019665004,98.0,98.0,0.0
330110001011,298.0,383.0,85.0
330110001012,276.0,446.0,170.0
330110001021,332.0,929.0,597.0
330110001022,200.0,605.0,405.0
330110002021,877.0,1823.0,946.0
330110002022,18.0,108.0,90.0
330110002031,295.0,185.0,-110.0
330110002032,421.0,36.0,-385.0
330110002041,49.0,27.0,-22.0
330110002042,144.0,1134.0,990.0
330110002043,797.0,296.0,-501.0
330110003001,70.0,67.0,-3.0
330110003002,205.0,187.0,-18.0
330110003003,132.0,86.0,-46.0
330110006001,1526.0,882.0,-644.0
330110006002,26.0,1596.0,1570.0
330110007001,411.0,703.0,292.0
330110007002,64.0,276.0,212.0
330110007003,54.0,275.0,221.0
330110008001,21.0,541.0,520.0
330110008002,401.0,625.0,224.0
330110008003,410.0,1196.0,786.0
330110009011,275.0,323.0,48.0
330110009012,187.0,856.0,669.0
330110009013,1556.0,363.0,-1193.0
330110009014,29.0,342.0,313.0
330110009021,56.0,53.0,-3.0
330110009022,61.0,86.0,25.0
330110009023,176.0,95.0,-81.0
330110010001,324.0,718.0,394.0
330110010002,344.0,621.0,277.0
330110010003,6093.0,3795.0,-2298.0
330110010004,120.0,100.0,-20.0
330110011001,159.0,736.0,577.0
330110011002,695.0,251.0,-444.0
330110011003,17.0,96.0,79.0
330110011004,125.0,173.0,48.0
330110011005,18.0,615.0,597.0
330110012001,307.0,922.0,615.0
330110012002,81.0,452.0,371.0
330110013001,153.0,2039.0,1886.0
330110013002,50.0,343.0,293.0
330110013003,107.0,261.0,154.0
330110014001,988.0,2932.0,1944.0
330110014002,202.0,800.0,598.0
330110015001,92.0,1871.0,1779.0
330110015002,23.0,433.0,410.0
330110015003,49.0,339.0,290.0
330110016001,11.0,180.0,169.0
330110016002,738.0,534.0,-204.0
330110016003,19.0,159.0,140.0
330110016004,6.0,98.0,92.0
330110016005,38.0,190.0,152.0
330110017001,3452.0,716.0,-2736.0
330110017002,153.0,403.0,250.0
330110018001,71.0,221.0,150.0
330110018002,8.0,192.0,184.0
330110018003,109.0,146.0,37.0
330110018004,53.0,253.0,200.0
330110018005,39.0,225.0,186.0
330110018006,3.0,145.0,142.0
330110019001,1285.0,1138.0,-147.0
330110019002,2572.0,2814.0,242.0
330110020001,164.0,420.0,256.0
330110020002,44.0,268.0,224.0
330110021001,6002.0,377.0,-5625.0
330110021003,43.0,243.0,200.0
330110021004,9.0,150.0,141.0
330110022001,7.0,373.0,366.0
330110022002,30.0,202.0,172.0
330110022003,24.0,205.0,181.0
330110022004,101.0,200.0,99.0
330110023001,964.0,444.0,-520.0
330110023002,241.0,165.0,-76.0
330110023003,5.0,228.0,223.0
330110023004,138.0,132.0,-6.0
330110024001,54.0,218.0,164.0
330110024002,5.0,100.0,95.0
330110024003,35.0,161.0,126.0
330110024004,141.0,1172.0,1031.0
330110024005,7.0,167.0,160.0
330110024006,377.0,250.0,-127.0
330110025001,94.0,1075.0,981.0
330110025002,3807.0,3036.0,-771.0
330110025003,3.0,281.0,278.0
330110025004,863.0,659.0,-204.0
330110026001,2560.0,518.0,-2042.0
330110026002,532.0,1253.0,721.0
330110026003,5383.0,1084.0,-4299.0
330110026004,160.0,593.0,433.0
330110027011,127.0,170.0,43.0
330110027012,398.0,270.0,-128.0
330110027021,38.0,246.0,208.0
330110027022,383.0,400.0,17.0
330110027023,858.0,136.0,-722.0
330110028001,68.0,121.0,53.0
330110028002,1346.0,420.0,-926.0
330110028003,666.0,1610.0,944.0
330110028004,1009.0,83.0,-926.0
330110028005,330.0,223.0,-107.0
330110029011,3159.0,538.0,-2621.0
330110029012,3619.0,7448.0,3829.0
330110029013,910.0,1116.0,206.0
330110029014,728.0,248.0,-480.0
330110029021,1194.0,567.0,-627.0
330110029022,5360.0,3548.0,-1812.0
330110029023,1313.0,1720.0,407.0
330110029031,243.0,556.0,313.0
330110029032,241.0,547.0,306.0
330110029033,344.0,146.0,-198.0
330110029034,435.0,265.0,-170.0
330110101001,40.0,26.0,-14.0
330110101002,26.0,12.0,-14.0
330110101003,51.0,109.0,58.0
330110101004,240.0,260.0,20.0
330110101005,152.0,44.0,-108.0
330110102001,7362.0,8599.0,1237.0
330110102002,1111.0,1100.0,-11.0
330110102003,3084.0,2149.0,-935.0
330110103011,60.0,321.0,261.0
330110103012,34.0,408.0,374.0
330110103021,44.0,205.0,161.0
330110103022,1587.0,374.0,-1213.0
330110104001,29.0,740.0,711.0
330110104002,51.0,533.0,482.0
330110104003,45.0,33.0,-12.0
330110104004,1853.0,259.0,-1594.0
330110104005,259.0,156.0,-103.0
330110105001,15.0,151.0,136.0
330110105002,34.0,179.0,145.0
330110105003,206.0,202.0,-4.0
330110105004,2758.0,372.0,-2386.0
330110105005,655.0,398.0,-257.0
330110106001,517.0,1119.0,602.0
330110106002,254.0,663.0,409.0
330110106003,30.0,716.0,686.0
330110106004,786.0,1397.0,611.0
330110107001,4460.0,2041.0,-2419.0
330110107002,1899.0,1327.0,-572.0
330110108001,2476.0,6432.0,3956.0
330110108002,117.0,410.0,293.0
330110108003,69.0,993.0,924.0
330110108004,85.0,1172.0,1087.0
330110108005,92.0,417.0,325.0
330110108006,343.0,146.0,-197.0
330110109001,229.0,874.0,645.0
330110109002,1761.0,804.0,-957.0
330110109003,174.0,101.0,-73.0
330110109004,164.0,297.0,133.0
330110109005,38.0,260.0,222.0
330110110001,189.0,1024.0,835.0
330110110002,277.0,806.0,529.0
330110110003,710.0,113.0,-597.0
330110110004,42.0,135.0,93.0
330110111011,47.0,442.0,395.0
330110111012,33.0,598.0,565.0
330110111021,1016.0,3343.0,2327.0
330110111022,8359.0,5890.0,-2469.0
330110112001,3875.0,2947.0,-928.0
330110112002,84.0,343.0,259.0
330110112003,316.0,1003.0,687.0
330110113001,1893.0,229.0,-1664.0
330110113002,317.0,302.0,-15.0
330110113003,52.0,145.0,93.0
330110113004,10.0,68.0,58.0
330110114011,35.0,1151.0,1116.0
330110114012,124.0,203.0,79.0
330110114013,146.0,320.0,174.0
330110114021,1530.0,165.0,-1365.0
330110114022,210.0,196.0,-14.0
330110114023,169.0,274.0,105.0
330110115001,777.0,615.0,-162.0
330110115002,11.0,228.0,217.0
330110121001,32.0,193.0,161.0
330110121002,450.0,787.0,337.0
330110121003,104.0,476.0,372.0
330110121004,967.0,400.0,-567.0
330110122001,535.0,222.0,-313.0
330110122002,288.0,123.0,-165.0
330110122003,345.0,294.0,-51.0
330110122004,338.0,541.0,203.0
330110122005,481.0,574.0,93.0
330110123001,77.0,2279.0,2202.0
330110123002,1079.0,618.0,-461.0
330110123003,1970.0,1025.0,-945.0
330110123004,3785.0,2835.0,-950.0
330110131001,307.0,201.0,-106.0
330110131002,451.0,434.0,-17.0
330110131003,181.0,90.0,-91.0
330110131004,94.0,114.0,20.0
330110141001,643.0,395.0,-248.0
330110141002,1693.0,935.0,-758.0
330110141003,966.0,690.0,-276.0
330110141004,4146.0,4346.0,200.0
330110142011,84.0,63.0,-21.0
330110142012,83.0,73.0,-10.0
330110142013,57.0,35.0,-22.0
330110142021,136.0,1048.0,912.0
330110142022,55.0,1200.0,1145.0
330110142023,18.0,329.0,311.0
330110143001,1460.0,1660.0,200.0
330110143002,90.0,2756.0,2666.0
330110143003,7744.0,2397.0,-5347.0
330110143004,935.0,1731.0,796.0
330110143005,420.0,1239.0,819.0
330110151001,170.0,485.0,315.0
330110151002,427.0,192.0,-235.0
330110151003,267.0,315.0,48.0
330110152001,134.0,104.0,-30.0
330110152002,73.0,117.0,44.0
330110152003,525.0,980.0,455.0
330110152004,2846.0,2556.0,-290.0
330110161001,71.0,305.0,234.0
330110161002,253.0,1205.0,952.0
330110162011,434.0,1015.0,581.0
330110162012,923.0,379.0,-544.0
330110162013,238.0,444.0,206.0
330110162014,863.0,348.0,-515.0
330110162015,840.0,975.0,135.0
330110162021,793.0,290.0,-503.0
330110162022,2862.0,1715.0,-1147.0
330110171001,781.0,257.0,-524.0
330110171002,680.0,728.0,48.0
330110171003,47.0,386.0,339.0
330110171004,118.0,561.0,443.0
330110171005,400.0,277.0,-123.0
330110180001,439.0,274.0,-165.0
330110180002,202.0,348.0,146.0
330110185011,102.0,163.0,61.0
330110185012,115.0,78.0,-37.0
330110185021,222.0,115.0,-107.0
330110190001,595.0,138.0,-457.0
330110190002,666.0,1172.0,506.0
330110195011,103.0,91.0,-12.0
330110195021,111.0,130.0,19.0
330110200001,432.0,381.0,-51.0
330110200002,292.0,346.0,54.0
330110210001,680.0,680.0,0.0
330110210002,858.0,0.0,-858.0
330110210003,223.0,223.0,0.0
330110210004,247.0,0.0,-247.0
330110215001,315.0,315.0,0.0
330110215002,114.0,0.0,-114.0
330110215003,366.0,366.0,0.0
330110220001,1046.0,0.0,-1046.0
330110225001,176.0,193.0,17.0
330110225002,1014.0,443.0,-571.0
330110225003,120.0,543.0,423.0
330110230001,1086.0,1086.0,0.0
330110230002,53.0,0.0,-53.0
330110230003,2175.0,0.0,-2175.0
330110230004,504.0,504.0,0.0
330110230005,980.0,980.0,0.0
330110240001,217.0,217.0,0.0
330110250001,337.0,337.0,0.0
330110250002,62.0,62.0,0.0
330110255001,262.0,262.0,0.0
330110255002,1002.0,1002.0,0.0
330110255003,348.0,348.0,0.0
330110255004,172.0,172.0,0.0
330112001001,596.0,580.0,-16.0
330112001002,95.0,226.0,131.0
330112002001,439.0,442.0,3.0
330112002002,768.0,364.0,-404.0
330112003001,78.0,115.0,37.0
330112003002,611.0,822.0,211.0
330112004001,4666.0,6468.0,1802.0
330112004002,12193.0,11541.0,-652.0
330119801011,3336.0,1313.0,-2023.0
330130030011,306.0,119.0,-187.0
330130030012,3329.0,1280.0,-2049.0
330130030013,3902.0,743.0,-3159.0
330130030061,456.0,360.0,-96.0
330130030062,1095.0,646.0,-449.0
330130031001,127.0,64.0,-63.0
330130031002,190.0,8.0,-182.0
330130031003,351.0,351.0,0.0
330130032001,1001.0,1001.0,0.0
330130032002,98.0,98.0,0.0
330130032003,661.0,661.0,0.0
330130032004,118.0,118.0,0.0
330130032005,549.0,549.0,0.0
330130300001,104.0,0.0,-104.0
330130300002,205.0,1.0,-204.0
330130310011,3212.0,6.0,-3206.0
330130310012,93.0,1.0,-92.0
330130310013,176.0,176.0,0.0
330130310021,86.0,86.0,0.0
330130310022,710.0,710.0,0.0
330130321001,322.0,322.0,0.0
330130321002,1200.0,1200.0,0.0
330130321003,464.0,464.0,0.0
330130322001,226.0,226.0,0.0
330130322002,1664.0,1664.0,0.0
330130323001,5252.0,5252.0,0.0
330130324001,4064.0,4064.0,0.0
330130324002,322.0,322.0,0.0
330130324003,857.0,857.0,0.0
330130324004,59.0,59.0,0.0
330130325001,4489.0,4489.0,0.0
330130325002,4492.0,4492.0,0.0
330130326001,1515.0,1515.0,0.0
330130326002,486.0,486.0,0.0
330130327011,57.0,57.0,0.0
330130327061,205.0,205.0,0.0
330130327062,768.0,768.0,0.0
330130328001,88.0,88.0,0.0
330130328002,1373.0,1373.0,0.0
330130328003,265.0,265.0,0.0
330130329001,526.0,526.0,0.0
330130329002,286.0,286.0,0.0
330130329003,3072.0,3072.0,0.0
330130330001,213.0,213.0,0.0
330130330002,480.0,480.0,0.0
330130340001,494.0,494.0,0.0
330130340002,631.0,631.0,0.0
330130340003,99.0,99.0,0.0
330130350001,619.0,619.0,0.0
330130350002,696.0,696.0,0.0
330130360001,397.0,397.0,0.0
330130360002,492.0,492.0,0.0
330130360003,199.0,199.0,0.0
330130370001,324.0,324.0,0.0
330130380001,886.0,886.0,0.0
330130380002,359.0,359.0,0.0
330130380003,627.0,627.0,0.0
330130385001,555.0,555.0,0.0
330130385002,301.0,301.0,0.0
330130385003,158.0,158.0,0.0
330130390001,487.0,487.0,0.0
330130390002,361.0,361.0,0.0
330130390003,249.0,249.0,0.0
330130390004,205.0,205.0,0.0
330130390005,535.0,535.0,0.0
330130400001,229.0,229.0,0.0
330130400002,660.0,660.0,0.0
330130400003,685.0,685.0,0.0
330130405001,270.0,270.0,0.0
330130405002,330.0,330.0,0.0
330130405003,326.0,326.0,0.0
330130405004,536.0,536.0,0.0
330130410001,305.0,305.0,0.0
330130410002,1235.0,1235.0,0.0
330130410003,1030.0,1030.0,0.0
330130415001,92.0,92.0,0.0
330130415002,242.0,242.0,0.0
330130415003,108.0,108.0,0.0
330130425001,111.0,111.0,0.0
330130425002,412.0,412.0,0.0
330130425003,120.0,120.0,0.0
330130430011,923.0,923.0,0.0
330130430012,325.0,325.0,0.0
330130430013,256.0,256.0,0.0
330130430021,77.0,77.0,0.0
330130430022,1.0,1.0,0.0
330130430023,399.0,399.0,0.0
330130430024,524.0,524.0,0.0
330130430025,132.0,132.0,0.0
330130440001,480.0,480.0,0.0
330130440002,403.0,403.0,0.0
330130440003,171.0,171.0,0.0
330130441001,1700.0,1700.0,0.0
330130441002,2853.0,2853.0,0.0
330130441003,5176.0,5176.0,0.0
330130442001,437.0,2676.0,2239.0
330130442002,4034.0,2126.0,-1908.0
330130442003,984.0,1078.0,94.0
330130443001,28.0,28.0,0.0
330130443002,105.0,105.0,0.0
330130443003,221.0,221.0,0.0
330150033011,65.0,629.0,564.0
330150033012,58.0,93.0,35.0
330150033021,1825.0,242.0,-1583.0
330150033022,41.0,132.0,91.0
330150033023,31.0,195.0,164.0
330150034001,930.0,448.0,-482.0
330150034002,526.0,358.0,-168.0
330150034003,1191.0,764.0,-427.0
330150034004,994.0,910.0,-84.0
330150035001,804.0,89.0,-715.0
330150035002,662.0,1482.0,820.0
330150035003,1052.0,1339.0,287.0
330150036011,105.0,49.0,-56.0
330150036012,129.0,140.0,11.0
330150036013,132.0,331.0,199.0
330150036014,194.0,437.0,243.0
330150036021,80.0,56.0,-24.0
330150036022,145.0,35.0,-110.0
330150036023,166.0,67.0,-99.0
330150037011,3410.0,443.0,-2967.0
330150037012,121.0,273.0,152.0
330150037031,4075.0,4452.0,377.0
330150037032,982.0,1125.0,143.0
330150037033,958.0,1245.0,287.0
330150038011,74.0,125.0,51.0
330150038012,837.0,270.0,-567.0
330150038013,293.0,149.0,-144.0
330150038021,27.0,537.0,510.0
330150038022,337.0,352.0,15.0
330150039011,1885.0,487.0,-1398.0
330150039012,241.0,192.0,-49.0
330150039021,293.0,333.0,40.0
330150039022,58.0,251.0,193.0
330150040001,707.0,567.0,-140.0
330150040002,414.0,571.0,157.0
330150040003,607.0,617.0,10.0
330150500001,383.0,157.0,-226.0
330150500002,413.0,352.0,-61.0
330150510001,278.0,121.0,-157.0
330150510002,168.0,165.0,-3.0
330150520001,114.0,82.0,-32.0
330150520002,112.0,145.0,33.0
330150520003,60.0,59.0,-1.0
330150530001,58.0,61.0,3.0
330150530002,120.0,55.0,-65.0
330150540001,396.0,206.0,-190.0
330150540002,163.0,139.0,-24.0
330150550011,171.0,702.0,531.0
330150550012,101.0,576.0,475.0
330150550021,663.0,152.0,-511.0
330150550022,2384.0,356.0,-2028.0
330150560001,112.0,112.0,0.0
330150560002,393.0,0.0,-393.0
330150570001,617.0,617.0,0.0
330150570002,185.0,185.0,0.0
330150570003,258.0,258.0,0.0
330150580001,343.0,0.0,-343.0
330150580002,31.0,0.0,-31.0
330150590001,2054.0,844.0,-1210.0
330150590002,619.0,972.0,353.0
330150590003,588.0,1084.0,496.0
330150600001,1649.0,1002.0,-647.0
330150600002,369.0,931.0,562.0
330150610011,613.0,295.0,-318.0
330150610012,1410.0,2666.0,1256.0
330150610013,1519.0,1935.0,416.0
330150620001,248.0,201.0,-47.0
330150625001,125.0,125.0,0.0
330150625002,291.0,231.0,-60.0
330150630011,1625.0,2204.0,579.0
330150630012,1131.0,1002.0,-129.0
330150630021,225.0,351.0,126.0
330150630022,1672.0,831.0,-841.0
330150630023,1729.0,730.0,-999.0
330150630024,125.0,439.0,314.0
330150640001,577.0,446.0,-131.0
330150650011,981.0,768.0,-213.0
330150650012,744.0,2142.0,1398.0
330150650013,1145.0,226.0,-919.0
330150650014,1410.0,750.0,-660.0
330150650015,14.0,87.0,73.0
330150650051,34.0,34.0,0.0
330150650052,17.0,159.0,142.0
330150650061,53.0,42.0,-11.0
330150650062,61.0,26.0,-35.0
330150650071,745.0,601.0,-144.0
330150650081,228.0,1020.0,792.0
330150650082,83.0,140.0,57.0
330150650083,213.0,89.0,-124.0
330150660001,79.0,650.0,571.0
330150660002,1168.0,816.0,-352.0
330150660003,1131.0,1021.0,-110.0
330150670001,465.0,205.0,-260.0
330150670002,1901.0,2052.0,151.0
330150670003,298.0,197.0,-101.0
330150670004,1037.0,979.0,-58.0
330150675011,697.0,0.0,-697.0
330150675012,715.0,562.0,-153.0
330150675013,135.0,0.0,-135.0
330150675021,107.0,107.0,0.0
330150675022,493.0,493.0,0.0
330150675023,87.0,87.0,0.0
330150691001,4956.0,5689.0,733.0
330150691002,365.0,451.0,86.0
330150691003,728.0,1103.0,375.0
330150691004,394.0,529.0,135.0
330150692001,781.0,3457.0,2676.0
330150692002,1183.0,2311.0,1128.0
330150693001,580.0,2097.0,1517.0
330150693002,661.0,1867.0,1206.0
330150697001,122.0,346.0,224.0
330150697002,1322.0,606.0,-716.0
330150697003,496.0,46.0,-450.0
330150710001,154.0,106.0,-48.0
330150710002,51.0,115.0,64.0
330150710003,640.0,477.0,-163.0
330150710004,108.0,109.0,1.0
330150710005,308.0,290.0,-18.0
330151001001,260.0,486.0,226.0
330151001002,111.0,190.0,79.0
330151001003,105.0,290.0,185.0
330151002001,2055.0,1794.0,-261.0
330151002002,18.0,125.0,107.0
330151002003,274.0,150.0,-124.0
330151002004,440.0,1395.0,955.0
330151003011,871.0,2817.0,1946.0
330151003012,3036.0,1971.0,-1065.0
330151003013,7298.0,3628.0,-3670.0
330151003021,510.0,767.0,257.0
330151003022,125.0,1181.0,1056.0
330151003023,665.0,2731.0,2066.0
330151004001,3087.0,943.0,-2144.0
330151004002,960.0,1416.0,456.0
330151004003,2341.0,2841.0,500.0
330151004004,139.0,285.0,146.0
330151004005,299.0,172.0,-127.0
330151011001,3297.0,2323.0,-974.0
330151011002,900.0,1774.0,874.0
330151011003,676.0,589.0,-87.0
330151011004,403.0,524.0,121.0
330151021001,139.0,233.0,94.0
330151021002,121.0,120.0,-1.0
330151021003,190.0,182.0,-8.0
330151031001,176.0,195.0,19.0
330151031002,211.0,333.0,122.0
330151031003,886.0,551.0,-335.0
330151041011,785.0,891.0,106.0
330151041012,627.0,463.0,-164.0
330151041021,689.0,472.0,-217.0
330151041022,245.0,491.0,246.0
330151051001,134.0,257.0,123.0
330151051002,651.0,622.0,-29.0
330151051003,275.0,200.0,-75.0
330151051004,770.0,511.0,-259.0
330151061011,1316.0,882.0,-434.0
330151061012,892.0,423.0,-469.0
330151061013,31.0,286.0,255.0
330151061014,164.0,289.0,125.0
330151061021,683.0,726.0,43.0
330151061022,209.0,537.0,328.0
330151061023,634.0,402.0,-232.0
330151062001,20.0,51.0,31.0
330151062002,14.0,102.0,88.0
330151062003,1042.0,168.0,-874.0
330151062004,1549.0,132.0,-1417.0
330151064001,447.0,690.0,243.0
330151064002,4500.0,1921.0,-2579.0
330151064003,57.0,2046.0,1989.0
330151071001,1978.0,2090.0,112.0
330151071002,226.0,147.0,-79.0
330151071003,1064.0,314.0,-750.0
330151072001,918.0,2063.0,1145.0
330151072002,1712.0,2894.0,1182.0
330151072003,3820.0,1424.0,-2396.0
330151072004,143.0,350.0,207.0
330151074001,3796.0,4091.0,295.0
330151074002,9271.0,2012.0,-7259.0
330151075001,5364.0,4947.0,-417.0
330151075002,1292.0,814.0,-478.0
330151075003,659.0,597.0,-62.0
330159800111,2758.0,4742.0,1984.0
330170801001,131.0,131.0,0.0
330170801002,128.0,128.0,0.0
330170802021,428.0,428.0,0.0
330170802022,327.0,327.0,0.0
330170802031,4345.0,4345.0,0.0
330170802032,332.0,332.0,0.0
330170802041,842.0,842.0,0.0
330170805001,221.0,221.0,0.0
330170805002,727.0,727.0,0.0
330170805003,387.0,387.0,0.0
330170805004,201.0,0.0,-201.0
330170811001,883.0,883.0,0.0
330170811002,221.0,221.0,0.0
330170811003,155.0,155.0,0.0
330170812001,646.0,646.0,0.0
330170812002,279.0,279.0,0.0
330170813001,1768.0,1768.0,0.0
330170813002,74.0,74.0,0.0
330170813003,351.0,351.0,0.0
330170814001,1236.0,1236.0,0.0
330170815001,3286.0,3286.0,0.0
330170815002,1595.0,1595.0,0.0
330170816001,1333.0,1333.0,0.0
330170816002,4757.0,4757.0,0.0
330170816003,1973.0,1973.0,0.0
330170820001,238.0,238.0,0.0
330170820002,313.0,313.0,0.0
330170830011,221.0,221.0,0.0
330170830012,85.0,85.0,0.0
330170830013,559.0,559.0,0.0
330170830014,120.0,120.0,0.0
330170830015,455.0,455.0,0.0
330170830016,526.0,526.0,0.0
330170830021,2022.0,2022.0,0.0
330170830022,734.0,734.0,0.0
330170830023,809.0,809.0,0.0
330170830024,88.0,88.0,0.0
330170830025,85.0,85.0,0.0
330170841001,1318.0,1318.0,0.0
330170841002,61.0,61.0,0.0
330170841003,348.0,348.0,0.0
330170841004,23.0,23.0,0.0
330170842001,227.0,227.0,0.0
330170842002,550.0,550.0,0.0
330170842003,434.0,434.0,0.0
330170842004,211.0,211.0,0.0
330170843001,962.0,962.0,0.0
330170843002,203.0,203.0,0.0
330170843003,1667.0,1667.0,0.0
330170843004,951.0,951.0,0.0
330170843005,657.0,657.0,0.0
330170843006,148.0,148.0,0.0
330170844001,776.0,776.0,0.0
330170844002,15.0,15.0,0.0
330170844003,30.0,30.0,0.0
330170844004,115.0,115.0,0.0
330170845001,657.0,657.0,0.0
330170845002,827.0,827.0,0.0
330170846001,2235.0,2235.0,0.0
330170850001,243.0,243.0,0.0
330170850002,53.0,53.0,0.0
330170850003,289.0,289.0,0.0
330170850004,1175.0,1175.0,0.0
330170850005,166.0,166.0,0.0
330170860001,176.0,176.0,0.0
330170860002,179.0,179.0,0.0
330170870001,55.0,55.0,0.0
330170870002,71.0,71.0,0.0
330170870003,632.0,632.0,0.0
330170870004,140.0,140.0,0.0
330170870005,86.0,86.0,0.0
330170880001,23.0,23.0,0.0
330170880002,266.0,266.0,0.0
330170880003,198.0,198.0,0.0
330170885001,242.0,242.0,0.0
330170885002,29.0,29.0,0.0
330170885003,150.0,150.0,0.0
440010301001,129.0,84.0,-45.0
440010301002,61.0,85.0,24.0
440010301003,80.0,92.0,12.0
440010301004,159.0,107.0,-52.0
440010302001,141.0,141.0,0.0
440010302002,215.0,244.0,29.0
440010302003,1390.0,1164.0,-226.0
440010303001,159.0,165.0,6.0
440010303002,69.0,166.0,97.0
440010303003,63.0,73.0,10.0
440010304001,300.0,184.0,-116.0
440010304002,77.0,129.0,52.0
440010304003,303.0,785.0,482.0
440010305001,180.0,193.0,13.0
440010305002,618.0,647.0,29.0
440010305003,669.0,676.0,7.0
440010306011,1093.0,1122.0,29.0
440010306012,100.0,178.0,78.0
440010306013,69.0,109.0,40.0
440010306021,552.0,433.0,-119.0
440010306022,243.0,223.0,-20.0
440010306023,302.0,357.0,55.0
440010306024,59.0,102.0,43.0
440010307001,36.0,85.0,49.0
440010307002,739.0,570.0,-169.0
440010307003,50.0,101.0,51.0
440010307004,668.0,1050.0,382.0
440010308001,311.0,478.0,167.0
440010308002,51.0,89.0,38.0
440010308003,143.0,175.0,32.0
440010308004,1525.0,1890.0,365.0
440010309011,62.0,113.0,51.0
440010309012,167.0,426.0,259.0
440010309013,566.0,340.0,-226.0
440010309021,1493.0,1399.0,-94.0
440010309022,59.0,117.0,58.0
440010309023,172.0,140.0,-32.0
440010309024,691.0,920.0,229.0
440030201011,763.0,338.0,-425.0
440030201012,1678.0,1893.0,215.0
440030201013,214.0,287.0,73.0
440030201021,624.0,595.0,-29.0
440030201022,149.0,345.0,196.0
440030201023,157.0,254.0,97.0
440030202001,280.0,618.0,338.0
440030202002,491.0,340.0,-151.0
440030202003,296.0,208.0,-88.0
440030203001,53.0,87.0,34.0
440030203002,763.0,673.0,-90.0
440030203003,605.0,1097.0,492.0
440030203004,229.0,283.0,54.0
440030203005,124.0,194.0,70.0
440030204001,8.0,19.0,11.0
440030204002,318.0,359.0,41.0
440030204003,116.0,147.0,31.0
440030205001,133.0,187.0,54.0
440030205002,226.0,215.0,-11.0
440030205003,84.0,366.0,282.0
440030206011,235.0,504.0,269.0
440030206012,44.0,75.0,31.0
440030206013,41.0,134.0,93.0
440030206014,55.0,73.0,18.0
440030206021,836.0,1374.0,538.0
440030206022,710.0,982.0,272.0
440030206031,98.0,226.0,128.0
440030206032,227.0,249.0,22.0
440030206033,2111.0,1396.0,-715.0
440030206041,129.0,158.0,29.0
440030206042,63.0,200.0,137.0
440030206043,449.0,342.0,-107.0
440030207011,125.0,125.0,0.0
440030207021,79.0,133.0,54.0
440030207022,243.0,253.0,10.0
440030207031,1054.0,520.0,-534.0
440030207032,714.0,833.0,119.0
440030207033,434.0,876.0,442.0
440030208001,2165.0,2142.0,-23.0
440030208002,628.0,911.0,283.0
440030208003,386.0,418.0,32.0
440030209011,1088.0,1144.0,56.0
440030209012,569.0,461.0,-108.0
440030209013,764.0,615.0,-149.0
440030209014,95.0,147.0,52.0
440030209031,3726.0,2445.0,-1281.0
440030209032,1421.0,1369.0,-52.0
440030209033,170.0,826.0,656.0
440030209041,230.0,152.0,-78.0
440030209042,943.0,819.0,-124.0
440030210011,246.0,468.0,222.0
440030210012,56.0,143.0,87.0
440030210021,280.0,285.0,5.0
440030210022,794.0,920.0,126.0
440030210023,39.0,43.0,4.0
440030210024,63.0,80.0,17.0
440030211001,649.0,809.0,160.0
440030211002,1987.0,2411.0,424.0
440030211003,1749.0,1609.0,-140.0
440030211004,6146.0,5977.0,-169.0
440030212001,670.0,554.0,-116.0
440030212002,162.0,74.0,-88.0
440030212003,268.0,195.0,-73.0
440030213001,131.0,56.0,-75.0
440030213002,125.0,105.0,-20.0
440030213003,90.0,68.0,-22.0
440030213004,213.0,159.0,-54.0
440030214011,172.0,103.0,-69.0
440030214012,1890.0,766.0,-1124.0
440030214013,373.0,363.0,-10.0
440030214021,421.0,359.0,-62.0
440030214022,11.0,72.0,61.0
440030214023,62.0,100.0,38.0
440030215011,57.0,443.0,386.0
440030215012,114.0,885.0,771.0
440030215013,41.0,245.0,204.0
440030215014,17.0,137.0,120.0
440030215021,31.0,26.0,-5.0
440030215022,24.0,60.0,36.0
440030215023,58.0,83.0,25.0
440030215024,84.0,79.0,-5.0
440030216001,69.0,76.0,7.0
440030216002,151.0,108.0,-43.0
440030217001,56.0,48.0,-8.0
440030217002,151.0,79.0,-72.0
440030217003,6.0,18.0,12.0
440030217004,82.0,59.0,-23.0
440030217005,61.0,58.0,-3.0
440030218001,547.0,284.0,-263.0
440030218002,569.0,511.0,-58.0
440030219011,640.0,1039.0,399.0
440030219012,41.0,48.0,7.0
440030219013,225.0,51.0,-174.0
440030219014,114.0,163.0,49.0
440030219021,717.0,580.0,-137.0
440030219022,106.0,201.0,95.0
440030219023,26.0,35.0,9.0
440030219031,105.0,120.0,15.0
440030219032,14.0,19.0,5.0
440030219033,256.0,219.0,-37.0
440030220001,89.0,160.0,71.0
440030220002,1292.0,1416.0,124.0
440030220003,809.0,703.0,-106.0
440030221001,4650.0,4176.0,-474.0
440030221002,639.0,716.0,77.0
440030221003,5992.0,8037.0,2045.0
440030221004,246.0,571.0,325.0
440030222011,864.0,927.0,63.0
440030222012,48.0,99.0,51.0
440030222013,296.0,365.0,69.0
440030222014,21.0,35.0,14.0
440030222015,1202.0,983.0,-219.0
440030222021,1874.0,1816.0,-58.0
440030222022,1367.0,740.0,-627.0
440030222023,2006.0,1250.0,-756.0
440030223001,2169.0,2328.0,159.0
440030223002,511.0,751.0,240.0
440030223003,3250.0,2105.0,-1145.0
440030223004,596.0,1552.0,956.0
440030224001,227.0,116.0,-111.0
440030224002,53.0,109.0,56.0
440039800001,1366.0,2220.0,854.0
440050401011,126.0,158.0,32.0
440050401012,266.0,170.0,-96.0
440050401013,130.0,92.0,-38.0
440050401021,126.0,86.0,-40.0
440050401022,202.0,88.0,-114.0
440050401023,918.0,1148.0,230.0
440050401032,1070.0,2377.0,1307.0
440050401033,28.0,42.0,14.0
440050401034,499.0,517.0,18.0
440050401035,1188.0,621.0,-567.0
440050401036,1530.0,1247.0,-283.0
440050402002,133.0,2397.0,2264.0
440050403021,1115.0,944.0,-171.0
440050403022,162.0,187.0,25.0
440050403031,6.0,235.0,229.0
440050403032,1437.0,1278.0,-159.0
440050403041,998.0,815.0,-183.0
440050403042,1936.0,1712.0,-224.0
440050404001,524.0,958.0,434.0
440050404002,3824.0,3327.0,-497.0
440050404003,557.0,1057.0,500.0
440050405001,966.0,960.0,-6.0
440050405002,642.0,1141.0,499.0
440050405003,31.0,55.0,24.0
440050406001,81.0,355.0,274.0
440050406002,932.0,1161.0,229.0
440050406003,133.0,462.0,329.0
440050406004,365.0,743.0,378.0
440050407001,81.0,80.0,-1.0
440050407002,123.0,238.0,115.0
440050407003,830.0,1116.0,286.0
440050408001,730.0,1267.0,537.0
440050408002,375.0,405.0,30.0
440050408003,218.0,206.0,-12.0
440050409001,361.0,836.0,475.0
440050409002,642.0,1268.0,626.0
440050409003,112.0,140.0,28.0
440050409004,1008.0,985.0,-23.0
440050410001,2541.0,3704.0,1163.0
440050410002,712.0,670.0,-42.0
440050411001,174.0,299.0,125.0
440050411002,356.0,518.0,162.0
440050411003,559.0,895.0,336.0
440050412001,346.0,2751.0,2405.0
440050413001,52.0,61.0,9.0
440050413002,33.0,42.0,9.0
440050413003,161.0,131.0,-30.0
440050413004,491.0,466.0,-25.0
440050413005,457.0,670.0,213.0
440050414001,335.0,318.0,-17.0
440050414002,338.0,422.0,84.0
440050416011,141.0,144.0,3.0
440050416012,214.0,207.0,-7.0
440050416021,306.0,546.0,240.0
440050416022,743.0,698.0,-45.0
440050417011,629.0,762.0,133.0
440050417021,116.0,154.0,38.0
440050417022,197.0,210.0,13.0
440050417023,114.0,171.0,57.0
440070001011,874.0,754.0,-120.0
440070001012,6.0,51.0,45.0
440070001013,1209.0,1057.0,-152.0
440070001014,592.0,670.0,78.0
440070001021,217.0,338.0,121.0
440070001022,109.0,53.0,-56.0
440070001023,139.0,68.0,-71.0
440070001024,553.0,214.0,-339.0
440070002001,212.0,331.0,119.0
440070002002,328.0,352.0,24.0
440070002003,6.0,70.0,64.0
440070002004,92.0,209.0,117.0
440070002005,1189.0,1833.0,644.0
440070003001,691.0,680.0,-11.0
440070003002,118.0,216.0,98.0
440070003003,78.0,110.0,32.0
440070003004,137.0,220.0,83.0
440070003005,270.0,379.0,109.0
440070003006,303.0,252.0,-51.0
440070004001,399.0,228.0,-171.0
440070004002,31.0,30.0,-1.0
440070004003,146.0,61.0,-85.0
440070004004,117.0,91.0,-26.0
440070005001,71.0,52.0,-19.0
440070005002,119.0,81.0,-38.0
440070005003,83.0,205.0,122.0
440070006001,15932.0,14386.0,-1546.0
440070006002,1300.0,1447.0,147.0
440070007001,148.0,221.0,73.0
440070007002,376.0,2574.0,2198.0
440070007003,508.0,649.0,141.0
440070008001,8478.0,11196.0,2718.0
440070008002,1376.0,4084.0,2708.0
440070008003,11653.0,18960.0,7307.0
440070009001,1860.0,1234.0,-626.0
440070009002,101.0,97.0,-4.0
440070010001,201.0,224.0,23.0
440070010002,171.0,107.0,-64.0
440070011001,215.0,414.0,199.0
440070011002,4862.0,1669.0,-3193.0
440070011003,178.0,338.0,160.0
440070012001,327.0,461.0,134.0
440070012002,103.0,220.0,117.0
440070012003,165.0,187.0,22.0
440070013001,177.0,41.0,-136.0
440070013002,84.0,26.0,-58.0
440070013003,18.0,22.0,4.0
440070013004,5.0,14.0,9.0
440070014001,102.0,89.0,-13.0
440070014002,102.0,100.0,-2.0
440070014003,14.0,42.0,28.0
440070014004,306.0,354.0,48.0
440070014005,157.0,117.0,-40.0
440070015001,1517.0,2660.0,1143.0
440070015002,156.0,513.0,357.0
440070015003,54.0,453.0,399.0
440070016001,113.0,116.0,3.0
440070016002,717.0,525.0,-192.0
440070016003,36.0,37.0,1.0
440070016004,22.0,55.0,33.0
440070016005,51.0,71.0,20.0
440070016006,55.0,61.0,6.0
440070016007,48.0,55.0,7.0
440070017001,47.0,97.0,50.0
440070017002,131.0,271.0,140.0
440070017003,53.0,146.0,93.0
440070018001,1349.0,569.0,-780.0
440070018002,49.0,110.0,61.0
440070018003,32.0,47.0,15.0
440070018004,127.0,108.0,-19.0
440070018005,89.0,119.0,30.0
440070018006,179.0,222.0,43.0
440070019001,402.0,214.0,-188.0
440070019002,521.0,443.0,-78.0
440070019003,474.0,438.0,-36.0
440070019004,61.0,60.0,-1.0
440070019005,36.0,116.0,80.0
440070019006,125.0,481.0,356.0
440070020001,1231.0,659.0,-572.0
440070020002,462.0,300.0,-162.0
440070020003,87.0,72.0,-15.0
440070020004,15.0,18.0,3.0
440070021011,28.0,46.0,18.0
440070021012,9.0,61.0,52.0
440070021013,19.0,39.0,20.0
440070021021,56.0,68.0,12.0
440070021022,31.0,38.0,7.0
440070021023,11.0,74.0,63.0
440070021024,43.0,42.0,-1.0
440070021025,77.0,44.0,-33.0
440070022001,1719.0,1906.0,187.0
440070022002,297.0,151.0,-146.0
440070022003,65.0,42.0,-23.0
440070022004,155.0,108.0,-47.0
440070023001,50.0,95.0,45.0
440070023002,1997.0,1359.0,-638.0
440070023003,80.0,223.0,143.0
440070023004,11.0,51.0,40.0
440070023005,200.0,323.0,123.0
440070023006,26.0,112.0,86.0
440070024001,1411.0,424.0,-987.0
440070024002,82.0,676.0,594.0
440070024003,243.0,93.0,-150.0
440070024004,11.0,31.0,20.0
440070024005,38.0,450.0,412.0
440070024006,465.0,266.0,-199.0
440070025001,201.0,73.0,-128.0
440070025002,5034.0,5403.0,369.0
440070026001,293.0,311.0,18.0
440070026002,771.0,504.0,-267.0
440070026003,430.0,454.0,24.0
440070027001,315.0,363.0,48.0
440070027002,169.0,87.0,-82.0
440070027003,91.0,173.0,82.0
440070027004,184.0,147.0,-37.0
440070028001,224.0,68.0,-156.0
440070028002,617.0,654.0,37.0
440070028003,30.0,78.0,48.0
440070028004,64.0,88.0,24.0
440070029001,1405.0,1421.0,16.0
440070029002,38.0,129.0,91.0
440070029003,241.0,242.0,1.0
440070029004,2989.0,4733.0,1744.0
440070029005,315.0,264.0,-51.0
440070031001,613.0,591.0,-22.0
440070031002,232.0,235.0,3.0
440070031003,420.0,290.0,-130.0
440070031004,267.0,372.0,105.0
440070031005,4454.0,2312.0,-2142.0
440070032001,67.0,33.0,-34.0
440070032002,50.0,24.0,-26.0
440070032003,76.0,57.0,-19.0
440070032004,285.0,236.0,-49.0
440070033001,481.0,309.0,-172.0
440070033002,249.0,85.0,-164.0
440070033003,781.0,382.0,-399.0
440070033004,5107.0,2948.0,-2159.0
440070034001,244.0,318.0,74.0
440070034002,1482.0,1054.0,-428.0
440070034003,262.0,210.0,-52.0
440070034004,539.0,272.0,-267.0
440070035001,111.0,156.0,45.0
440070035002,780.0,2591.0,1811.0
440070035003,1186.0,1071.0,-115.0
440070035004,1396.0,292.0,-1104.0
440070036011,1211.0,2211.0,1000.0
440070036012,329.0,2376.0,2047.0
440070036021,485.0,601.0,116.0
440070036022,38.0,159.0,121.0
440070036023,6665.0,5090.0,-1575.0
440070037001,150.0,79.0,-71.0
440070037002,1114.0,597.0,-517.0
440070037003,328.0,177.0,-151.0
440070037004,139.0,102.0,-37.0
440070101011,483.0,794.0,311.0
440070101012,69.0,82.0,13.0
440070101013,131.0,294.0,163.0
440070101014,322.0,480.0,158.0
440070101021,1368.0,1483.0,115.0
440070101022,409.0,243.0,-166.0
440070101023,161.0,220.0,59.0
440070101024,85.0,596.0,511.0
440070102001,709.0,442.0,-267.0
440070102002,63.0,43.0,-20.0
440070102003,329.0,309.0,-20.0
440070102004,581.0,451.0,-130.0
440070102005,181.0,1166.0,985.0
440070102006,378.0,272.0,-106.0
440070102007,470.0,515.0,45.0
440070103001,803.0,827.0,24.0
440070103002,1823.0,2200.0,377.0
440070103003,1413.0,1767.0,354.0
440070104001,212.0,227.0,15.0
440070104002,34.0,82.0,48.0
440070104003,673.0,507.0,-166.0
440070104004,197.0,142.0,-55.0
440070104005,174.0,299.0,125.0
440070105011,3937.0,3117.0,-820.0
440070105012,304.0,448.0,144.0
440070105013,355.0,620.0,265.0
440070105021,1286.0,1468.0,182.0
440070105022,77.0,420.0,343.0
440070105023,2316.0,1628.0,-688.0
440070105024,1122.0,535.0,-587.0
440070106001,27.0,32.0,5.0
440070106002,222.0,733.0,511.0
440070106003,19.0,47.0,28.0
440070106004,22.0,99.0,77.0
440070106005,2.0,15.0,13.0
440070106006,63.0,76.0,13.0
440070107011,563.0,506.0,-57.0
440070107012,40.0,43.0,3.0
440070107021,6.0,18.0,12.0
440070107022,14.0,89.0,75.0
440070107023,226.0,225.0,-1.0
440070107024,2.0,16.0,14.0
440070107025,102.0,108.0,6.0
440070108001,324.0,241.0,-83.0
440070108002,390.0,531.0,141.0
440070108003,111.0,135.0,24.0
440070109001,560.0,807.0,247.0
440070109002,246.0,555.0,309.0
440070109003,172.0,321.0,149.0
440070110001,12.0,56.0,44.0
440070110002,676.0,332.0,-344.0
440070110003,171.0,367.0,196.0
440070111001,113.0,157.0,44.0
440070111002,287.0,283.0,-4.0
440070112001,11.0,110.0,99.0
440070112002,438.0,436.0,-2.0
440070112003,375.0,228.0,-147.0
440070112004,429.0,390.0,-39.0
440070112005,236.0,189.0,-47.0
440070113011,155.0,280.0,125.0
440070113012,1699.0,1694.0,-5.0
440070113013,528.0,712.0,184.0
440070113021,267.0,188.0,-79.0
440070113022,20.0,59.0,39.0
440070113023,105.0,65.0,-40.0
440070114011,46.0,55.0,9.0
440070114012,223.0,189.0,-34.0
440070114013,157.0,239.0,82.0
440070114014,552.0,514.0,-38.0
440070114015,504.0,1144.0,640.0
440070114021,1982.0,1520.0,-462.0
440070114022,439.0,541.0,102.0
440070114031,1251.0,559.0,-692.0
440070114032,269.0,227.0,-42.0
440070114033,135.0,200.0,65.0
440070114034,1488.0,944.0,-544.0
440070115001,2198.0,957.0,-1241.0
440070115002,77.0,148.0,71.0
440070115003,511.0,530.0,19.0
440070115004,75.0,255.0,180.0
440070116001,2106.0,791.0,-1315.0
440070116002,2271.0,1472.0,-799.0
440070116003,458.0,1089.0,631.0
440070116004,5681.0,7875.0,2194.0
440070117011,176.0,167.0,-9.0
440070117012,671.0,186.0,-485.0
440070117013,38.0,60.0,22.0
440070117021,990.0,426.0,-564.0
440070117022,125.0,131.0,6.0
440070117023,163.0,117.0,-46.0
440070118001,348.0,348.0,0.0
440070118002,103.0,131.0,28.0
440070118003,430.0,285.0,-145.0
440070118004,175.0,113.0,-62.0
440070118005,415.0,164.0,-251.0
440070119011,344.0,352.0,8.0
440070119012,286.0,423.0,137.0
440070119021,134.0,261.0,127.0
440070119022,31.0,112.0,81.0
440070119023,521.0,276.0,-245.0
440070120001,1162.0,1918.0,756.0
440070120002,209.0,349.0,140.0
440070120003,121.0,274.0,153.0
440070120004,239.0,368.0,129.0
440070120005,353.0,580.0,227.0
440070121021,125.0,108.0,-17.0
440070121022,85.0,119.0,34.0
440070121023,11.0,40.0,29.0
440070121024,399.0,408.0,9.0
440070121031,542.0,508.0,-34.0
440070121032,23.0,58.0,35.0
440070121041,1069.0,745.0,-324.0
440070121042,232.0,239.0,7.0
440070121043,84.0,85.0,1.0
440070122001,1322.0,1208.0,-114.0
440070122002,280.0,210.0,-70.0
440070122003,1440.0,888.0,-552.0
440070122004,1472.0,1283.0,-189.0
440070123001,549.0,449.0,-100.0
440070123002,685.0,434.0,-251.0
440070123003,183.0,229.0,46.0
440070124011,807.0,635.0,-172.0
440070124012,50.0,63.0,13.0
440070124013,135.0,130.0,-5.0
440070124014,1553.0,1566.0,13.0
440070124015,1450.0,798.0,-652.0
440070124016,111.0,412.0,301.0
440070124021,839.0,1195.0,356.0
440070124022,1444.0,1064.0,-380.0
440070125001,595.0,765.0,170.0
440070125002,396.0,754.0,358.0
440070125003,753.0,502.0,-251.0
440070126011,5904.0,5037.0,-867.0
440070126012,3153.0,3018.0,-135.0
440070126021,29.0,83.0,54.0
440070126022,674.0,322.0,-352.0
440070126023,236.0,554.0,318.0
440070126024,299.0,544.0,245.0
440070126025,1366.0,955.0,-411.0
440070126026,531.0,465.0,-66.0
440070127011,508.0,412.0,-96.0
440070127012,221.0,249.0,28.0
440070127013,987.0,1114.0,127.0
440070127021,1003.0,1107.0,104.0
440070127022,301.0,351.0,50.0
440070127023,261.0,469.0,208.0
440070128011,215.0,502.0,287.0
440070128012,749.0,824.0,75.0
440070128013,697.0,332.0,-365.0
440070128021,173.0,250.0,77.0
440070128022,824.0,697.0,-127.0
440070128031,1729.0,1753.0,24.0
440070128032,718.0,428.0,-290.0
440070129001,579.0,476.0,-103.0
440070129002,156.0,142.0,-14.0
440070129003,30.0,84.0,54.0
440070129004,429.0,410.0,-19.0
440070130011,56.0,64.0,8.0
440070130012,17.0,36.0,19.0
440070130013,60.0,48.0,-12.0
440070130021,624.0,698.0,74.0
440070130022,184.0,426.0,242.0
440070130023,1096.0,810.0,-286.0
440070130024,78.0,185.0,107.0
440070131011,117.0,171.0,54.0
440070131012,146.0,118.0,-28.0
440070131013,192.0,95.0,-97.0
440070131021,374.0,486.0,112.0
440070131022,661.0,799.0,138.0
440070131023,119.0,143.0,24.0
440070132011,187.0,177.0,-10.0
440070132012,613.0,666.0,53.0
440070132013,99.0,149.0,50.0
440070132014,45.0,61.0,16.0
440070132021,377.0,393.0,16.0
440070132022,125.0,259.0,134.0
440070132023,50.0,110.0,60.0
440070133001,140.0,104.0,-36.0
440070133002,135.0,166.0,31.0
440070133003,99.0,123.0,24.0
440070133004,130.0,161.0,31.0
440070134001,376.0,243.0,-133.0
440070134002,80.0,69.0,-11.0
440070134003,149.0,102.0,-47.0
440070134004,141.0,120.0,-21.0
440070135001,127.0,56.0,-71.0
440070135002,73.0,56.0,-17.0
440070135003,356.0,140.0,-216.0
440070135004,75.0,55.0,-20.0
440070135005,169.0,99.0,-70.0
440070136001,195.0,152.0,-43.0
440070136002,700.0,677.0,-23.0
440070136003,1042.0,1019.0,-23.0
440070137011,39.0,72.0,33.0
440070137012,1807.0,1007.0,-800.0
440070137013,410.0,671.0,261.0
440070137014,196.0,414.0,218.0
440070137021,232.0,174.0,-58.0
440070137022,226.0,244.0,18.0
440070137023,35.0,67.0,32.0
440070138001,328.0,224.0,-104.0
440070138002,12.0,34.0,22.0
440070138003,9.0,20.0,11.0
440070138004,28.0,56.0,28.0
440070138005,244.0,194.0,-50.0
440070139001,460.0,366.0,-94.0
440070139002,164.0,506.0,342.0
440070139003,2434.0,1519.0,-915.0
440070140001,1179.0,1979.0,800.0
440070140002,1067.0,711.0,-356.0
440070140003,432.0,266.0,-166.0
440070140004,163.0,167.0,4.0
440070140005,888.0,616.0,-272.0
440070141001,77.0,148.0,71.0
440070141002,153.0,228.0,75.0
440070141003,1448.0,1841.0,393.0
440070141004,1231.0,1223.0,-8.0
440070142001,292.0,1081.0,789.0
440070142002,10654.0,9084.0,-1570.0
440070142003,870.0,1992.0,1122.0
440070143001,425.0,371.0,-54.0
440070143002,370.0,619.0,249.0
440070143003,42.0,145.0,103.0
440070143004,128.0,187.0,59.0
440070144001,114.0,88.0,-26.0
440070144002,434.0,383.0,-51.0
440070144003,421.0,459.0,38.0
440070145011,126.0,67.0,-59.0
440070145012,63.0,48.0,-15.0
440070145013,84.0,64.0,-20.0
440070145021,126.0,210.0,84.0
440070145022,30.0,51.0,21.0
440070145023,258.0,197.0,-61.0
440070146001,41.0,145.0,104.0
440070146002,3072.0,3512.0,440.0
440070146003,73.0,176.0,103.0
440070147001,70.0,110.0,40.0
440070147002,136.0,222.0,86.0
440070147003,343.0,432.0,89.0
440070147004,455.0,493.0,38.0
440070147005,394.0,386.0,-8.0
440070147006,959.0,562.0,-397.0
440070148001,306.0,248.0,-58.0
440070148002,533.0,412.0,-121.0
440070148003,1336.0,762.0,-574.0
440070150001,656.0,1767.0,1111.0
440070150002,164.0,244.0,80.0
440070151001,680.0,869.0,189.0
440070151002,251.0,701.0,450.0
440070151003,100.0,288.0,188.0
440070152001,940.0,1248.0,308.0
440070152002,4325.0,2751.0,-1574.0
440070153001,73.0,91.0,18.0
440070153002,217.0,158.0,-59.0
440070154001,375.0,398.0,23.0
440070154002,18.0,74.0,56.0
440070155001,92.0,51.0,-41.0
440070155002,63.0,36.0,-27.0
440070155003,594.0,465.0,-129.0
440070155004,42.0,37.0,-5.0
440070156001,85.0,175.0,90.0
440070156002,81.0,96.0,15.0
440070156003,242.0,410.0,168.0
440070157001,238.0,199.0,-39.0
440070157002,140.0,85.0,-55.0
440070157003,71.0,79.0,8.0
440070157004,117.0,66.0,-51.0
440070158001,64.0,55.0,-9.0
440070158002,152.0,54.0,-98.0
440070158003,926.0,1316.0,390.0
440070158004,16.0,19.0,3.0
440070158005,61.0,48.0,-13.0
440070159001,591.0,404.0,-187.0
440070159002,54.0,91.0,37.0
440070159003,14.0,30.0,16.0
440070159004,541.0,613.0,72.0
440070160001,871.0,857.0,-14.0
440070160002,116.0,182.0,66.0
440070160003,111.0,176.0,65.0
440070161001,469.0,312.0,-157.0
440070161002,115.0,73.0,-42.0
440070161003,158.0,109.0,-49.0
440070161004,43.0,78.0,35.0
440070163001,1054.0,650.0,-404.0
440070163002,22.0,71.0,49.0
440070163003,7.0,53.0,46.0
440070164001,69.0,277.0,208.0
440070164002,471.0,471.0,0.0
440070164003,788.0,872.0,84.0
440070165001,40.0,74.0,34.0
440070165002,373.0,283.0,-90.0
440070165003,41.0,116.0,75.0
440070166001,890.0,869.0,-21.0
440070167001,213.0,166.0,-47.0
440070167002,1142.0,2786.0,1644.0
440070168001,451.0,257.0,-194.0
440070168002,66.0,123.0,57.0
440070168003,73.0,123.0,50.0
440070169001,34.0,31.0,-3.0
440070169002,77.0,53.0,-24.0
440070169003,49.0,72.0,23.0
440070170001,235.0,190.0,-45.0
440070170002,1553.0,2039.0,486.0
440070170003,97.0,468.0,371.0
440070170004,69.0,64.0,-5.0
440070171001,485.0,546.0,61.0
440070171002,1350.0,1620.0,270.0
440070171003,767.0,749.0,-18.0
440070171004,127.0,193.0,66.0
440070173001,34.0,48.0,14.0
440070173002,100.0,132.0,32.0
440070173003,367.0,150.0,-217.0
440070174001,311.0,326.0,15.0
440070174002,59.0,136.0,77.0
440070174003,59.0,63.0,4.0
440070175001,63.0,55.0,-8.0
440070175002,50.0,75.0,25.0
440070175003,139.0,77.0,-62.0
440070176001,108.0,45.0,-63.0
440070176002,103.0,101.0,-2.0
440070177001,32.0,67.0,35.0
440070177002,161.0,134.0,-27.0
440070177003,46.0,96.0,50.0
440070178001,337.0,173.0,-164.0
440070178002,17.0,43.0,26.0
440070178003,114.0,97.0,-17.0
440070179001,224.0,146.0,-78.0
440070179002,86.0,169.0,83.0
440070179003,75.0,75.0,0.0
440070180001,372.0,420.0,48.0
440070180002,1962.0,1680.0,-282.0
440070180003,1242.0,1325.0,83.0
440070181001,178.0,82.0,-96.0
440070181002,109.0,102.0,-7.0
440070182001,79.0,100.0,21.0
440070182002,7.0,30.0,23.0
440070183001,251.0,351.0,100.0
440070184001,156.0,391.0,235.0
440070184002,59.0,54.0,-5.0
440070184003,619.0,805.0,186.0
440070184004,54.0,63.0,9.0
440070184005,285.0,357.0,72.0
440070185001,1139.0,1473.0,334.0
440070185002,3856.0,1437.0,-2419.0
440070185003,1104.0,5103.0,3999.0
440090415001,435.0,557.0,122.0
440090415002,106.0,21.0,-85.0
440090501021,375.0,251.0,-124.0
440090501022,812.0,359.0,-453.0
440090501031,234.0,664.0,430.0
440090501032,9002.0,7554.0,-1448.0
440090501033,211.0,628.0,417.0
440090501034,163.0,571.0,408.0
440090501035,939.0,1353.0,414.0
440090501041,247.0,404.0,157.0
440090501042,252.0,394.0,142.0
440090503011,1633.0,1832.0,199.0
440090503012,363.0,391.0,28.0
440090503013,447.0,463.0,16.0
440090503021,185.0,400.0,215.0
440090503022,877.0,439.0,-438.0
440090503023,383.0,348.0,-35.0
440090504011,364.0,166.0,-198.0
440090504012,193.0,202.0,9.0
440090504021,48.0,41.0,-7.0
440090504022,178.0,87.0,-91.0
440090504023,198.0,123.0,-75.0
440090505001,490.0,551.0,61.0
440090505002,175.0,107.0,-68.0
440090505003,804.0,794.0,-10.0
440090506001,597.0,534.0,-63.0
440090506002,1206.0,789.0,-417.0
440090506003,394.0,601.0,207.0
440090506004,116.0,323.0,207.0
440090507001,326.0,280.0,-46.0
440090507002,175.0,159.0,-16.0
440090507003,275.0,357.0,82.0
440090507004,74.0,98.0,24.0
440090507005,471.0,199.0,-272.0
440090507006,47.0,56.0,9.0
440090508011,177.0,192.0,15.0
440090508012,1106.0,590.0,-516.0
440090508013,130.0,184.0,54.0
440090508014,1719.0,2058.0,339.0
440090508015,325.0,461.0,136.0
440090508021,600.0,1468.0,868.0
440090508022,1625.0,1540.0,-85.0
440090509011,94.0,116.0,22.0
440090509012,957.0,1240.0,283.0
440090509013,134.0,152.0,18.0
440090509021,21.0,245.0,224.0
440090509022,495.0,670.0,175.0
440090509023,920.0,719.0,-201.0
440090509024,64.0,190.0,126.0
440090510001,369.0,542.0,173.0
440090510002,82.0,92.0,10.0
440090510003,74.0,71.0,-3.0
440090510004,58.0,174.0,116.0
440090510005,55.0,54.0,-1.0
440090511011,21.0,17.0,-4.0
440090511012,163.0,211.0,48.0
440090511013,92.0,276.0,184.0
440090511014,294.0,412.0,118.0
440090511021,526.0,654.0,128.0
440090511022,14.0,27.0,13.0
440090511023,36.0,51.0,15.0
440090512011,595.0,589.0,-6.0
440090512012,2582.0,298.0,-2284.0
440090512021,2558.0,2575.0,17.0
440090512022,960.0,1122.0,162.0
440090512023,302.0,811.0,509.0
440090512024,1418.0,1481.0,63.0
440090513021,166.0,95.0,-71.0
440090513022,8.0,23.0,15.0
440090513023,56.0,32.0,-24.0
440090513024,106.0,25.0,-81.0
440090513025,26.0,50.0,24.0
440090513026,93.0,175.0,82.0
440090513041,144.0,509.0,365.0
440090513051,567.0,379.0,-188.0
440090513052,330.0,365.0,35.0
440090513061,1374.0,1741.0,367.0
440090513062,769.0,101.0,-668.0
440090513063,218.0,479.0,261.0
440090514001,664.0,4149.0,3485.0
440090515021,681.0,665.0,-16.0
440090515022,184.0,145.0,-39.0
440090515023,97.0,65.0,-32.0
440090515024,314.0,110.0,-204.0
440090515025,31.0,44.0,13.0
440090515031,192.0,412.0,220.0
440090515032,1027.0,929.0,-98.0
440090515033,616.0,566.0,-50.0
440090515041,386.0,603.0,217.0
440090515042,133.0,255.0,122.0
440090515043,159.0,206.0,47.0
440090515044,588.0,879.0,291.0
